Video,Quality,Video Bytes Downloaded,Loaded Percentage,Eid,Date,Time,Quality Switching,Label
HI7mTIxNotQ,large,0.01608889073,1.6,1d,2025-12-10,16:23:34,4,1
HI7mTIxNotQ,large,0.02271893191,2.3,1d,2025-12-10,16:23:35,4,1
HI7mTIxNotQ,large,0.03217778415,3.2,1d,2025-12-10,16:23:36,4,1
HI7mTIxNotQ,large,0.03343414564,3.3,1d,2025-12-10,16:23:37,4,1
HI7mTIxNotQ,hd1080,0.04356002261,4.4,1d,2025-12-10,16:23:38,4,1
HI7mTIxNotQ,hd1080,0.04826667756,4.8,1d,2025-12-10,16:23:39,4,1
HI7mTIxNotQ,hd1080,0.04826667756,4.8,1d,2025-12-10,16:23:40,4,1
HI7mTIxNotQ,hd1080,0.06435557097,6.4,1d,2025-12-10,16:23:41,4,1
HI7mTIxNotQ,hd1080,0.06435557097,6.4,1d,2025-12-10,16:23:42,4,1
HI7mTIxNotQ,hd1080,0.06435557097,6.4,1d,2025-12-10,16:23:43,4,1
HI7mTIxNotQ,hd1080,0.06435557097,6.4,1d,2025-12-10,16:23:44,4,1
HI7mTIxNotQ,hd1080,0.06435557097,6.4,1d,2025-12-10,16:23:45,4,1
HI7mTIxNotQ,hd1080,0.1048510451,10.5,1d,2025-12-10,16:23:46,4,1
HI7mTIxNotQ,hd1080,0.1126222512,11.3,1d,2025-12-10,16:23:47,4,1
HI7mTIxNotQ,hd1080,0.1287111446,12.9,1d,2025-12-10,16:23:48,4,1
HI7mTIxNotQ,hd1080,0.1287111446,12.9,1d,2025-12-10,16:23:49,4,1
HI7mTIxNotQ,hd1080,0.1287111446,12.9,1d,2025-12-10,16:23:50,4,1
HI7mTIxNotQ,hd1080,0.1287111446,12.9,1d,2025-12-10,16:23:51,4,1
HI7mTIxNotQ,hd1080,0.1287111446,12.9,1d,2025-12-10,16:23:52,4,1
HI7mTIxNotQ,hd1080,0.1339428504,13.4,1d,2025-12-10,16:23:53,4,1
HI7mTIxNotQ,hd1080,0.1339428504,13.4,1d,2025-12-10,16:23:54,4,1
HI7mTIxNotQ,hd1080,0.144800038,14.5,1d,2025-12-10,16:23:55,4,1
HI7mTIxNotQ,hd1080,0.144800038,14.5,1d,2025-12-10,16:23:56,4,1
HI7mTIxNotQ,hd1080,0.144800038,14.5,1d,2025-12-10,16:23:57,4,1
HI7mTIxNotQ,hd1080,0.144800038,14.5,1d,2025-12-10,16:23:58,4,1
HI7mTIxNotQ,hd1080,0.144800038,14.5,1d,2025-12-10,16:23:59,4,1
HI7mTIxNotQ,hd1080,0.144800038,14.5,1d,2025-12-10,16:24:00,4,1
HI7mTIxNotQ,hd1080,0.2091556117,20.9,1d,2025-12-10,16:24:01,4,1
HI7mTIxNotQ,hd1080,0.2091556117,20.9,1d,2025-12-10,16:24:02,4,1
HI7mTIxNotQ,hd1080,0.2091556117,20.9,1d,2025-12-10,16:24:03,4,1
HI7mTIxNotQ,hd1080,0.2091556117,20.9,1d,2025-12-10,16:24:04,4,1
HI7mTIxNotQ,hd1080,0.2091556117,20.9,1d,2025-12-10,16:24:05,4,1
HI7mTIxNotQ,hd1080,0.2091556117,20.9,1d,2025-12-10,16:24:06,4,1
HI7mTIxNotQ,hd1080,0.2091556117,20.9,1d,2025-12-10,16:24:07,4,1
HI7mTIxNotQ,hd1080,0.2143069534,21.4,1d,2025-12-10,16:24:08,4,1
HI7mTIxNotQ,hd1080,0.2143069534,21.4,1d,2025-12-10,16:24:09,4,1
HI7mTIxNotQ,hd1080,0.2143069534,21.4,1d,2025-12-10,16:24:10,4,1
HI7mTIxNotQ,hd1080,0.2143069534,21.4,1d,2025-12-10,16:24:11,4,1
HI7mTIxNotQ,hd1080,0.2896000788,29.0,1d,2025-12-10,16:24:12,4,1
HI7mTIxNotQ,hd1080,0.2896000788,29.0,1d,2025-12-10,16:24:13,4,1
HI7mTIxNotQ,hd1080,0.2896000788,29.0,1d,2025-12-10,16:24:14,4,1
HI7mTIxNotQ,hd1080,0.2896000788,29.0,1d,2025-12-10,16:24:15,4,1
HI7mTIxNotQ,hd1080,0.2896000788,29.0,1d,2025-12-10,16:24:16,4,1
HI7mTIxNotQ,hd1080,0.2896000788,29.0,1d,2025-12-10,16:24:17,4,1
HI7mTIxNotQ,hd1080,0.2896000788,29.0,1d,2025-12-10,16:24:18,4,1
HI7mTIxNotQ,hd1080,0.2896000788,29.0,1d,2025-12-10,16:24:19,4,1
HI7mTIxNotQ,hd1080,0.2896000788,29.0,1d,2025-12-10,16:24:20,4,1
HI7mTIxNotQ,hd1080,0.2896000788,29.0,1d,2025-12-10,16:24:21,4,1
HI7mTIxNotQ,hd1080,0.2918346482,29.2,1d,2025-12-10,16:24:22,4,1
HI7mTIxNotQ,hd1080,0.2946710563,29.5,1d,2025-12-10,16:24:23,4,1
HI7mTIxNotQ,hd1080,0.2946710563,29.5,1d,2025-12-10,16:24:24,4,1
HI7mTIxNotQ,hd1080,0.2946710563,29.5,1d,2025-12-10,16:24:25,4,1
HI7mTIxNotQ,hd1080,0.2946710563,29.5,1d,2025-12-10,16:24:26,4,1
HI7mTIxNotQ,hd1080,0.337866759,33.8,1d,2025-12-10,16:24:27,4,1
HI7mTIxNotQ,hd1080,0.337866759,33.8,1d,2025-12-10,16:24:28,4,1
HI7mTIxNotQ,hd1080,0.337866759,33.8,1d,2025-12-10,16:24:29,4,1
HI7mTIxNotQ,hd1080,0.337866759,33.8,1d,2025-12-10,16:24:30,4,1
HI7mTIxNotQ,hd1080,0.3750351593,37.5,1d,2025-12-10,16:24:31,4,1
HI7mTIxNotQ,hd1080,0.3750351593,37.5,1d,2025-12-10,16:24:32,4,1
HI7mTIxNotQ,hd1080,0.3750351593,37.5,1d,2025-12-10,16:24:33,4,1
HI7mTIxNotQ,hd1080,0.3750351593,37.5,1d,2025-12-10,16:24:34,4,1
HI7mTIxNotQ,hd1080,0.3750351593,37.5,1d,2025-12-10,16:24:35,4,1
HI7mTIxNotQ,hd1080,0.3750351593,37.5,1d,2025-12-10,16:24:36,4,1
HI7mTIxNotQ,hd1080,0.3750351593,37.5,1d,2025-12-10,16:24:37,4,1
HI7mTIxNotQ,hd1080,0.4268919692,42.7,1d,2025-12-10,16:24:38,4,1
HI7mTIxNotQ,hd1080,0.4268919692,42.7,1d,2025-12-10,16:24:39,4,1
HI7mTIxNotQ,hd1080,0.4268919692,42.7,1d,2025-12-10,16:24:40,4,1
HI7mTIxNotQ,hd1080,0.4268919692,42.7,1d,2025-12-10,16:24:41,4,1
HI7mTIxNotQ,hd1080,0.4268919692,42.7,1d,2025-12-10,16:24:42,4,1
HI7mTIxNotQ,hd1080,0.4268919692,42.7,1d,2025-12-10,16:24:43,4,1
HI7mTIxNotQ,hd1080,0.4268919692,42.7,1d,2025-12-10,16:24:44,4,1
HI7mTIxNotQ,hd1080,0.4268919692,42.7,1d,2025-12-10,16:24:45,4,1
HI7mTIxNotQ,hd1080,0.4268919692,42.7,1d,2025-12-10,16:24:46,4,1
HI7mTIxNotQ,hd1080,0.4268919692,42.7,1d,2025-12-10,16:24:47,4,1
HI7mTIxNotQ,hd1080,0.4268919692,42.7,1d,2025-12-10,16:24:48,4,1
HI7mTIxNotQ,hd1080,0.4268919692,42.7,1d,2025-12-10,16:24:49,4,1
HI7mTIxNotQ,hd1080,0.5357633652,53.6,1d,2025-12-10,16:24:50,4,1
HI7mTIxNotQ,hd1080,0.5357633652,53.6,1d,2025-12-10,16:24:51,4,1
HI7mTIxNotQ,hd1080,0.5357633652,53.6,1d,2025-12-10,16:24:52,4,1
HI7mTIxNotQ,hd1080,0.5357633652,53.6,1d,2025-12-10,16:24:53,4,1
HI7mTIxNotQ,hd1080,0.5357633652,53.6,1d,2025-12-10,16:24:54,4,1
HI7mTIxNotQ,hd1080,0.5357633652,53.6,1d,2025-12-10,16:24:55,4,1
HI7mTIxNotQ,hd1080,0.5357633652,53.6,1d,2025-12-10,16:24:56,4,1
HI7mTIxNotQ,hd1080,0.5357633652,53.6,1d,2025-12-10,16:24:57,4,1
HI7mTIxNotQ,hd1080,0.5357633652,53.6,1d,2025-12-10,16:24:58,4,1
HI7mTIxNotQ,hd1080,0.5357633652,53.6,1d,2025-12-10,16:24:59,4,1
HI7mTIxNotQ,hd1080,0.5357633652,53.6,1d,2025-12-10,16:25:00,4,1
HI7mTIxNotQ,hd1080,0.5357633652,53.6,1d,2025-12-10,16:25:01,4,1
HI7mTIxNotQ,hd1080,0.5357633652,53.6,1d,2025-12-10,16:25:02,4,1
HI7mTIxNotQ,hd1080,0.5357633652,53.6,1d,2025-12-10,16:25:03,4,1
HI7mTIxNotQ,hd1080,0.5357633652,53.6,1d,2025-12-10,16:25:04,4,1
HI7mTIxNotQ,hd1080,0.5357633652,53.6,1d,2025-12-10,16:25:05,4,1
HI7mTIxNotQ,hd1080,0.5357633652,53.6,1d,2025-12-10,16:25:06,4,1
HI7mTIxNotQ,hd1080,0.5439605037,54.4,1d,2025-12-10,16:25:07,4,1
HI7mTIxNotQ,hd1080,0.5556031165,55.6,1d,2025-12-10,16:25:08,4,1
HI7mTIxNotQ,hd1080,0.5556031165,55.6,1d,2025-12-10,16:25:09,4,1
HI7mTIxNotQ,hd1080,0.5556031165,55.6,1d,2025-12-10,16:25:10,4,1
HI7mTIxNotQ,hd1080,0.5556031165,55.6,1d,2025-12-10,16:25:11,4,1
HI7mTIxNotQ,hd1080,0.5556031165,55.6,1d,2025-12-10,16:25:12,4,1
HI7mTIxNotQ,hd1080,0.5877809033,58.8,1d,2025-12-10,16:25:13,4,1
HI7mTIxNotQ,hd1080,0.6038697968,60.4,1d,2025-12-10,16:25:14,4,1
HI7mTIxNotQ,hd1080,0.6038697968,60.4,1d,2025-12-10,16:25:15,4,1
HI7mTIxNotQ,hd1080,0.6038697968,60.4,1d,2025-12-10,16:25:16,4,1
HI7mTIxNotQ,hd1080,0.6038697968,60.4,1d,2025-12-10,16:25:17,4,1
HI7mTIxNotQ,hd1080,0.6038697968,60.4,1d,2025-12-10,16:25:18,4,1
HI7mTIxNotQ,hd1080,0.6161274682,61.6,1d,2025-12-10,16:25:19,4,1
HI7mTIxNotQ,hd1080,0.6161274682,61.6,1d,2025-12-10,16:25:20,4,1
HI7mTIxNotQ,hd1080,0.6161274682,61.6,1d,2025-12-10,16:25:21,4,1
HI7mTIxNotQ,hd1080,0.6161274682,61.6,1d,2025-12-10,16:25:22,4,1
HI7mTIxNotQ,hd1080,0.6161274682,61.6,1d,2025-12-10,16:25:23,4,1
HI7mTIxNotQ,hd1080,0.6161274682,61.6,1d,2025-12-10,16:25:24,4,1
HI7mTIxNotQ,hd1080,0.6161274682,61.6,1d,2025-12-10,16:25:25,4,1
HI7mTIxNotQ,hd1080,0.6360475836,63.6,1d,2025-12-10,16:25:26,4,1
HI7mTIxNotQ,hd1080,0.6360475836,63.6,1d,2025-12-10,16:25:27,4,1
HI7mTIxNotQ,hd1080,0.6360475836,63.6,1d,2025-12-10,16:25:28,4,1
HI7mTIxNotQ,hd1080,0.6360475836,63.6,1d,2025-12-10,16:25:29,4,1
HI7mTIxNotQ,hd1080,0.6360475836,63.6,1d,2025-12-10,16:25:30,4,1
HI7mTIxNotQ,hd1080,0.6360475836,63.6,1d,2025-12-10,16:25:31,4,1
HI7mTIxNotQ,hd1080,0.6360475836,63.6,1d,2025-12-10,16:25:32,4,1
HI7mTIxNotQ,hd1080,0.6360475836,63.6,1d,2025-12-10,16:25:33,4,1
HI7mTIxNotQ,hd1080,0.6360475836,63.6,1d,2025-12-10,16:25:34,4,1
HI7mTIxNotQ,hd1080,0.6360475836,63.6,1d,2025-12-10,16:25:35,4,1
HI7mTIxNotQ,hd1080,0.6360475836,63.6,1d,2025-12-10,16:25:36,4,1
HI7mTIxNotQ,hd1080,0.6360475836,63.6,1d,2025-12-10,16:25:37,4,1
HI7mTIxNotQ,hd1080,0.6682253704,66.8,1d,2025-12-10,16:25:38,4,1
HI7mTIxNotQ,hd1080,0.6682253704,66.8,1d,2025-12-10,16:25:39,4,1
HI7mTIxNotQ,hd1080,0.6682253704,66.8,1d,2025-12-10,16:25:40,4,1
HI7mTIxNotQ,hd1080,0.6682253704,66.8,1d,2025-12-10,16:25:41,4,1
HI7mTIxNotQ,hd1080,0.6682253704,66.8,1d,2025-12-10,16:25:42,4,1
HI7mTIxNotQ,hd1080,0.6682253704,66.8,1d,2025-12-10,16:25:43,4,1
HI7mTIxNotQ,hd1080,0.6697035368,67.0,1d,2025-12-10,16:25:44,4,1
HI7mTIxNotQ,hd1080,0.6829735227,68.3,1d,2025-12-10,16:25:45,4,1
HI7mTIxNotQ,hd1080,0.6829735227,68.3,1d,2025-12-10,16:25:46,4,1
HI7mTIxNotQ,hd1080,0.6829735227,68.3,1d,2025-12-10,16:25:47,4,1
HI7mTIxNotQ,hd1080,0.6829735227,68.3,1d,2025-12-10,16:25:48,4,1
HI7mTIxNotQ,hd1080,0.6964915711,69.6,1d,2025-12-10,16:25:49,4,1
HI7mTIxNotQ,hd1080,0.6964915711,69.6,1d,2025-12-10,16:25:50,4,1
HI7mTIxNotQ,hd1080,0.6964915711,69.6,1d,2025-12-10,16:25:51,4,1
HI7mTIxNotQ,hd1080,0.6964915711,69.6,1d,2025-12-10,16:25:52,4,1
HI7mTIxNotQ,hd1080,0.6964915711,69.6,1d,2025-12-10,16:25:53,4,1
HI7mTIxNotQ,hd1080,0.6964915711,69.6,1d,2025-12-10,16:25:54,4,1
HI7mTIxNotQ,hd1080,0.6964915711,69.6,1d,2025-12-10,16:25:55,4,1
HI7mTIxNotQ,hd1080,0.7151513095,71.5,1d,2025-12-10,16:25:56,4,1
HI7mTIxNotQ,hd1080,0.7151513095,71.5,1d,2025-12-10,16:25:57,4,1
HI7mTIxNotQ,hd1080,0.7151513095,71.5,1d,2025-12-10,16:25:58,4,1
HI7mTIxNotQ,hd1080,0.7151513095,71.5,1d,2025-12-10,16:25:59,4,1
HI7mTIxNotQ,hd1080,0.7151513095,71.5,1d,2025-12-10,16:26:00,4,1
HI7mTIxNotQ,hd1080,0.7151513095,71.5,1d,2025-12-10,16:26:01,4,1
HI7mTIxNotQ,hd1080,0.7232796055,72.3,1d,2025-12-10,16:26:02,4,1
HI7mTIxNotQ,hd1080,0.7232796055,72.3,1d,2025-12-10,16:26:03,4,1
HI7mTIxNotQ,hd1080,0.7312402029,73.1,1d,2025-12-10,16:26:04,4,1
HI7mTIxNotQ,hd1080,0.7312402029,73.1,1d,2025-12-10,16:26:05,4,1
HI7mTIxNotQ,hd1080,0.7312402029,73.1,1d,2025-12-10,16:26:06,4,1
HI7mTIxNotQ,hd1080,0.7312402029,73.1,1d,2025-12-10,16:26:07,4,1
HI7mTIxNotQ,hd1080,0.7312402029,73.1,1d,2025-12-10,16:26:08,4,1
HI7mTIxNotQ,hd1080,0.7312402029,73.1,1d,2025-12-10,16:26:09,4,1
HI7mTIxNotQ,hd1080,0.7312402029,73.1,1d,2025-12-10,16:26:10,4,1
HI7mTIxNotQ,hd1080,0.7312402029,73.1,1d,2025-12-10,16:26:11,4,1
HI7mTIxNotQ,hd1080,0.7473290964,74.7,1d,2025-12-10,16:26:12,4,1
HI7mTIxNotQ,hd1080,0.7473290964,74.7,1d,2025-12-10,16:26:13,4,1
HI7mTIxNotQ,hd1080,0.7500676398,75.0,1d,2025-12-10,16:26:14,4,1
HI7mTIxNotQ,hd1080,0.7634179898,76.3,1d,2025-12-10,16:26:15,4,1
HI7mTIxNotQ,hd1080,0.7634179898,76.3,1d,2025-12-10,16:26:16,4,1
HI7mTIxNotQ,hd1080,0.7634179898,76.3,1d,2025-12-10,16:26:17,4,1
HI7mTIxNotQ,hd1080,0.7634179898,76.3,1d,2025-12-10,16:26:18,4,1
HI7mTIxNotQ,hd1080,0.7768556741,77.7,1d,2025-12-10,16:26:19,4,1
HI7mTIxNotQ,hd1080,0.7768556741,77.7,1d,2025-12-10,16:26:20,4,1
HI7mTIxNotQ,hd1080,0.7768556741,77.7,1d,2025-12-10,16:26:21,4,1
HI7mTIxNotQ,hd1080,0.7768556741,77.7,1d,2025-12-10,16:26:22,4,1
HI7mTIxNotQ,hd1080,0.7768556741,77.7,1d,2025-12-10,16:26:23,4,1
HI7mTIxNotQ,hd1080,0.7768556741,77.7,1d,2025-12-10,16:26:24,4,1
HI7mTIxNotQ,hd1080,0.7938081227,79.4,1d,2025-12-10,16:26:25,4,1
HI7mTIxNotQ,hd1080,0.7938081227,79.4,1d,2025-12-10,16:26:26,4,1
HI7mTIxNotQ,hd1080,0.7938081227,79.4,1d,2025-12-10,16:26:27,4,1
HI7mTIxNotQ,hd1080,0.7938081227,79.4,1d,2025-12-10,16:26:28,4,1
HI7mTIxNotQ,hd1080,0.7938081227,79.4,1d,2025-12-10,16:26:29,4,1
HI7mTIxNotQ,hd1080,0.7938081227,79.4,1d,2025-12-10,16:26:30,4,1
HI7mTIxNotQ,hd1080,0.8036437084,80.4,1d,2025-12-10,16:26:31,4,1
HI7mTIxNotQ,hd1080,0.8036437084,80.4,1d,2025-12-10,16:26:32,4,1
HI7mTIxNotQ,hd1080,0.8036437084,80.4,1d,2025-12-10,16:26:33,4,1
HI7mTIxNotQ,hd1080,0.8036437084,80.4,1d,2025-12-10,16:26:34,4,1
HI7mTIxNotQ,hd1080,0.8098970161,81.0,1d,2025-12-10,16:26:35,4,1
HI7mTIxNotQ,hd1080,0.8098970161,81.0,1d,2025-12-10,16:26:36,4,1
HI7mTIxNotQ,hd1440,0.8098970161,81.0,1d,2025-12-10,16:26:37,4,1
HI7mTIxNotQ,hd1440,0.8098970161,81.0,1d,2025-12-10,16:26:38,4,1
HI7mTIxNotQ,hd1440,0.8259859095,82.6,1d,2025-12-10,16:26:39,4,1
HI7mTIxNotQ,hd1440,0.8259859095,82.6,1d,2025-12-10,16:26:40,4,1
HI7mTIxNotQ,hd1440,0.8259859095,82.6,1d,2025-12-10,16:26:41,4,1
HI7mTIxNotQ,hd1440,0.8259859095,82.6,1d,2025-12-10,16:26:42,4,1
HI7mTIxNotQ,hd1440,0.8259859095,82.6,1d,2025-12-10,16:26:43,4,1
HI7mTIxNotQ,hd1440,0.8259859095,82.6,1d,2025-12-10,16:26:44,4,1
HI7mTIxNotQ,hd1440,0.8259859095,82.6,1d,2025-12-10,16:26:45,4,1
HI7mTIxNotQ,hd1440,0.8259859095,82.6,1d,2025-12-10,16:26:46,4,1
HI7mTIxNotQ,hd1440,0.8259859095,82.6,1d,2025-12-10,16:26:47,4,1
HI7mTIxNotQ,hd1440,0.8259859095,82.6,1d,2025-12-10,16:26:48,4,1
HI7mTIxNotQ,hd1440,0.8259859095,82.6,1d,2025-12-10,16:26:49,4,1
HI7mTIxNotQ,hd1440,0.8259859095,82.6,1d,2025-12-10,16:26:50,4,1
HI7mTIxNotQ,hd1440,0.8259859095,82.6,1d,2025-12-10,16:26:51,4,1
HI7mTIxNotQ,hd1440,0.8259859095,82.6,1d,2025-12-10,16:26:52,4,1
HI7mTIxNotQ,hd1440,0.8259859095,82.6,1d,2025-12-10,16:26:53,4,1
HI7mTIxNotQ,hd1440,0.8259859095,82.6,1d,2025-12-10,16:26:54,4,1
HI7mTIxNotQ,hd1440,0.8259859095,82.6,1d,2025-12-10,16:26:55,4,1
HI7mTIxNotQ,hd1440,0.8259859095,82.6,1d,2025-12-10,16:26:56,4,1
HI7mTIxNotQ,hd1440,0.8259859095,82.6,1d,2025-12-10,16:26:57,4,1
HI7mTIxNotQ,hd1440,0.8259859095,82.6,1d,2025-12-10,16:26:58,4,1
HI7mTIxNotQ,hd1440,0.8259859095,82.6,1d,2025-12-10,16:26:59,4,1
HI7mTIxNotQ,hd1440,0.8259859095,82.6,1d,2025-12-10,16:27:00,4,1
HI7mTIxNotQ,hd1440,0.8259859095,82.6,1d,2025-12-10,16:27:01,4,1
HI7mTIxNotQ,hd1440,0.8259859095,82.6,1d,2025-12-10,16:27:02,4,1
HI7mTIxNotQ,hd1440,0.8259859095,82.6,1d,2025-12-10,16:27:03,4,1
HI7mTIxNotQ,hd1440,0.8259859095,82.6,1d,2025-12-10,16:27:04,4,1
HI7mTIxNotQ,hd1440,0.8259859095,82.6,1d,2025-12-10,16:27:05,4,1
HI7mTIxNotQ,hd1440,0.8259859095,82.6,1d,2025-12-10,16:27:06,4,1
HI7mTIxNotQ,hd1440,0.8259859095,82.6,1d,2025-12-10,16:27:07,4,1
HI7mTIxNotQ,hd1440,0.8259859095,82.6,1d,2025-12-10,16:27:08,4,1
HI7mTIxNotQ,hd1440,0.8259859095,82.6,1d,2025-12-10,16:27:09,4,1
HI7mTIxNotQ,hd1440,0.8259859095,82.6,1d,2025-12-10,16:27:10,4,1
HI7mTIxNotQ,hd1440,0.8259859095,82.6,1d,2025-12-10,16:27:11,4,1
HI7mTIxNotQ,hd1440,0.8259859095,82.6,1d,2025-12-10,16:27:12,4,1
HI7mTIxNotQ,hd1440,0.8259859095,82.6,1d,2025-12-10,16:27:13,4,1
HI7mTIxNotQ,hd1440,0.8259859095,82.6,1d,2025-12-10,16:27:14,4,1
HI7mTIxNotQ,hd1440,0.8259859095,82.6,1d,2025-12-10,16:27:15,4,1
HI7mTIxNotQ,hd1440,0.8259859095,82.6,1d,2025-12-10,16:27:16,4,1
HI7mTIxNotQ,hd1440,0.8259859095,82.6,1d,2025-12-10,16:27:17,4,1
HI7mTIxNotQ,hd1440,0.8259859095,82.6,1d,2025-12-10,16:27:18,4,1
HI7mTIxNotQ,hd1440,0.8259859095,82.6,1d,2025-12-10,16:27:19,4,1
HI7mTIxNotQ,hd1440,0.8259859095,82.6,1d,2025-12-10,16:27:20,4,1
HI7mTIxNotQ,hd1440,0.8259859095,82.6,1d,2025-12-10,16:27:21,4,1
HI7mTIxNotQ,hd1440,0.8259859095,82.6,1d,2025-12-10,16:27:22,4,1
HI7mTIxNotQ,hd1440,0.8259859095,82.6,1d,2025-12-10,16:27:23,4,1
HI7mTIxNotQ,hd1440,0.8259859095,82.6,1d,2025-12-10,16:27:24,4,1
HI7mTIxNotQ,hd1440,0.8259859095,82.6,1d,2025-12-10,16:27:25,4,1
HI7mTIxNotQ,hd1440,0.8259859095,82.6,1d,2025-12-10,16:27:26,4,1
HI7mTIxNotQ,hd1440,0.8259859095,82.6,1d,2025-12-10,16:27:27,4,1
HI7mTIxNotQ,hd1440,0.8259859095,82.6,1d,2025-12-10,16:27:28,4,1
HI7mTIxNotQ,hd1440,0.8259859095,82.6,1d,2025-12-10,16:27:29,4,1
HI7mTIxNotQ,hd1440,0.8259859095,82.6,1d,2025-12-10,16:27:30,4,1
HI7mTIxNotQ,hd1440,0.8259859095,82.6,1d,2025-12-10,16:27:31,4,1
HI7mTIxNotQ,hd1440,0.8259859095,82.6,1d,2025-12-10,16:27:32,4,1
HI7mTIxNotQ,hd1440,0.8259859095,82.6,1d,2025-12-10,16:27:33,4,1
HI7mTIxNotQ,hd1440,0.8259859095,82.6,1d,2025-12-10,16:27:34,4,1
HI7mTIxNotQ,hd1440,0.8259859095,82.6,1d,2025-12-10,16:27:35,4,1
HI7mTIxNotQ,hd1440,0.8259859095,82.6,1d,2025-12-10,16:27:36,4,1
HI7mTIxNotQ,hd1440,0.8259859095,82.6,1d,2025-12-10,16:27:37,4,1
HI7mTIxNotQ,hd1440,0.8259859095,82.6,1d,2025-12-10,16:27:38,4,1
HI7mTIxNotQ,hd1440,0.8259859095,82.6,1d,2025-12-10,16:27:39,4,1
HI7mTIxNotQ,hd1440,0.8259859095,82.6,1d,2025-12-10,16:27:40,4,1
HI7mTIxNotQ,hd1440,0.8259859095,82.6,1d,2025-12-10,16:27:41,4,1
HI7mTIxNotQ,hd1440,0.8259859095,82.6,1d,2025-12-10,16:27:42,4,1
HI7mTIxNotQ,hd1440,0.8259859095,82.6,1d,2025-12-10,16:27:43,4,1
HI7mTIxNotQ,hd1440,0.8259859095,82.6,1d,2025-12-10,16:27:44,4,1
HI7mTIxNotQ,hd1440,0.8259859095,82.6,1d,2025-12-10,16:27:45,4,1
HI7mTIxNotQ,hd1440,0.8259859095,82.6,1d,2025-12-10,16:27:46,4,1
HI7mTIxNotQ,hd1440,0.8259859095,82.6,1d,2025-12-10,16:27:47,4,1
HI7mTIxNotQ,hd1440,0.8259859095,82.6,1d,2025-12-10,16:27:48,4,1
HI7mTIxNotQ,hd1440,0.8259859095,82.6,1d,2025-12-10,16:27:49,4,1
HI7mTIxNotQ,hd1440,0.8259859095,82.6,1d,2025-12-10,16:27:50,4,1
HI7mTIxNotQ,hd1440,0.8259859095,82.6,1d,2025-12-10,16:27:51,4,1
HI7mTIxNotQ,hd1440,0.8259859095,82.6,1d,2025-12-10,16:27:52,4,1
HI7mTIxNotQ,hd1440,0.8259859095,82.6,1d,2025-12-10,16:27:53,4,1
HI7mTIxNotQ,hd1440,0.8259859095,82.6,1d,2025-12-10,16:27:54,4,1
HI7mTIxNotQ,hd1440,0.8259859095,82.6,1d,2025-12-10,16:27:55,4,1
HI7mTIxNotQ,hd1440,0.8259859095,82.6,1d,2025-12-10,16:27:56,4,1
HI7mTIxNotQ,hd1440,0.8259859095,82.6,1d,2025-12-10,16:27:57,4,1
HI7mTIxNotQ,hd1440,0.8259859095,82.6,1d,2025-12-10,16:27:58,4,1
HI7mTIxNotQ,hd1440,0.8259859095,82.6,1d,2025-12-10,16:27:59,4,1
HI7mTIxNotQ,hd1440,0.8259859095,82.6,1d,2025-12-10,16:28:00,4,1
HI7mTIxNotQ,hd1440,0.8259859095,82.6,1d,2025-12-10,16:28:01,4,1
HI7mTIxNotQ,hd1440,0.8358180101,83.6,1d,2025-12-10,16:28:02,4,1
HI7mTIxNotQ,hd1440,0.8358180101,83.6,1d,2025-12-10,16:28:03,4,1
HI7mTIxNotQ,hd1440,0.8358180101,83.6,1d,2025-12-10,16:28:04,4,1
HI7mTIxNotQ,hd1440,0.8358180101,83.6,1d,2025-12-10,16:28:05,4,1
HI7mTIxNotQ,hd1440,0.8358180101,83.6,1d,2025-12-10,16:28:06,4,1
HI7mTIxNotQ,hd1440,0.8358180101,83.6,1d,2025-12-10,16:28:07,4,1
HI7mTIxNotQ,hd1440,0.8358180101,83.6,1d,2025-12-10,16:28:08,4,1
HI7mTIxNotQ,hd1440,0.8358180101,83.6,1d,2025-12-10,16:28:09,4,1
HI7mTIxNotQ,hd1440,0.8358180101,83.6,1d,2025-12-10,16:28:10,4,1
HI7mTIxNotQ,hd1440,0.8581636963,85.8,1d,2025-12-10,16:28:11,4,1
HI7mTIxNotQ,hd1440,0.8581636963,85.8,1d,2025-12-10,16:28:12,4,1
HI7mTIxNotQ,hd1440,0.8581636963,85.8,1d,2025-12-10,16:28:13,4,1
HI7mTIxNotQ,hd1440,0.8581636963,85.8,1d,2025-12-10,16:28:14,4,1
HI7mTIxNotQ,hd1440,0.8742525897,87.4,1d,2025-12-10,16:28:15,4,1
HI7mTIxNotQ,hd1440,0.8742525897,87.4,1d,2025-12-10,16:28:16,4,1
HI7mTIxNotQ,hd1440,0.8742525897,87.4,1d,2025-12-10,16:28:17,4,1
HI7mTIxNotQ,hd1440,0.8742525897,87.4,1d,2025-12-10,16:28:18,4,1
HI7mTIxNotQ,hd1440,0.8742525897,87.4,1d,2025-12-10,16:28:19,4,1
HI7mTIxNotQ,hd1440,0.8903414831,89.0,1d,2025-12-10,16:28:20,4,1
HI7mTIxNotQ,hd1440,0.8903414831,89.0,1d,2025-12-10,16:28:21,4,1
HI7mTIxNotQ,hd1440,0.8903414831,89.0,1d,2025-12-10,16:28:22,4,1
HI7mTIxNotQ,hd1440,0.8903414831,89.0,1d,2025-12-10,16:28:23,4,1
HI7mTIxNotQ,hd1440,0.8903414831,89.0,1d,2025-12-10,16:28:24,4,1
HI7mTIxNotQ,hd1440,0.8903414831,89.0,1d,2025-12-10,16:28:25,4,1
HI7mTIxNotQ,hd1440,0.9060728447,90.6,1d,2025-12-10,16:28:26,4,1
HI7mTIxNotQ,hd1440,0.9060728447,90.6,1d,2025-12-10,16:28:27,4,1
HI7mTIxNotQ,hd1440,0.9060728447,90.6,1d,2025-12-10,16:28:28,4,1
HI7mTIxNotQ,hd1440,0.9060728447,90.6,1d,2025-12-10,16:28:29,4,1
HI7mTIxNotQ,hd1440,0.9060728447,90.6,1d,2025-12-10,16:28:30,4,1
HI7mTIxNotQ,hd1440,0.9060728447,90.6,1d,2025-12-10,16:28:31,4,1
HI7mTIxNotQ,hd1440,0.9060728447,90.6,1d,2025-12-10,16:28:32,4,1
HI7mTIxNotQ,hd1440,0.9167987736,91.7,1d,2025-12-10,16:28:33,4,1
HI7mTIxNotQ,hd1440,0.9167987736,91.7,1d,2025-12-10,16:28:34,4,1
HI7mTIxNotQ,hd1440,0.9167987736,91.7,1d,2025-12-10,16:28:35,4,1
HI7mTIxNotQ,hd2160,0.9167987736,91.7,1d,2025-12-10,16:28:36,4,1
HI7mTIxNotQ,hd2160,0.9302061848,93.0,1d,2025-12-10,16:28:37,4,1
HI7mTIxNotQ,hd2160,0.9302061848,93.0,1d,2025-12-10,16:28:38,4,1
HI7mTIxNotQ,hd2160,0.9302061848,93.0,1d,2025-12-10,16:28:39,4,1
HI7mTIxNotQ,hd2160,0.9302061848,93.0,1d,2025-12-10,16:28:40,4,1
HI7mTIxNotQ,hd2160,0.9302061848,93.0,1d,2025-12-10,16:28:41,4,1
HI7mTIxNotQ,hd2160,0.9302061848,93.0,1d,2025-12-10,16:28:42,4,1
HI7mTIxNotQ,hd2160,0.9302061848,93.0,1d,2025-12-10,16:28:43,4,1
HI7mTIxNotQ,hd2160,0.9302061848,93.0,1d,2025-12-10,16:28:44,4,1
HI7mTIxNotQ,hd2160,0.9302061848,93.0,1d,2025-12-10,16:28:45,4,1
HI7mTIxNotQ,hd2160,0.9302061848,93.0,1d,2025-12-10,16:28:46,4,1
HI7mTIxNotQ,hd2160,0.9302061848,93.0,1d,2025-12-10,16:28:47,4,1
HI7mTIxNotQ,hd2160,0.9302061848,93.0,1d,2025-12-10,16:28:48,4,1
HI7mTIxNotQ,hd2160,0.9302061848,93.0,1d,2025-12-10,16:28:49,4,1
HI7mTIxNotQ,hd2160,0.9302061848,93.0,1d,2025-12-10,16:28:50,4,1
HI7mTIxNotQ,hd2160,0.9302061848,93.0,1d,2025-12-10,16:28:51,4,1
HI7mTIxNotQ,hd2160,0.9302061848,93.0,1d,2025-12-10,16:28:52,4,1
HI7mTIxNotQ,hd2160,0.9302061848,93.0,1d,2025-12-10,16:28:53,4,1
HI7mTIxNotQ,hd2160,0.9302061848,93.0,1d,2025-12-10,16:28:54,4,1
HI7mTIxNotQ,hd2160,0.9302061848,93.0,1d,2025-12-10,16:28:55,4,1
HI7mTIxNotQ,hd2160,0.9302061848,93.0,1d,2025-12-10,16:28:56,4,1
HI7mTIxNotQ,hd2160,0.9302061848,93.0,1d,2025-12-10,16:28:57,4,1
HI7mTIxNotQ,hd2160,0.9302061848,93.0,1d,2025-12-10,16:28:58,4,1
HI7mTIxNotQ,hd2160,0.9302061848,93.0,1d,2025-12-10,16:28:59,4,1
HI7mTIxNotQ,hd2160,0.9302061848,93.0,1d,2025-12-10,16:29:00,4,1
HI7mTIxNotQ,hd2160,0.9462950782,94.6,1d,2025-12-10,16:29:01,4,1
HI7mTIxNotQ,hd2160,0.9462950782,94.6,1d,2025-12-10,16:29:02,4,1
HI7mTIxNotQ,hd2160,0.9462950782,94.6,1d,2025-12-10,16:29:03,4,1
HI7mTIxNotQ,hd2160,0.9462950782,94.6,1d,2025-12-10,16:29:04,4,1
HI7mTIxNotQ,hd2160,0.9462950782,94.6,1d,2025-12-10,16:29:05,4,1
HI7mTIxNotQ,hd2160,0.9462950782,94.6,1d,2025-12-10,16:29:06,4,1
HI7mTIxNotQ,hd2160,0.9623839716,96.2,1d,2025-12-10,16:29:07,4,1
HI7mTIxNotQ,hd2160,0.9623839716,96.2,1d,2025-12-10,16:29:08,4,1
HI7mTIxNotQ,hd2160,0.9623839716,96.2,1d,2025-12-10,16:29:09,4,1
HI7mTIxNotQ,hd2160,0.9623839716,96.2,1d,2025-12-10,16:29:10,4,1
HI7mTIxNotQ,hd2160,0.9623839716,96.2,1d,2025-12-10,16:29:11,4,1
HI7mTIxNotQ,hd2160,0.9623839716,96.2,1d,2025-12-10,16:29:12,4,1
HI7mTIxNotQ,hd2160,0.9784728651,97.8,1d,2025-12-10,16:29:13,4,1
HI7mTIxNotQ,hd2160,0.9784728651,97.8,1d,2025-12-10,16:29:14,4,1
HI7mTIxNotQ,hd2160,0.9784728651,97.8,1d,2025-12-10,16:29:15,4,1
HI7mTIxNotQ,hd2160,0.9784728651,97.8,1d,2025-12-10,16:29:16,4,1
HI7mTIxNotQ,hd2160,0.9784728651,97.8,1d,2025-12-10,16:29:17,4,1
HI7mTIxNotQ,hd2160,0.9784728651,97.8,1d,2025-12-10,16:29:18,4,1
HI7mTIxNotQ,hd2160,0.9784728651,97.8,1d,2025-12-10,16:29:19,4,1
HI7mTIxNotQ,hd2160,0.9784728651,97.8,1d,2025-12-10,16:29:20,4,1
HI7mTIxNotQ,hd2160,0.9784728651,97.8,1d,2025-12-10,16:29:21,4,1
HI7mTIxNotQ,hd2160,0.9842827423,98.4,1d,2025-12-10,16:29:22,4,1
HI7mTIxNotQ,hd2160,0.9857128671,98.6,1d,2025-12-10,16:29:23,4,1
HI7mTIxNotQ,hd2160,1.0,100.0,1d,2025-12-10,16:29:24,4,1
HI7mTIxNotQ,hd2160,1.0,100.0,1d,2025-12-10,16:29:25,4,1
HI7mTIxNotQ,hd2160,1.0,100.0,1d,2025-12-10,16:29:26,4,1
HI7mTIxNotQ,hd2160,1.0,100.0,1d,2025-12-10,16:29:27,4,1
HI7mTIxNotQ,hd2160,1.0,100.0,1d,2025-12-10,16:29:28,4,1
HI7mTIxNotQ,hd2160,1.0,100.0,1d,2025-12-10,16:29:29,4,1
HI7mTIxNotQ,hd2160,1.0,100.0,1d,2025-12-10,16:29:30,4,1
HI7mTIxNotQ,hd2160,1.0,100.0,1d,2025-12-10,16:29:31,4,1
HI7mTIxNotQ,hd2160,1.0,100.0,1d,2025-12-10,16:29:32,4,1
HI7mTIxNotQ,hd2160,1.0,100.0,1d,2025-12-10,16:29:33,4,1
HI7mTIxNotQ,hd2160,1.0,100.0,1d,2025-12-10,16:29:34,4,1
HI7mTIxNotQ,hd2160,1.0,100.0,1d,2025-12-10,16:29:35,4,1
HI7mTIxNotQ,hd2160,1.0,100.0,1d,2025-12-10,16:29:36,4,1
HI7mTIxNotQ,hd2160,1.0,100.0,1d,2025-12-10,16:29:37,4,1
HI7mTIxNotQ,hd2160,1.0,100.0,1d,2025-12-10,16:29:38,4,1
HI7mTIxNotQ,hd2160,1.0,100.0,1d,2025-12-10,16:29:39,4,1
HI7mTIxNotQ,hd2160,1.0,100.0,1d,2025-12-10,16:29:40,4,1
HI7mTIxNotQ,hd2160,1.0,100.0,1d,2025-12-10,16:29:41,4,1
HI7mTIxNotQ,hd2160,1.0,100.0,1d,2025-12-10,16:29:42,4,1
HI7mTIxNotQ,hd2160,1.0,100.0,1d,2025-12-10,16:29:43,4,1
HI7mTIxNotQ,hd2160,1.0,100.0,1d,2025-12-10,16:29:44,4,1
HI7mTIxNotQ,hd2160,1.0,100.0,1d,2025-12-10,16:29:45,4,1
HI7mTIxNotQ,hd2160,1.0,100.0,1d,2025-12-10,16:29:46,4,1
HI7mTIxNotQ,hd2160,1.0,100.0,1d,2025-12-10,16:29:47,4,1
HI7mTIxNotQ,hd2160,1.0,100.0,1d,2025-12-10,16:29:48,4,1
HI7mTIxNotQ,hd2160,1.0,100.0,1d,2025-12-10,16:29:49,4,1
HI7mTIxNotQ,hd2160,1.0,100.0,1d,2025-12-10,16:29:50,4,1
HI7mTIxNotQ,hd2160,1.0,100.0,1d,2025-12-10,16:29:51,4,1
HI7mTIxNotQ,hd2160,1.0,100.0,1d,2025-12-10,16:29:52,4,1
HI7mTIxNotQ,hd2160,1.0,100.0,1d,2025-12-10,16:29:53,4,1
HI7mTIxNotQ,hd2160,1.0,100.0,1d,2025-12-10,16:29:54,4,1
HI7mTIxNotQ,hd2160,1.0,100.0,1d,2025-12-10,16:29:55,4,1
HI7mTIxNotQ,hd2160,1.0,100.0,1d,2025-12-10,16:29:56,4,1
G-XZhKqQAHU,hd2160,0.0,0.0,h11,2025-11-05,15:06:02,3,1
G-XZhKqQAHU,hd2160,0.0,0.0,h11,2025-11-05,15:06:03,3,1
G-XZhKqQAHU,hd2160,0.0,0.0,h11,2025-11-05,15:06:04,3,1
G-XZhKqQAHU,hd2160,0.0,0.0,h11,2025-11-05,15:06:05,3,1
G-XZhKqQAHU,hd2160,0.0,0.0,h11,2025-11-05,15:06:06,3,1
G-XZhKqQAHU,hd2160,0.0,0.0,h11,2025-11-05,15:06:07,3,1
G-XZhKqQAHU,hd2160,0.0,0.0,h11,2025-11-05,15:06:08,3,1
G-XZhKqQAHU,hd2160,0.0,0.0,h11,2025-11-05,15:06:09,3,1
G-XZhKqQAHU,hd2160,0.03296042362,3.3,h11,2025-11-05,15:06:10,3,1
G-XZhKqQAHU,hd2160,0.03432430331,3.4,h11,2025-11-05,15:06:11,3,1
G-XZhKqQAHU,hd1080,0.03750668813,3.8,h11,2025-11-05,15:06:12,3,1
G-XZhKqQAHU,hd1080,0.03750668813,3.8,h11,2025-11-05,15:06:13,3,1
G-XZhKqQAHU,hd1080,0.03750668813,3.8,h11,2025-11-05,15:06:14,3,1
G-XZhKqQAHU,hd1080,0.05946856428,5.9,h11,2025-11-05,15:06:15,3,1
G-XZhKqQAHU,hd1080,0.09376672543,9.4,h11,2025-11-05,15:06:16,3,1
G-XZhKqQAHU,hd1080,0.09376672543,9.4,h11,2025-11-05,15:06:17,3,1
G-XZhKqQAHU,hd1080,0.09376672543,9.4,h11,2025-11-05,15:06:18,3,1
G-XZhKqQAHU,hd1080,0.09376672543,9.4,h11,2025-11-05,15:06:19,3,1
G-XZhKqQAHU,hd1080,0.09376672543,9.4,h11,2025-11-05,15:06:20,3,1
G-XZhKqQAHU,hd1440,0.09376672543,9.4,h11,2025-11-05,15:06:21,3,1
G-XZhKqQAHU,hd1440,0.09376672543,9.4,h11,2025-11-05,15:06:23,3,1
G-XZhKqQAHU,hd1440,0.09376672543,9.4,h11,2025-11-05,15:06:22,3,1
G-XZhKqQAHU,hd1440,0.09376672543,9.4,h11,2025-11-05,15:06:24,3,1
G-XZhKqQAHU,hd1440,0.09388038434,9.4,h11,2025-11-05,15:06:25,3,1
G-XZhKqQAHU,hd1440,0.09933590311,9.9,h11,2025-11-05,15:06:26,3,1
G-XZhKqQAHU,hd1440,0.09967687303,10.0,h11,2025-11-05,15:06:27,3,1
G-XZhKqQAHU,hd1440,0.09967687303,10.0,h11,2025-11-05,15:06:28,3,1
G-XZhKqQAHU,hd1440,0.09967687303,10.0,h11,2025-11-05,15:06:29,3,1
G-XZhKqQAHU,hd1440,0.09967687303,10.0,h11,2025-11-05,15:06:30,3,1
G-XZhKqQAHU,hd1440,0.09967687303,10.0,h11,2025-11-05,15:06:31,3,1
G-XZhKqQAHU,hd1440,0.09967687303,10.0,h11,2025-11-05,15:06:32,3,1
G-XZhKqQAHU,hd1440,0.09967687303,10.0,h11,2025-11-05,15:06:33,3,1
G-XZhKqQAHU,hd1440,0.09967687303,10.0,h11,2025-11-05,15:06:34,3,1
G-XZhKqQAHU,hd1440,0.1363913789,13.6,h11,2025-11-05,15:06:35,3,1
G-XZhKqQAHU,hd1440,0.1500267627,15.0,h11,2025-11-05,15:06:36,3,1
G-XZhKqQAHU,hd1440,0.1500267627,15.0,h11,2025-11-05,15:06:37,3,1
G-XZhKqQAHU,hd1440,0.1500267627,15.0,h11,2025-11-05,15:06:38,3,1
G-XZhKqQAHU,hd1440,0.1500267627,15.0,h11,2025-11-05,15:06:39,3,1
G-XZhKqQAHU,hd1440,0.1500267627,15.0,h11,2025-11-05,15:06:40,3,1
G-XZhKqQAHU,hd1440,0.1500267627,15.0,h11,2025-11-05,15:06:41,3,1
G-XZhKqQAHU,hd1440,0.1500267627,15.0,h11,2025-11-05,15:06:42,3,1
G-XZhKqQAHU,hd1440,0.1687801085,16.9,h11,2025-11-05,15:06:43,3,1
G-XZhKqQAHU,hd1440,0.1687801085,16.9,h11,2025-11-05,15:06:44,3,1
G-XZhKqQAHU,hd1440,0.1687801085,16.9,h11,2025-11-05,15:06:45,3,1
G-XZhKqQAHU,hd1440,0.1687801085,16.9,h11,2025-11-05,15:06:46,3,1
G-XZhKqQAHU,hd1440,0.1687801085,16.9,h11,2025-11-05,15:06:47,3,1
G-XZhKqQAHU,hd1440,0.1875334543,18.8,h11,2025-11-05,15:06:48,3,1
G-XZhKqQAHU,hd1440,0.1875334543,18.8,h11,2025-11-05,15:06:49,3,1
G-XZhKqQAHU,hd1440,0.1875334543,18.8,h11,2025-11-05,15:06:50,3,1
G-XZhKqQAHU,hd1440,0.1893519628,18.9,h11,2025-11-05,15:06:51,3,1
G-XZhKqQAHU,hd1440,0.1916967004,19.2,h11,2025-11-05,15:06:52,3,1
G-XZhKqQAHU,hd1440,0.1916967004,19.2,h11,2025-11-05,15:06:53,3,1
G-XZhKqQAHU,hd1440,0.1916967004,19.2,h11,2025-11-05,15:06:54,3,1
G-XZhKqQAHU,hd1440,0.1916967004,19.2,h11,2025-11-05,15:06:55,3,1
G-XZhKqQAHU,hd1440,0.1916967004,19.2,h11,2025-11-05,15:06:56,3,1
G-XZhKqQAHU,hd1080,0.2062868,20.6,h11,2025-11-05,15:06:57,3,1
G-XZhKqQAHU,hd1080,0.2062868,20.6,h11,2025-11-05,15:06:58,3,1
G-XZhKqQAHU,hd1080,0.2062868,20.6,h11,2025-11-05,15:06:59,3,1
G-XZhKqQAHU,hd1080,0.2062868,20.6,h11,2025-11-05,15:07:00,3,1
G-XZhKqQAHU,hd1080,0.2062868,20.6,h11,2025-11-05,15:07:01,3,1
G-XZhKqQAHU,hd1080,0.2062868,20.6,h11,2025-11-05,15:07:02,3,1
G-XZhKqQAHU,hd1080,0.2062868,20.6,h11,2025-11-05,15:07:03,3,1
G-XZhKqQAHU,hd1080,0.2062868,20.6,h11,2025-11-05,15:07:04,3,1
G-XZhKqQAHU,hd1080,0.2062868,20.6,h11,2025-11-05,15:07:05,3,1
G-XZhKqQAHU,hd1080,0.2062868,20.6,h11,2025-11-05,15:07:06,3,1
G-XZhKqQAHU,hd1080,0.2625468373,26.3,h11,2025-11-05,15:07:07,3,1
G-XZhKqQAHU,hd1080,0.2625468373,26.3,h11,2025-11-05,15:07:08,3,1
G-XZhKqQAHU,hd1080,0.2625468373,26.3,h11,2025-11-05,15:07:09,3,1
G-XZhKqQAHU,hd1080,0.2625468373,26.3,h11,2025-11-05,15:07:10,3,1
G-XZhKqQAHU,hd1080,0.2813001831,28.1,h11,2025-11-05,15:07:11,3,1
G-XZhKqQAHU,hd1080,0.2813001831,28.1,h11,2025-11-05,15:07:12,3,1
G-XZhKqQAHU,hd1080,0.2813001831,28.1,h11,2025-11-05,15:07:13,3,1
G-XZhKqQAHU,hd1080,0.2813001831,28.1,h11,2025-11-05,15:07:14,3,1
G-XZhKqQAHU,hd1080,0.2813001831,28.1,h11,2025-11-05,15:07:15,3,1
G-XZhKqQAHU,hd1080,0.2813001831,28.1,h11,2025-11-05,15:07:16,3,1
G-XZhKqQAHU,hd1080,0.3000535289,30.0,h11,2025-11-05,15:07:17,3,1
G-XZhKqQAHU,hd1080,0.3000535289,30.0,h11,2025-11-05,15:07:18,3,1
G-XZhKqQAHU,hd1080,0.3000535289,30.0,h11,2025-11-05,15:07:19,3,1
G-XZhKqQAHU,hd1080,0.3000535289,30.0,h11,2025-11-05,15:07:20,3,1
G-XZhKqQAHU,hd1080,0.3000535289,30.0,h11,2025-11-05,15:07:21,3,1
G-XZhKqQAHU,hd1080,0.3000535289,30.0,h11,2025-11-05,15:07:22,3,1
G-XZhKqQAHU,hd1080,0.3000535289,30.0,h11,2025-11-05,15:07:23,3,1
G-XZhKqQAHU,hd1080,0.3000535289,30.0,h11,2025-11-05,15:07:24,3,1
G-XZhKqQAHU,hd1080,0.3111918808,31.1,h11,2025-11-05,15:07:25,3,1
G-XZhKqQAHU,hd1080,0.3150562055,31.5,h11,2025-11-05,15:07:26,3,1
G-XZhKqQAHU,hd1080,0.3150562055,31.5,h11,2025-11-05,15:07:27,3,1
G-XZhKqQAHU,hd1080,0.3150562055,31.5,h11,2025-11-05,15:07:28,3,1
G-XZhKqQAHU,hd1080,0.3375602204,33.8,h11,2025-11-05,15:07:29,3,1
G-XZhKqQAHU,hd1080,0.3375602204,33.8,h11,2025-11-05,15:07:30,3,1
G-XZhKqQAHU,hd1080,0.3375602204,33.8,h11,2025-11-05,15:07:31,3,1
G-XZhKqQAHU,hd1080,0.3375602204,33.8,h11,2025-11-05,15:07:32,3,1
G-XZhKqQAHU,hd1080,0.3563135662,35.6,h11,2025-11-05,15:07:33,3,1
G-XZhKqQAHU,hd1080,0.3563135662,35.6,h11,2025-11-05,15:07:34,3,1
G-XZhKqQAHU,hd1080,0.3563135662,35.6,h11,2025-11-05,15:07:35,3,1
G-XZhKqQAHU,hd1080,0.3563135662,35.6,h11,2025-11-05,15:07:36,3,1
G-XZhKqQAHU,hd1080,0.3563135662,35.6,h11,2025-11-05,15:07:37,3,1
G-XZhKqQAHU,hd1080,0.3563135662,35.6,h11,2025-11-05,15:07:38,3,1
G-XZhKqQAHU,hd1080,0.3563135662,35.6,h11,2025-11-05,15:07:39,3,1
G-XZhKqQAHU,hd1080,0.3563135662,35.6,h11,2025-11-05,15:07:40,3,1
G-XZhKqQAHU,hd1080,0.3563135662,35.6,h11,2025-11-05,15:07:41,3,1
G-XZhKqQAHU,hd1080,0.3563135662,35.6,h11,2025-11-05,15:07:42,3,1
G-XZhKqQAHU,hd1080,0.3750669119,37.5,h11,2025-11-05,15:07:43,3,1
G-XZhKqQAHU,hd1080,0.3938202577,39.4,h11,2025-11-05,15:07:44,3,1
G-XZhKqQAHU,hd1080,0.3938202577,39.4,h11,2025-11-05,15:07:45,3,1
G-XZhKqQAHU,hd1080,0.3938202577,39.4,h11,2025-11-05,15:07:46,3,1
G-XZhKqQAHU,hd1080,0.3938202577,39.4,h11,2025-11-05,15:07:47,3,1
G-XZhKqQAHU,hd1080,0.3938202577,39.4,h11,2025-11-05,15:07:48,3,1
G-XZhKqQAHU,hd1080,0.3938202577,39.4,h11,2025-11-05,15:07:49,3,1
G-XZhKqQAHU,hd1080,0.3938202577,39.4,h11,2025-11-05,15:07:50,3,1
G-XZhKqQAHU,hd1080,0.3938202577,39.4,h11,2025-11-05,15:07:51,3,1
G-XZhKqQAHU,hd1080,0.3938202577,39.4,h11,2025-11-05,15:07:52,3,1
G-XZhKqQAHU,hd1080,0.4125736035,41.3,h11,2025-11-05,15:07:53,3,1
G-XZhKqQAHU,hd1080,0.4125736035,41.3,h11,2025-11-05,15:07:54,3,1
G-XZhKqQAHU,hd1080,0.4313269492,43.1,h11,2025-11-05,15:07:55,3,1
G-XZhKqQAHU,hd1080,0.4313269492,43.1,h11,2025-11-05,15:07:56,3,1
G-XZhKqQAHU,hd1080,0.4313269492,43.1,h11,2025-11-05,15:07:57,3,1
G-XZhKqQAHU,hd1080,0.4313269492,43.1,h11,2025-11-05,15:07:58,3,1
G-XZhKqQAHU,hd1080,0.4313269492,43.1,h11,2025-11-05,15:07:59,3,1
G-XZhKqQAHU,hd1080,0.4313269492,43.1,h11,2025-11-05,15:08:00,3,1
G-XZhKqQAHU,hd1080,0.4313269492,43.1,h11,2025-11-05,15:08:01,3,1
G-XZhKqQAHU,hd1080,0.4313269492,43.1,h11,2025-11-05,15:08:02,3,1
G-XZhKqQAHU,hd1080,0.4313269492,43.1,h11,2025-11-05,15:08:03,3,1
G-XZhKqQAHU,hd1080,0.4425823698,44.3,h11,2025-11-05,15:08:04,3,1
G-XZhKqQAHU,hd1080,0.450080295,45.0,h11,2025-11-05,15:08:05,3,1
G-XZhKqQAHU,hd1080,0.4688336408,46.9,h11,2025-11-05,15:08:06,3,1
G-XZhKqQAHU,hd1080,0.4688336408,46.9,h11,2025-11-05,15:08:07,3,1
G-XZhKqQAHU,hd1080,0.4688336408,46.9,h11,2025-11-05,15:08:08,3,1
G-XZhKqQAHU,hd1080,0.4688336408,46.9,h11,2025-11-05,15:08:09,3,1
G-XZhKqQAHU,hd1080,0.4688336408,46.9,h11,2025-11-05,15:08:10,3,1
G-XZhKqQAHU,hd1080,0.4688336408,46.9,h11,2025-11-05,15:08:11,3,1
G-XZhKqQAHU,hd1080,0.4875869865,48.8,h11,2025-11-05,15:08:12,3,1
G-XZhKqQAHU,hd1080,0.4875869865,48.8,h11,2025-11-05,15:08:13,3,1
G-XZhKqQAHU,hd1080,0.4875869865,48.8,h11,2025-11-05,15:08:14,3,1
G-XZhKqQAHU,hd1080,0.4875869865,48.8,h11,2025-11-05,15:08:15,3,1
G-XZhKqQAHU,hd1080,0.4875869865,48.8,h11,2025-11-05,15:08:16,3,1
G-XZhKqQAHU,hd1080,0.5063403323,50.6,h11,2025-11-05,15:08:17,3,1
G-XZhKqQAHU,hd1080,0.5063403323,50.6,h11,2025-11-05,15:08:18,3,1
G-XZhKqQAHU,hd1080,0.5063403323,50.6,h11,2025-11-05,15:08:19,3,1
G-XZhKqQAHU,hd1080,0.5063403323,50.6,h11,2025-11-05,15:08:20,3,1
G-XZhKqQAHU,hd1080,0.5063403323,50.6,h11,2025-11-05,15:08:21,3,1
G-XZhKqQAHU,hd1080,0.5063403323,50.6,h11,2025-11-05,15:08:22,3,1
G-XZhKqQAHU,hd1080,0.5250936781,52.5,h11,2025-11-05,15:08:23,3,1
G-XZhKqQAHU,hd1080,0.5250936781,52.5,h11,2025-11-05,15:08:24,3,1
G-XZhKqQAHU,hd1080,0.5250936781,52.5,h11,2025-11-05,15:08:25,3,1
G-XZhKqQAHU,hd1080,0.5250936781,52.5,h11,2025-11-05,15:08:26,3,1
G-XZhKqQAHU,hd1080,0.5250936781,52.5,h11,2025-11-05,15:08:27,3,1
G-XZhKqQAHU,hd1080,0.5438470238,54.4,h11,2025-11-05,15:08:28,3,1
G-XZhKqQAHU,hd1080,0.5438470238,54.4,h11,2025-11-05,15:08:29,3,1
G-XZhKqQAHU,hd1080,0.5438470238,54.4,h11,2025-11-05,15:08:30,3,1
G-XZhKqQAHU,hd1080,0.5438470238,54.4,h11,2025-11-05,15:08:31,3,1
G-XZhKqQAHU,hd1080,0.5438470238,54.4,h11,2025-11-05,15:08:32,3,1
G-XZhKqQAHU,hd1080,0.5438470238,54.4,h11,2025-11-05,15:08:33,3,1
G-XZhKqQAHU,hd1080,0.5438470238,54.4,h11,2025-11-05,15:08:34,3,1
G-XZhKqQAHU,hd1080,0.5438470238,54.4,h11,2025-11-05,15:08:35,3,1
G-XZhKqQAHU,hd1080,0.5626003696,56.3,h11,2025-11-05,15:08:36,3,1
G-XZhKqQAHU,hd1080,0.5626003696,56.3,h11,2025-11-05,15:08:37,3,1
G-XZhKqQAHU,hd1080,0.5626003696,56.3,h11,2025-11-05,15:08:38,3,1
G-XZhKqQAHU,hd1080,0.5626003696,56.3,h11,2025-11-05,15:08:39,3,1
G-XZhKqQAHU,hd1080,0.5626003696,56.3,h11,2025-11-05,15:08:40,3,1
G-XZhKqQAHU,hd1080,0.5626003696,56.3,h11,2025-11-05,15:08:41,3,1
G-XZhKqQAHU,hd1080,0.5626003696,56.3,h11,2025-11-05,15:08:42,3,1
G-XZhKqQAHU,hd1080,0.5626003696,56.3,h11,2025-11-05,15:08:43,3,1
G-XZhKqQAHU,hd1080,0.5626003696,56.3,h11,2025-11-05,15:08:44,3,1
G-XZhKqQAHU,hd1080,0.5626003696,56.3,h11,2025-11-05,15:08:45,3,1
G-XZhKqQAHU,hd1080,0.5796522789,58.0,h11,2025-11-05,15:08:46,3,1
G-XZhKqQAHU,hd1080,0.5796522789,58.0,h11,2025-11-05,15:08:47,3,1
G-XZhKqQAHU,hd1080,0.6001070611,60.0,h11,2025-11-05,15:08:48,3,1
G-XZhKqQAHU,hd1080,0.6001070611,60.0,h11,2025-11-05,15:08:49,3,1
G-XZhKqQAHU,hd1080,0.6188604069,61.9,h11,2025-11-05,15:08:50,3,1
G-XZhKqQAHU,hd1080,0.6188604069,61.9,h11,2025-11-05,15:08:51,3,1
G-XZhKqQAHU,hd1080,0.6188604069,61.9,h11,2025-11-05,15:08:52,3,1
G-XZhKqQAHU,hd1080,0.6188604069,61.9,h11,2025-11-05,15:08:53,3,1
G-XZhKqQAHU,hd1080,0.6188604069,61.9,h11,2025-11-05,15:08:54,3,1
G-XZhKqQAHU,hd1080,0.6188604069,61.9,h11,2025-11-05,15:08:55,3,1
G-XZhKqQAHU,hd1080,0.6188604069,61.9,h11,2025-11-05,15:08:56,3,1
G-XZhKqQAHU,hd1080,0.6188604069,61.9,h11,2025-11-05,15:08:57,3,1
G-XZhKqQAHU,hd1080,0.6188604069,61.9,h11,2025-11-05,15:08:58,3,1
G-XZhKqQAHU,hd1080,0.6188604069,61.9,h11,2025-11-05,15:08:59,3,1
G-XZhKqQAHU,hd1080,0.6376137527,63.8,h11,2025-11-05,15:09:00,3,1
G-XZhKqQAHU,hd1080,0.6563670984,65.6,h11,2025-11-05,15:09:01,3,1
G-XZhKqQAHU,hd1080,0.6563670984,65.6,h11,2025-11-05,15:09:02,3,1
G-XZhKqQAHU,hd1080,0.6563670984,65.6,h11,2025-11-05,15:09:03,3,1
G-XZhKqQAHU,hd1080,0.6563670984,65.6,h11,2025-11-05,15:09:04,3,1
G-XZhKqQAHU,hd1080,0.6563670984,65.6,h11,2025-11-05,15:09:05,3,1
G-XZhKqQAHU,hd1080,0.6751204442,67.5,h11,2025-11-05,15:09:06,3,1
G-XZhKqQAHU,hd1080,0.6751204442,67.5,h11,2025-11-05,15:09:07,3,1
G-XZhKqQAHU,hd1080,0.6751204442,67.5,h11,2025-11-05,15:09:08,3,1
G-XZhKqQAHU,hd1080,0.6751204442,67.5,h11,2025-11-05,15:09:09,3,1
G-XZhKqQAHU,hd1080,0.6751204442,67.5,h11,2025-11-05,15:09:10,3,1
G-XZhKqQAHU,hd1080,0.6751204442,67.5,h11,2025-11-05,15:09:11,3,1
G-XZhKqQAHU,hd1080,0.6751204442,67.5,h11,2025-11-05,15:09:12,3,1
G-XZhKqQAHU,hd1080,0.6751204442,67.5,h11,2025-11-05,15:09:13,3,1
G-XZhKqQAHU,hd1080,0.6751204442,67.5,h11,2025-11-05,15:09:14,3,1
G-XZhKqQAHU,hd1080,0.6751204442,67.5,h11,2025-11-05,15:09:15,3,1
G-XZhKqQAHU,hd1080,0.6751204442,67.5,h11,2025-11-05,15:09:16,3,1
G-XZhKqQAHU,hd1080,0.6751204442,67.5,h11,2025-11-05,15:09:17,3,1
G-XZhKqQAHU,hd1080,0.6751204442,67.5,h11,2025-11-05,15:09:18,3,1
G-XZhKqQAHU,hd1080,0.6819432558,68.2,h11,2025-11-05,15:09:19,3,1
G-XZhKqQAHU,hd1080,0.7126271358,71.3,h11,2025-11-05,15:09:20,3,1
G-XZhKqQAHU,hd1080,0.7126271358,71.3,h11,2025-11-05,15:09:21,3,1
G-XZhKqQAHU,hd1080,0.7126271358,71.3,h11,2025-11-05,15:09:22,3,1
G-XZhKqQAHU,hd1080,0.7160402481,71.6,h11,2025-11-05,15:09:23,3,1
G-XZhKqQAHU,hd1080,0.7313804815,73.1,h11,2025-11-05,15:09:24,3,1
G-XZhKqQAHU,hd1080,0.7313804815,73.1,h11,2025-11-05,15:09:25,3,1
G-XZhKqQAHU,hd1080,0.7313804815,73.1,h11,2025-11-05,15:09:26,3,1
G-XZhKqQAHU,hd1080,0.7313804815,73.1,h11,2025-11-05,15:09:27,3,1
G-XZhKqQAHU,hd1080,0.7313804815,73.1,h11,2025-11-05,15:09:28,3,1
G-XZhKqQAHU,hd1080,0.7313804815,73.1,h11,2025-11-05,15:09:29,3,1
G-XZhKqQAHU,hd1080,0.7313804815,73.1,h11,2025-11-05,15:09:30,3,1
G-XZhKqQAHU,hd1080,0.7313804815,73.1,h11,2025-11-05,15:09:31,3,1
G-XZhKqQAHU,hd1080,0.7313804815,73.1,h11,2025-11-05,15:09:32,3,1
G-XZhKqQAHU,hd1080,0.7313804815,73.1,h11,2025-11-05,15:09:33,3,1
G-XZhKqQAHU,hd1080,0.7688871731,76.9,h11,2025-11-05,15:09:34,3,1
G-XZhKqQAHU,hd1080,0.7688871731,76.9,h11,2025-11-05,15:09:35,3,1
G-XZhKqQAHU,hd1080,0.7688871731,76.9,h11,2025-11-05,15:09:36,3,1
G-XZhKqQAHU,hd1080,0.7688871731,76.9,h11,2025-11-05,15:09:37,3,1
G-XZhKqQAHU,hd1080,0.7688871731,76.9,h11,2025-11-05,15:09:38,3,1
G-XZhKqQAHU,hd1080,0.7876405188,78.8,h11,2025-11-05,15:09:39,3,1
G-XZhKqQAHU,hd1080,0.7876405188,78.8,h11,2025-11-05,15:09:40,3,1
G-XZhKqQAHU,hd1080,0.7876405188,78.8,h11,2025-11-05,15:09:41,3,1
G-XZhKqQAHU,hd1080,0.7876405188,78.8,h11,2025-11-05,15:09:42,3,1
G-XZhKqQAHU,hd1080,0.7876405188,78.8,h11,2025-11-05,15:09:43,3,1
G-XZhKqQAHU,hd1080,0.7876405188,78.8,h11,2025-11-05,15:09:44,3,1
G-XZhKqQAHU,hd1080,0.7876405188,78.8,h11,2025-11-05,15:09:45,3,1
G-XZhKqQAHU,hd1080,0.7876405188,78.8,h11,2025-11-05,15:09:46,3,1
G-XZhKqQAHU,hd1080,0.7876405188,78.8,h11,2025-11-05,15:09:47,3,1
G-XZhKqQAHU,hd1080,0.7876405188,78.8,h11,2025-11-05,15:09:48,3,1
G-XZhKqQAHU,hd1080,0.8063938646,80.6,h11,2025-11-05,15:09:49,3,1
G-XZhKqQAHU,hd1080,0.8063938646,80.6,h11,2025-11-05,15:09:50,3,1
G-XZhKqQAHU,hd1080,0.8251472104,82.5,h11,2025-11-05,15:09:51,3,1
G-XZhKqQAHU,hd1080,0.8251472104,82.5,h11,2025-11-05,15:09:52,3,1
G-XZhKqQAHU,hd1080,0.8251472104,82.5,h11,2025-11-05,15:09:53,3,1
G-XZhKqQAHU,hd1080,0.8251472104,82.5,h11,2025-11-05,15:09:54,3,1
G-XZhKqQAHU,hd1080,0.8251472104,82.5,h11,2025-11-05,15:09:55,3,1
G-XZhKqQAHU,hd1080,0.8439005561,84.4,h11,2025-11-05,15:09:56,3,1
G-XZhKqQAHU,hd1080,0.8439005561,84.4,h11,2025-11-05,15:09:57,3,1
G-XZhKqQAHU,hd1080,0.8439005561,84.4,h11,2025-11-05,15:09:58,3,1
G-XZhKqQAHU,hd1080,0.8439005561,84.4,h11,2025-11-05,15:09:59,3,1
G-XZhKqQAHU,hd1080,0.8439005561,84.4,h11,2025-11-05,15:10:00,3,1
G-XZhKqQAHU,hd1080,0.8626539019,86.3,h11,2025-11-05,15:10:01,3,1
G-XZhKqQAHU,hd1080,0.8626539019,86.3,h11,2025-11-05,15:10:02,3,1
G-XZhKqQAHU,hd1080,0.8626539019,86.3,h11,2025-11-05,15:10:03,3,1
G-XZhKqQAHU,hd1080,0.8626539019,86.3,h11,2025-11-05,15:10:04,3,1
G-XZhKqQAHU,hd1080,0.8626539019,86.3,h11,2025-11-05,15:10:05,3,1
G-XZhKqQAHU,hd1080,0.8626539019,86.3,h11,2025-11-05,15:10:06,3,1
G-XZhKqQAHU,hd1080,0.8814072477,88.1,h11,2025-11-05,15:10:07,3,1
G-XZhKqQAHU,hd1080,0.8814072477,88.1,h11,2025-11-05,15:10:08,3,1
G-XZhKqQAHU,hd1080,0.8814072477,88.1,h11,2025-11-05,15:10:09,3,1
G-XZhKqQAHU,hd1080,0.8814072477,88.1,h11,2025-11-05,15:10:10,3,1
G-XZhKqQAHU,hd1080,0.8814072477,88.1,h11,2025-11-05,15:10:11,3,1
G-XZhKqQAHU,hd1080,0.8814072477,88.1,h11,2025-11-05,15:10:12,3,1
G-XZhKqQAHU,hd1080,0.9001605934,90.0,h11,2025-11-05,15:10:13,3,1
G-XZhKqQAHU,hd1080,0.9001605934,90.0,h11,2025-11-05,15:10:14,3,1
G-XZhKqQAHU,hd1080,0.9001605934,90.0,h11,2025-11-05,15:10:15,3,1
G-XZhKqQAHU,hd1080,0.9001605934,90.0,h11,2025-11-05,15:10:16,3,1
G-XZhKqQAHU,hd1080,0.9001605934,90.0,h11,2025-11-05,15:10:17,3,1
G-XZhKqQAHU,hd1080,0.9189139392,91.9,h11,2025-11-05,15:10:18,3,1
G-XZhKqQAHU,hd1080,0.9189139392,91.9,h11,2025-11-05,15:10:19,3,1
G-XZhKqQAHU,hd1080,0.9189139392,91.9,h11,2025-11-05,15:10:20,3,1
G-XZhKqQAHU,hd1080,0.9189139392,91.9,h11,2025-11-05,15:10:21,3,1
G-XZhKqQAHU,hd1080,0.9189139392,91.9,h11,2025-11-05,15:10:22,3,1
G-XZhKqQAHU,hd1080,0.9189139392,91.9,h11,2025-11-05,15:10:23,3,1
G-XZhKqQAHU,hd1080,0.9189139392,91.9,h11,2025-11-05,15:10:24,3,1
G-XZhKqQAHU,hd1080,0.9189139392,91.9,h11,2025-11-05,15:10:25,3,1
G-XZhKqQAHU,hd1080,0.9309615454,93.1,h11,2025-11-05,15:10:26,3,1
G-XZhKqQAHU,hd1080,0.9363034053,93.6,h11,2025-11-05,15:10:27,3,1
G-XZhKqQAHU,hd1080,0.9363034053,93.6,h11,2025-11-05,15:10:28,3,1
G-XZhKqQAHU,hd1080,0.9547191942,95.5,h11,2025-11-05,15:10:29,3,1
G-XZhKqQAHU,hd1080,0.9564206307,95.6,h11,2025-11-05,15:10:30,3,1
G-XZhKqQAHU,hd1080,0.9564206307,95.6,h11,2025-11-05,15:10:31,3,1
G-XZhKqQAHU,hd1080,0.9564206307,95.6,h11,2025-11-05,15:10:32,3,1
G-XZhKqQAHU,hd1080,0.9564206307,95.6,h11,2025-11-05,15:10:33,3,1
G-XZhKqQAHU,hd1080,0.9564206307,95.6,h11,2025-11-05,15:10:34,3,1
G-XZhKqQAHU,hd1080,0.9564206307,95.6,h11,2025-11-05,15:10:35,3,1
G-XZhKqQAHU,hd1080,0.9564206307,95.6,h11,2025-11-05,15:10:37,3,1
G-XZhKqQAHU,hd1080,0.9564206307,95.6,h11,2025-11-05,15:10:36,3,1
G-XZhKqQAHU,hd1080,0.9565342896,95.7,h11,2025-11-05,15:10:38,3,1
G-XZhKqQAHU,hd1080,0.9565342896,95.7,h11,2025-11-05,15:10:39,3,1
G-XZhKqQAHU,hd1080,0.9590347346,95.9,h11,2025-11-05,15:10:40,3,1
G-XZhKqQAHU,hd1080,0.9738100968,97.4,h11,2025-11-05,15:10:41,3,1
G-XZhKqQAHU,hd1080,0.9925634426,99.3,h11,2025-11-05,15:10:42,3,1
G-XZhKqQAHU,hd1080,0.9925634426,99.3,h11,2025-11-05,15:10:43,3,1
G-XZhKqQAHU,hd1080,0.9925634426,99.3,h11,2025-11-05,15:10:44,3,1
G-XZhKqQAHU,hd1080,0.9925634426,99.3,h11,2025-11-05,15:10:45,3,1
G-XZhKqQAHU,hd1080,0.9925634426,99.3,h11,2025-11-05,15:10:46,3,1
G-XZhKqQAHU,hd1080,1.0,100.0,h11,2025-11-05,15:10:47,3,1
G-XZhKqQAHU,hd1080,1.0,100.0,h11,2025-11-05,15:10:48,3,1
G-XZhKqQAHU,hd1080,1.0,100.0,h11,2025-11-05,15:10:49,3,1
G-XZhKqQAHU,hd1080,1.0,100.0,h11,2025-11-05,15:10:50,3,1
G-XZhKqQAHU,hd1080,1.0,100.0,h11,2025-11-05,15:10:51,3,1
G-XZhKqQAHU,hd1080,1.0,100.0,h11,2025-11-05,15:10:52,3,1
G-XZhKqQAHU,hd1080,1.0,100.0,h11,2025-11-05,15:10:53,3,1
G-XZhKqQAHU,hd1080,1.0,100.0,h11,2025-11-05,15:10:54,3,1
G-XZhKqQAHU,hd1080,1.0,100.0,h11,2025-11-05,15:10:55,3,1
G-XZhKqQAHU,hd1080,1.0,100.0,h11,2025-11-05,15:10:56,3,1
G-XZhKqQAHU,hd1080,1.0,100.0,h11,2025-11-05,15:10:57,3,1
G-XZhKqQAHU,hd1080,1.0,100.0,h11,2025-11-05,15:10:58,3,1
G-XZhKqQAHU,hd1080,1.0,100.0,h11,2025-11-05,15:10:59,3,1
G-XZhKqQAHU,hd1080,1.0,100.0,h11,2025-11-05,15:11:00,3,1
G-XZhKqQAHU,hd1080,1.0,100.0,h11,2025-11-05,15:11:01,3,1
G-XZhKqQAHU,hd1080,1.0,100.0,h11,2025-11-05,15:11:02,3,1
G-XZhKqQAHU,hd1080,1.0,100.0,h11,2025-11-05,15:11:03,3,1
G-XZhKqQAHU,hd1080,1.0,100.0,h11,2025-11-05,15:11:04,3,1
G-XZhKqQAHU,hd1080,1.0,100.0,h11,2025-11-05,15:11:05,3,1
G-XZhKqQAHU,hd1080,1.0,100.0,h11,2025-11-05,15:11:06,3,1
G-XZhKqQAHU,hd1080,1.0,100.0,h11,2025-11-05,15:11:07,3,1
G-XZhKqQAHU,hd1080,1.0,100.0,h11,2025-11-05,15:11:08,3,1
G-XZhKqQAHU,hd1080,1.0,100.0,h11,2025-11-05,15:11:09,3,1
G-XZhKqQAHU,hd1080,1.0,100.0,h11,2025-11-05,15:11:10,3,1
G-XZhKqQAHU,hd1080,1.0,100.0,h11,2025-11-05,15:11:11,3,1
G-XZhKqQAHU,hd1080,1.0,100.0,h11,2025-11-05,15:11:12,3,1
G-XZhKqQAHU,hd1080,1.0,100.0,h11,2025-11-05,15:11:13,3,1
G-XZhKqQAHU,hd1080,1.0,100.0,h11,2025-11-05,15:11:14,3,1
G-XZhKqQAHU,hd1080,1.0,100.0,h11,2025-11-05,15:11:15,3,1
G-XZhKqQAHU,hd1080,1.0,100.0,h11,2025-11-05,15:11:16,3,1
G-XZhKqQAHU,hd1080,1.0,100.0,h11,2025-11-05,15:11:17,3,1
G-XZhKqQAHU,hd1080,1.0,100.0,h11,2025-11-05,15:11:18,3,1
G-XZhKqQAHU,hd1080,1.0,100.0,h11,2025-11-05,15:11:19,3,1
G-XZhKqQAHU,hd1080,1.0,100.0,h11,2025-11-05,15:11:20,3,1
G-XZhKqQAHU,hd1080,1.0,100.0,h11,2025-11-05,15:11:21,3,1
LJyclVpwAio,hd2160,0.0,0.0,y3,2025-12-16,15:14:44,3,1
LJyclVpwAio,hd2160,0.0149551703,1.5,y3,2025-12-16,15:14:45,3,1
LJyclVpwAio,hd2160,0.02253048554,2.3,y3,2025-12-16,15:14:46,3,1
LJyclVpwAio,hd2160,0.02372415074,2.4,y3,2025-12-16,15:14:47,3,1
LJyclVpwAio,hd2160,0.0261114901,2.6,y3,2025-12-16,15:14:48,3,1
LJyclVpwAio,hd2160,0.02700674124,2.7,y3,2025-12-16,15:14:49,3,1
LJyclVpwAio,hd2160,0.02879724352,2.9,y3,2025-12-16,15:14:50,3,1
LJyclVpwAio,hd2160,0.0305877458,3.1,y3,2025-12-16,15:14:51,3,1
LJyclVpwAio,hd2160,0.03983867127,4.0,y3,2025-12-16,15:14:52,3,1
LJyclVpwAio,hd2160,0.04401651291,4.4,y3,2025-12-16,15:14:53,3,1
LJyclVpwAio,hd2160,0.04476703327,4.5,y3,2025-12-16,15:14:54,3,1
LJyclVpwAio,hd2160,0.04476703327,4.5,y3,2025-12-16,15:14:55,3,1
LJyclVpwAio,hd2160,0.04476703327,4.5,y3,2025-12-16,15:14:56,3,1
LJyclVpwAio,hd1080,0.05371506394,5.4,y3,2025-12-16,15:14:57,3,1
LJyclVpwAio,hd1080,0.06221994978,6.2,y3,2025-12-16,15:14:58,3,1
LJyclVpwAio,hd1080,0.09474740937,9.5,y3,2025-12-16,15:14:59,3,1
LJyclVpwAio,hd1080,0.09474740937,9.5,y3,2025-12-16,15:15:00,3,1
LJyclVpwAio,hd1080,0.1611452008,16.1,y3,2025-12-16,15:15:01,3,1
LJyclVpwAio,hd1080,0.1611452008,16.1,y3,2025-12-16,15:15:02,3,1
LJyclVpwAio,hd1440,0.1611452008,16.1,y3,2025-12-16,15:15:03,3,1
LJyclVpwAio,hd1440,0.188002735,18.8,y3,2025-12-16,15:15:04,3,1
LJyclVpwAio,hd1440,0.188002735,18.8,y3,2025-12-16,15:15:05,3,1
LJyclVpwAio,hd1440,0.188002735,18.8,y3,2025-12-16,15:15:06,3,1
LJyclVpwAio,hd1440,0.188002735,18.8,y3,2025-12-16,15:15:07,3,1
LJyclVpwAio,hd1440,0.188002735,18.8,y3,2025-12-16,15:15:08,3,1
LJyclVpwAio,hd1440,0.2148602692,21.5,y3,2025-12-16,15:15:09,3,1
LJyclVpwAio,hd1440,0.2148602692,21.5,y3,2025-12-16,15:15:10,3,1
LJyclVpwAio,hd1440,0.2148602692,21.5,y3,2025-12-16,15:15:11,3,1
LJyclVpwAio,hd1440,0.2148602692,21.5,y3,2025-12-16,15:15:12,3,1
LJyclVpwAio,hd1440,0.2148602692,21.5,y3,2025-12-16,15:15:13,3,1
LJyclVpwAio,hd1440,0.2148602692,21.5,y3,2025-12-16,15:15:14,3,1
LJyclVpwAio,hd2160,0.2148602692,21.5,y3,2025-12-16,15:15:15,3,1
LJyclVpwAio,hd2160,0.2287366619,22.9,y3,2025-12-16,15:15:16,3,1
LJyclVpwAio,hd2160,0.2287366619,22.9,y3,2025-12-16,15:15:17,3,1
LJyclVpwAio,hd2160,0.2287366619,22.9,y3,2025-12-16,15:15:18,3,1
LJyclVpwAio,hd2160,0.2417178034,24.2,y3,2025-12-16,15:15:19,3,1
LJyclVpwAio,hd2160,0.2417178034,24.2,y3,2025-12-16,15:15:20,3,1
LJyclVpwAio,hd2160,0.2417178034,24.2,y3,2025-12-16,15:15:21,3,1
LJyclVpwAio,hd2160,0.2499242752,25.0,y3,2025-12-16,15:15:22,3,1
LJyclVpwAio,hd2160,0.2499242752,25.0,y3,2025-12-16,15:15:23,3,1
LJyclVpwAio,hd2160,0.2499242752,25.0,y3,2025-12-16,15:15:24,3,1
LJyclVpwAio,hd2160,0.2685753376,26.9,y3,2025-12-16,15:15:25,3,1
LJyclVpwAio,hd2160,0.2685753376,26.9,y3,2025-12-16,15:15:26,3,1
LJyclVpwAio,hd2160,0.2808104395,28.1,y3,2025-12-16,15:15:27,3,1
LJyclVpwAio,hd2160,0.2808104395,28.1,y3,2025-12-16,15:15:28,3,1
LJyclVpwAio,hd2160,0.2808104395,28.1,y3,2025-12-16,15:15:29,3,1
LJyclVpwAio,hd2160,0.2937915811,29.4,y3,2025-12-16,15:15:30,3,1
LJyclVpwAio,hd2160,0.2937915811,29.4,y3,2025-12-16,15:15:31,3,1
LJyclVpwAio,hd2160,0.2937915811,29.4,y3,2025-12-16,15:15:32,3,1
LJyclVpwAio,hd2160,0.3027440925,30.3,y3,2025-12-16,15:15:33,3,1
LJyclVpwAio,hd2160,0.3027440925,30.3,y3,2025-12-16,15:15:34,3,1
LJyclVpwAio,hd2160,0.3027440925,30.3,y3,2025-12-16,15:15:35,3,1
LJyclVpwAio,hd2160,0.3146807713,31.5,y3,2025-12-16,15:15:36,3,1
LJyclVpwAio,hd2160,0.3146807713,31.5,y3,2025-12-16,15:15:37,3,1
LJyclVpwAio,hd2160,0.3146807713,31.5,y3,2025-12-16,15:15:38,3,1
LJyclVpwAio,hd2160,0.3293032081,32.9,y3,2025-12-16,15:15:39,3,1
LJyclVpwAio,hd2160,0.3293032081,32.9,y3,2025-12-16,15:15:40,3,1
LJyclVpwAio,hd2160,0.3293032081,32.9,y3,2025-12-16,15:15:41,3,1
LJyclVpwAio,hd2160,0.3400462218,34.0,y3,2025-12-16,15:15:42,3,1
LJyclVpwAio,hd2160,0.3400462218,34.0,y3,2025-12-16,15:15:43,3,1
LJyclVpwAio,hd2160,0.3645164211,36.5,y3,2025-12-16,15:15:44,3,1
LJyclVpwAio,hd2160,0.3645164211,36.5,y3,2025-12-16,15:15:45,3,1
LJyclVpwAio,hd2160,0.3645164211,36.5,y3,2025-12-16,15:15:46,3,1
LJyclVpwAio,hd2160,0.3645164211,36.5,y3,2025-12-16,15:15:47,3,1
LJyclVpwAio,hd2160,0.3645164211,36.5,y3,2025-12-16,15:15:48,3,1
LJyclVpwAio,hd2160,0.3760054745,37.6,y3,2025-12-16,15:15:49,3,1
LJyclVpwAio,hd2160,0.3760054745,37.6,y3,2025-12-16,15:15:50,3,1
LJyclVpwAio,hd2160,0.3833166951,38.3,y3,2025-12-16,15:15:51,3,1
LJyclVpwAio,hd2160,0.3833166951,38.3,y3,2025-12-16,15:15:52,3,1
LJyclVpwAio,hd2160,0.3922692065,39.2,y3,2025-12-16,15:15:53,3,1
LJyclVpwAio,hd2160,0.3922692065,39.2,y3,2025-12-16,15:15:54,3,1
LJyclVpwAio,hd2160,0.3922692065,39.2,y3,2025-12-16,15:15:55,3,1
LJyclVpwAio,hd2160,0.4028630087,40.3,y3,2025-12-16,15:15:56,3,1
LJyclVpwAio,hd2160,0.4028630087,40.3,y3,2025-12-16,15:15:57,3,1
LJyclVpwAio,hd2160,0.4101742293,41.0,y3,2025-12-16,15:15:58,3,1
LJyclVpwAio,hd2160,0.4101742293,41.0,y3,2025-12-16,15:15:59,3,1
LJyclVpwAio,hd2160,0.4215140756,42.2,y3,2025-12-16,15:16:00,3,1
LJyclVpwAio,hd2160,0.4215140756,42.2,y3,2025-12-16,15:16:01,3,1
LJyclVpwAio,hd2160,0.4331523404,43.3,y3,2025-12-16,15:16:02,3,1
LJyclVpwAio,hd2160,0.4331523404,43.3,y3,2025-12-16,15:16:03,3,1
LJyclVpwAio,hd2160,0.4331523404,43.3,y3,2025-12-16,15:16:04,3,1
LJyclVpwAio,hd2160,0.4565780771,45.7,y3,2025-12-16,15:16:05,3,1
LJyclVpwAio,hd2160,0.4565780771,45.7,y3,2025-12-16,15:16:06,3,1
LJyclVpwAio,hd2160,0.4565780771,45.7,y3,2025-12-16,15:16:07,3,1
LJyclVpwAio,hd2160,0.4565780771,45.7,y3,2025-12-16,15:16:08,3,1
LJyclVpwAio,hd2160,0.4565780771,45.7,y3,2025-12-16,15:16:09,3,1
LJyclVpwAio,hd2160,0.4834356113,48.3,y3,2025-12-16,15:16:10,3,1
LJyclVpwAio,hd2160,0.4834356113,48.3,y3,2025-12-16,15:16:11,3,1
LJyclVpwAio,hd2160,0.4834356113,48.3,y3,2025-12-16,15:16:12,3,1
LJyclVpwAio,hd2160,0.4834356113,48.3,y3,2025-12-16,15:16:13,3,1
LJyclVpwAio,hd2160,0.4834356113,48.3,y3,2025-12-16,15:16:14,3,1
LJyclVpwAio,hd2160,0.4907468319,49.1,y3,2025-12-16,15:16:15,3,1
LJyclVpwAio,hd2160,0.4907468319,49.1,y3,2025-12-16,15:16:16,3,1
LJyclVpwAio,hd2160,0.4991025063,49.9,y3,2025-12-16,15:16:17,3,1
LJyclVpwAio,hd2160,0.4991025063,49.9,y3,2025-12-16,15:16:18,3,1
LJyclVpwAio,hd2160,0.5102931455,51.0,y3,2025-12-16,15:16:19,3,1
LJyclVpwAio,hd2160,0.5102931455,51.0,y3,2025-12-16,15:16:20,3,1
LJyclVpwAio,hd2160,0.5102931455,51.0,y3,2025-12-16,15:16:21,3,1
LJyclVpwAio,hd2160,0.5247663753,52.5,y3,2025-12-16,15:16:22,3,1
LJyclVpwAio,hd2160,0.5247663753,52.5,y3,2025-12-16,15:16:23,3,1
LJyclVpwAio,hd2160,0.5355093889,53.6,y3,2025-12-16,15:16:24,3,1
LJyclVpwAio,hd2160,0.5355093889,53.6,y3,2025-12-16,15:16:25,3,1
LJyclVpwAio,hd2160,0.5489381561,54.9,y3,2025-12-16,15:16:26,3,1
LJyclVpwAio,hd2160,0.5489381561,54.9,y3,2025-12-16,15:16:27,3,1
LJyclVpwAio,hd2160,0.5489381561,54.9,y3,2025-12-16,15:16:28,3,1
LJyclVpwAio,hd2160,0.5489381561,54.9,y3,2025-12-16,15:16:29,3,1
LJyclVpwAio,hd2160,0.5489381561,54.9,y3,2025-12-16,15:16:30,3,1
LJyclVpwAio,hd2160,0.5640082139,56.4,y3,2025-12-16,15:16:31,3,1
LJyclVpwAio,hd2160,0.5640082139,56.4,y3,2025-12-16,15:16:32,3,1
LJyclVpwAio,hd2160,0.571021016,57.1,y3,2025-12-16,15:16:33,3,1
LJyclVpwAio,hd2160,0.571021016,57.1,y3,2025-12-16,15:16:34,3,1
LJyclVpwAio,hd2160,0.571021016,57.1,y3,2025-12-16,15:16:35,3,1
LJyclVpwAio,hd2160,0.5901197085,59.0,y3,2025-12-16,15:16:36,3,1
LJyclVpwAio,hd2160,0.5901197085,59.0,y3,2025-12-16,15:16:37,3,1
LJyclVpwAio,hd2160,0.5901197085,59.0,y3,2025-12-16,15:16:38,3,1
LJyclVpwAio,hd2160,0.5998182595,60.0,y3,2025-12-16,15:16:39,3,1
LJyclVpwAio,hd2160,0.5998182595,60.0,y3,2025-12-16,15:16:40,3,1
LJyclVpwAio,hd2160,0.5998182595,60.0,y3,2025-12-16,15:16:41,3,1
LJyclVpwAio,hd2160,0.6177232823,61.8,y3,2025-12-16,15:16:42,3,1
LJyclVpwAio,hd2160,0.6177232823,61.8,y3,2025-12-16,15:16:43,3,1
LJyclVpwAio,hd2160,0.6177232823,61.8,y3,2025-12-16,15:16:44,3,1
LJyclVpwAio,hd2160,0.6293615472,62.9,y3,2025-12-16,15:16:45,3,1
LJyclVpwAio,hd2160,0.6293615472,62.9,y3,2025-12-16,15:16:46,3,1
LJyclVpwAio,hd2160,0.6293615472,62.9,y3,2025-12-16,15:16:47,3,1
LJyclVpwAio,hd2160,0.6389108957,63.9,y3,2025-12-16,15:16:48,3,1
LJyclVpwAio,hd2160,0.6389108957,63.9,y3,2025-12-16,15:16:49,3,1
LJyclVpwAio,hd2160,0.6471173629,64.7,y3,2025-12-16,15:16:50,3,1
LJyclVpwAio,hd2160,0.6471173629,64.7,y3,2025-12-16,15:16:51,3,1
LJyclVpwAio,hd2160,0.6471173629,64.7,y3,2025-12-16,15:16:52,3,1
LJyclVpwAio,hd2160,0.656666707,65.7,y3,2025-12-16,15:16:53,3,1
LJyclVpwAio,hd2160,0.656666707,65.7,y3,2025-12-16,15:16:54,3,1
LJyclVpwAio,hd2160,0.656666707,65.7,y3,2025-12-16,15:16:55,3,1
LJyclVpwAio,hd2160,0.6799432366,68.0,y3,2025-12-16,15:16:56,3,1
LJyclVpwAio,hd2160,0.6799432366,68.0,y3,2025-12-16,15:16:57,3,1
LJyclVpwAio,hd2160,0.6799432366,68.0,y3,2025-12-16,15:16:58,3,1
LJyclVpwAio,hd2160,0.6903878362,69.0,y3,2025-12-16,15:16:59,3,1
LJyclVpwAio,hd2160,0.6903878362,69.0,y3,2025-12-16,15:17:00,3,1
LJyclVpwAio,hd2160,0.698295885,69.8,y3,2025-12-16,15:17:01,3,1
LJyclVpwAio,hd2160,0.698295885,69.8,y3,2025-12-16,15:17:02,3,1
LJyclVpwAio,hd2160,0.698295885,69.8,y3,2025-12-16,15:17:03,3,1
LJyclVpwAio,hd2160,0.7070991894,70.7,y3,2025-12-16,15:17:04,3,1
LJyclVpwAio,hd2160,0.7070991894,70.7,y3,2025-12-16,15:17:05,3,1
LJyclVpwAio,hd2160,0.7193342868,71.9,y3,2025-12-16,15:17:06,3,1
LJyclVpwAio,hd2160,0.7193342868,71.9,y3,2025-12-16,15:17:07,3,1
LJyclVpwAio,hd2160,0.7294804679,72.9,y3,2025-12-16,15:17:08,3,1
LJyclVpwAio,hd2160,0.7294804679,72.9,y3,2025-12-16,15:17:09,3,1
LJyclVpwAio,hd2160,0.7294804679,72.9,y3,2025-12-16,15:17:10,3,1
LJyclVpwAio,hd2160,0.7426108164,74.3,y3,2025-12-16,15:17:11,3,1
LJyclVpwAio,hd2160,0.7426108164,74.3,y3,2025-12-16,15:17:12,3,1
LJyclVpwAio,hd2160,0.7520109534,75.2,y3,2025-12-16,15:17:13,3,1
LJyclVpwAio,hd2160,0.7520109534,75.2,y3,2025-12-16,15:17:14,3,1
LJyclVpwAio,hd2160,0.7520109534,75.2,y3,2025-12-16,15:17:15,3,1
LJyclVpwAio,hd2160,0.7788684876,77.9,y3,2025-12-16,15:17:16,3,1
LJyclVpwAio,hd2160,0.7788684876,77.9,y3,2025-12-16,15:17:17,3,1
LJyclVpwAio,hd2160,0.7788684876,77.9,y3,2025-12-16,15:17:18,3,1
LJyclVpwAio,hd2160,0.7788684876,77.9,y3,2025-12-16,15:17:19,3,1
LJyclVpwAio,hd2160,0.7788684876,77.9,y3,2025-12-16,15:17:20,3,1
LJyclVpwAio,hd2160,0.8057260218,80.6,y3,2025-12-16,15:17:21,3,1
LJyclVpwAio,hd2160,0.8057260218,80.6,y3,2025-12-16,15:17:22,3,1
LJyclVpwAio,hd2160,0.8057260218,80.6,y3,2025-12-16,15:17:23,3,1
LJyclVpwAio,hd2160,0.8057260218,80.6,y3,2025-12-16,15:17:24,3,1
LJyclVpwAio,hd2160,0.8057260218,80.6,y3,2025-12-16,15:17:25,3,1
LJyclVpwAio,hd2160,0.8057260218,80.6,y3,2025-12-16,15:17:26,3,1
LJyclVpwAio,hd2160,0.8178119122,81.8,y3,2025-12-16,15:17:27,3,1
LJyclVpwAio,hd2160,0.8178119122,81.8,y3,2025-12-16,15:17:28,3,1
LJyclVpwAio,hd2160,0.8178119122,81.8,y3,2025-12-16,15:17:29,3,1
LJyclVpwAio,hd2160,0.8178119122,81.8,y3,2025-12-16,15:17:30,3,1
LJyclVpwAio,hd2160,0.832583556,83.3,y3,2025-12-16,15:17:31,3,1
LJyclVpwAio,hd2160,0.832583556,83.3,y3,2025-12-16,15:17:32,3,1
LJyclVpwAio,hd2160,0.8464599487,84.6,y3,2025-12-16,15:17:33,3,1
LJyclVpwAio,hd2160,0.8464599487,84.6,y3,2025-12-16,15:17:34,3,1
LJyclVpwAio,hd2160,0.8464599487,84.6,y3,2025-12-16,15:17:35,3,1
LJyclVpwAio,hd2160,0.8504930596,85.0,y3,2025-12-16,15:17:36,3,1
LJyclVpwAio,hd2160,0.8594410902,85.9,y3,2025-12-16,15:17:37,3,1
LJyclVpwAio,hd2160,0.8594410902,85.9,y3,2025-12-16,15:17:38,3,1
LJyclVpwAio,hd2160,0.8651110156,86.5,y3,2025-12-16,15:17:39,3,1
LJyclVpwAio,hd2160,0.8651110156,86.5,y3,2025-12-16,15:17:40,3,1
LJyclVpwAio,hd2160,0.8651110156,86.5,y3,2025-12-16,15:17:41,3,1
LJyclVpwAio,hd2160,0.8651110156,86.5,y3,2025-12-16,15:17:42,3,1
LJyclVpwAio,hd2160,0.8651110156,86.5,y3,2025-12-16,15:17:43,3,1
LJyclVpwAio,hd2160,0.8651110156,86.5,y3,2025-12-16,15:17:44,3,1
LJyclVpwAio,hd2160,0.8965940126,89.7,y3,2025-12-16,15:17:45,3,1
LJyclVpwAio,hd2160,0.8965940126,89.7,y3,2025-12-16,15:17:46,3,1
LJyclVpwAio,hd2160,0.9025623565,90.3,y3,2025-12-16,15:17:47,3,1
LJyclVpwAio,hd2160,0.9025623565,90.3,y3,2025-12-16,15:17:48,3,1
LJyclVpwAio,hd2160,0.9025623565,90.3,y3,2025-12-16,15:17:49,3,1
LJyclVpwAio,hd2160,0.9131561587,91.3,y3,2025-12-16,15:17:50,3,1
LJyclVpwAio,hd2160,0.9191245026,91.9,y3,2025-12-16,15:17:51,3,1
LJyclVpwAio,hd2160,0.9191245026,91.9,y3,2025-12-16,15:17:52,3,1
LJyclVpwAio,hd2160,0.9191245026,91.9,y3,2025-12-16,15:17:53,3,1
LJyclVpwAio,hd2160,0.9400136929,94.0,y3,2025-12-16,15:17:54,3,1
LJyclVpwAio,hd2160,0.9400136929,94.0,y3,2025-12-16,15:17:55,3,1
LJyclVpwAio,hd2160,0.9400136929,94.0,y3,2025-12-16,15:17:56,3,1
LJyclVpwAio,hd2160,0.9400136929,94.0,y3,2025-12-16,15:17:57,3,1
LJyclVpwAio,hd2160,0.9400136929,94.0,y3,2025-12-16,15:17:58,3,1
LJyclVpwAio,hd2160,0.9668712271,96.7,y3,2025-12-16,15:17:59,3,1
LJyclVpwAio,hd2160,0.9668712271,96.7,y3,2025-12-16,15:18:00,3,1
LJyclVpwAio,hd2160,0.9668712271,96.7,y3,2025-12-16,15:18:01,3,1
LJyclVpwAio,hd2160,0.9668712271,96.7,y3,2025-12-16,15:18:02,3,1
LJyclVpwAio,hd2160,0.9668712271,96.7,y3,2025-12-16,15:18:03,3,1
LJyclVpwAio,hd2160,0.99805581,99.8,y3,2025-12-16,15:18:04,3,1
LJyclVpwAio,hd2160,0.99805581,99.8,y3,2025-12-16,15:18:05,3,1
LJyclVpwAio,hd2160,0.99805581,99.8,y3,2025-12-16,15:18:06,3,1
LJyclVpwAio,hd2160,0.99805581,99.8,y3,2025-12-16,15:18:07,3,1
LJyclVpwAio,hd2160,0.99805581,99.8,y3,2025-12-16,15:18:08,3,1
LJyclVpwAio,hd2160,0.99805581,99.8,y3,2025-12-16,15:18:09,3,1
LJyclVpwAio,hd2160,1.0,100.0,y3,2025-12-16,15:18:10,3,1
LJyclVpwAio,hd2160,1.0,100.0,y3,2025-12-16,15:18:11,3,1
LJyclVpwAio,hd2160,1.0,100.0,y3,2025-12-16,15:18:12,3,1
LJyclVpwAio,hd2160,1.0,100.0,y3,2025-12-16,15:18:13,3,1
LJyclVpwAio,hd2160,1.0,100.0,y3,2025-12-16,15:18:14,3,1
LJyclVpwAio,hd2160,1.0,100.0,y3,2025-12-16,15:18:15,3,1
LJyclVpwAio,hd2160,1.0,100.0,y3,2025-12-16,15:18:16,3,1
LJyclVpwAio,hd2160,1.0,100.0,y3,2025-12-16,15:18:17,3,1
LJyclVpwAio,hd2160,1.0,100.0,y3,2025-12-16,15:18:18,3,1
LJyclVpwAio,hd2160,1.0,100.0,y3,2025-12-16,15:18:19,3,1
LJyclVpwAio,hd2160,1.0,100.0,y3,2025-12-16,15:18:20,3,1
LJyclVpwAio,hd2160,1.0,100.0,y3,2025-12-16,15:18:21,3,1
LJyclVpwAio,hd2160,1.0,100.0,y3,2025-12-16,15:18:22,3,1
LJyclVpwAio,hd2160,1.0,100.0,y3,2025-12-16,15:18:23,3,1
LJyclVpwAio,hd2160,1.0,100.0,y3,2025-12-16,15:18:24,3,1
LJyclVpwAio,hd2160,1.0,100.0,y3,2025-12-16,15:18:25,3,1
LJyclVpwAio,hd2160,1.0,100.0,y3,2025-12-16,15:18:26,3,1
LJyclVpwAio,hd2160,1.0,100.0,y3,2025-12-16,15:18:27,3,1
LJyclVpwAio,hd2160,1.0,100.0,y3,2025-12-16,15:18:28,3,1
LJyclVpwAio,hd2160,1.0,100.0,y3,2025-12-16,15:18:29,3,1
LJyclVpwAio,hd2160,1.0,100.0,y3,2025-12-16,15:18:30,3,1
LJyclVpwAio,hd2160,1.0,100.0,y3,2025-12-16,15:18:31,3,1
LJyclVpwAio,hd2160,1.0,100.0,y3,2025-12-16,15:18:32,3,1
LJyclVpwAio,hd2160,1.0,100.0,y3,2025-12-16,15:18:33,3,1
LJyclVpwAio,hd2160,1.0,100.0,y3,2025-12-16,15:18:34,3,1
LJyclVpwAio,hd2160,1.0,100.0,y3,2025-12-16,15:18:35,3,1
LJyclVpwAio,hd2160,1.0,100.0,y3,2025-12-16,15:18:36,3,1
LJyclVpwAio,hd2160,1.0,100.0,y3,2025-12-16,15:18:37,3,1
LJyclVpwAio,hd2160,1.0,100.0,y3,2025-12-16,15:18:38,3,1
Zgaw2eNP9eo,hd1080,0.0,0.0,y2,2025-12-16,15:10:06,3,1
Zgaw2eNP9eo,hd1080,0.002623875364,0.3,y2,2025-12-16,15:10:07,3,1
Zgaw2eNP9eo,hd1080,0.04080377091,4.1,y2,2025-12-16,15:10:08,3,1
Zgaw2eNP9eo,hd1440,0.08056859298,8.1,y2,2025-12-16,15:10:09,3,1
Zgaw2eNP9eo,hd1440,0.09384234507,9.4,y2,2025-12-16,15:10:10,3,1
Zgaw2eNP9eo,hd1440,0.111746481,11.2,y2,2025-12-16,15:10:11,3,1
Zgaw2eNP9eo,hd1440,0.111746481,11.2,y2,2025-12-16,15:10:12,3,1
Zgaw2eNP9eo,hd1440,0.1311940735,13.1,y2,2025-12-16,15:10:13,3,1
Zgaw2eNP9eo,hd2160,0.1393744085,13.9,y2,2025-12-16,15:10:14,3,1
Zgaw2eNP9eo,hd2160,0.1393744085,13.9,y2,2025-12-16,15:10:15,3,1
Zgaw2eNP9eo,hd2160,0.1393744085,13.9,y2,2025-12-16,15:10:16,3,1
Zgaw2eNP9eo,hd2160,0.1393744085,13.9,y2,2025-12-16,15:10:17,3,1
Zgaw2eNP9eo,hd2160,0.1393744085,13.9,y2,2025-12-16,15:10:18,3,1
Zgaw2eNP9eo,hd2160,0.1393744085,13.9,y2,2025-12-16,15:10:19,3,1
Zgaw2eNP9eo,hd2160,0.1393744085,13.9,y2,2025-12-16,15:10:20,3,1
Zgaw2eNP9eo,hd2160,0.1393744085,13.9,y2,2025-12-16,15:10:21,3,1
Zgaw2eNP9eo,hd2160,0.1393744085,13.9,y2,2025-12-16,15:10:22,3,1
Zgaw2eNP9eo,hd2160,0.1492525523,14.9,y2,2025-12-16,15:10:23,3,1
Zgaw2eNP9eo,hd2160,0.1492525523,14.9,y2,2025-12-16,15:10:24,3,1
Zgaw2eNP9eo,hd2160,0.1611371906,16.1,y2,2025-12-16,15:10:25,3,1
Zgaw2eNP9eo,hd2160,0.1611371906,16.1,y2,2025-12-16,15:10:26,3,1
Zgaw2eNP9eo,hd2160,0.1683914498,16.8,y2,2025-12-16,15:10:27,3,1
Zgaw2eNP9eo,hd2160,0.1778065556,17.8,y2,2025-12-16,15:10:28,3,1
Zgaw2eNP9eo,hd2160,0.1778065556,17.8,y2,2025-12-16,15:10:29,3,1
Zgaw2eNP9eo,hd2160,0.1881477373,18.8,y2,2025-12-16,15:10:30,3,1
Zgaw2eNP9eo,hd2160,0.1881477373,18.8,y2,2025-12-16,15:10:31,3,1
Zgaw2eNP9eo,hd2160,0.1944759206,19.4,y2,2025-12-16,15:10:32,3,1
Zgaw2eNP9eo,hd2160,0.1944759206,19.4,y2,2025-12-16,15:10:33,3,1
Zgaw2eNP9eo,hd2160,0.2020388748,20.2,y2,2025-12-16,15:10:34,3,1
Zgaw2eNP9eo,hd2160,0.2020388748,20.2,y2,2025-12-16,15:10:35,3,1
Zgaw2eNP9eo,hd2160,0.2120713615,21.2,y2,2025-12-16,15:10:36,3,1
Zgaw2eNP9eo,hd2160,0.2125343994,21.3,y2,2025-12-16,15:10:37,3,1
Zgaw2eNP9eo,hd2160,0.2146952415,21.5,y2,2025-12-16,15:10:38,3,1
Zgaw2eNP9eo,hd2160,0.2216408102,22.2,y2,2025-12-16,15:10:39,3,1
Zgaw2eNP9eo,hd2160,0.2216408102,22.2,y2,2025-12-16,15:10:40,3,1
Zgaw2eNP9eo,hd2160,0.2325993774,23.3,y2,2025-12-16,15:10:41,3,1
Zgaw2eNP9eo,hd2160,0.2415514407,24.2,y2,2025-12-16,15:10:42,3,1
Zgaw2eNP9eo,hd2160,0.2415514407,24.2,y2,2025-12-16,15:10:43,3,1
Zgaw2eNP9eo,hd2160,0.2532817361,25.3,y2,2025-12-16,15:10:44,3,1
Zgaw2eNP9eo,hd2160,0.2532817361,25.3,y2,2025-12-16,15:10:45,3,1
Zgaw2eNP9eo,hd2160,0.2622338041,26.2,y2,2025-12-16,15:10:46,3,1
Zgaw2eNP9eo,hd2160,0.2622338041,26.2,y2,2025-12-16,15:10:47,3,1
Zgaw2eNP9eo,hd2160,0.2673272212,26.7,y2,2025-12-16,15:10:48,3,1
Zgaw2eNP9eo,hd2160,0.2673272212,26.7,y2,2025-12-16,15:10:49,3,1
Zgaw2eNP9eo,hd2160,0.2772053603,27.7,y2,2025-12-16,15:10:50,3,1
Zgaw2eNP9eo,hd2160,0.2772053603,27.7,y2,2025-12-16,15:10:51,3,1
Zgaw2eNP9eo,hd2160,0.2772053603,27.7,y2,2025-12-16,15:10:52,3,1
Zgaw2eNP9eo,hd2160,0.2772053603,27.7,y2,2025-12-16,15:10:53,3,1
Zgaw2eNP9eo,hd2160,0.2821444345,28.2,y2,2025-12-16,15:10:54,3,1
Zgaw2eNP9eo,hd2160,0.2890900033,28.9,y2,2025-12-16,15:10:55,3,1
Zgaw2eNP9eo,hd2160,0.3059137112,30.6,y2,2025-12-16,15:10:56,3,1
Zgaw2eNP9eo,hd2160,0.3059137112,30.6,y2,2025-12-16,15:10:57,3,1
Zgaw2eNP9eo,hd2160,0.315791855,31.6,y2,2025-12-16,15:10:58,3,1
Zgaw2eNP9eo,hd2160,0.315791855,31.6,y2,2025-12-16,15:10:59,3,1
Zgaw2eNP9eo,hd2160,0.3222743858,32.2,y2,2025-12-16,15:11:00,3,1
Zgaw2eNP9eo,hd2160,0.3222743858,32.2,y2,2025-12-16,15:11:01,3,1
Zgaw2eNP9eo,hd2160,0.3316894917,33.2,y2,2025-12-16,15:11:02,3,1
Zgaw2eNP9eo,hd2160,0.3316894917,33.2,y2,2025-12-16,15:11:03,3,1
Zgaw2eNP9eo,hd2160,0.3316894917,33.2,y2,2025-12-16,15:11:04,3,1
Zgaw2eNP9eo,hd2160,0.3316894917,33.2,y2,2025-12-16,15:11:05,3,1
Zgaw2eNP9eo,hd2160,0.3319981821,33.2,y2,2025-12-16,15:11:06,3,1
Zgaw2eNP9eo,hd2160,0.3428024017,34.3,y2,2025-12-16,15:11:07,3,1
Zgaw2eNP9eo,hd2160,0.3428024017,34.3,y2,2025-12-16,15:11:08,3,1
Zgaw2eNP9eo,hd2160,0.3478958188,34.8,y2,2025-12-16,15:11:09,3,1
Zgaw2eNP9eo,hd2160,0.3593174192,35.9,y2,2025-12-16,15:11:10,3,1
Zgaw2eNP9eo,hd2160,0.3593174192,35.9,y2,2025-12-16,15:11:11,3,1
Zgaw2eNP9eo,hd2160,0.3696586009,37.0,y2,2025-12-16,15:11:12,3,1
Zgaw2eNP9eo,hd2160,0.3792280496,37.9,y2,2025-12-16,15:11:13,3,1
Zgaw2eNP9eo,hd2160,0.3875627322,38.8,y2,2025-12-16,15:11:14,3,1
Zgaw2eNP9eo,hd2160,0.3875627322,38.8,y2,2025-12-16,15:11:15,3,1
Zgaw2eNP9eo,hd2160,0.3875627322,38.8,y2,2025-12-16,15:11:16,3,1
Zgaw2eNP9eo,hd2160,0.3875627322,38.8,y2,2025-12-16,15:11:17,3,1
Zgaw2eNP9eo,hd2160,0.3965148001,39.7,y2,2025-12-16,15:11:18,3,1
Zgaw2eNP9eo,hd2160,0.4045407876,40.5,y2,2025-12-16,15:11:19,3,1
Zgaw2eNP9eo,hd2160,0.4130298176,41.3,y2,2025-12-16,15:11:20,3,1
Zgaw2eNP9eo,hd2160,0.4130298176,41.3,y2,2025-12-16,15:11:21,3,1
Zgaw2eNP9eo,hd2160,0.4233709993,42.3,y2,2025-12-16,15:11:22,3,1
Zgaw2eNP9eo,hd2160,0.4233709993,42.3,y2,2025-12-16,15:11:23,3,1
Zgaw2eNP9eo,hd2160,0.4298535301,43.0,y2,2025-12-16,15:11:24,3,1
Zgaw2eNP9eo,hd2160,0.4298535301,43.0,y2,2025-12-16,15:11:25,3,1
Zgaw2eNP9eo,hd2160,0.4398860168,44.0,y2,2025-12-16,15:11:26,3,1
Zgaw2eNP9eo,hd2160,0.4479120089,44.8,y2,2025-12-16,15:11:27,3,1
Zgaw2eNP9eo,hd2160,0.4479120089,44.8,y2,2025-12-16,15:11:28,3,1
Zgaw2eNP9eo,hd2160,0.4479120089,44.8,y2,2025-12-16,15:11:29,3,1
Zgaw2eNP9eo,hd2160,0.4479120089,44.8,y2,2025-12-16,15:11:30,3,1
Zgaw2eNP9eo,hd2160,0.4479120089,44.8,y2,2025-12-16,15:11:31,3,1
Zgaw2eNP9eo,hd2160,0.4519250027,45.2,y2,2025-12-16,15:11:32,3,1
Zgaw2eNP9eo,hd2160,0.4543945398,45.4,y2,2025-12-16,15:11:33,3,1
Zgaw2eNP9eo,hd2160,0.4633466031,46.3,y2,2025-12-16,15:11:34,3,1
Zgaw2eNP9eo,hd2160,0.4633466031,46.3,y2,2025-12-16,15:11:35,3,1
Zgaw2eNP9eo,hd1440,0.4747682081,47.5,y2,2025-12-16,15:11:36,3,1
Zgaw2eNP9eo,hd1440,0.4897397644,49.0,y2,2025-12-16,15:11:37,3,1
Zgaw2eNP9eo,hd1440,0.5016244073,50.2,y2,2025-12-16,15:11:38,3,1
Zgaw2eNP9eo,hd1440,0.5016244073,50.2,y2,2025-12-16,15:11:39,3,1
Zgaw2eNP9eo,hd1440,0.506100439,50.6,y2,2025-12-16,15:11:40,3,1
Zgaw2eNP9eo,hd1440,0.506100439,50.6,y2,2025-12-16,15:11:41,3,1
Zgaw2eNP9eo,hd1440,0.506100439,50.6,y2,2025-12-16,15:11:42,3,1
Zgaw2eNP9eo,hd1440,0.5255480315,52.6,y2,2025-12-16,15:11:43,3,1
Zgaw2eNP9eo,hd1440,0.5255480315,52.6,y2,2025-12-16,15:11:44,3,1
Zgaw2eNP9eo,hd1440,0.5255480315,52.6,y2,2025-12-16,15:11:45,3,1
Zgaw2eNP9eo,hd1440,0.5255480315,52.6,y2,2025-12-16,15:11:46,3,1
Zgaw2eNP9eo,hd1440,0.5255480315,52.6,y2,2025-12-16,15:11:47,3,1
Zgaw2eNP9eo,hd1440,0.5255480315,52.6,y2,2025-12-16,15:11:48,3,1
Zgaw2eNP9eo,hd1440,0.5281719115,52.8,y2,2025-12-16,15:11:49,3,1
Zgaw2eNP9eo,hd1440,0.5417543586,54.2,y2,2025-12-16,15:11:50,3,1
Zgaw2eNP9eo,hd1440,0.5417543586,54.2,y2,2025-12-16,15:11:51,3,1
Zgaw2eNP9eo,hd1440,0.5534297649,55.3,y2,2025-12-16,15:11:52,3,1
Zgaw2eNP9eo,hd1440,0.5574976478,55.7,y2,2025-12-16,15:11:53,3,1
Zgaw2eNP9eo,hd1440,0.5769452403,57.7,y2,2025-12-16,15:11:54,3,1
Zgaw2eNP9eo,hd1440,0.5769452403,57.7,y2,2025-12-16,15:11:55,3,1
Zgaw2eNP9eo,hd1440,0.5769452403,57.7,y2,2025-12-16,15:11:56,3,1
Zgaw2eNP9eo,hd1440,0.5769452403,57.7,y2,2025-12-16,15:11:57,3,1
Zgaw2eNP9eo,hd1440,0.5769452403,57.7,y2,2025-12-16,15:11:59,3,1
Zgaw2eNP9eo,hd1440,0.5769452403,57.7,y2,2025-12-16,15:11:58,3,1
Zgaw2eNP9eo,hd1440,0.5769452403,57.7,y2,2025-12-16,15:12:00,3,1
Zgaw2eNP9eo,hd1440,0.5769452403,57.7,y2,2025-12-16,15:12:01,3,1
Zgaw2eNP9eo,hd1440,0.5769452403,57.7,y2,2025-12-16,15:12:02,3,1
Zgaw2eNP9eo,hd1440,0.5769452403,57.7,y2,2025-12-16,15:12:03,3,1
Zgaw2eNP9eo,hd1440,0.5769452403,57.7,y2,2025-12-16,15:12:04,3,1
Zgaw2eNP9eo,hd1440,0.5769452403,57.7,y2,2025-12-16,15:12:05,3,1
Zgaw2eNP9eo,hd1440,0.5769452403,57.7,y2,2025-12-16,15:12:06,3,1
Zgaw2eNP9eo,hd1440,0.593305915,59.3,y2,2025-12-16,15:12:07,3,1
Zgaw2eNP9eo,hd1080,0.593305915,59.3,y2,2025-12-16,15:12:08,3,1
Zgaw2eNP9eo,hd1080,0.6071970525,60.7,y2,2025-12-16,15:12:09,3,1
Zgaw2eNP9eo,hd1080,0.6071970525,60.7,y2,2025-12-16,15:12:10,3,1
Zgaw2eNP9eo,hd1080,0.6071970525,60.7,y2,2025-12-16,15:12:11,3,1
Zgaw2eNP9eo,hd1080,0.6539638821,65.4,y2,2025-12-16,15:12:12,3,1
Zgaw2eNP9eo,hd1080,0.6539638821,65.4,y2,2025-12-16,15:12:13,3,1
Zgaw2eNP9eo,hd1080,0.6877656501,68.8,y2,2025-12-16,15:12:14,3,1
Zgaw2eNP9eo,hd1080,0.6877656501,68.8,y2,2025-12-16,15:12:15,3,1
Zgaw2eNP9eo,hd1080,0.6877656501,68.8,y2,2025-12-16,15:12:16,3,1
Zgaw2eNP9eo,hd1080,0.6877656501,68.8,y2,2025-12-16,15:12:17,3,1
Zgaw2eNP9eo,hd1080,0.6877656501,68.8,y2,2025-12-16,15:12:18,3,1
Zgaw2eNP9eo,hd1080,0.6877656501,68.8,y2,2025-12-16,15:12:19,3,1
Zgaw2eNP9eo,hd1080,0.6877656501,68.8,y2,2025-12-16,15:12:20,3,1
Zgaw2eNP9eo,hd1080,0.7146218493,71.5,y2,2025-12-16,15:12:21,3,1
Zgaw2eNP9eo,hd1080,0.7146218493,71.5,y2,2025-12-16,15:12:22,3,1
Zgaw2eNP9eo,hd1080,0.7146218493,71.5,y2,2025-12-16,15:12:23,3,1
Zgaw2eNP9eo,hd1080,0.7146218493,71.5,y2,2025-12-16,15:12:24,3,1
Zgaw2eNP9eo,hd1080,0.7146218493,71.5,y2,2025-12-16,15:12:25,3,1
Zgaw2eNP9eo,hd1080,0.7322172901,73.2,y2,2025-12-16,15:12:26,3,1
Zgaw2eNP9eo,hd1080,0.7322172901,73.2,y2,2025-12-16,15:12:27,3,1
Zgaw2eNP9eo,hd1080,0.7322172901,73.2,y2,2025-12-16,15:12:28,3,1
Zgaw2eNP9eo,hd1080,0.7322172901,73.2,y2,2025-12-16,15:12:29,3,1
Zgaw2eNP9eo,hd1080,0.7322172901,73.2,y2,2025-12-16,15:12:30,3,1
Zgaw2eNP9eo,hd1080,0.7322172901,73.2,y2,2025-12-16,15:12:31,3,1
Zgaw2eNP9eo,hd1080,0.766482096,76.6,y2,2025-12-16,15:12:32,3,1
Zgaw2eNP9eo,hd1080,0.766482096,76.6,y2,2025-12-16,15:12:33,3,1
Zgaw2eNP9eo,hd1080,0.766482096,76.6,y2,2025-12-16,15:12:34,3,1
Zgaw2eNP9eo,hd1080,0.766482096,76.6,y2,2025-12-16,15:12:35,3,1
Zgaw2eNP9eo,hd1080,0.766482096,76.6,y2,2025-12-16,15:12:36,3,1
Zgaw2eNP9eo,hd1440,0.766482096,76.6,y2,2025-12-16,15:12:37,3,1
Zgaw2eNP9eo,hd1440,0.766482096,76.6,y2,2025-12-16,15:12:38,3,1
Zgaw2eNP9eo,hd1440,0.7829971135,78.3,y2,2025-12-16,15:12:39,3,1
Zgaw2eNP9eo,hd1440,0.7829971135,78.3,y2,2025-12-16,15:12:40,3,1
Zgaw2eNP9eo,hd1440,0.7933382952,79.3,y2,2025-12-16,15:12:41,3,1
Zgaw2eNP9eo,hd1440,0.7933382952,79.3,y2,2025-12-16,15:12:42,3,1
Zgaw2eNP9eo,hd1440,0.7984317123,79.8,y2,2025-12-16,15:12:43,3,1
Zgaw2eNP9eo,hd1440,0.7984317123,79.8,y2,2025-12-16,15:12:44,3,1
Zgaw2eNP9eo,hd1440,0.8177249573,81.8,y2,2025-12-16,15:12:45,3,1
Zgaw2eNP9eo,hd1440,0.8177249573,81.8,y2,2025-12-16,15:12:46,3,1
Zgaw2eNP9eo,hd1440,0.8177249573,81.8,y2,2025-12-16,15:12:47,3,1
Zgaw2eNP9eo,hd1440,0.8177249573,81.8,y2,2025-12-16,15:12:48,3,1
Zgaw2eNP9eo,hd1440,0.8317704424,83.2,y2,2025-12-16,15:12:49,3,1
Zgaw2eNP9eo,hd1440,0.8317704424,83.2,y2,2025-12-16,15:12:50,3,1
Zgaw2eNP9eo,hd1440,0.8317704424,83.2,y2,2025-12-16,15:12:51,3,1
Zgaw2eNP9eo,hd1440,0.8317704424,83.2,y2,2025-12-16,15:12:52,3,1
Zgaw2eNP9eo,hd1440,0.8456615799,84.6,y2,2025-12-16,15:12:53,3,1
Zgaw2eNP9eo,hd1440,0.8549223382,85.5,y2,2025-12-16,15:12:54,3,1
Zgaw2eNP9eo,hd1440,0.8549223382,85.5,y2,2025-12-16,15:12:55,3,1
Zgaw2eNP9eo,hd1440,0.8549223382,85.5,y2,2025-12-16,15:12:56,3,1
Zgaw2eNP9eo,hd1440,0.8549223382,85.5,y2,2025-12-16,15:12:57,3,1
Zgaw2eNP9eo,hd1440,0.8725177791,87.3,y2,2025-12-16,15:12:58,3,1
Zgaw2eNP9eo,hd2160,0.8725177791,87.3,y2,2025-12-16,15:12:59,3,1
Zgaw2eNP9eo,hd2160,0.8725177791,87.3,y2,2025-12-16,15:13:00,3,1
Zgaw2eNP9eo,hd2160,0.8776111962,87.8,y2,2025-12-16,15:13:01,3,1
Zgaw2eNP9eo,hd2160,0.8874893353,88.7,y2,2025-12-16,15:13:02,3,1
Zgaw2eNP9eo,hd2160,0.8874893353,88.7,y2,2025-12-16,15:13:03,3,1
Zgaw2eNP9eo,hd2160,0.8993739783,89.9,y2,2025-12-16,15:13:04,3,1
Zgaw2eNP9eo,hd2160,0.8993739783,89.9,y2,2025-12-16,15:13:05,3,1
Zgaw2eNP9eo,hd2160,0.9044673954,90.4,y2,2025-12-16,15:13:06,3,1
Zgaw2eNP9eo,hd2160,0.9044673954,90.4,y2,2025-12-16,15:13:07,3,1
Zgaw2eNP9eo,hd2160,0.9044673954,90.4,y2,2025-12-16,15:13:08,3,1
Zgaw2eNP9eo,hd2160,0.9143455345,91.4,y2,2025-12-16,15:13:09,3,1
Zgaw2eNP9eo,hd2160,0.9143455345,91.4,y2,2025-12-16,15:13:10,3,1
Zgaw2eNP9eo,hd2160,0.9313235946,93.1,y2,2025-12-16,15:13:11,3,1
Zgaw2eNP9eo,hd2160,0.9313235946,93.1,y2,2025-12-16,15:13:12,3,1
Zgaw2eNP9eo,hd2160,0.9313235946,93.1,y2,2025-12-16,15:13:13,3,1
Zgaw2eNP9eo,hd2160,0.9432082329,94.3,y2,2025-12-16,15:13:14,3,1
Zgaw2eNP9eo,hd2160,0.9432082329,94.3,y2,2025-12-16,15:13:15,3,1
Zgaw2eNP9eo,hd2160,0.9530863767,95.3,y2,2025-12-16,15:13:16,3,1
Zgaw2eNP9eo,hd2160,0.9530863767,95.3,y2,2025-12-16,15:13:17,3,1
Zgaw2eNP9eo,hd2160,0.9581797938,95.8,y2,2025-12-16,15:13:18,3,1
Zgaw2eNP9eo,hd2160,0.9699100846,97.0,y2,2025-12-16,15:13:19,3,1
Zgaw2eNP9eo,hd2160,0.9699100846,97.0,y2,2025-12-16,15:13:20,3,1
Zgaw2eNP9eo,hd2160,0.9799425759,98.0,y2,2025-12-16,15:13:21,3,1
Zgaw2eNP9eo,hd2160,0.9799425759,98.0,y2,2025-12-16,15:13:22,3,1
Zgaw2eNP9eo,hd2160,0.985035993,98.5,y2,2025-12-16,15:13:23,3,1
Zgaw2eNP9eo,hd2160,0.985035993,98.5,y2,2025-12-16,15:13:24,3,1
Zgaw2eNP9eo,hd2160,0.985035993,98.5,y2,2025-12-16,15:13:25,3,1
Zgaw2eNP9eo,hd2160,0.9969206313,99.7,y2,2025-12-16,15:13:26,3,1
Zgaw2eNP9eo,hd2160,0.9969206313,99.7,y2,2025-12-16,15:13:27,3,1
Zgaw2eNP9eo,hd2160,1.0,100.0,y2,2025-12-16,15:13:28,3,1
Zgaw2eNP9eo,hd2160,1.0,100.0,y2,2025-12-16,15:13:29,3,1
Zgaw2eNP9eo,hd2160,1.0,100.0,y2,2025-12-16,15:13:30,3,1
Zgaw2eNP9eo,hd2160,1.0,100.0,y2,2025-12-16,15:13:31,3,1
Zgaw2eNP9eo,hd2160,1.0,100.0,y2,2025-12-16,15:13:32,3,1
Zgaw2eNP9eo,hd2160,1.0,100.0,y2,2025-12-16,15:13:33,3,1
Zgaw2eNP9eo,hd2160,1.0,100.0,y2,2025-12-16,15:13:34,3,1
Zgaw2eNP9eo,hd2160,1.0,100.0,y2,2025-12-16,15:13:35,3,1
Zgaw2eNP9eo,hd2160,1.0,100.0,y2,2025-12-16,15:13:36,3,1
Zgaw2eNP9eo,hd2160,1.0,100.0,y2,2025-12-16,15:13:37,3,1
Zgaw2eNP9eo,hd2160,1.0,100.0,y2,2025-12-16,15:13:38,3,1
Zgaw2eNP9eo,hd2160,1.0,100.0,y2,2025-12-16,15:13:39,3,1
Zgaw2eNP9eo,hd2160,1.0,100.0,y2,2025-12-16,15:13:40,3,1
Zgaw2eNP9eo,hd2160,1.0,100.0,y2,2025-12-16,15:13:41,3,1
Zgaw2eNP9eo,hd2160,1.0,100.0,y2,2025-12-16,15:13:42,3,1
Zgaw2eNP9eo,hd2160,1.0,100.0,y2,2025-12-16,15:13:43,3,1
Zgaw2eNP9eo,hd2160,1.0,100.0,y2,2025-12-16,15:13:44,3,1
Zgaw2eNP9eo,hd2160,1.0,100.0,y2,2025-12-16,15:13:45,3,1
Zgaw2eNP9eo,hd2160,1.0,100.0,y2,2025-12-16,15:13:46,3,1
Zgaw2eNP9eo,hd2160,1.0,100.0,y2,2025-12-16,15:13:47,3,1
Zgaw2eNP9eo,hd2160,1.0,100.0,y2,2025-12-16,15:13:48,3,1
Zgaw2eNP9eo,hd2160,1.0,100.0,y2,2025-12-16,15:13:49,3,1
Zgaw2eNP9eo,hd2160,1.0,100.0,y2,2025-12-16,15:13:50,3,1
Zgaw2eNP9eo,hd2160,1.0,100.0,y2,2025-12-16,15:13:51,3,1
Zgaw2eNP9eo,hd2160,1.0,100.0,y2,2025-12-16,15:13:52,3,1
dwHBpykTloY,hd1080,0.06661063996,6.7,t1,2025-12-22,22:47:46,3,1
dwHBpykTloY,hd1080,0.06661063996,6.7,t1,2025-12-22,22:47:47,3,1
dwHBpykTloY,hd1080,0.07297783127,7.3,t1,2025-12-22,22:47:48,3,1
dwHBpykTloY,hd1440,0.07297783127,7.3,t1,2025-12-22,22:47:49,3,1
dwHBpykTloY,hd1440,0.09122229276,9.1,t1,2025-12-22,22:47:50,3,1
dwHBpykTloY,hd2160,0.09122229276,9.1,t1,2025-12-22,22:47:51,3,1
dwHBpykTloY,hd2160,0.09820171669,9.8,t1,2025-12-22,22:47:52,3,1
dwHBpykTloY,hd2160,0.09820171669,9.8,t1,2025-12-22,22:47:53,3,1
dwHBpykTloY,hd2160,0.09820171669,9.8,t1,2025-12-22,22:47:54,3,1
dwHBpykTloY,hd2160,0.09820171669,9.8,t1,2025-12-22,22:47:55,3,1
dwHBpykTloY,hd2160,0.1094667506,10.9,t1,2025-12-22,22:47:56,3,1
dwHBpykTloY,hd2160,0.1094667506,10.9,t1,2025-12-22,22:47:57,3,1
dwHBpykTloY,hd2160,0.1165686218,11.7,t1,2025-12-22,22:47:58,3,1
dwHBpykTloY,hd2160,0.1165686218,11.7,t1,2025-12-22,22:47:59,3,1
dwHBpykTloY,hd2160,0.1274663176,12.7,t1,2025-12-22,22:48:00,3,1
dwHBpykTloY,hd2160,0.1274663176,12.7,t1,2025-12-22,22:48:01,3,1
dwHBpykTloY,hd2160,0.1274663176,12.7,t1,2025-12-22,22:48:02,3,1
dwHBpykTloY,hd2160,0.1346906323,13.5,t1,2025-12-22,22:48:03,3,1
dwHBpykTloY,hd2160,0.1346906323,13.5,t1,2025-12-22,22:48:04,3,1
dwHBpykTloY,hd2160,0.1459556699,14.6,t1,2025-12-22,22:48:05,3,1
dwHBpykTloY,hd2160,0.1459556699,14.6,t1,2025-12-22,22:48:06,3,1
dwHBpykTloY,hd2160,0.1530575374,15.3,t1,2025-12-22,22:48:07,3,1
dwHBpykTloY,hd2160,0.1530575374,15.3,t1,2025-12-22,22:48:08,3,1
dwHBpykTloY,hd2160,0.1530575374,15.3,t1,2025-12-22,22:48:09,3,1
dwHBpykTloY,hd2160,0.1530575374,15.3,t1,2025-12-22,22:48:10,3,1
dwHBpykTloY,hd2160,0.1642001277,16.4,t1,2025-12-22,22:48:11,3,1
dwHBpykTloY,hd2160,0.1642001277,16.4,t1,2025-12-22,22:48:12,3,1
dwHBpykTloY,hd2160,0.1701999846,17.0,t1,2025-12-22,22:48:13,3,1
dwHBpykTloY,hd2160,0.1701999846,17.0,t1,2025-12-22,22:48:14,3,1
dwHBpykTloY,hd2160,0.1819548038,18.2,t1,2025-12-22,22:48:15,3,1
dwHBpykTloY,hd2160,0.1819548038,18.2,t1,2025-12-22,22:48:16,3,1
dwHBpykTloY,hd2160,0.1819548038,18.2,t1,2025-12-22,22:48:17,3,1
dwHBpykTloY,hd2160,0.1884444424,18.8,t1,2025-12-22,22:48:18,3,1
dwHBpykTloY,hd2160,0.1884444424,18.8,t1,2025-12-22,22:48:19,3,1
dwHBpykTloY,hd2160,0.1884444424,18.8,t1,2025-12-22,22:48:20,3,1
dwHBpykTloY,hd2160,0.2001992617,20.0,t1,2025-12-22,22:48:21,3,1
dwHBpykTloY,hd2160,0.2066889002,20.7,t1,2025-12-22,22:48:22,3,1
dwHBpykTloY,hd2160,0.2066889002,20.7,t1,2025-12-22,22:48:23,3,1
dwHBpykTloY,hd2160,0.2066889002,20.7,t1,2025-12-22,22:48:24,3,1
dwHBpykTloY,hd2160,0.2066889002,20.7,t1,2025-12-22,22:48:25,3,1
dwHBpykTloY,hd2160,0.2164845854,21.6,t1,2025-12-22,22:48:26,3,1
dwHBpykTloY,hd2160,0.2164845854,21.6,t1,2025-12-22,22:48:27,3,1
dwHBpykTloY,hd2160,0.2249333617,22.5,t1,2025-12-22,22:48:28,3,1
dwHBpykTloY,hd2160,0.2249333617,22.5,t1,2025-12-22,22:48:29,3,1
dwHBpykTloY,hd2160,0.2361983956,23.6,t1,2025-12-22,22:48:30,3,1
dwHBpykTloY,hd2160,0.2361983956,23.6,t1,2025-12-22,22:48:31,3,1
dwHBpykTloY,hd2160,0.2361983956,23.6,t1,2025-12-22,22:48:32,3,1
dwHBpykTloY,hd2160,0.2431778195,24.3,t1,2025-12-22,22:48:33,3,1
dwHBpykTloY,hd2160,0.2431778195,24.3,t1,2025-12-22,22:48:34,3,1
dwHBpykTloY,hd2160,0.2551775296,25.5,t1,2025-12-22,22:48:35,3,1
dwHBpykTloY,hd2160,0.2551775296,25.5,t1,2025-12-22,22:48:36,3,1
dwHBpykTloY,hd2160,0.273666882,27.4,t1,2025-12-22,22:48:37,3,1
dwHBpykTloY,hd2160,0.273666882,27.4,t1,2025-12-22,22:48:38,3,1
dwHBpykTloY,hd2160,0.273666882,27.4,t1,2025-12-22,22:48:39,3,1
dwHBpykTloY,hd2160,0.273666882,27.4,t1,2025-12-22,22:48:40,3,1
dwHBpykTloY,hd2160,0.273666882,27.4,t1,2025-12-22,22:48:41,3,1
dwHBpykTloY,hd2160,0.2919113398,29.2,t1,2025-12-22,22:48:42,3,1
dwHBpykTloY,hd2160,0.2919113398,29.2,t1,2025-12-22,22:48:43,3,1
dwHBpykTloY,hd2160,0.2919113398,29.2,t1,2025-12-22,22:48:44,3,1
dwHBpykTloY,hd2160,0.2919113398,29.2,t1,2025-12-22,22:48:45,3,1
dwHBpykTloY,hd2160,0.2919113398,29.2,t1,2025-12-22,22:48:46,3,1
dwHBpykTloY,hd2160,0.2919113398,29.2,t1,2025-12-22,22:48:47,3,1
dwHBpykTloY,hd2160,0.3101558013,31.0,t1,2025-12-22,22:48:48,3,1
dwHBpykTloY,hd2160,0.3101558013,31.0,t1,2025-12-22,22:48:49,3,1
dwHBpykTloY,hd2160,0.3101558013,31.0,t1,2025-12-22,22:48:50,3,1
dwHBpykTloY,hd2160,0.3101558013,31.0,t1,2025-12-22,22:48:51,3,1
dwHBpykTloY,hd2160,0.3279104737,32.8,t1,2025-12-22,22:48:52,3,1
dwHBpykTloY,hd2160,0.3279104737,32.8,t1,2025-12-22,22:48:53,3,1
dwHBpykTloY,hd2160,0.3279104737,32.8,t1,2025-12-22,22:48:54,3,1
dwHBpykTloY,hd2160,0.3279104737,32.8,t1,2025-12-22,22:48:55,3,1
dwHBpykTloY,hd2160,0.3279104737,32.8,t1,2025-12-22,22:48:56,3,1
dwHBpykTloY,hd2160,0.3302776871,33.0,t1,2025-12-22,22:48:57,3,1
dwHBpykTloY,hd2160,0.3363592501,33.6,t1,2025-12-22,22:48:58,3,1
dwHBpykTloY,hd2160,0.3466447169,34.7,t1,2025-12-22,22:48:59,3,1
dwHBpykTloY,hd2160,0.3466447169,34.7,t1,2025-12-22,22:49:00,3,1
dwHBpykTloY,hd2160,0.3466447169,34.7,t1,2025-12-22,22:49:01,3,1
dwHBpykTloY,hd2160,0.3466447169,34.7,t1,2025-12-22,22:49:02,3,1
dwHBpykTloY,hd2160,0.3526445738,35.3,t1,2025-12-22,22:49:03,3,1
dwHBpykTloY,hd2160,0.3526445738,35.3,t1,2025-12-22,22:49:04,3,1
dwHBpykTloY,hd2160,0.3604811212,36.0,t1,2025-12-22,22:49:05,3,1
dwHBpykTloY,hd2160,0.3604811212,36.0,t1,2025-12-22,22:49:06,3,1
dwHBpykTloY,hd2160,0.3716237078,37.2,t1,2025-12-22,22:49:07,3,1
dwHBpykTloY,hd2160,0.3716237078,37.2,t1,2025-12-22,22:49:08,3,1
dwHBpykTloY,hd2160,0.3775011174,37.8,t1,2025-12-22,22:49:09,3,1
dwHBpykTloY,hd2160,0.3775011174,37.8,t1,2025-12-22,22:49:10,3,1
dwHBpykTloY,hd2160,0.3831336362,38.3,t1,2025-12-22,22:49:11,3,1
dwHBpykTloY,hd2160,0.3881539224,38.8,t1,2025-12-22,22:49:12,3,1
dwHBpykTloY,hd2160,0.3881539224,38.8,t1,2025-12-22,22:49:13,3,1
dwHBpykTloY,hd2160,0.3881539224,38.8,t1,2025-12-22,22:49:14,3,1
dwHBpykTloY,hd2160,0.401378094,40.1,t1,2025-12-22,22:49:15,3,1
dwHBpykTloY,hd2160,0.401378094,40.1,t1,2025-12-22,22:49:16,3,1
dwHBpykTloY,hd2160,0.4142349276,41.4,t1,2025-12-22,22:49:17,3,1
dwHBpykTloY,hd2160,0.4142349276,41.4,t1,2025-12-22,22:49:18,3,1
dwHBpykTloY,hd2160,0.4142349276,41.4,t1,2025-12-22,22:49:19,3,1
dwHBpykTloY,hd2160,0.4142349276,41.4,t1,2025-12-22,22:49:20,3,1
dwHBpykTloY,hd2160,0.4256224087,42.6,t1,2025-12-22,22:49:21,3,1
dwHBpykTloY,hd2160,0.4256224087,42.6,t1,2025-12-22,22:49:22,3,1
dwHBpykTloY,hd2160,0.4256224087,42.6,t1,2025-12-22,22:49:23,3,1
dwHBpykTloY,hd2160,0.4256224087,42.6,t1,2025-12-22,22:49:24,3,1
dwHBpykTloY,hd2160,0.4256224087,42.6,t1,2025-12-22,22:49:25,3,1
dwHBpykTloY,hd2160,0.4378670133,43.8,t1,2025-12-22,22:49:26,3,1
dwHBpykTloY,hd2160,0.4514585231,45.1,t1,2025-12-22,22:49:27,3,1
dwHBpykTloY,hd2160,0.4514585231,45.1,t1,2025-12-22,22:49:28,3,1
dwHBpykTloY,hd2160,0.4514585231,45.1,t1,2025-12-22,22:49:29,3,1
dwHBpykTloY,hd2160,0.4514585231,45.1,t1,2025-12-22,22:49:30,3,1
dwHBpykTloY,hd2160,0.4514585231,45.1,t1,2025-12-22,22:49:31,3,1
dwHBpykTloY,hd2160,0.4719070095,47.2,t1,2025-12-22,22:49:32,3,1
dwHBpykTloY,hd2160,0.4719070095,47.2,t1,2025-12-22,22:49:33,3,1
dwHBpykTloY,hd2160,0.4719070095,47.2,t1,2025-12-22,22:49:34,3,1
dwHBpykTloY,hd2160,0.4719070095,47.2,t1,2025-12-22,22:49:35,3,1
dwHBpykTloY,hd2160,0.4719070095,47.2,t1,2025-12-22,22:49:36,3,1
dwHBpykTloY,hd2160,0.4806006804,48.1,t1,2025-12-22,22:49:37,3,1
dwHBpykTloY,hd2160,0.4806006804,48.1,t1,2025-12-22,22:49:38,3,1
dwHBpykTloY,hd2160,0.4806006804,48.1,t1,2025-12-22,22:49:39,3,1
dwHBpykTloY,hd2160,0.4806006804,48.1,t1,2025-12-22,22:49:40,3,1
dwHBpykTloY,hd2160,0.4926003905,49.3,t1,2025-12-22,22:49:41,3,1
dwHBpykTloY,hd2160,0.5064367911,50.6,t1,2025-12-22,22:49:42,3,1
dwHBpykTloY,hd2160,0.5064367911,50.6,t1,2025-12-22,22:49:43,3,1
dwHBpykTloY,hd2160,0.5064367911,50.6,t1,2025-12-22,22:49:44,3,1
dwHBpykTloY,hd2160,0.5064367911,50.6,t1,2025-12-22,22:49:45,3,1
dwHBpykTloY,hd2160,0.5064367911,50.6,t1,2025-12-22,22:49:46,3,1
dwHBpykTloY,hd2160,0.5290893098,52.9,t1,2025-12-22,22:49:47,3,1
dwHBpykTloY,hd2160,0.5290893098,52.9,t1,2025-12-22,22:49:48,3,1
dwHBpykTloY,hd2160,0.5290893098,52.9,t1,2025-12-22,22:49:49,3,1
dwHBpykTloY,hd2160,0.5290893098,52.9,t1,2025-12-22,22:49:50,3,1
dwHBpykTloY,hd2160,0.5290893098,52.9,t1,2025-12-22,22:49:51,3,1
dwHBpykTloY,hd2160,0.5290893098,52.9,t1,2025-12-22,22:49:52,3,1
dwHBpykTloY,hd2160,0.5473337676,54.7,t1,2025-12-22,22:49:53,3,1
dwHBpykTloY,hd2160,0.5473337676,54.7,t1,2025-12-22,22:49:54,3,1
dwHBpykTloY,hd2160,0.5473337676,54.7,t1,2025-12-22,22:49:55,3,1
dwHBpykTloY,hd2160,0.5473337676,54.7,t1,2025-12-22,22:49:56,3,1
dwHBpykTloY,hd2160,0.5655782254,56.6,t1,2025-12-22,22:49:57,3,1
dwHBpykTloY,hd2160,0.5655782254,56.6,t1,2025-12-22,22:49:58,3,1
dwHBpykTloY,hd2160,0.5655782254,56.6,t1,2025-12-22,22:49:59,3,1
dwHBpykTloY,hd2160,0.5655782254,56.6,t1,2025-12-22,22:50:00,3,1
dwHBpykTloY,hd2160,0.5655782254,56.6,t1,2025-12-22,22:50:01,3,1
dwHBpykTloY,hd2160,0.5838226869,58.4,t1,2025-12-22,22:50:02,3,1
dwHBpykTloY,hd2160,0.5838226869,58.4,t1,2025-12-22,22:50:03,3,1
dwHBpykTloY,hd2160,0.5838226869,58.4,t1,2025-12-22,22:50:04,3,1
dwHBpykTloY,hd2160,0.5838226869,58.4,t1,2025-12-22,22:50:05,3,1
dwHBpykTloY,hd2160,0.5838226869,58.4,t1,2025-12-22,22:50:06,3,1
dwHBpykTloY,hd2160,0.6020671447,60.2,t1,2025-12-22,22:50:07,3,1
dwHBpykTloY,hd2160,0.6020671447,60.2,t1,2025-12-22,22:50:08,3,1
dwHBpykTloY,hd2160,0.6020671447,60.2,t1,2025-12-22,22:50:09,3,1
dwHBpykTloY,hd2160,0.6020671447,60.2,t1,2025-12-22,22:50:10,3,1
dwHBpykTloY,hd2160,0.6020671447,60.2,t1,2025-12-22,22:50:11,3,1
dwHBpykTloY,hd2160,0.6203116025,62.0,t1,2025-12-22,22:50:12,3,1
dwHBpykTloY,hd2160,0.6203116025,62.0,t1,2025-12-22,22:50:13,3,1
dwHBpykTloY,hd2160,0.6203116025,62.0,t1,2025-12-22,22:50:14,3,1
dwHBpykTloY,hd2160,0.6203116025,62.0,t1,2025-12-22,22:50:15,3,1
dwHBpykTloY,hd2160,0.6203116025,62.0,t1,2025-12-22,22:50:16,3,1
dwHBpykTloY,hd2160,0.638556064,63.9,t1,2025-12-22,22:50:17,3,1
dwHBpykTloY,hd2160,0.638556064,63.9,t1,2025-12-22,22:50:18,3,1
dwHBpykTloY,hd2160,0.638556064,63.9,t1,2025-12-22,22:50:19,3,1
dwHBpykTloY,hd2160,0.638556064,63.9,t1,2025-12-22,22:50:20,3,1
dwHBpykTloY,hd2160,0.638556064,63.9,t1,2025-12-22,22:50:21,3,1
dwHBpykTloY,hd2160,0.6568005218,65.7,t1,2025-12-22,22:50:22,3,1
dwHBpykTloY,hd2160,0.6568005218,65.7,t1,2025-12-22,22:50:23,3,1
dwHBpykTloY,hd2160,0.6568005218,65.7,t1,2025-12-22,22:50:24,3,1
dwHBpykTloY,hd2160,0.6568005218,65.7,t1,2025-12-22,22:50:25,3,1
dwHBpykTloY,hd2160,0.6750449797,67.5,t1,2025-12-22,22:50:26,3,1
dwHBpykTloY,hd2160,0.6750449797,67.5,t1,2025-12-22,22:50:27,3,1
dwHBpykTloY,hd2160,0.6750449797,67.5,t1,2025-12-22,22:50:28,3,1
dwHBpykTloY,hd2160,0.6750449797,67.5,t1,2025-12-22,22:50:29,3,1
dwHBpykTloY,hd2160,0.6750449797,67.5,t1,2025-12-22,22:50:30,3,1
dwHBpykTloY,hd2160,0.6750449797,67.5,t1,2025-12-22,22:50:31,3,1
dwHBpykTloY,hd2160,0.6932894411,69.3,t1,2025-12-22,22:50:32,3,1
dwHBpykTloY,hd2160,0.6932894411,69.3,t1,2025-12-22,22:50:33,3,1
dwHBpykTloY,hd2160,0.6932894411,69.3,t1,2025-12-22,22:50:34,3,1
dwHBpykTloY,hd2160,0.6932894411,69.3,t1,2025-12-22,22:50:35,3,1
dwHBpykTloY,hd2160,0.6932894411,69.3,t1,2025-12-22,22:50:36,3,1
dwHBpykTloY,hd2160,0.711533899,71.2,t1,2025-12-22,22:50:37,3,1
dwHBpykTloY,hd2160,0.711533899,71.2,t1,2025-12-22,22:50:38,3,1
dwHBpykTloY,hd2160,0.711533899,71.2,t1,2025-12-22,22:50:39,3,1
dwHBpykTloY,hd2160,0.711533899,71.2,t1,2025-12-22,22:50:40,3,1
dwHBpykTloY,hd2160,0.7297783568,73.0,t1,2025-12-22,22:50:41,3,1
dwHBpykTloY,hd2160,0.7297783568,73.0,t1,2025-12-22,22:50:42,3,1
dwHBpykTloY,hd2160,0.7297783568,73.0,t1,2025-12-22,22:50:43,3,1
dwHBpykTloY,hd2160,0.7297783568,73.0,t1,2025-12-22,22:50:44,3,1
dwHBpykTloY,hd2160,0.7297783568,73.0,t1,2025-12-22,22:50:45,3,1
dwHBpykTloY,hd2160,0.7480228183,74.8,t1,2025-12-22,22:50:46,3,1
dwHBpykTloY,hd2160,0.7480228183,74.8,t1,2025-12-22,22:50:47,3,1
dwHBpykTloY,hd2160,0.7480228183,74.8,t1,2025-12-22,22:50:48,3,1
dwHBpykTloY,hd2160,0.7480228183,74.8,t1,2025-12-22,22:50:49,3,1
dwHBpykTloY,hd2160,0.7480228183,74.8,t1,2025-12-22,22:50:50,3,1
dwHBpykTloY,hd2160,0.7480228183,74.8,t1,2025-12-22,22:50:51,3,1
dwHBpykTloY,hd2160,0.7662672761,76.6,t1,2025-12-22,22:50:52,3,1
dwHBpykTloY,hd2160,0.7662672761,76.6,t1,2025-12-22,22:50:53,3,1
dwHBpykTloY,hd2160,0.7662672761,76.6,t1,2025-12-22,22:50:54,3,1
dwHBpykTloY,hd2160,0.7662672761,76.6,t1,2025-12-22,22:50:55,3,1
dwHBpykTloY,hd2160,0.7827974907,78.3,t1,2025-12-22,22:50:56,3,1
dwHBpykTloY,hd2160,0.7827974907,78.3,t1,2025-12-22,22:50:57,3,1
dwHBpykTloY,hd2160,0.7827974907,78.3,t1,2025-12-22,22:50:58,3,1
dwHBpykTloY,hd2160,0.7827974907,78.3,t1,2025-12-22,22:50:59,3,1
dwHBpykTloY,hd2160,0.7827974907,78.3,t1,2025-12-22,22:51:00,3,1
dwHBpykTloY,hd2160,0.787572886,78.8,t1,2025-12-22,22:51:01,3,1
dwHBpykTloY,hd2160,0.787572886,78.8,t1,2025-12-22,22:51:02,3,1
dwHBpykTloY,hd2160,0.787572886,78.8,t1,2025-12-22,22:51:03,3,1
dwHBpykTloY,hd2160,0.7983481382,79.8,t1,2025-12-22,22:51:04,3,1
dwHBpykTloY,hd2160,0.7983481382,79.8,t1,2025-12-22,22:51:05,3,1
dwHBpykTloY,hd2160,0.8077764816,80.8,t1,2025-12-22,22:51:06,3,1
dwHBpykTloY,hd2160,0.8077764816,80.8,t1,2025-12-22,22:51:07,3,1
dwHBpykTloY,hd2160,0.8195313008,82.0,t1,2025-12-22,22:51:08,3,1
dwHBpykTloY,hd2160,0.8195313008,82.0,t1,2025-12-22,22:51:09,3,1
dwHBpykTloY,hd2160,0.8195313008,82.0,t1,2025-12-22,22:51:10,3,1
dwHBpykTloY,hd2160,0.8257760485,82.6,t1,2025-12-22,22:51:11,3,1
dwHBpykTloY,hd2160,0.8257760485,82.6,t1,2025-12-22,22:51:12,3,1
dwHBpykTloY,hd2160,0.8370410824,83.7,t1,2025-12-22,22:51:13,3,1
dwHBpykTloY,hd2160,0.8370410824,83.7,t1,2025-12-22,22:51:14,3,1
dwHBpykTloY,hd2160,0.8370410824,83.7,t1,2025-12-22,22:51:15,3,1
dwHBpykTloY,hd2160,0.8445102917,84.5,t1,2025-12-22,22:51:16,3,1
dwHBpykTloY,hd2160,0.8445102917,84.5,t1,2025-12-22,22:51:17,3,1
dwHBpykTloY,hd2160,0.8445102917,84.5,t1,2025-12-22,22:51:18,3,1
dwHBpykTloY,hd2160,0.8563875582,85.6,t1,2025-12-22,22:51:19,3,1
dwHBpykTloY,hd2160,0.8563875582,85.6,t1,2025-12-22,22:51:20,3,1
dwHBpykTloY,hd2160,0.8563875582,85.6,t1,2025-12-22,22:51:21,3,1
dwHBpykTloY,hd2160,0.8634894257,86.3,t1,2025-12-22,22:51:22,3,1
dwHBpykTloY,hd2160,0.8634894257,86.3,t1,2025-12-22,22:51:23,3,1
dwHBpykTloY,hd2160,0.8745095688,87.5,t1,2025-12-22,22:51:24,3,1
dwHBpykTloY,hd2160,0.8745095688,87.5,t1,2025-12-22,22:51:25,3,1
dwHBpykTloY,hd2160,0.880999211,88.1,t1,2025-12-22,22:51:26,3,1
dwHBpykTloY,hd2160,0.880999211,88.1,t1,2025-12-22,22:51:27,3,1
dwHBpykTloY,hd2160,0.880999211,88.1,t1,2025-12-22,22:51:28,3,1
dwHBpykTloY,hd2160,0.8939784882,89.4,t1,2025-12-22,22:51:29,3,1
dwHBpykTloY,hd2160,0.8939784882,89.4,t1,2025-12-22,22:51:30,3,1
dwHBpykTloY,hd2160,0.9122229496,91.2,t1,2025-12-22,22:51:31,3,1
dwHBpykTloY,hd2160,0.9122229496,91.2,t1,2025-12-22,22:51:32,3,1
dwHBpykTloY,hd2160,0.9122229496,91.2,t1,2025-12-22,22:51:33,3,1
dwHBpykTloY,hd2160,0.9122229496,91.2,t1,2025-12-22,22:51:34,3,1
dwHBpykTloY,hd2160,0.9122229496,91.2,t1,2025-12-22,22:51:35,3,1
dwHBpykTloY,hd2160,0.9122229496,91.2,t1,2025-12-22,22:51:36,3,1
dwHBpykTloY,hd2160,0.9304674075,93.0,t1,2025-12-22,22:51:37,3,1
dwHBpykTloY,hd2160,0.9304674075,93.0,t1,2025-12-22,22:51:38,3,1
dwHBpykTloY,hd2160,0.9304674075,93.0,t1,2025-12-22,22:51:39,3,1
dwHBpykTloY,hd2160,0.9304674075,93.0,t1,2025-12-22,22:51:40,3,1
dwHBpykTloY,hd2160,0.9487118653,94.9,t1,2025-12-22,22:51:41,3,1
dwHBpykTloY,hd2160,0.9487118653,94.9,t1,2025-12-22,22:51:42,3,1
dwHBpykTloY,hd2160,0.9487118653,94.9,t1,2025-12-22,22:51:43,3,1
dwHBpykTloY,hd2160,0.9487118653,94.9,t1,2025-12-22,22:51:44,3,1
dwHBpykTloY,hd2160,0.9487118653,94.9,t1,2025-12-22,22:51:45,3,1
dwHBpykTloY,hd2160,0.9669563268,96.7,t1,2025-12-22,22:51:46,3,1
dwHBpykTloY,hd2160,0.9669563268,96.7,t1,2025-12-22,22:51:47,3,1
dwHBpykTloY,hd2160,0.9669563268,96.7,t1,2025-12-22,22:51:48,3,1
dwHBpykTloY,hd2160,0.9669563268,96.7,t1,2025-12-22,22:51:49,3,1
dwHBpykTloY,hd2160,0.9669563268,96.7,t1,2025-12-22,22:51:50,3,1
dwHBpykTloY,hd2160,0.9852007846,98.5,t1,2025-12-22,22:51:51,3,1
dwHBpykTloY,hd2160,0.9852007846,98.5,t1,2025-12-22,22:51:52,3,1
dwHBpykTloY,hd2160,0.9852007846,98.5,t1,2025-12-22,22:51:53,3,1
dwHBpykTloY,hd2160,0.9852007846,98.5,t1,2025-12-22,22:51:54,3,1
dwHBpykTloY,hd2160,0.9852007846,98.5,t1,2025-12-22,22:51:55,3,1
dwHBpykTloY,hd2160,0.9852007846,98.5,t1,2025-12-22,22:51:56,3,1
dwHBpykTloY,hd2160,1.0,100.0,t1,2025-12-22,22:51:57,3,1
dwHBpykTloY,hd2160,1.0,100.0,t1,2025-12-22,22:51:58,3,1
dwHBpykTloY,hd2160,1.0,100.0,t1,2025-12-22,22:51:59,3,1
dwHBpykTloY,hd2160,1.0,100.0,t1,2025-12-22,22:52:00,3,1
dwHBpykTloY,hd2160,1.0,100.0,t1,2025-12-22,22:52:01,3,1
dwHBpykTloY,hd2160,1.0,100.0,t1,2025-12-22,22:52:02,3,1
dwHBpykTloY,hd2160,1.0,100.0,t1,2025-12-22,22:52:03,3,1
dwHBpykTloY,hd2160,1.0,100.0,t1,2025-12-22,22:52:04,3,1
dwHBpykTloY,hd2160,1.0,100.0,t1,2025-12-22,22:52:05,3,1
dwHBpykTloY,hd2160,1.0,100.0,t1,2025-12-22,22:52:06,3,1
dwHBpykTloY,hd2160,1.0,100.0,t1,2025-12-22,22:52:07,3,1
dwHBpykTloY,hd2160,1.0,100.0,t1,2025-12-22,22:52:08,3,1
dwHBpykTloY,hd2160,1.0,100.0,t1,2025-12-22,22:52:09,3,1
dwHBpykTloY,hd2160,1.0,100.0,t1,2025-12-22,22:52:10,3,1
dwHBpykTloY,hd2160,1.0,100.0,t1,2025-12-22,22:52:11,3,1
dwHBpykTloY,hd2160,1.0,100.0,t1,2025-12-22,22:52:12,3,1
dwHBpykTloY,hd2160,1.0,100.0,t1,2025-12-22,22:52:13,3,1
dwHBpykTloY,hd2160,1.0,100.0,t1,2025-12-22,22:52:14,3,1
dwHBpykTloY,hd2160,1.0,100.0,t1,2025-12-22,22:52:15,3,1
dwHBpykTloY,hd2160,1.0,100.0,t1,2025-12-22,22:52:16,3,1
dwHBpykTloY,hd2160,1.0,100.0,t1,2025-12-22,22:52:17,3,1
dwHBpykTloY,hd2160,1.0,100.0,t1,2025-12-22,22:52:18,3,1
dwHBpykTloY,hd2160,1.0,100.0,t1,2025-12-22,22:52:19,3,1
dwHBpykTloY,hd2160,1.0,100.0,t1,2025-12-22,22:52:20,3,1
dwHBpykTloY,hd2160,1.0,100.0,t1,2025-12-22,22:52:21,3,1
dwHBpykTloY,hd2160,1.0,100.0,t1,2025-12-22,22:52:22,3,1
dwHBpykTloY,hd2160,1.0,100.0,t1,2025-12-22,22:52:23,3,1
dwHBpykTloY,hd2160,1.0,100.0,t1,2025-12-22,22:52:24,3,1
dwHBpykTloY,hd2160,1.0,100.0,t1,2025-12-22,22:52:25,3,1
D6FRezJF3rU,hd1440,0.0,0.0,hl,2025-11-14,15:31:27,3,1
D6FRezJF3rU,hd1440,0.0,0.0,hl,2025-11-14,15:31:28,3,1
D6FRezJF3rU,hd1440,0.0,0.0,hl,2025-11-14,15:31:29,3,1
D6FRezJF3rU,hd1440,0.007845332088,0.8,hl,2025-11-14,15:31:30,3,1
D6FRezJF3rU,hd1440,0.01159744906,1.2,hl,2025-11-14,15:31:31,3,1
D6FRezJF3rU,hd1440,0.01523586439,1.5,hl,2025-11-14,15:31:32,3,1
D6FRezJF3rU,hd1440,0.01773727684,1.8,hl,2025-11-14,15:31:33,3,1
D6FRezJF3rU,hd1440,0.01785097849,1.8,hl,2025-11-14,15:31:34,3,1
D6FRezJF3rU,hd1440,0.01785097849,1.8,hl,2025-11-14,15:31:35,3,1
D6FRezJF3rU,hd1440,,0.0,hl,2025-11-14,15:31:36,3,1
D6FRezJF3rU,hd1440,,0.0,hl,2025-11-14,15:31:37,3,1
D6FRezJF3rU,hd1440,,0.0,hl,2025-11-14,15:31:38,3,1
D6FRezJF3rU,hd1440,,0.0,hl,2025-11-14,15:31:39,3,1
D6FRezJF3rU,hd1440,,0.0,hl,2025-11-14,15:31:40,3,1
D6FRezJF3rU,hd1440,,0.0,hl,2025-11-14,15:31:41,3,1
D6FRezJF3rU,hd1440,,0.0,hl,2025-11-14,15:31:42,3,1
D6FRezJF3rU,hd1440,,0.0,hl,2025-11-14,15:31:43,3,1
D6FRezJF3rU,hd1440,0.02831142469,2.8,hl,2025-11-14,15:31:44,3,1
D6FRezJF3rU,hd1440,,0.0,hl,2025-11-14,15:31:45,3,1
D6FRezJF3rU,hd1440,,0.0,hl,2025-11-14,15:31:46,3,1
D6FRezJF3rU,hd1440,,0.0,hl,2025-11-14,15:31:47,3,1
D6FRezJF3rU,hd1440,,0.0,hl,2025-11-14,15:31:48,3,1
D6FRezJF3rU,hd1440,,0.0,hl,2025-11-14,15:31:49,3,1
D6FRezJF3rU,hd1440,,0.0,hl,2025-11-14,15:31:50,3,1
D6FRezJF3rU,hd1440,,0.0,hl,2025-11-14,15:31:51,3,1
D6FRezJF3rU,hd1440,,0.0,hl,2025-11-14,15:31:52,3,1
D6FRezJF3rU,hd1440,,0.0,hl,2025-11-14,15:31:53,3,1
D6FRezJF3rU,hd1440,0.03763486801,3.8,hl,2025-11-14,15:31:54,3,1
D6FRezJF3rU,hd1440,0.03922667407,3.9,hl,2025-11-14,15:31:55,3,1
D6FRezJF3rU,hd1440,,0.0,hl,2025-11-14,15:31:56,3,1
D6FRezJF3rU,hd1440,0.04479800042,4.5,hl,2025-11-14,15:31:57,3,1
D6FRezJF3rU,hd1080,0.04820901585,4.8,hl,2025-11-14,15:31:58,3,1
D6FRezJF3rU,hd1080,0.05366664054,5.4,hl,2025-11-14,15:31:59,3,1
D6FRezJF3rU,hd1080,0.0575238277,5.8,hl,2025-11-14,15:32:00,3,1
D6FRezJF3rU,hd1080,0.07049431441,7.0,hl,2025-11-14,15:32:01,3,1
D6FRezJF3rU,hd1080,0.08004515762,8.0,hl,2025-11-14,15:32:02,3,1
D6FRezJF3rU,hd1080,0.08004515762,8.0,hl,2025-11-14,15:32:03,3,1
D6FRezJF3rU,hd1080,0.105741475,10.6,hl,2025-11-14,15:32:04,3,1
D6FRezJF3rU,hd1080,0.105741475,10.6,hl,2025-11-14,15:32:05,3,1
D6FRezJF3rU,hd1080,0.105741475,10.6,hl,2025-11-14,15:32:06,3,1
D6FRezJF3rU,hd1080,0.105741475,10.6,hl,2025-11-14,15:32:07,3,1
D6FRezJF3rU,hd1080,0.105741475,10.6,hl,2025-11-14,15:32:08,3,1
D6FRezJF3rU,hd1080,0.151903885,15.2,hl,2025-11-14,15:32:09,3,1
D6FRezJF3rU,hd1080,0.151903885,15.2,hl,2025-11-14,15:32:10,3,1
D6FRezJF3rU,hd1080,0.1658176044,16.6,hl,2025-11-14,15:32:11,3,1
D6FRezJF3rU,hd1080,0.2067075318,20.7,hl,2025-11-14,15:32:12,3,1
D6FRezJF3rU,hd1080,0.2067075318,20.7,hl,2025-11-14,15:32:13,3,1
D6FRezJF3rU,hd1080,0.2067075318,20.7,hl,2025-11-14,15:32:14,3,1
D6FRezJF3rU,hd1080,0.2385359554,23.9,hl,2025-11-14,15:32:15,3,1
D6FRezJF3rU,hd1080,0.2385359554,23.9,hl,2025-11-14,15:32:16,3,1
D6FRezJF3rU,hd1080,0.2571905602,25.7,hl,2025-11-14,15:32:17,3,1
D6FRezJF3rU,hd1080,0.2772018496,27.7,hl,2025-11-14,15:32:18,3,1
D6FRezJF3rU,hd1080,0.2772018496,27.7,hl,2025-11-14,15:32:19,3,1
D6FRezJF3rU,hd1080,0.2772018496,27.7,hl,2025-11-14,15:32:20,3,1
D6FRezJF3rU,hd1080,0.2772018496,27.7,hl,2025-11-14,15:32:21,3,1
D6FRezJF3rU,hd1080,0.2772018496,27.7,hl,2025-11-14,15:32:22,3,1
D6FRezJF3rU,hd1080,0.2772018496,27.7,hl,2025-11-14,15:32:23,3,1
D6FRezJF3rU,hd1080,0.2772018496,27.7,hl,2025-11-14,15:32:24,3,1
D6FRezJF3rU,hd1080,0.2772018496,27.7,hl,2025-11-14,15:32:25,3,1
D6FRezJF3rU,hd1080,0.2772018496,27.7,hl,2025-11-14,15:32:26,3,1
D6FRezJF3rU,hd1080,0.2977816439,29.8,hl,2025-11-14,15:32:27,3,1
D6FRezJF3rU,hd1080,0.2977816439,29.8,hl,2025-11-14,15:32:28,3,1
D6FRezJF3rU,hd1080,0.2977816439,29.8,hl,2025-11-14,15:32:29,3,1
D6FRezJF3rU,hd1080,0.3010789577,30.1,hl,2025-11-14,15:32:30,3,1
D6FRezJF3rU,hd1080,0.3148367211,31.5,hl,2025-11-14,15:32:31,3,1
D6FRezJF3rU,hd1080,0.3148367211,31.5,hl,2025-11-14,15:32:32,3,1
D6FRezJF3rU,hd1080,0.3148367211,31.5,hl,2025-11-14,15:32:33,3,1
D6FRezJF3rU,hd1080,0.3299588906,33.0,hl,2025-11-14,15:32:34,3,1
D6FRezJF3rU,hd1080,0.3299588906,33.0,hl,2025-11-14,15:32:35,3,1
D6FRezJF3rU,hd1080,0.3299588906,33.0,hl,2025-11-14,15:32:36,3,1
D6FRezJF3rU,hd1080,0.3299588906,33.0,hl,2025-11-14,15:32:37,3,1
D6FRezJF3rU,hd1080,0.3530400939,35.3,hl,2025-11-14,15:32:38,3,1
D6FRezJF3rU,hd1080,0.3530400939,35.3,hl,2025-11-14,15:32:39,3,1
D6FRezJF3rU,hd1080,0.3530400939,35.3,hl,2025-11-14,15:32:40,3,1
D6FRezJF3rU,hd1080,0.3530400939,35.3,hl,2025-11-14,15:32:41,3,1
D6FRezJF3rU,hd1080,0.3530400939,35.3,hl,2025-11-14,15:32:42,3,1
D6FRezJF3rU,hd1080,0.3530400939,35.3,hl,2025-11-14,15:32:43,3,1
D6FRezJF3rU,hd1080,0.3530400939,35.3,hl,2025-11-14,15:32:44,3,1
D6FRezJF3rU,hd1080,0.3530400939,35.3,hl,2025-11-14,15:32:45,3,1
D6FRezJF3rU,hd1080,0.3648649463,36.5,hl,2025-11-14,15:32:46,3,1
D6FRezJF3rU,hd1080,0.3648649463,36.5,hl,2025-11-14,15:32:47,3,1
D6FRezJF3rU,hd1080,0.3648649463,36.5,hl,2025-11-14,15:32:48,3,1
D6FRezJF3rU,hd1440,0.3648649463,36.5,hl,2025-11-14,15:32:49,3,1
D6FRezJF3rU,hd1440,0.3648649463,36.5,hl,2025-11-14,15:32:50,3,1
D6FRezJF3rU,hd1440,0.3648649463,36.5,hl,2025-11-14,15:32:51,3,1
D6FRezJF3rU,hd1440,0.3887420543,38.9,hl,2025-11-14,15:32:52,3,1
D6FRezJF3rU,hd1440,0.3887420543,38.9,hl,2025-11-14,15:32:53,3,1
D6FRezJF3rU,hd1440,0.3887420543,38.9,hl,2025-11-14,15:32:54,3,1
D6FRezJF3rU,hd1440,0.3887420543,38.9,hl,2025-11-14,15:32:55,3,1
D6FRezJF3rU,hd1440,0.3887420543,38.9,hl,2025-11-14,15:32:56,3,1
D6FRezJF3rU,hd1440,0.3887420543,38.9,hl,2025-11-14,15:32:57,3,1
D6FRezJF3rU,hd1440,0.3887420543,38.9,hl,2025-11-14,15:32:58,3,1
D6FRezJF3rU,hd1440,0.3887420543,38.9,hl,2025-11-14,15:32:59,3,1
D6FRezJF3rU,hd1440,0.4153479747,41.5,hl,2025-11-14,15:33:00,3,1
D6FRezJF3rU,hd1440,0.4153479747,41.5,hl,2025-11-14,15:33:01,3,1
D6FRezJF3rU,hd1440,0.4153479747,41.5,hl,2025-11-14,15:33:02,3,1
D6FRezJF3rU,hd1440,0.4153479747,41.5,hl,2025-11-14,15:33:03,3,1
D6FRezJF3rU,hd1440,0.4153479747,41.5,hl,2025-11-14,15:33:04,3,1
D6FRezJF3rU,hd1440,0.4153479747,41.5,hl,2025-11-14,15:33:05,3,1
D6FRezJF3rU,hd1440,0.4153479747,41.5,hl,2025-11-14,15:33:06,3,1
D6FRezJF3rU,hd1440,0.4153479747,41.5,hl,2025-11-14,15:33:07,3,1
D6FRezJF3rU,hd1440,0.4153479747,41.5,hl,2025-11-14,15:33:08,3,1
D6FRezJF3rU,hd1440,0.433767458,43.4,hl,2025-11-14,15:33:09,3,1
D6FRezJF3rU,hd1440,0.433767458,43.4,hl,2025-11-14,15:33:10,3,1
D6FRezJF3rU,hd1440,0.4483211261,44.8,hl,2025-11-14,15:33:11,3,1
D6FRezJF3rU,hd1440,0.4483211261,44.8,hl,2025-11-14,15:33:12,3,1
D6FRezJF3rU,hd1440,0.4483211261,44.8,hl,2025-11-14,15:33:13,3,1
D6FRezJF3rU,hd1440,0.4483211261,44.8,hl,2025-11-14,15:33:14,3,1
D6FRezJF3rU,hd1440,0.4483211261,44.8,hl,2025-11-14,15:33:15,3,1
D6FRezJF3rU,hd1440,0.4483211261,44.8,hl,2025-11-14,15:33:16,3,1
D6FRezJF3rU,hd1440,0.4483211261,44.8,hl,2025-11-14,15:33:17,3,1
D6FRezJF3rU,hd1440,0.4638980955,46.4,hl,2025-11-14,15:33:18,3,1
D6FRezJF3rU,hd1440,0.4638980955,46.4,hl,2025-11-14,15:33:19,3,1
D6FRezJF3rU,hd1440,0.4638980955,46.4,hl,2025-11-14,15:33:20,3,1
D6FRezJF3rU,hd1440,0.4721982342,47.2,hl,2025-11-14,15:33:21,3,1
D6FRezJF3rU,hd1440,0.4721982342,47.2,hl,2025-11-14,15:33:22,3,1
D6FRezJF3rU,hd1440,0.4886848065,48.9,hl,2025-11-14,15:33:23,3,1
D6FRezJF3rU,hd1440,0.4886848065,48.9,hl,2025-11-14,15:33:24,3,1
D6FRezJF3rU,hd1440,0.4886848065,48.9,hl,2025-11-14,15:33:25,3,1
D6FRezJF3rU,hd1440,0.4886848065,48.9,hl,2025-11-14,15:33:26,3,1
D6FRezJF3rU,hd1440,0.4922095236,49.2,hl,2025-11-14,15:33:27,3,1
D6FRezJF3rU,hd1440,0.4922095236,49.2,hl,2025-11-14,15:33:28,3,1
D6FRezJF3rU,hd1440,0.5139263207,51.4,hl,2025-11-14,15:33:29,3,1
D6FRezJF3rU,hd1440,0.5139263207,51.4,hl,2025-11-14,15:33:30,3,1
D6FRezJF3rU,hd1440,0.5139263207,51.4,hl,2025-11-14,15:33:31,3,1
D6FRezJF3rU,hd1440,0.5139263207,51.4,hl,2025-11-14,15:33:32,3,1
D6FRezJF3rU,hd1440,0.5139263207,51.4,hl,2025-11-14,15:33:33,3,1
D6FRezJF3rU,hd1440,0.5139263207,51.4,hl,2025-11-14,15:33:34,3,1
D6FRezJF3rU,hd1440,0.5139263207,51.4,hl,2025-11-14,15:33:35,3,1
D6FRezJF3rU,hd1440,0.5139263207,51.4,hl,2025-11-14,15:33:36,3,1
D6FRezJF3rU,hd1440,0.529844395,53.0,hl,2025-11-14,15:33:37,3,1
D6FRezJF3rU,hd1440,0.529844395,53.0,hl,2025-11-14,15:33:38,3,1
D6FRezJF3rU,hd1440,0.5470131704,54.7,hl,2025-11-14,15:33:39,3,1
D6FRezJF3rU,hd1440,0.5470131704,54.7,hl,2025-11-14,15:33:40,3,1
D6FRezJF3rU,hd1440,0.5470131704,54.7,hl,2025-11-14,15:33:41,3,1
D6FRezJF3rU,hd1440,0.5470131704,54.7,hl,2025-11-14,15:33:42,3,1
D6FRezJF3rU,hd1440,0.5470131704,54.7,hl,2025-11-14,15:33:43,3,1
D6FRezJF3rU,hd1440,0.5470131704,54.7,hl,2025-11-14,15:33:44,3,1
D6FRezJF3rU,hd1440,0.5471268721,54.7,hl,2025-11-14,15:33:45,3,1
D6FRezJF3rU,hd1440,0.5473542719,54.7,hl,2025-11-14,15:33:46,3,1
D6FRezJF3rU,hd1440,0.5475816752,54.8,hl,2025-11-14,15:33:47,3,1
D6FRezJF3rU,hd1440,0.5475816752,54.8,hl,2025-11-14,15:33:48,3,1
D6FRezJF3rU,hd1440,0.5475816752,54.8,hl,2025-11-14,15:33:49,3,1
D6FRezJF3rU,hd1440,0.5478090751,54.8,hl,2025-11-14,15:33:50,3,1
D6FRezJF3rU,hd1440,0.548036475,54.8,hl,2025-11-14,15:33:51,3,1
D6FRezJF3rU,hd1440,0.5489460814,54.9,hl,2025-11-14,15:33:52,3,1
D6FRezJF3rU,hd1440,0.5503104876,55.0,hl,2025-11-14,15:33:53,3,1
D6FRezJF3rU,hd1440,0.5503104876,55.0,hl,2025-11-14,15:33:54,3,1
D6FRezJF3rU,hd1440,0.5503104876,55.0,hl,2025-11-14,15:33:55,3,1
D6FRezJF3rU,hd1440,0.5503104876,55.0,hl,2025-11-14,15:33:56,3,1
D6FRezJF3rU,hd1440,0.5503104876,55.0,hl,2025-11-14,15:33:57,3,1
D6FRezJF3rU,hd1440,0.5675929647,56.8,hl,2025-11-14,15:33:58,3,1
D6FRezJF3rU,hd1440,0.5710039801,57.1,hl,2025-11-14,15:33:59,3,1
D6FRezJF3rU,hd1440,0.5710039801,57.1,hl,2025-11-14,15:34:00,3,1
D6FRezJF3rU,hd1440,0.5710039801,57.1,hl,2025-11-14,15:34:01,3,1
D6FRezJF3rU,hd1440,0.5923796757,59.2,hl,2025-11-14,15:34:02,3,1
D6FRezJF3rU,hd1440,0.5923796757,59.2,hl,2025-11-14,15:34:03,3,1
D6FRezJF3rU,hd1440,0.5923796757,59.2,hl,2025-11-14,15:34:04,3,1
D6FRezJF3rU,hd1440,0.6060237374,60.6,hl,2025-11-14,15:34:05,3,1
D6FRezJF3rU,hd1440,0.6060237374,60.6,hl,2025-11-14,15:34:06,3,1
D6FRezJF3rU,hd1440,0.6299008454,63.0,hl,2025-11-14,15:34:07,3,1
D6FRezJF3rU,hd1440,0.6299008454,63.0,hl,2025-11-14,15:34:08,3,1
D6FRezJF3rU,hd1440,0.6474488944,64.7,hl,2025-11-14,15:34:09,3,1
D6FRezJF3rU,hd1440,0.653209452,65.3,hl,2025-11-14,15:34:10,3,1
D6FRezJF3rU,hd1440,0.653209452,65.3,hl,2025-11-14,15:34:11,3,1
D6FRezJF3rU,hd1440,0.653209452,65.3,hl,2025-11-14,15:34:12,3,1
D6FRezJF3rU,hd1440,0.653209452,65.3,hl,2025-11-14,15:34:13,3,1
D6FRezJF3rU,hd1440,0.653209452,65.3,hl,2025-11-14,15:34:14,3,1
D6FRezJF3rU,hd1440,0.653209452,65.3,hl,2025-11-14,15:34:15,3,1
D6FRezJF3rU,hd1440,0.653209452,65.3,hl,2025-11-14,15:34:16,3,1
D6FRezJF3rU,hd1440,0.6714015355,67.1,hl,2025-11-14,15:34:17,3,1
D6FRezJF3rU,hd1440,0.6714015355,67.1,hl,2025-11-14,15:34:18,3,1
D6FRezJF3rU,hd1440,0.6714015355,67.1,hl,2025-11-14,15:34:19,3,1
D6FRezJF3rU,hd1440,0.6714015355,67.1,hl,2025-11-14,15:34:20,3,1
D6FRezJF3rU,hd1440,0.6714015355,67.1,hl,2025-11-14,15:34:21,3,1
D6FRezJF3rU,hd1440,0.6714015355,67.1,hl,2025-11-14,15:34:22,3,1
D6FRezJF3rU,hd1440,0.6724248401,67.2,hl,2025-11-14,15:34:23,3,1
D6FRezJF3rU,hd1440,0.6970978495,69.7,hl,2025-11-14,15:34:24,3,1
D6FRezJF3rU,hd1440,0.6970978495,69.7,hl,2025-11-14,15:34:25,3,1
D6FRezJF3rU,hd1440,0.6970978495,69.7,hl,2025-11-14,15:34:26,3,1
D6FRezJF3rU,hd1440,0.6970978495,69.7,hl,2025-11-14,15:34:27,3,1
D6FRezJF3rU,hd1440,0.6970978495,69.7,hl,2025-11-14,15:34:28,3,1
D6FRezJF3rU,hd1440,0.6970978495,69.7,hl,2025-11-14,15:34:29,3,1
D6FRezJF3rU,hd1440,0.6970978495,69.7,hl,2025-11-14,15:34:30,3,1
D6FRezJF3rU,hd1440,0.6970978495,69.7,hl,2025-11-14,15:34:31,3,1
D6FRezJF3rU,hd1440,0.7226804652,72.3,hl,2025-11-14,15:34:32,3,1
D6FRezJF3rU,hd1440,0.7226804652,72.3,hl,2025-11-14,15:34:33,3,1
D6FRezJF3rU,hd1440,0.7226804652,72.3,hl,2025-11-14,15:34:34,3,1
D6FRezJF3rU,hd1440,0.7226804652,72.3,hl,2025-11-14,15:34:35,3,1
D6FRezJF3rU,hd1440,0.7226804652,72.3,hl,2025-11-14,15:34:36,3,1
D6FRezJF3rU,hd1440,0.7226804652,72.3,hl,2025-11-14,15:34:37,3,1
D6FRezJF3rU,hd1440,0.7447383673,74.5,hl,2025-11-14,15:34:38,3,1
D6FRezJF3rU,hd1440,0.7447383673,74.5,hl,2025-11-14,15:34:39,3,1
D6FRezJF3rU,hd1440,0.7447383673,74.5,hl,2025-11-14,15:34:40,3,1
D6FRezJF3rU,hd1440,0.7447383673,74.5,hl,2025-11-14,15:34:41,3,1
D6FRezJF3rU,hd1440,0.7447383673,74.5,hl,2025-11-14,15:34:42,3,1
D6FRezJF3rU,hd1440,0.7447383673,74.5,hl,2025-11-14,15:34:43,3,1
D6FRezJF3rU,hd1440,0.7447383673,74.5,hl,2025-11-14,15:34:44,3,1
D6FRezJF3rU,hd1440,0.7631578506,76.3,hl,2025-11-14,15:34:45,3,1
D6FRezJF3rU,hd1440,0.7631578506,76.3,hl,2025-11-14,15:34:46,3,1
D6FRezJF3rU,hd1440,0.7833965399,78.3,hl,2025-11-14,15:34:47,3,1
D6FRezJF3rU,hd1440,0.7833965399,78.3,hl,2025-11-14,15:34:48,3,1
D6FRezJF3rU,hd1440,0.7833965399,78.3,hl,2025-11-14,15:34:49,3,1
D6FRezJF3rU,hd1440,0.7833965399,78.3,hl,2025-11-14,15:34:50,3,1
D6FRezJF3rU,hd1440,0.7833965399,78.3,hl,2025-11-14,15:34:51,3,1
D6FRezJF3rU,hd1440,0.7833965399,78.3,hl,2025-11-14,15:34:52,3,1
D6FRezJF3rU,hd1440,0.7833965399,78.3,hl,2025-11-14,15:34:53,3,1
D6FRezJF3rU,hd1440,0.7835102416,78.4,hl,2025-11-14,15:34:54,3,1
D6FRezJF3rU,hd1440,0.7835102416,78.4,hl,2025-11-14,15:34:55,3,1
D6FRezJF3rU,hd1440,0.7885130631,78.9,hl,2025-11-14,15:34:56,3,1
D6FRezJF3rU,hd1440,0.7889678663,78.9,hl,2025-11-14,15:34:57,3,1
D6FRezJF3rU,hd1440,0.7889678663,78.9,hl,2025-11-14,15:34:58,3,1
D6FRezJF3rU,hd1440,0.7889678663,78.9,hl,2025-11-14,15:34:59,3,1
D6FRezJF3rU,hd1440,0.802611928,80.3,hl,2025-11-14,15:35:00,3,1
D6FRezJF3rU,hd1440,0.802611928,80.3,hl,2025-11-14,15:35:01,3,1
D6FRezJF3rU,hd1440,0.802611928,80.3,hl,2025-11-14,15:35:02,3,1
D6FRezJF3rU,hd1440,0.8030667312,80.3,hl,2025-11-14,15:35:03,3,1
D6FRezJF3rU,hd1440,0.803521531,80.4,hl,2025-11-14,15:35:04,3,1
D6FRezJF3rU,hd1440,0.803521531,80.4,hl,2025-11-14,15:35:05,3,1
D6FRezJF3rU,hd1440,0.803521531,80.4,hl,2025-11-14,15:35:06,3,1
D6FRezJF3rU,hd1440,0.803521531,80.4,hl,2025-11-14,15:35:08,3,1
D6FRezJF3rU,hd1440,0.803521531,80.4,hl,2025-11-14,15:35:07,3,1
D6FRezJF3rU,hd1440,0.803521531,80.4,hl,2025-11-14,15:35:09,3,1
D6FRezJF3rU,hd1440,0.803521531,80.4,hl,2025-11-14,15:35:10,3,1
D6FRezJF3rU,hd1440,0.803521531,80.4,hl,2025-11-14,15:35:11,3,1
D6FRezJF3rU,hd1440,0.803521531,80.4,hl,2025-11-14,15:35:12,3,1
D6FRezJF3rU,hd1440,0.803521531,80.4,hl,2025-11-14,15:35:13,3,1
D6FRezJF3rU,hd1440,0.803521531,80.4,hl,2025-11-14,15:35:14,3,1
D6FRezJF3rU,hd1440,0.8039763342,80.4,hl,2025-11-14,15:35:18,3,1
D6FRezJF3rU,hd1440,0.8039763342,80.4,hl,2025-11-14,15:35:15,3,1
D6FRezJF3rU,hd1440,0.8039763342,80.4,hl,2025-11-14,15:35:17,3,1
D6FRezJF3rU,hd1440,0.8039763342,80.4,hl,2025-11-14,15:35:16,3,1
D6FRezJF3rU,hd1440,0.8070462481,80.7,hl,2025-11-14,15:35:23,3,1
D6FRezJF3rU,hd1440,0.8039763342,80.4,hl,2025-11-14,15:35:20,3,1
D6FRezJF3rU,hd1440,0.8039763342,80.4,hl,2025-11-14,15:35:19,3,1
D6FRezJF3rU,hd1440,0.8070462481,80.7,hl,2025-11-14,15:35:21,3,1
D6FRezJF3rU,hd1440,0.8070462481,80.7,hl,2025-11-14,15:35:22,3,1
D6FRezJF3rU,hd1440,0.8070462481,80.7,hl,2025-11-14,15:35:24,3,1
D6FRezJF3rU,hd1440,0.810798365,81.1,hl,2025-11-14,15:35:25,3,1
D6FRezJF3rU,hd1440,0.8144367804,81.4,hl,2025-11-14,15:35:26,3,1
D6FRezJF3rU,hd1440,0.8144367804,81.4,hl,2025-11-14,15:35:27,3,1
D6FRezJF3rU,hd1440,0.8144367804,81.4,hl,2025-11-14,15:35:28,3,1
D6FRezJF3rU,hd1440,0.8144367804,81.4,hl,2025-11-14,15:35:29,3,1
D6FRezJF3rU,hd1440,0.8256931313,82.6,hl,2025-11-14,15:35:30,3,1
D6FRezJF3rU,hd1440,0.8256931313,82.6,hl,2025-11-14,15:35:32,3,1
D6FRezJF3rU,hd1440,0.8256931313,82.6,hl,2025-11-14,15:35:31,3,1
D6FRezJF3rU,hd1440,0.8256931313,82.6,hl,2025-11-14,15:35:33,3,1
D6FRezJF3rU,hd1440,0.8256931313,82.6,hl,2025-11-14,15:35:34,3,1
D6FRezJF3rU,hd1440,0.8494565411,84.9,hl,2025-11-14,15:35:35,3,1
D6FRezJF3rU,hd1440,0.8494565411,84.9,hl,2025-11-14,15:35:36,3,1
D6FRezJF3rU,hd1440,0.8494565411,84.9,hl,2025-11-14,15:35:37,3,1
D6FRezJF3rU,hd1440,0.8494565411,84.9,hl,2025-11-14,15:35:38,3,1
D6FRezJF3rU,hd1440,0.8494565411,84.9,hl,2025-11-14,15:35:39,3,1
D6FRezJF3rU,hd1440,0.8519053639,85.2,hl,2025-11-14,15:35:41,3,1
D6FRezJF3rU,hd1440,0.8519053639,85.2,hl,2025-11-14,15:35:40,3,1
D6FRezJF3rU,hd1440,0.8519053639,85.2,hl,2025-11-14,15:35:43,3,1
D6FRezJF3rU,hd1440,0.8519053639,85.2,hl,2025-11-14,15:35:42,3,1
D6FRezJF3rU,hd1440,0.8519053639,85.2,hl,2025-11-14,15:35:44,3,1
D6FRezJF3rU,hd1440,0.8519053639,85.2,hl,2025-11-14,15:35:45,3,1
D6FRezJF3rU,hd1440,0.8519053639,85.2,hl,2025-11-14,15:35:46,3,1
D6FRezJF3rU,hd1440,0.8659447082,86.6,hl,2025-11-14,15:35:47,3,1
D6FRezJF3rU,hd720,0.870718535,87.1,hl,2025-11-14,15:35:50,3,1
D6FRezJF3rU,hd720,0.870718535,87.1,hl,2025-11-14,15:35:48,3,1
D6FRezJF3rU,hd720,0.870718535,87.1,hl,2025-11-14,15:35:49,3,1
D6FRezJF3rU,hd720,0.870718535,87.1,hl,2025-11-14,15:35:51,3,1
D6FRezJF3rU,hd720,0.8848228555,88.5,hl,2025-11-14,15:35:52,3,1
D6FRezJF3rU,hd720,0.8848228555,88.5,hl,2025-11-14,15:35:53,3,1
D6FRezJF3rU,hd720,0.8848228555,88.5,hl,2025-11-14,15:35:54,3,1
D6FRezJF3rU,hd720,0.8848228555,88.5,hl,2025-11-14,15:35:55,3,1
D6FRezJF3rU,hd720,0.905950024,90.6,hl,2025-11-14,15:35:56,3,1
D6FRezJF3rU,hd720,0.9106274156,91.1,hl,2025-11-14,15:35:57,3,1
D6FRezJF3rU,hd720,0.9106274156,91.1,hl,2025-11-14,15:35:58,3,1
D6FRezJF3rU,hd720,0.9473865352,94.7,hl,2025-11-14,15:35:59,3,1
D6FRezJF3rU,hd720,0.9473865352,94.7,hl,2025-11-14,15:36:00,3,1
D6FRezJF3rU,hd720,0.9513393603,95.1,hl,2025-11-14,15:36:01,3,1
D6FRezJF3rU,hd720,0.9704901162,97.0,hl,2025-11-14,15:36:02,3,1
D6FRezJF3rU,hd720,0.9704901162,97.0,hl,2025-11-14,15:36:03,3,1
D6FRezJF3rU,hd1080,0.9729435939,97.3,hl,2025-11-14,15:36:06,3,1
D6FRezJF3rU,hd720,0.9704901162,97.0,hl,2025-11-14,15:36:04,3,1
D6FRezJF3rU,hd1080,0.9721939201,97.2,hl,2025-11-14,15:36:05,3,1
D6FRezJF3rU,hd1080,0.9729435939,97.3,hl,2025-11-14,15:36:07,3,1
D6FRezJF3rU,hd1080,0.9729435939,97.3,hl,2025-11-14,15:36:08,3,1
D6FRezJF3rU,hd1080,0.9729435939,97.3,hl,2025-11-14,15:36:09,3,1
D6FRezJF3rU,hd1080,0.9863014165,98.6,hl,2025-11-14,15:36:10,3,1
D6FRezJF3rU,hd1080,0.9863014165,98.6,hl,2025-11-14,15:36:11,3,1
D6FRezJF3rU,hd1080,0.9863014165,98.6,hl,2025-11-14,15:36:12,3,1
D6FRezJF3rU,hd1080,0.9863014165,98.6,hl,2025-11-14,15:36:13,3,1
D6FRezJF3rU,hd1080,1.0,100.0,hl,2025-11-14,15:36:14,3,1
D6FRezJF3rU,hd1080,1.0,100.0,hl,2025-11-14,15:36:15,3,1
D6FRezJF3rU,hd1080,1.0,100.0,hl,2025-11-14,15:36:16,3,1
D6FRezJF3rU,hd1080,1.0,100.0,hl,2025-11-14,15:36:17,3,1
D6FRezJF3rU,hd1080,1.0,100.0,hl,2025-11-14,15:36:18,3,1
D6FRezJF3rU,hd1080,1.0,100.0,hl,2025-11-14,15:36:19,3,1
D6FRezJF3rU,hd1080,1.0,100.0,hl,2025-11-14,15:36:20,3,1
D6FRezJF3rU,hd1080,1.0,100.0,hl,2025-11-14,15:36:21,3,1
D6FRezJF3rU,hd1080,1.0,100.0,hl,2025-11-14,15:36:22,3,1
D6FRezJF3rU,hd1080,1.0,100.0,hl,2025-11-14,15:36:24,3,1
D6FRezJF3rU,hd1080,1.0,100.0,hl,2025-11-14,15:36:23,3,1
D6FRezJF3rU,hd1080,1.0,100.0,hl,2025-11-14,15:36:25,3,1
D6FRezJF3rU,hd1080,1.0,100.0,hl,2025-11-14,15:36:26,3,1
D6FRezJF3rU,hd1080,1.0,100.0,hl,2025-11-14,15:36:27,3,1
D6FRezJF3rU,hd1080,1.0,100.0,hl,2025-11-14,15:36:28,3,1
D6FRezJF3rU,hd1080,1.0,100.0,hl,2025-11-14,15:36:29,3,1
D6FRezJF3rU,hd1080,1.0,100.0,hl,2025-11-14,15:36:30,3,1
D6FRezJF3rU,hd1080,1.0,100.0,hl,2025-11-14,15:36:31,3,1
D6FRezJF3rU,hd1080,1.0,100.0,hl,2025-11-14,15:36:32,3,1
D6FRezJF3rU,hd1080,1.0,100.0,hl,2025-11-14,15:36:33,3,1
D6FRezJF3rU,hd1080,1.0,100.0,hl,2025-11-14,15:36:34,3,1
D6FRezJF3rU,hd1080,1.0,100.0,hl,2025-11-14,15:36:35,3,1
D6FRezJF3rU,hd1080,1.0,100.0,hl,2025-11-14,15:36:36,3,1
D6FRezJF3rU,hd1080,1.0,100.0,hl,2025-11-14,15:36:37,3,1
D6FRezJF3rU,hd1080,1.0,100.0,hl,2025-11-14,15:36:38,3,1
D6FRezJF3rU,hd1080,1.0,100.0,hl,2025-11-14,15:36:39,3,1
D6FRezJF3rU,hd1080,1.0,100.0,hl,2025-11-14,15:36:40,3,1
D6FRezJF3rU,hd1080,1.0,100.0,hl,2025-11-14,15:36:41,3,1
D6FRezJF3rU,hd1080,1.0,100.0,hl,2025-11-14,15:36:42,3,1
D6FRezJF3rU,hd1080,1.0,100.0,hl,2025-11-14,15:36:43,3,1
D6FRezJF3rU,hd1080,1.0,100.0,hl,2025-11-14,15:36:44,3,1
D6FRezJF3rU,hd1080,1.0,100.0,hl,2025-11-14,15:36:45,3,1
nV_hd6bLXmw,hd2160,0.0,0.0,h8,2025-11-05,14:46:28,3,1
nV_hd6bLXmw,hd2160,0.0,0.0,h8,2025-11-05,14:46:29,3,1
nV_hd6bLXmw,hd2160,0.04630803756,4.6,h8,2025-11-05,14:46:30,3,1
nV_hd6bLXmw,hd2160,0.04897965563,4.9,h8,2025-11-05,14:46:31,3,1
nV_hd6bLXmw,hd2160,0.04897965563,4.9,h8,2025-11-05,14:46:32,3,1
nV_hd6bLXmw,hd2160,0.05432289176,5.4,h8,2025-11-05,14:46:33,3,1
nV_hd6bLXmw,hd2160,0.05451436663,5.5,h8,2025-11-05,14:46:34,3,1
nV_hd6bLXmw,hd1440,0.08059380719,8.1,h8,2025-11-05,14:46:35,3,1
nV_hd6bLXmw,hd1440,0.08059380719,8.1,h8,2025-11-05,14:46:36,3,1
nV_hd6bLXmw,hd1440,,0.0,h8,2025-11-05,14:46:37,3,1
nV_hd6bLXmw,hd1440,,0.0,h8,2025-11-05,14:46:38,3,1
nV_hd6bLXmw,hd1440,,0.0,h8,2025-11-05,14:46:39,3,1
nV_hd6bLXmw,hd1440,,0.0,h8,2025-11-05,14:46:40,3,1
nV_hd6bLXmw,hd1440,0.1536180254,15.4,h8,2025-11-05,14:46:41,3,1
nV_hd6bLXmw,hd1440,0.1709969143,17.1,h8,2025-11-05,14:46:42,3,1
nV_hd6bLXmw,hd1440,0.217736859,21.8,h8,2025-11-05,14:46:43,3,1
nV_hd6bLXmw,hd1080,0.2404456125,24.0,h8,2025-11-05,14:46:44,3,1
nV_hd6bLXmw,hd1080,,0.0,h8,2025-11-05,14:46:45,3,1
nV_hd6bLXmw,hd1080,1.0,100.0,h8,2025-11-05,14:46:46,3,1
nV_hd6bLXmw,hd1080,1.0,100.0,h8,2025-11-05,14:46:47,3,1
nV_hd6bLXmw,hd1080,0.2404456125,24.0,h8,2025-11-05,14:46:48,3,1
nV_hd6bLXmw,hd1080,0.2404456125,24.0,h8,2025-11-05,14:46:49,3,1
nV_hd6bLXmw,hd1080,0.2404456125,24.0,h8,2025-11-05,14:46:50,3,1
nV_hd6bLXmw,hd1080,0.2404456125,24.0,h8,2025-11-05,14:46:51,3,1
nV_hd6bLXmw,hd1080,0.2404456125,24.0,h8,2025-11-05,14:46:52,3,1
nV_hd6bLXmw,hd1080,0.4007426965,40.1,h8,2025-11-05,14:46:53,3,1
nV_hd6bLXmw,hd1080,0.4007426965,40.1,h8,2025-11-05,14:46:54,3,1
nV_hd6bLXmw,hd1080,0.4007426965,40.1,h8,2025-11-05,14:46:55,3,1
nV_hd6bLXmw,hd1080,0.4007426965,40.1,h8,2025-11-05,14:46:56,3,1
nV_hd6bLXmw,hd1080,0.4007426965,40.1,h8,2025-11-05,14:46:57,3,1
nV_hd6bLXmw,hd1080,0.4808912384,48.1,h8,2025-11-05,14:46:58,3,1
nV_hd6bLXmw,hd1080,0.4808912384,48.1,h8,2025-11-05,14:46:59,3,1
nV_hd6bLXmw,hd1080,0.4808912384,48.1,h8,2025-11-05,14:47:00,3,1
nV_hd6bLXmw,hd1080,0.4808912384,48.1,h8,2025-11-05,14:47:01,3,1
nV_hd6bLXmw,hd1080,0.4808912384,48.1,h8,2025-11-05,14:47:02,3,1
nV_hd6bLXmw,hd1080,0.4808912384,48.1,h8,2025-11-05,14:47:03,3,1
nV_hd6bLXmw,hd1080,0.5610397804,56.1,h8,2025-11-05,14:47:04,3,1
nV_hd6bLXmw,hd1080,0.5610397804,56.1,h8,2025-11-05,14:47:05,3,1
nV_hd6bLXmw,hd1080,0.5610397804,56.1,h8,2025-11-05,14:47:06,3,1
nV_hd6bLXmw,hd1080,0.5610397804,56.1,h8,2025-11-05,14:47:07,3,1
nV_hd6bLXmw,hd1080,0.5610397804,56.1,h8,2025-11-05,14:47:08,3,1
nV_hd6bLXmw,hd1080,0.5610397804,56.1,h8,2025-11-05,14:47:09,3,1
nV_hd6bLXmw,hd1080,0.5610397804,56.1,h8,2025-11-05,14:47:10,3,1
nV_hd6bLXmw,hd1080,0.5610397804,56.1,h8,2025-11-05,14:47:11,3,1
nV_hd6bLXmw,hd1080,0.5610397804,56.1,h8,2025-11-05,14:47:12,3,1
nV_hd6bLXmw,hd1080,0.5610397804,56.1,h8,2025-11-05,14:47:13,3,1
nV_hd6bLXmw,hd1080,0.5610397804,56.1,h8,2025-11-05,14:47:14,3,1
nV_hd6bLXmw,hd1080,0.5610397804,56.1,h8,2025-11-05,14:47:15,3,1
nV_hd6bLXmw,hd1080,0.5610397804,56.1,h8,2025-11-05,14:47:16,3,1
nV_hd6bLXmw,hd1080,0.5610397804,56.1,h8,2025-11-05,14:47:17,3,1
nV_hd6bLXmw,hd1080,0.7213368643,72.1,h8,2025-11-05,14:47:18,3,1
nV_hd6bLXmw,hd1080,0.7213368643,72.1,h8,2025-11-05,14:47:19,3,1
nV_hd6bLXmw,hd1080,0.7213368643,72.1,h8,2025-11-05,14:47:20,3,1
nV_hd6bLXmw,hd1080,0.7213368643,72.1,h8,2025-11-05,14:47:21,3,1
nV_hd6bLXmw,hd1080,0.8014854063,80.1,h8,2025-11-05,14:47:22,3,1
nV_hd6bLXmw,hd1080,0.8014854063,80.1,h8,2025-11-05,14:47:23,3,1
nV_hd6bLXmw,hd1080,0.8014854063,80.1,h8,2025-11-05,14:47:24,3,1
nV_hd6bLXmw,hd1080,0.8014854063,80.1,h8,2025-11-05,14:47:25,3,1
nV_hd6bLXmw,hd1080,0.8014854063,80.1,h8,2025-11-05,14:47:26,3,1
nV_hd6bLXmw,hd1080,0.8014854063,80.1,h8,2025-11-05,14:47:27,3,1
nV_hd6bLXmw,hd1080,0.8014854063,80.1,h8,2025-11-05,14:47:28,3,1
nV_hd6bLXmw,hd1080,0.8014854063,80.1,h8,2025-11-05,14:47:29,3,1
nV_hd6bLXmw,hd1080,0.8014854063,80.1,h8,2025-11-05,14:47:30,3,1
nV_hd6bLXmw,hd1080,0.8014854063,80.1,h8,2025-11-05,14:47:31,3,1
nV_hd6bLXmw,hd1080,0.8014854063,80.1,h8,2025-11-05,14:47:32,3,1
nV_hd6bLXmw,hd1080,0.8014987777,80.1,h8,2025-11-05,14:47:33,3,1
nV_hd6bLXmw,hd1080,0.8904636593,89.0,h8,2025-11-05,14:47:34,3,1
nV_hd6bLXmw,hd1080,0.9493149437,94.9,h8,2025-11-05,14:47:35,3,1
nV_hd6bLXmw,hd1080,0.9493149437,94.9,h8,2025-11-05,14:47:36,3,1
nV_hd6bLXmw,hd1080,0.9493149437,94.9,h8,2025-11-05,14:47:37,3,1
nV_hd6bLXmw,hd1080,0.9493149437,94.9,h8,2025-11-05,14:47:38,3,1
nV_hd6bLXmw,hd1080,0.9493149437,94.9,h8,2025-11-05,14:47:39,3,1
nV_hd6bLXmw,hd1080,1.0,100.0,h8,2025-11-05,14:47:40,3,1
nV_hd6bLXmw,hd1080,1.0,100.0,h8,2025-11-05,14:47:41,3,1
nV_hd6bLXmw,hd1080,1.0,100.0,h8,2025-11-05,14:47:42,3,1
nV_hd6bLXmw,hd1080,1.0,100.0,h8,2025-11-05,14:47:43,3,1
nV_hd6bLXmw,hd1080,1.0,100.0,h8,2025-11-05,14:47:44,3,1
nV_hd6bLXmw,hd1080,1.0,100.0,h8,2025-11-05,14:47:45,3,1
nV_hd6bLXmw,hd1080,1.0,100.0,h8,2025-11-05,14:47:46,3,1
nV_hd6bLXmw,hd1080,1.0,100.0,h8,2025-11-05,14:47:47,3,1
nV_hd6bLXmw,hd1080,1.0,100.0,h8,2025-11-05,14:47:48,3,1
nV_hd6bLXmw,hd1080,1.0,100.0,h8,2025-11-05,14:47:49,3,1
nV_hd6bLXmw,hd1080,1.0,100.0,h8,2025-11-05,14:47:50,3,1
nV_hd6bLXmw,hd1080,1.0,100.0,h8,2025-11-05,14:47:51,3,1
nV_hd6bLXmw,hd1080,1.0,100.0,h8,2025-11-05,14:47:52,3,1
nV_hd6bLXmw,hd1080,1.0,100.0,h8,2025-11-05,14:47:53,3,1
nV_hd6bLXmw,hd1080,1.0,100.0,h8,2025-11-05,14:47:54,3,1
nV_hd6bLXmw,hd1080,1.0,100.0,h8,2025-11-05,14:47:55,3,1
nV_hd6bLXmw,hd1080,1.0,100.0,h8,2025-11-05,14:47:56,3,1
nV_hd6bLXmw,hd1080,1.0,100.0,h8,2025-11-05,14:47:57,3,1
nV_hd6bLXmw,hd1080,1.0,100.0,h8,2025-11-05,14:47:58,3,1
nV_hd6bLXmw,hd1080,1.0,100.0,h8,2025-11-05,14:47:59,3,1
nV_hd6bLXmw,hd1080,1.0,100.0,h8,2025-11-05,14:48:00,3,1
nV_hd6bLXmw,hd1080,1.0,100.0,h8,2025-11-05,14:48:01,3,1
nV_hd6bLXmw,hd1080,1.0,100.0,h8,2025-11-05,14:48:02,3,1
nV_hd6bLXmw,hd1080,1.0,100.0,h8,2025-11-05,14:48:03,3,1
nV_hd6bLXmw,hd1080,1.0,100.0,h8,2025-11-05,14:48:04,3,1
nV_hd6bLXmw,hd1080,1.0,100.0,h8,2025-11-05,14:48:05,3,1
nV_hd6bLXmw,hd1080,1.0,100.0,h8,2025-11-05,14:48:06,3,1
nV_hd6bLXmw,hd1080,1.0,100.0,h8,2025-11-05,14:48:07,3,1
nV_hd6bLXmw,hd1080,1.0,100.0,h8,2025-11-05,14:48:08,3,1
nV_hd6bLXmw,hd1080,1.0,100.0,h8,2025-11-05,14:48:09,3,1
nV_hd6bLXmw,hd1080,1.0,100.0,h8,2025-11-05,14:48:10,3,1
nV_hd6bLXmw,hd1080,1.0,100.0,h8,2025-11-05,14:48:11,3,1
nV_hd6bLXmw,hd1080,1.0,100.0,h8,2025-11-05,14:48:12,3,1
nV_hd6bLXmw,hd1080,1.0,100.0,h8,2025-11-05,14:48:13,3,1
nV_hd6bLXmw,hd1080,1.0,100.0,h8,2025-11-05,14:48:14,3,1
nV_hd6bLXmw,hd1080,1.0,100.0,h8,2025-11-05,14:48:15,3,1
nV_hd6bLXmw,hd1080,1.0,100.0,h8,2025-11-05,14:48:16,3,1
nV_hd6bLXmw,hd1080,1.0,100.0,h8,2025-11-05,14:48:17,3,1
nV_hd6bLXmw,hd1080,1.0,100.0,h8,2025-11-05,14:48:18,3,1
nV_hd6bLXmw,hd1080,1.0,100.0,h8,2025-11-05,14:48:19,3,1
nV_hd6bLXmw,hd1080,1.0,100.0,h8,2025-11-05,14:48:20,3,1
nV_hd6bLXmw,hd1080,1.0,100.0,h8,2025-11-05,14:48:21,3,1
nV_hd6bLXmw,hd1080,1.0,100.0,h8,2025-11-05,14:48:22,3,1
nV_hd6bLXmw,hd1080,1.0,100.0,h8,2025-11-05,14:48:23,3,1
nV_hd6bLXmw,hd1080,1.0,100.0,h8,2025-11-05,14:48:24,3,1
nV_hd6bLXmw,hd1080,1.0,100.0,h8,2025-11-05,14:48:25,3,1
nV_hd6bLXmw,hd1080,1.0,100.0,h8,2025-11-05,14:48:26,3,1
nV_hd6bLXmw,hd1080,1.0,100.0,h8,2025-11-05,14:48:27,3,1
nV_hd6bLXmw,hd1080,1.0,100.0,h8,2025-11-05,14:48:28,3,1
nV_hd6bLXmw,hd1080,1.0,100.0,h8,2025-11-05,14:48:29,3,1
nV_hd6bLXmw,hd1080,1.0,100.0,h8,2025-11-05,14:48:30,3,1
nV_hd6bLXmw,hd1080,1.0,100.0,h8,2025-11-05,14:48:31,3,1
nV_hd6bLXmw,hd1080,1.0,100.0,h8,2025-11-05,14:48:32,3,1
nV_hd6bLXmw,hd1080,1.0,100.0,h8,2025-11-05,14:48:33,3,1
nV_hd6bLXmw,hd1080,1.0,100.0,h8,2025-11-05,14:48:34,3,1
nV_hd6bLXmw,hd1080,1.0,100.0,h8,2025-11-05,14:48:35,3,1
nV_hd6bLXmw,hd1080,1.0,100.0,h8,2025-11-05,14:48:36,3,1
nV_hd6bLXmw,hd1080,1.0,100.0,h8,2025-11-05,14:48:37,3,1
nV_hd6bLXmw,hd1080,1.0,100.0,h8,2025-11-05,14:48:38,3,1
nV_hd6bLXmw,hd1080,1.0,100.0,h8,2025-11-05,14:48:39,3,1
nV_hd6bLXmw,hd1080,1.0,100.0,h8,2025-11-05,14:48:40,3,1
nV_hd6bLXmw,hd1080,1.0,100.0,h8,2025-11-05,14:48:41,3,1
nV_hd6bLXmw,hd1080,1.0,100.0,h8,2025-11-05,14:48:42,3,1
nV_hd6bLXmw,hd1080,1.0,100.0,h8,2025-11-05,14:48:43,3,1
nV_hd6bLXmw,hd1080,1.0,100.0,h8,2025-11-05,14:48:45,3,1
nV_hd6bLXmw,hd1080,1.0,100.0,h8,2025-11-05,14:48:47,3,1
nV_hd6bLXmw,hd1080,1.0,100.0,h8,2025-11-05,14:48:49,3,1
nV_hd6bLXmw,hd1080,1.0,100.0,h8,2025-11-05,14:48:49,3,1
nV_hd6bLXmw,hd1080,1.0,100.0,h8,2025-11-05,14:48:50,3,1
nV_hd6bLXmw,hd1080,1.0,100.0,h8,2025-11-05,14:48:51,3,1
nV_hd6bLXmw,hd1080,1.0,100.0,h8,2025-11-05,14:48:52,3,1
nV_hd6bLXmw,hd1080,1.0,100.0,h8,2025-11-05,14:48:53,3,1
nV_hd6bLXmw,hd1080,1.0,100.0,h8,2025-11-05,14:48:54,3,1
nV_hd6bLXmw,hd1080,1.0,100.0,h8,2025-11-05,14:48:55,3,1
nV_hd6bLXmw,hd1080,1.0,100.0,h8,2025-11-05,14:48:57,3,1
nV_hd6bLXmw,hd1080,1.0,100.0,h8,2025-11-05,14:48:59,3,1
nV_hd6bLXmw,hd1080,1.0,100.0,h8,2025-11-05,14:49:01,3,1
nV_hd6bLXmw,hd1080,1.0,100.0,h8,2025-11-05,14:49:03,3,1
nV_hd6bLXmw,hd1080,1.0,100.0,h8,2025-11-05,14:49:05,3,1
nV_hd6bLXmw,hd1080,1.0,100.0,h8,2025-11-05,14:49:07,3,1
nV_hd6bLXmw,hd1080,1.0,100.0,h8,2025-11-05,14:49:08,3,1
nV_hd6bLXmw,hd1080,1.0,100.0,h8,2025-11-05,14:49:09,3,1
nV_hd6bLXmw,hd1080,1.0,100.0,h8,2025-11-05,14:49:10,3,1
nV_hd6bLXmw,hd1080,1.0,100.0,h8,2025-11-05,14:49:11,3,1
nV_hd6bLXmw,hd1080,1.0,100.0,h8,2025-11-05,14:49:12,3,1
nV_hd6bLXmw,hd1080,1.0,100.0,h8,2025-11-05,14:49:13,3,1
nV_hd6bLXmw,hd1080,1.0,100.0,h8,2025-11-05,14:49:14,3,1
nV_hd6bLXmw,hd1080,1.0,100.0,h8,2025-11-05,14:49:15,3,1
nV_hd6bLXmw,hd1080,1.0,100.0,h8,2025-11-05,14:49:17,3,1
nV_hd6bLXmw,hd1080,1.0,100.0,h8,2025-11-05,14:49:19,3,1
nV_hd6bLXmw,hd1080,1.0,100.0,h8,2025-11-05,14:49:21,3,1
nV_hd6bLXmw,hd1080,1.0,100.0,h8,2025-11-05,14:49:23,3,1
nV_hd6bLXmw,hd1080,1.0,100.0,h8,2025-11-05,14:49:25,3,1
nV_hd6bLXmw,hd1080,1.0,100.0,h8,2025-11-05,14:49:26,3,1
nV_hd6bLXmw,hd1080,1.0,100.0,h8,2025-11-05,14:49:27,3,1
nV_hd6bLXmw,hd1080,1.0,100.0,h8,2025-11-05,14:49:28,3,1
jMB7-v50hck,hd2160,0.0,0.0,h2,2025-10-31,12:00:27,3,1
jMB7-v50hck,hd2160,0.00458643725,0.5,h2,2025-10-31,12:00:28,3,1
jMB7-v50hck,hd2160,0.004747864648,0.5,h2,2025-10-31,12:00:29,3,1
jMB7-v50hck,hd2160,,0.0,h2,2025-10-31,12:00:30,3,1
jMB7-v50hck,hd2160,,0.0,h2,2025-10-31,12:00:31,3,1
jMB7-v50hck,hd2160,,0.0,h2,2025-10-31,12:00:32,3,1
jMB7-v50hck,hd2160,0.02405268231,2.4,h2,2025-10-31,12:00:33,3,1
jMB7-v50hck,hd2160,0.02678270448,2.7,h2,2025-10-31,12:00:34,3,1
jMB7-v50hck,hd2160,0.03386651853,3.4,h2,2025-10-31,12:00:35,3,1
jMB7-v50hck,hd2160,0.03386651853,3.4,h2,2025-10-31,12:00:36,3,1
jMB7-v50hck,hd1080,0.04811011248,4.8,h2,2025-10-31,12:00:37,3,1
jMB7-v50hck,hd1080,0.06900071693,6.9,h2,2025-10-31,12:00:38,3,1
jMB7-v50hck,hd1080,0.0767539799,7.7,h2,2025-10-31,12:00:39,3,1
jMB7-v50hck,hd1080,0.0767539799,7.7,h2,2025-10-31,12:00:40,3,1
jMB7-v50hck,hd1080,0.1185399367,11.9,h2,2025-10-31,12:00:41,3,1
jMB7-v50hck,hd1080,0.131330684,13.1,h2,2025-10-31,12:00:42,3,1
jMB7-v50hck,hd1080,0.1683877676,16.8,h2,2025-10-31,12:00:43,3,1
jMB7-v50hck,hd1080,0.1683877676,16.8,h2,2025-10-31,12:00:44,3,1
jMB7-v50hck,hd1080,0.1683877676,16.8,h2,2025-10-31,12:00:45,3,1
jMB7-v50hck,hd1080,0.1683877676,16.8,h2,2025-10-31,12:00:46,3,1
jMB7-v50hck,hd1080,0.1683877676,16.8,h2,2025-10-31,12:00:47,3,1
jMB7-v50hck,hd1080,0.1683877676,16.8,h2,2025-10-31,12:00:48,3,1
jMB7-v50hck,hd1080,0.1924451978,19.2,h2,2025-10-31,12:00:49,3,1
jMB7-v50hck,hd1080,0.1924451978,19.2,h2,2025-10-31,12:00:50,3,1
jMB7-v50hck,hd1080,0.1924451978,19.2,h2,2025-10-31,12:00:51,3,1
jMB7-v50hck,hd1080,0.1924451978,19.2,h2,2025-10-31,12:00:52,3,1
jMB7-v50hck,hd1080,0.2164978801,21.6,h2,2025-10-31,12:00:53,3,1
jMB7-v50hck,hd1080,0.2164978801,21.6,h2,2025-10-31,12:00:54,3,1
jMB7-v50hck,hd1080,0.2164978801,21.6,h2,2025-10-31,12:00:55,3,1
jMB7-v50hck,hd1080,0.2164978801,21.6,h2,2025-10-31,12:00:56,3,1
jMB7-v50hck,hd1080,0.2164978801,21.6,h2,2025-10-31,12:00:57,3,1
jMB7-v50hck,hd1080,0.2164978801,21.6,h2,2025-10-31,12:00:58,3,1
jMB7-v50hck,hd1080,0.2164978801,21.6,h2,2025-10-31,12:00:59,3,1
jMB7-v50hck,hd1080,0.2164978801,21.6,h2,2025-10-31,12:01:00,3,1
jMB7-v50hck,hd1080,0.2341694323,23.4,h2,2025-10-31,12:01:01,3,1
jMB7-v50hck,hd1080,0.2405553102,24.1,h2,2025-10-31,12:01:02,3,1
jMB7-v50hck,hd1080,0.2405553102,24.1,h2,2025-10-31,12:01:03,3,1
jMB7-v50hck,hd1080,0.2646127404,26.5,h2,2025-10-31,12:01:04,3,1
jMB7-v50hck,hd1080,0.2646127404,26.5,h2,2025-10-31,12:01:05,3,1
jMB7-v50hck,hd1080,0.2646127404,26.5,h2,2025-10-31,12:01:06,3,1
jMB7-v50hck,hd1080,0.2646127404,26.5,h2,2025-10-31,12:01:07,3,1
jMB7-v50hck,hd1080,0.2646127404,26.5,h2,2025-10-31,12:01:08,3,1
jMB7-v50hck,hd1440,0.2646127404,26.5,h2,2025-10-31,12:01:09,3,1
jMB7-v50hck,hd1440,0.2646127404,26.5,h2,2025-10-31,12:01:10,3,1
jMB7-v50hck,hd1440,0.2646127404,26.5,h2,2025-10-31,12:01:11,3,1
jMB7-v50hck,hd1440,0.2685677117,26.9,h2,2025-10-31,12:01:12,3,1
jMB7-v50hck,hd1440,0.2685677117,26.9,h2,2025-10-31,12:01:13,3,1
jMB7-v50hck,hd1440,0.2809121598,28.1,h2,2025-10-31,12:01:14,3,1
jMB7-v50hck,hd1440,0.2809121598,28.1,h2,2025-10-31,12:01:15,3,1
jMB7-v50hck,hd1440,0.3003784048,30.0,h2,2025-10-31,12:01:16,3,1
jMB7-v50hck,hd1440,0.3127228529,31.3,h2,2025-10-31,12:01:17,3,1
jMB7-v50hck,hd1440,0.3127228529,31.3,h2,2025-10-31,12:01:18,3,1
jMB7-v50hck,hd1440,0.3188998248,31.9,h2,2025-10-31,12:01:19,3,1
jMB7-v50hck,hd1440,0.3188998248,31.9,h2,2025-10-31,12:01:20,3,1
jMB7-v50hck,hd1440,0.3188998248,31.9,h2,2025-10-31,12:01:21,3,1
jMB7-v50hck,hd1440,0.3188998248,31.9,h2,2025-10-31,12:01:22,3,1
jMB7-v50hck,hd1440,0.3188998248,31.9,h2,2025-10-31,12:01:23,3,1
jMB7-v50hck,hd1440,0.3190565043,31.9,h2,2025-10-31,12:01:24,3,1
jMB7-v50hck,hd1440,0.3204808637,32.0,h2,2025-10-31,12:01:26,3,1
jMB7-v50hck,hd1440,0.3190565043,31.9,h2,2025-10-31,12:01:25,3,1
jMB7-v50hck,hd1440,0.3247539419,32.5,h2,2025-10-31,12:01:27,3,1
jMB7-v50hck,hd1440,0.3247539419,32.5,h2,2025-10-31,12:01:28,3,1
jMB7-v50hck,hd1440,0.3323552732,33.2,h2,2025-10-31,12:01:29,3,1
jMB7-v50hck,hd1440,0.3367802831,33.7,h2,2025-10-31,12:01:30,3,1
jMB7-v50hck,hd1440,0.3367802831,33.7,h2,2025-10-31,12:01:31,3,1
jMB7-v50hck,hd1440,0.3535544889,35.4,h2,2025-10-31,12:01:32,3,1
jMB7-v50hck,hd1440,0.3723892679,37.2,h2,2025-10-31,12:01:33,3,1
jMB7-v50hck,hd1440,0.3723892679,37.2,h2,2025-10-31,12:01:34,3,1
jMB7-v50hck,hd1440,0.3848903955,38.5,h2,2025-10-31,12:01:35,3,1
jMB7-v50hck,hd1440,0.3848903955,38.5,h2,2025-10-31,12:01:36,3,1
jMB7-v50hck,hd1440,0.4021441357,40.2,h2,2025-10-31,12:01:37,3,1
jMB7-v50hck,hd1440,0.4021441357,40.2,h2,2025-10-31,12:01:38,3,1
jMB7-v50hck,hd1440,0.4021441357,40.2,h2,2025-10-31,12:01:39,3,1
jMB7-v50hck,hd1440,0.4204993804,42.0,h2,2025-10-31,12:01:40,3,1
jMB7-v50hck,hd1440,0.4204993804,42.0,h2,2025-10-31,12:01:41,3,1
jMB7-v50hck,hd1440,0.4204993804,42.0,h2,2025-10-31,12:01:42,3,1
jMB7-v50hck,hd1440,0.4204993804,42.0,h2,2025-10-31,12:01:43,3,1
jMB7-v50hck,hd1440,0.433000508,43.3,h2,2025-10-31,12:01:44,3,1
jMB7-v50hck,hd1440,0.4499361412,45.0,h2,2025-10-31,12:01:45,3,1
jMB7-v50hck,hd1440,0.4499361412,45.0,h2,2025-10-31,12:01:46,3,1
jMB7-v50hck,hd1440,0.4499361412,45.0,h2,2025-10-31,12:01:47,3,1
jMB7-v50hck,hd1440,0.4499361412,45.0,h2,2025-10-31,12:01:48,3,1
jMB7-v50hck,hd1440,0.4499361412,45.0,h2,2025-10-31,12:01:49,3,1
jMB7-v50hck,hd1440,0.4499361412,45.0,h2,2025-10-31,12:01:50,3,1
jMB7-v50hck,hd1440,0.4689323477,46.9,h2,2025-10-31,12:01:51,3,1
jMB7-v50hck,hd1440,0.4689323477,46.9,h2,2025-10-31,12:01:52,3,1
jMB7-v50hck,hd1440,0.4811153684,48.1,h2,2025-10-31,12:01:53,3,1
jMB7-v50hck,hd1440,0.4811153684,48.1,h2,2025-10-31,12:01:54,3,1
jMB7-v50hck,hd1440,0.4811153684,48.1,h2,2025-10-31,12:01:55,3,1
jMB7-v50hck,hd1440,0.4811153684,48.1,h2,2025-10-31,12:01:56,3,1
jMB7-v50hck,hd1440,0.4888686313,48.9,h2,2025-10-31,12:01:57,3,1
jMB7-v50hck,hd1440,0.4983643606,49.8,h2,2025-10-31,12:01:58,3,1
jMB7-v50hck,hd1440,0.5148252074,51.5,h2,2025-10-31,12:01:59,3,1
jMB7-v50hck,hd1440,0.5148252074,51.5,h2,2025-10-31,12:02:00,3,1
jMB7-v50hck,hd1440,0.5148252074,51.5,h2,2025-10-31,12:02:01,3,1
jMB7-v50hck,hd1440,0.5148252074,51.5,h2,2025-10-31,12:02:02,3,1
jMB7-v50hck,hd1440,0.5148252074,51.5,h2,2025-10-31,12:02:03,3,1
jMB7-v50hck,hd1440,0.5148252074,51.5,h2,2025-10-31,12:02:04,3,1
jMB7-v50hck,hd1440,0.5355591323,53.6,h2,2025-10-31,12:02:05,3,1
jMB7-v50hck,hd1440,0.5355591323,53.6,h2,2025-10-31,12:02:06,3,1
jMB7-v50hck,hd1440,0.5355591323,53.6,h2,2025-10-31,12:02:07,3,1
jMB7-v50hck,hd1440,0.553282911,55.3,h2,2025-10-31,12:02:08,3,1
jMB7-v50hck,hd1440,0.553282911,55.3,h2,2025-10-31,12:02:09,3,1
jMB7-v50hck,hd1440,0.553282911,55.3,h2,2025-10-31,12:02:10,3,1
jMB7-v50hck,hd1440,0.5596118146,56.0,h2,2025-10-31,12:02:11,3,1
jMB7-v50hck,hd1440,0.5708500102,57.1,h2,2025-10-31,12:02:12,3,1
jMB7-v50hck,hd1440,0.5717995831,57.2,h2,2025-10-31,12:02:13,3,1
jMB7-v50hck,hd1440,0.5717995831,57.2,h2,2025-10-31,12:02:14,3,1
jMB7-v50hck,hd1440,0.5915839351,59.2,h2,2025-10-31,12:02:15,3,1
jMB7-v50hck,hd1440,0.5915839351,59.2,h2,2025-10-31,12:02:16,3,1
jMB7-v50hck,hd1440,0.5915839351,59.2,h2,2025-10-31,12:02:17,3,1
jMB7-v50hck,hd1440,0.5915839351,59.2,h2,2025-10-31,12:02:18,3,1
jMB7-v50hck,hd1440,0.5915839351,59.2,h2,2025-10-31,12:02:19,3,1
jMB7-v50hck,hd1440,0.5922154011,59.2,h2,2025-10-31,12:02:20,3,1
jMB7-v50hck,hd1440,0.601236344,60.1,h2,2025-10-31,12:02:21,3,1
jMB7-v50hck,hd1440,0.6131060056,61.3,h2,2025-10-31,12:02:22,3,1
jMB7-v50hck,hd1440,0.6254504537,62.5,h2,2025-10-31,12:02:23,3,1
jMB7-v50hck,hd1440,0.6254504537,62.5,h2,2025-10-31,12:02:24,3,1
jMB7-v50hck,hd1440,0.6254504537,62.5,h2,2025-10-31,12:02:25,3,1
jMB7-v50hck,hd1440,0.6254504537,62.5,h2,2025-10-31,12:02:26,3,1
jMB7-v50hck,hd1440,0.6254504537,62.5,h2,2025-10-31,12:02:27,3,1
jMB7-v50hck,hd1440,0.6426994459,64.3,h2,2025-10-31,12:02:28,3,1
jMB7-v50hck,hd1440,0.6426994459,64.3,h2,2025-10-31,12:02:29,3,1
jMB7-v50hck,hd1440,0.6604279725,66.0,h2,2025-10-31,12:02:30,3,1
jMB7-v50hck,hd1440,0.6604279725,66.0,h2,2025-10-31,12:02:31,3,1
jMB7-v50hck,hd1440,0.6604279725,66.0,h2,2025-10-31,12:02:32,3,1
jMB7-v50hck,hd1440,0.6647057986,66.5,h2,2025-10-31,12:02:33,3,1
jMB7-v50hck,hd1440,0.6735605661,67.4,h2,2025-10-31,12:02:34,3,1
jMB7-v50hck,hd1440,0.6735605661,67.4,h2,2025-10-31,12:02:35,3,1
jMB7-v50hck,hd1440,0.6917638792,69.2,h2,2025-10-31,12:02:36,3,1
jMB7-v50hck,hd1440,0.6917638792,69.2,h2,2025-10-31,12:02:37,3,1
jMB7-v50hck,hd1440,0.6917638792,69.2,h2,2025-10-31,12:02:38,3,1
jMB7-v50hck,hd1440,0.6917638792,69.2,h2,2025-10-31,12:02:39,3,1
jMB7-v50hck,hd1440,0.6917638792,69.2,h2,2025-10-31,12:02:40,3,1
jMB7-v50hck,hd1440,0.6996738217,70.0,h2,2025-10-31,12:02:41,3,1
jMB7-v50hck,hd1440,0.7110686969,71.1,h2,2025-10-31,12:02:42,3,1
jMB7-v50hck,hd1440,0.7129678427,71.3,h2,2025-10-31,12:02:43,3,1
jMB7-v50hck,hd1440,0.7142355226,71.4,h2,2025-10-31,12:02:44,3,1
jMB7-v50hck,hd1440,0.7167661344,71.7,h2,2025-10-31,12:02:45,3,1
jMB7-v50hck,hd1440,0.7330703016,73.3,h2,2025-10-31,12:02:46,3,1
jMB7-v50hck,hd1440,0.7330703016,73.3,h2,2025-10-31,12:02:47,3,1
jMB7-v50hck,hd1440,0.7389244187,73.9,h2,2025-10-31,12:02:48,3,1
jMB7-v50hck,hd1440,0.7389244187,73.9,h2,2025-10-31,12:02:49,3,1
jMB7-v50hck,hd1440,0.7389244187,73.9,h2,2025-10-31,12:02:50,3,1
jMB7-v50hck,hd1440,0.7667801406,76.7,h2,2025-10-31,12:02:51,3,1
jMB7-v50hck,hd1440,0.7667801406,76.7,h2,2025-10-31,12:02:52,3,1
jMB7-v50hck,hd1440,0.7667801406,76.7,h2,2025-10-31,12:02:53,3,1
jMB7-v50hck,hd1440,0.7667801406,76.7,h2,2025-10-31,12:02:54,3,1
jMB7-v50hck,hd1440,0.7667801406,76.7,h2,2025-10-31,12:02:55,3,1
jMB7-v50hck,hd1440,0.7667801406,76.7,h2,2025-10-31,12:02:56,3,1
jMB7-v50hck,hd1440,0.7854534923,78.5,h2,2025-10-31,12:02:57,3,1
jMB7-v50hck,hd1440,0.7854534923,78.5,h2,2025-10-31,12:02:58,3,1
jMB7-v50hck,hd1440,0.7854534923,78.5,h2,2025-10-31,12:02:59,3,1
jMB7-v50hck,hd1440,0.7938382213,79.4,h2,2025-10-31,12:03:00,3,1
jMB7-v50hck,hd1440,0.7938382213,79.4,h2,2025-10-31,12:03:01,3,1
jMB7-v50hck,hd1440,0.7938382213,79.4,h2,2025-10-31,12:03:02,3,1
jMB7-v50hck,hd1440,0.8110919614,81.1,h2,2025-10-31,12:03:03,3,1
jMB7-v50hck,hd1440,0.8110919614,81.1,h2,2025-10-31,12:03:04,3,1
jMB7-v50hck,hd1440,0.8178956514,81.8,h2,2025-10-31,12:03:05,3,1
jMB7-v50hck,hd1440,0.8351493916,83.5,h2,2025-10-31,12:03:06,3,1
jMB7-v50hck,hd1440,0.8351493916,83.5,h2,2025-10-31,12:03:07,3,1
jMB7-v50hck,hd1440,0.8351493916,83.5,h2,2025-10-31,12:03:08,3,1
jMB7-v50hck,hd1440,0.8351493916,83.5,h2,2025-10-31,12:03:09,3,1
jMB7-v50hck,hd1440,0.8351493916,83.5,h2,2025-10-31,12:03:10,3,1
jMB7-v50hck,hd1440,0.8535046363,85.4,h2,2025-10-31,12:03:11,3,1
jMB7-v50hck,hd1440,0.8535046363,85.4,h2,2025-10-31,12:03:12,3,1
jMB7-v50hck,hd1440,0.8535046363,85.4,h2,2025-10-31,12:03:13,3,1
jMB7-v50hck,hd1440,0.8535046363,85.4,h2,2025-10-31,12:03:14,3,1
jMB7-v50hck,hd1440,0.8731323087,87.3,h2,2025-10-31,12:03:15,3,1
jMB7-v50hck,hd1440,0.8731323087,87.3,h2,2025-10-31,12:03:16,3,1
jMB7-v50hck,hd1440,0.8731323087,87.3,h2,2025-10-31,12:03:17,3,1
jMB7-v50hck,hd1440,0.8731323087,87.3,h2,2025-10-31,12:03:18,3,1
jMB7-v50hck,hd1440,0.8900631941,89.0,h2,2025-10-31,12:03:19,3,1
jMB7-v50hck,hd1440,0.8900631941,89.0,h2,2025-10-31,12:03:20,3,1
jMB7-v50hck,hd1440,0.8900631941,89.0,h2,2025-10-31,12:03:21,3,1
jMB7-v50hck,hd1440,0.9141206242,91.4,h2,2025-10-31,12:03:22,3,1
jMB7-v50hck,hd1440,0.9141206242,91.4,h2,2025-10-31,12:03:23,3,1
jMB7-v50hck,hd1440,0.9141206242,91.4,h2,2025-10-31,12:03:24,3,1
jMB7-v50hck,hd1440,0.9141206242,91.4,h2,2025-10-31,12:03:25,3,1
jMB7-v50hck,hd1440,0.9378599475,93.8,h2,2025-10-31,12:03:26,3,1
jMB7-v50hck,hd1440,0.9378599475,93.8,h2,2025-10-31,12:03:27,3,1
jMB7-v50hck,hd1440,0.9378599475,93.8,h2,2025-10-31,12:03:28,3,1
jMB7-v50hck,hd1440,0.9378599475,93.8,h2,2025-10-31,12:03:29,3,1
jMB7-v50hck,hd1440,0.9378599475,93.8,h2,2025-10-31,12:03:30,3,1
jMB7-v50hck,hd1440,0.9378599475,93.8,h2,2025-10-31,12:03:31,3,1
jMB7-v50hck,hd1440,0.9622307367,96.2,h2,2025-10-31,12:03:32,3,1
jMB7-v50hck,hd1440,0.9622307367,96.2,h2,2025-10-31,12:03:33,3,1
jMB7-v50hck,hd1440,0.9622307367,96.2,h2,2025-10-31,12:03:34,3,1
jMB7-v50hck,hd2160,0.9622307367,96.2,h2,2025-10-31,12:03:35,3,1
jMB7-v50hck,hd2160,0.9622307367,96.2,h2,2025-10-31,12:03:36,3,1
jMB7-v50hck,hd2160,0.9690391746,96.9,h2,2025-10-31,12:03:37,3,1
jMB7-v50hck,hd2160,0.9690391746,96.9,h2,2025-10-31,12:03:38,3,1
jMB7-v50hck,hd2160,0.9690391746,96.9,h2,2025-10-31,12:03:39,3,1
jMB7-v50hck,hd2160,0.9885006718,98.9,h2,2025-10-31,12:03:40,3,1
jMB7-v50hck,hd2160,0.9885006718,98.9,h2,2025-10-31,12:03:41,3,1
jMB7-v50hck,hd2160,0.9885006718,98.9,h2,2025-10-31,12:03:42,3,1
jMB7-v50hck,hd2160,1.0,100.0,h2,2025-10-31,12:03:43,3,1
jMB7-v50hck,hd2160,1.0,100.0,h2,2025-10-31,12:03:44,3,1
jMB7-v50hck,hd2160,1.0,100.0,h2,2025-10-31,12:03:45,3,1
jMB7-v50hck,hd2160,1.0,100.0,h2,2025-10-31,12:03:46,3,1
jMB7-v50hck,hd2160,1.0,100.0,h2,2025-10-31,12:03:47,3,1
jMB7-v50hck,hd2160,1.0,100.0,h2,2025-10-31,12:03:48,3,1
jMB7-v50hck,hd2160,1.0,100.0,h2,2025-10-31,12:03:49,3,1
jMB7-v50hck,hd2160,1.0,100.0,h2,2025-10-31,12:03:50,3,1
jMB7-v50hck,hd2160,1.0,100.0,h2,2025-10-31,12:03:51,3,1
jMB7-v50hck,hd2160,1.0,100.0,h2,2025-10-31,12:03:52,3,1
jMB7-v50hck,hd2160,1.0,100.0,h2,2025-10-31,12:03:53,3,1
jMB7-v50hck,hd2160,1.0,100.0,h2,2025-10-31,12:03:54,3,1
jMB7-v50hck,hd2160,1.0,100.0,h2,2025-10-31,12:03:55,3,1
jMB7-v50hck,hd2160,1.0,100.0,h2,2025-10-31,12:03:56,3,1
jMB7-v50hck,hd2160,1.0,100.0,h2,2025-10-31,12:03:57,3,1
jMB7-v50hck,hd2160,1.0,100.0,h2,2025-10-31,12:03:58,3,1
jMB7-v50hck,hd2160,1.0,100.0,h2,2025-10-31,12:03:59,3,1
jMB7-v50hck,hd2160,1.0,100.0,h2,2025-10-31,12:04:00,3,1
jMB7-v50hck,hd2160,1.0,100.0,h2,2025-10-31,12:04:01,3,1
jMB7-v50hck,hd2160,1.0,100.0,h2,2025-10-31,12:04:02,3,1
jMB7-v50hck,hd2160,1.0,100.0,h2,2025-10-31,12:04:03,3,1
jMB7-v50hck,hd2160,1.0,100.0,h2,2025-10-31,12:04:04,3,1
jMB7-v50hck,hd2160,1.0,100.0,h2,2025-10-31,12:04:05,3,1
jMB7-v50hck,hd2160,1.0,100.0,h2,2025-10-31,12:04:06,3,1
jMB7-v50hck,hd2160,1.0,100.0,h2,2025-10-31,12:04:07,3,1
jMB7-v50hck,hd2160,1.0,100.0,h2,2025-10-31,12:04:08,3,1
jMB7-v50hck,hd2160,1.0,100.0,h2,2025-10-31,12:04:09,3,1
jMB7-v50hck,hd2160,1.0,100.0,h2,2025-10-31,12:04:10,3,1
A6aRkhlqWuE,hd2160,0.01712379979,1.7,h2,2025-12-24,15:20:29,3,1
A6aRkhlqWuE,hd2160,0.09656411628,9.7,h2,2025-12-24,15:20:30,3,1
A6aRkhlqWuE,hd2160,0.105925718,10.6,h2,2025-12-24,15:20:31,3,1
A6aRkhlqWuE,hd2160,0.105925718,10.6,h2,2025-12-24,15:20:32,3,1
A6aRkhlqWuE,hd2160,0.21184614,21.2,h2,2025-12-24,15:20:33,3,1
A6aRkhlqWuE,hd2160,0.21184614,21.2,h2,2025-12-24,15:20:34,3,1
A6aRkhlqWuE,hd2160,0.21184614,21.2,h2,2025-12-24,15:20:35,3,1
A6aRkhlqWuE,hd2160,0.21184614,21.2,h2,2025-12-24,15:20:36,3,1
A6aRkhlqWuE,hd2160,0.21184614,21.2,h2,2025-12-24,15:20:37,3,1
A6aRkhlqWuE,hd2160,0.21184614,21.2,h2,2025-12-24,15:20:38,3,1
A6aRkhlqWuE,hd2160,0.21184614,21.2,h2,2025-12-24,15:20:39,3,1
A6aRkhlqWuE,hd2160,0.21184614,21.2,h2,2025-12-24,15:20:40,3,1
A6aRkhlqWuE,hd2160,0.21184614,21.2,h2,2025-12-24,15:20:41,3,1
A6aRkhlqWuE,hd2160,0.2907515531,29.1,h2,2025-12-24,15:20:42,3,1
A6aRkhlqWuE,hd2160,0.2907515531,29.1,h2,2025-12-24,15:20:43,3,1
A6aRkhlqWuE,hd2160,0.2907515531,29.1,h2,2025-12-24,15:20:44,3,1
A6aRkhlqWuE,hd2160,0.2907515531,29.1,h2,2025-12-24,15:20:45,3,1
A6aRkhlqWuE,hd2160,0.2907515531,29.1,h2,2025-12-24,15:20:46,3,1
A6aRkhlqWuE,hd2160,0.2907515531,29.1,h2,2025-12-24,15:20:47,3,1
A6aRkhlqWuE,hd2160,0.2907515531,29.1,h2,2025-12-24,15:20:48,3,1
A6aRkhlqWuE,hd2160,0.2907515531,29.1,h2,2025-12-24,15:20:49,3,1
A6aRkhlqWuE,hd2160,0.370726773,37.1,h2,2025-12-24,15:20:50,3,1
A6aRkhlqWuE,hd2160,0.370726773,37.1,h2,2025-12-24,15:20:51,3,1
A6aRkhlqWuE,hd2160,0.370726773,37.1,h2,2025-12-24,15:20:52,3,1
A6aRkhlqWuE,hd2160,0.370726773,37.1,h2,2025-12-24,15:20:53,3,1
A6aRkhlqWuE,hd2160,0.370726773,37.1,h2,2025-12-24,15:20:54,3,1
A6aRkhlqWuE,hd2160,0.370726773,37.1,h2,2025-12-24,15:20:55,3,1
A6aRkhlqWuE,hd2160,0.370726773,37.1,h2,2025-12-24,15:20:56,3,1
A6aRkhlqWuE,hd2160,0.3724868156,37.2,h2,2025-12-24,15:20:57,3,1
A6aRkhlqWuE,hd2160,0.3724868156,37.2,h2,2025-12-24,15:20:58,3,1
A6aRkhlqWuE,hd2160,0.4388636116,43.9,h2,2025-12-24,15:20:59,3,1
A6aRkhlqWuE,hd2160,0.4388636116,43.9,h2,2025-12-24,15:21:00,3,1
A6aRkhlqWuE,hd2160,0.4388636116,43.9,h2,2025-12-24,15:21:01,3,1
A6aRkhlqWuE,hd2160,0.4388636116,43.9,h2,2025-12-24,15:21:02,3,1
A6aRkhlqWuE,hd2160,0.4388636116,43.9,h2,2025-12-24,15:21:03,3,1
A6aRkhlqWuE,hd2160,0.4388636116,43.9,h2,2025-12-24,15:21:04,3,1
A6aRkhlqWuE,hd2160,0.5114191006,51.1,h2,2025-12-24,15:21:05,3,1
A6aRkhlqWuE,hd2160,0.5114191006,51.1,h2,2025-12-24,15:21:06,3,1
A6aRkhlqWuE,hd2160,0.5114191006,51.1,h2,2025-12-24,15:21:07,3,1
A6aRkhlqWuE,hd2160,0.5114191006,51.1,h2,2025-12-24,15:21:08,3,1
A6aRkhlqWuE,hd2160,0.5114191006,51.1,h2,2025-12-24,15:21:09,3,1
A6aRkhlqWuE,hd2160,0.5114191006,51.1,h2,2025-12-24,15:21:10,3,1
A6aRkhlqWuE,hd2160,0.5114191006,51.1,h2,2025-12-24,15:21:11,3,1
A6aRkhlqWuE,hd2160,0.529607406,53.0,h2,2025-12-24,15:21:12,3,1
A6aRkhlqWuE,hd2160,0.53595733,53.6,h2,2025-12-24,15:21:13,3,1
A6aRkhlqWuE,hd2160,0.53595733,53.6,h2,2025-12-24,15:21:14,3,1
A6aRkhlqWuE,hd2160,0.53595733,53.6,h2,2025-12-24,15:21:15,3,1
A6aRkhlqWuE,hd2160,0.5700284026,57.0,h2,2025-12-24,15:21:16,3,1
A6aRkhlqWuE,hd2160,0.5700284026,57.0,h2,2025-12-24,15:21:17,3,1
A6aRkhlqWuE,hd2160,0.5700284026,57.0,h2,2025-12-24,15:21:18,3,1
A6aRkhlqWuE,hd2160,0.5700284026,57.0,h2,2025-12-24,15:21:19,3,1
A6aRkhlqWuE,hd2160,0.5700284026,57.0,h2,2025-12-24,15:21:20,3,1
A6aRkhlqWuE,hd2160,0.5700284026,57.0,h2,2025-12-24,15:21:21,3,1
A6aRkhlqWuE,hd2160,0.5700284026,57.0,h2,2025-12-24,15:21:22,3,1
A6aRkhlqWuE,hd2160,0.6069240127,60.7,h2,2025-12-24,15:21:23,3,1
A6aRkhlqWuE,hd2160,0.6069240127,60.7,h2,2025-12-24,15:21:24,3,1
A6aRkhlqWuE,hd2160,0.6069240127,60.7,h2,2025-12-24,15:21:25,3,1
A6aRkhlqWuE,hd2160,0.6069240127,60.7,h2,2025-12-24,15:21:26,3,1
A6aRkhlqWuE,hd2160,0.6069240127,60.7,h2,2025-12-24,15:21:27,3,1
A6aRkhlqWuE,hd2160,0.6069240127,60.7,h2,2025-12-24,15:21:28,3,1
A6aRkhlqWuE,hd2160,0.6069240127,60.7,h2,2025-12-24,15:21:29,3,1
A6aRkhlqWuE,hd2160,0.6438196281,64.4,h2,2025-12-24,15:21:30,3,1
A6aRkhlqWuE,hd2160,0.6438196281,64.4,h2,2025-12-24,15:21:31,3,1
A6aRkhlqWuE,hd2160,0.6438196281,64.4,h2,2025-12-24,15:21:32,3,1
A6aRkhlqWuE,hd2160,0.6438196281,64.4,h2,2025-12-24,15:21:33,3,1
A6aRkhlqWuE,hd2160,0.6438196281,64.4,h2,2025-12-24,15:21:34,3,1
A6aRkhlqWuE,hd2160,0.6438196281,64.4,h2,2025-12-24,15:21:35,3,1
A6aRkhlqWuE,hd2160,0.6438196281,64.4,h2,2025-12-24,15:21:36,3,1
A6aRkhlqWuE,hd2160,0.6722416098,67.2,h2,2025-12-24,15:21:37,3,1
A6aRkhlqWuE,hd2160,0.6722416098,67.2,h2,2025-12-24,15:21:38,3,1
A6aRkhlqWuE,hd2160,0.6722416098,67.2,h2,2025-12-24,15:21:39,3,1
A6aRkhlqWuE,hd2160,0.6722416098,67.2,h2,2025-12-24,15:21:40,3,1
A6aRkhlqWuE,hd2160,0.6722416098,67.2,h2,2025-12-24,15:21:41,3,1
A6aRkhlqWuE,hd2160,0.680538706,68.1,h2,2025-12-24,15:21:42,3,1
A6aRkhlqWuE,hd2160,0.6891888773,68.9,h2,2025-12-24,15:21:43,3,1
A6aRkhlqWuE,hd2160,0.6891888773,68.9,h2,2025-12-24,15:21:44,3,1
A6aRkhlqWuE,hd2160,0.6891888773,68.9,h2,2025-12-24,15:21:45,3,1
A6aRkhlqWuE,hd2160,0.6891888773,68.9,h2,2025-12-24,15:21:46,3,1
A6aRkhlqWuE,hd2160,0.6891888773,68.9,h2,2025-12-24,15:21:47,3,1
A6aRkhlqWuE,hd2160,0.6891888773,68.9,h2,2025-12-24,15:21:48,3,1
A6aRkhlqWuE,hd2160,0.7271436916,72.7,h2,2025-12-24,15:21:49,3,1
A6aRkhlqWuE,hd2160,0.7271436916,72.7,h2,2025-12-24,15:21:50,3,1
A6aRkhlqWuE,hd2160,0.7271436916,72.7,h2,2025-12-24,15:21:51,3,1
A6aRkhlqWuE,hd2160,0.7617443664,76.2,h2,2025-12-24,15:21:52,3,1
A6aRkhlqWuE,hd2160,0.7617443664,76.2,h2,2025-12-24,15:21:53,3,1
A6aRkhlqWuE,hd2160,0.7617443664,76.2,h2,2025-12-24,15:21:54,3,1
A6aRkhlqWuE,hd2160,0.7617443664,76.2,h2,2025-12-24,15:21:55,3,1
A6aRkhlqWuE,hd2160,0.7617443664,76.2,h2,2025-12-24,15:21:56,3,1
A6aRkhlqWuE,hd2160,0.7617443664,76.2,h2,2025-12-24,15:21:57,3,1
A6aRkhlqWuE,hd2160,0.7617443664,76.2,h2,2025-12-24,15:21:58,3,1
A6aRkhlqWuE,hd2160,0.7975807723,79.8,h2,2025-12-24,15:21:59,3,1
A6aRkhlqWuE,hd2160,0.7975807723,79.8,h2,2025-12-24,15:22:00,3,1
A6aRkhlqWuE,hd2160,0.7975807723,79.8,h2,2025-12-24,15:22:01,3,1
A6aRkhlqWuE,hd2160,0.7975807723,79.8,h2,2025-12-24,15:22:02,3,1
A6aRkhlqWuE,hd2160,0.7975807723,79.8,h2,2025-12-24,15:22:03,3,1
A6aRkhlqWuE,hd2160,0.7975807723,79.8,h2,2025-12-24,15:22:04,3,1
A6aRkhlqWuE,hd2160,0.7975807723,79.8,h2,2025-12-24,15:22:05,3,1
A6aRkhlqWuE,hd2160,0.8316518449,83.2,h2,2025-12-24,15:22:06,3,1
A6aRkhlqWuE,hd2160,0.8316518449,83.2,h2,2025-12-24,15:22:07,3,1
A6aRkhlqWuE,hd2160,0.8316518449,83.2,h2,2025-12-24,15:22:08,3,1
A6aRkhlqWuE,hd2160,0.8316518449,83.2,h2,2025-12-24,15:22:09,3,1
A6aRkhlqWuE,hd2160,0.8316518449,83.2,h2,2025-12-24,15:22:10,3,1
A6aRkhlqWuE,hd2160,0.8316518449,83.2,h2,2025-12-24,15:22:11,3,1
A6aRkhlqWuE,hd2160,0.8549543377,85.5,h2,2025-12-24,15:22:12,3,1
A6aRkhlqWuE,hd2160,0.8549543377,85.5,h2,2025-12-24,15:22:13,3,1
A6aRkhlqWuE,hd2160,0.8549543377,85.5,h2,2025-12-24,15:22:14,3,1
A6aRkhlqWuE,hd2160,0.8549543377,85.5,h2,2025-12-24,15:22:15,3,1
A6aRkhlqWuE,hd2160,0.8549543377,85.5,h2,2025-12-24,15:22:16,3,1
A6aRkhlqWuE,hd2160,0.8801987014,88.0,h2,2025-12-24,15:22:17,3,1
A6aRkhlqWuE,hd2160,0.8801987014,88.0,h2,2025-12-24,15:22:18,3,1
A6aRkhlqWuE,hd2160,0.8801987014,88.0,h2,2025-12-24,15:22:19,3,1
A6aRkhlqWuE,hd2160,0.8801987014,88.0,h2,2025-12-24,15:22:20,3,1
A6aRkhlqWuE,hd2160,0.8801987014,88.0,h2,2025-12-24,15:22:21,3,1
A6aRkhlqWuE,hd2160,0.9125044301,91.3,h2,2025-12-24,15:22:22,3,1
A6aRkhlqWuE,hd2160,0.9125044301,91.3,h2,2025-12-24,15:22:23,3,1
A6aRkhlqWuE,hd2160,0.9125044301,91.3,h2,2025-12-24,15:22:24,3,1
A6aRkhlqWuE,hd2160,0.9125044301,91.3,h2,2025-12-24,15:22:25,3,1
A6aRkhlqWuE,hd2160,0.9125044301,91.3,h2,2025-12-24,15:22:26,3,1
A6aRkhlqWuE,hd2160,0.9340415844,93.4,h2,2025-12-24,15:22:27,3,1
A6aRkhlqWuE,hd2160,0.9340415844,93.4,h2,2025-12-24,15:22:28,3,1
A6aRkhlqWuE,hd2160,0.9340415844,93.4,h2,2025-12-24,15:22:29,3,1
A6aRkhlqWuE,hd2160,0.9340415844,93.4,h2,2025-12-24,15:22:30,3,1
A6aRkhlqWuE,hd2160,0.9702310601,97.0,h2,2025-12-24,15:22:31,3,1
A6aRkhlqWuE,hd2160,0.9702310601,97.0,h2,2025-12-24,15:22:32,3,1
A6aRkhlqWuE,hd2160,0.9702310601,97.0,h2,2025-12-24,15:22:33,3,1
A6aRkhlqWuE,hd2160,0.9702310601,97.0,h2,2025-12-24,15:22:34,3,1
A6aRkhlqWuE,hd2160,0.9702310601,97.0,h2,2025-12-24,15:22:35,3,1
A6aRkhlqWuE,hd2160,0.9702310601,97.0,h2,2025-12-24,15:22:36,3,1
A6aRkhlqWuE,hd2160,0.9702310601,97.0,h2,2025-12-24,15:22:37,3,1
A6aRkhlqWuE,hd2160,0.9702310601,97.0,h2,2025-12-24,15:22:38,3,1
A6aRkhlqWuE,hd2160,1.0,100.0,h2,2025-12-24,15:22:39,3,1
A6aRkhlqWuE,hd2160,1.0,100.0,h2,2025-12-24,15:22:40,3,1
A6aRkhlqWuE,hd2160,1.0,100.0,h2,2025-12-24,15:22:41,3,1
A6aRkhlqWuE,hd2160,1.0,100.0,h2,2025-12-24,15:22:42,3,1
A6aRkhlqWuE,hd2160,1.0,100.0,h2,2025-12-24,15:22:43,3,1
A6aRkhlqWuE,hd2160,1.0,100.0,h2,2025-12-24,15:22:44,3,1
A6aRkhlqWuE,hd2160,1.0,100.0,h2,2025-12-24,15:22:45,3,1
A6aRkhlqWuE,hd2160,1.0,100.0,h2,2025-12-24,15:22:46,3,1
A6aRkhlqWuE,hd2160,1.0,100.0,h2,2025-12-24,15:22:47,3,1
A6aRkhlqWuE,hd2160,1.0,100.0,h2,2025-12-24,15:22:48,3,1
A6aRkhlqWuE,hd2160,1.0,100.0,h2,2025-12-24,15:22:49,3,1
A6aRkhlqWuE,hd2160,1.0,100.0,h2,2025-12-24,15:22:50,3,1
A6aRkhlqWuE,hd2160,1.0,100.0,h2,2025-12-24,15:22:51,3,1
A6aRkhlqWuE,hd2160,1.0,100.0,h2,2025-12-24,15:22:52,3,1
A6aRkhlqWuE,hd2160,1.0,100.0,h2,2025-12-24,15:22:53,3,1
A6aRkhlqWuE,hd2160,1.0,100.0,h2,2025-12-24,15:22:54,3,1
A6aRkhlqWuE,hd2160,1.0,100.0,h2,2025-12-24,15:22:55,3,1
A6aRkhlqWuE,hd2160,1.0,100.0,h2,2025-12-24,15:22:56,3,1
A6aRkhlqWuE,hd2160,1.0,100.0,h2,2025-12-24,15:22:57,3,1
A6aRkhlqWuE,hd2160,1.0,100.0,h2,2025-12-24,15:22:58,3,1
A6aRkhlqWuE,hd2160,1.0,100.0,h2,2025-12-24,15:22:59,3,1
A6aRkhlqWuE,hd2160,1.0,100.0,h2,2025-12-24,15:23:00,3,1
A6aRkhlqWuE,hd2160,1.0,100.0,h2,2025-12-24,15:23:01,3,1
A6aRkhlqWuE,hd2160,1.0,100.0,h2,2025-12-24,15:23:02,3,1
A6aRkhlqWuE,hd2160,1.0,100.0,h2,2025-12-24,15:23:03,3,1
A6aRkhlqWuE,hd2160,1.0,100.0,h2,2025-12-24,15:23:04,3,1
A6aRkhlqWuE,hd2160,1.0,100.0,h2,2025-12-24,15:23:05,3,1
A6aRkhlqWuE,hd2160,1.0,100.0,h2,2025-12-24,15:23:06,3,1
A6aRkhlqWuE,hd2160,1.0,100.0,h2,2025-12-24,15:23:07,3,1
A6aRkhlqWuE,hd2160,1.0,100.0,h2,2025-12-24,15:23:08,3,1
A6aRkhlqWuE,hd2160,1.0,100.0,h2,2025-12-24,15:23:09,3,1
A6aRkhlqWuE,hd2160,1.0,100.0,h2,2025-12-24,15:23:10,3,1
A6aRkhlqWuE,hd2160,1.0,100.0,h2,2025-12-24,15:23:11,3,1
A6aRkhlqWuE,hd2160,1.0,100.0,h2,2025-12-24,15:23:12,3,1
A6aRkhlqWuE,hd2160,1.0,100.0,h2,2025-12-24,15:23:13,3,1
A6aRkhlqWuE,hd2160,1.0,100.0,h2,2025-12-24,15:23:14,3,1
A6aRkhlqWuE,hd2160,1.0,100.0,h2,2025-12-24,15:23:15,3,1
A6aRkhlqWuE,hd2160,1.0,100.0,h2,2025-12-24,15:23:16,3,1
A6aRkhlqWuE,hd2160,1.0,100.0,h2,2025-12-24,15:23:17,3,1
A6aRkhlqWuE,hd2160,1.0,100.0,h2,2025-12-24,15:23:18,3,1
A6aRkhlqWuE,hd2160,1.0,100.0,h2,2025-12-24,15:23:19,3,1
A6aRkhlqWuE,hd2160,1.0,100.0,h2,2025-12-24,15:23:20,3,1
A6aRkhlqWuE,hd2160,1.0,100.0,h2,2025-12-24,15:23:21,3,1
A6aRkhlqWuE,hd2160,1.0,100.0,h2,2025-12-24,15:23:22,3,1
A6aRkhlqWuE,hd2160,1.0,100.0,h2,2025-12-24,15:23:23,3,1
A6aRkhlqWuE,hd2160,1.0,100.0,h2,2025-12-24,15:23:24,3,1
A6aRkhlqWuE,hd2160,1.0,100.0,h2,2025-12-24,15:23:25,3,1
A6aRkhlqWuE,hd2160,1.0,100.0,h2,2025-12-24,15:23:26,3,1
A6aRkhlqWuE,hd2160,1.0,100.0,h2,2025-12-24,15:23:27,3,1
A6aRkhlqWuE,hd2160,1.0,100.0,h2,2025-12-24,15:23:28,3,1
A6aRkhlqWuE,hd2160,1.0,100.0,h2,2025-12-24,15:23:29,3,1
A6aRkhlqWuE,hd2160,1.0,100.0,h2,2025-12-24,15:23:30,3,1
A6aRkhlqWuE,hd2160,1.0,100.0,h2,2025-12-24,15:23:31,3,1
A6aRkhlqWuE,hd2160,1.0,100.0,h2,2025-12-24,15:23:32,3,1
A6aRkhlqWuE,hd2160,1.0,100.0,h2,2025-12-24,15:23:33,3,1
A6aRkhlqWuE,hd2160,1.0,100.0,h2,2025-12-24,15:23:34,3,1
A6aRkhlqWuE,hd2160,1.0,100.0,h2,2025-12-24,15:23:35,3,1
A6aRkhlqWuE,hd2160,1.0,100.0,h2,2025-12-24,15:23:36,3,1
A6aRkhlqWuE,hd2160,1.0,100.0,h2,2025-12-24,15:23:37,3,1
A6aRkhlqWuE,hd2160,1.0,100.0,h2,2025-12-24,15:23:38,3,1
A6aRkhlqWuE,hd2160,1.0,100.0,h2,2025-12-24,15:23:39,3,1
A6aRkhlqWuE,hd2160,1.0,100.0,h2,2025-12-24,15:23:40,3,1
A6aRkhlqWuE,hd2160,1.0,100.0,h2,2025-12-24,15:23:41,3,1
A6aRkhlqWuE,hd2160,1.0,100.0,h2,2025-12-24,15:23:42,3,1
A6aRkhlqWuE,hd2160,1.0,100.0,h2,2025-12-24,15:23:43,3,1
A6aRkhlqWuE,hd2160,1.0,100.0,h2,2025-12-24,15:23:44,3,1
A6aRkhlqWuE,hd2160,1.0,100.0,h2,2025-12-24,15:23:45,3,1
dwHBpykTloY,hd1080,0.02855402365,2.9,h66,2025-11-11,11:19:38,3,1
dwHBpykTloY,hd1080,0.06661063996,6.7,h66,2025-11-11,11:19:39,3,1
dwHBpykTloY,hd1080,0.07297783127,7.3,h66,2025-11-11,11:19:40,3,1
dwHBpykTloY,hd1440,0.07297783127,7.3,h66,2025-11-11,11:19:41,3,1
dwHBpykTloY,hd1440,0.09122229276,9.1,h66,2025-11-11,11:19:42,3,1
dwHBpykTloY,hd1440,0.09122229276,9.1,h66,2025-11-11,11:19:43,3,1
dwHBpykTloY,hd1440,0.1094667506,10.9,h66,2025-11-11,11:19:44,3,1
dwHBpykTloY,hd1440,0.1094667506,10.9,h66,2025-11-11,11:19:45,3,1
dwHBpykTloY,hd2160,0.1094667506,10.9,h66,2025-11-11,11:19:46,3,1
dwHBpykTloY,hd2160,0.1094667506,10.9,h66,2025-11-11,11:19:47,3,1
dwHBpykTloY,hd2160,0.1165686218,11.7,h66,2025-11-11,11:19:48,3,1
dwHBpykTloY,hd2160,0.1165686218,11.7,h66,2025-11-11,11:19:49,3,1
dwHBpykTloY,hd2160,0.1165686218,11.7,h66,2025-11-11,11:19:50,3,1
dwHBpykTloY,hd2160,0.1165686218,11.7,h66,2025-11-11,11:19:51,3,1
dwHBpykTloY,hd2160,0.1274663176,12.7,h66,2025-11-11,11:19:52,3,1
dwHBpykTloY,hd2160,0.1274663176,12.7,h66,2025-11-11,11:19:53,3,1
dwHBpykTloY,hd2160,0.1274663176,12.7,h66,2025-11-11,11:19:54,3,1
dwHBpykTloY,hd2160,0.1274663176,12.7,h66,2025-11-11,11:19:55,3,1
dwHBpykTloY,hd2160,0.1346906323,13.5,h66,2025-11-11,11:19:56,3,1
dwHBpykTloY,hd2160,0.1346906323,13.5,h66,2025-11-11,11:19:57,3,1
dwHBpykTloY,hd2160,0.1459556699,14.6,h66,2025-11-11,11:19:58,3,1
dwHBpykTloY,hd2160,0.1459556699,14.6,h66,2025-11-11,11:19:59,3,1
dwHBpykTloY,hd2160,0.1530575374,15.3,h66,2025-11-11,11:20:00,3,1
dwHBpykTloY,hd2160,0.1530575374,15.3,h66,2025-11-11,11:20:01,3,1
dwHBpykTloY,hd2160,0.1530575374,15.3,h66,2025-11-11,11:20:02,3,1
dwHBpykTloY,hd2160,0.1642001277,16.4,h66,2025-11-11,11:20:03,3,1
dwHBpykTloY,hd2160,0.1642001277,16.4,h66,2025-11-11,11:20:04,3,1
dwHBpykTloY,hd2160,0.1701999846,17.0,h66,2025-11-11,11:20:05,3,1
dwHBpykTloY,hd2160,0.1701999846,17.0,h66,2025-11-11,11:20:06,3,1
dwHBpykTloY,hd2160,0.1819548038,18.2,h66,2025-11-11,11:20:07,3,1
dwHBpykTloY,hd2160,0.1819548038,18.2,h66,2025-11-11,11:20:08,3,1
dwHBpykTloY,hd2160,0.1819548038,18.2,h66,2025-11-11,11:20:09,3,1
dwHBpykTloY,hd2160,0.1884444424,18.8,h66,2025-11-11,11:20:10,3,1
dwHBpykTloY,hd2160,0.1884444424,18.8,h66,2025-11-11,11:20:11,3,1
dwHBpykTloY,hd2160,0.1884444424,18.8,h66,2025-11-11,11:20:12,3,1
dwHBpykTloY,hd2160,0.2001992617,20.0,h66,2025-11-11,11:20:13,3,1
dwHBpykTloY,hd2160,0.2001992617,20.0,h66,2025-11-11,11:20:14,3,1
dwHBpykTloY,hd2160,0.2066889002,20.7,h66,2025-11-11,11:20:15,3,1
dwHBpykTloY,hd2160,0.2066889002,20.7,h66,2025-11-11,11:20:16,3,1
dwHBpykTloY,hd2160,0.2066889002,20.7,h66,2025-11-11,11:20:17,3,1
dwHBpykTloY,hd2160,0.2164845854,21.6,h66,2025-11-11,11:20:18,3,1
dwHBpykTloY,hd2160,0.2164845854,21.6,h66,2025-11-11,11:20:19,3,1
dwHBpykTloY,hd2160,0.2249333617,22.5,h66,2025-11-11,11:20:20,3,1
dwHBpykTloY,hd2160,0.2249333617,22.5,h66,2025-11-11,11:20:21,3,1
dwHBpykTloY,hd2160,0.2361983956,23.6,h66,2025-11-11,11:20:22,3,1
dwHBpykTloY,hd2160,0.2361983956,23.6,h66,2025-11-11,11:20:23,3,1
dwHBpykTloY,hd2160,0.2361983956,23.6,h66,2025-11-11,11:20:24,3,1
dwHBpykTloY,hd2160,0.2431778195,24.3,h66,2025-11-11,11:20:25,3,1
dwHBpykTloY,hd2160,0.2431778195,24.3,h66,2025-11-11,11:20:26,3,1
dwHBpykTloY,hd2160,0.2551775296,25.5,h66,2025-11-11,11:20:27,3,1
dwHBpykTloY,hd2160,0.2551775296,25.5,h66,2025-11-11,11:20:28,3,1
dwHBpykTloY,hd2160,0.2551775296,25.5,h66,2025-11-11,11:20:29,3,1
dwHBpykTloY,hd2160,0.273666882,27.4,h66,2025-11-11,11:20:30,3,1
dwHBpykTloY,hd2160,0.273666882,27.4,h66,2025-11-11,11:20:31,3,1
dwHBpykTloY,hd2160,0.273666882,27.4,h66,2025-11-11,11:20:32,3,1
dwHBpykTloY,hd2160,0.273666882,27.4,h66,2025-11-11,11:20:33,3,1
dwHBpykTloY,hd2160,0.273666882,27.4,h66,2025-11-11,11:20:34,3,1
dwHBpykTloY,hd2160,0.2919113398,29.2,h66,2025-11-11,11:20:35,3,1
dwHBpykTloY,hd2160,0.2919113398,29.2,h66,2025-11-11,11:20:36,3,1
dwHBpykTloY,hd2160,0.2919113398,29.2,h66,2025-11-11,11:20:37,3,1
dwHBpykTloY,hd2160,0.2919113398,29.2,h66,2025-11-11,11:20:38,3,1
dwHBpykTloY,hd2160,0.2919113398,29.2,h66,2025-11-11,11:20:39,3,1
dwHBpykTloY,hd2160,0.3101558013,31.0,h66,2025-11-11,11:20:40,3,1
dwHBpykTloY,hd2160,0.3101558013,31.0,h66,2025-11-11,11:20:41,3,1
dwHBpykTloY,hd2160,0.3101558013,31.0,h66,2025-11-11,11:20:42,3,1
dwHBpykTloY,hd2160,0.3101558013,31.0,h66,2025-11-11,11:20:43,3,1
dwHBpykTloY,hd2160,0.3101558013,31.0,h66,2025-11-11,11:20:44,3,1
dwHBpykTloY,hd2160,0.3279104737,32.8,h66,2025-11-11,11:20:45,3,1
dwHBpykTloY,hd2160,0.3279104737,32.8,h66,2025-11-11,11:20:46,3,1
dwHBpykTloY,hd2160,0.3279104737,32.8,h66,2025-11-11,11:20:47,3,1
dwHBpykTloY,hd2160,0.3279104737,32.8,h66,2025-11-11,11:20:48,3,1
dwHBpykTloY,hd2160,0.3279104737,32.8,h66,2025-11-11,11:20:49,3,1
dwHBpykTloY,hd2160,0.3363592501,33.6,h66,2025-11-11,11:20:50,3,1
dwHBpykTloY,hd2160,0.3363592501,33.6,h66,2025-11-11,11:20:51,3,1
dwHBpykTloY,hd2160,0.3363592501,33.6,h66,2025-11-11,11:20:52,3,1
dwHBpykTloY,hd2160,0.3466447169,34.7,h66,2025-11-11,11:20:53,3,1
dwHBpykTloY,hd2160,0.3466447169,34.7,h66,2025-11-11,11:20:54,3,1
dwHBpykTloY,hd2160,0.3526445738,35.3,h66,2025-11-11,11:20:55,3,1
dwHBpykTloY,hd2160,0.3526445738,35.3,h66,2025-11-11,11:20:56,3,1
dwHBpykTloY,hd2160,0.3604811212,36.0,h66,2025-11-11,11:20:57,3,1
dwHBpykTloY,hd2160,0.3604811212,36.0,h66,2025-11-11,11:20:58,3,1
dwHBpykTloY,hd2160,0.3624402553,36.2,h66,2025-11-11,11:20:59,3,1
dwHBpykTloY,hd2160,0.3716237078,37.2,h66,2025-11-11,11:21:00,3,1
dwHBpykTloY,hd2160,0.3775011174,37.8,h66,2025-11-11,11:21:01,3,1
dwHBpykTloY,hd2160,0.3775011174,37.8,h66,2025-11-11,11:21:02,3,1
dwHBpykTloY,hd2160,0.3775011174,37.8,h66,2025-11-11,11:21:03,3,1
dwHBpykTloY,hd2160,0.3881539224,38.8,h66,2025-11-11,11:21:04,3,1
dwHBpykTloY,hd2160,0.3881539224,38.8,h66,2025-11-11,11:21:05,3,1
dwHBpykTloY,hd2160,0.3881539224,38.8,h66,2025-11-11,11:21:06,3,1
dwHBpykTloY,hd2160,0.401378094,40.1,h66,2025-11-11,11:21:07,3,1
dwHBpykTloY,hd2160,0.401378094,40.1,h66,2025-11-11,11:21:08,3,1
dwHBpykTloY,hd2160,0.401378094,40.1,h66,2025-11-11,11:21:09,3,1
dwHBpykTloY,hd2160,0.4142349276,41.4,h66,2025-11-11,11:21:10,3,1
dwHBpykTloY,hd2160,0.4142349276,41.4,h66,2025-11-11,11:21:11,3,1
dwHBpykTloY,hd2160,0.4142349276,41.4,h66,2025-11-11,11:21:12,3,1
dwHBpykTloY,hd2160,0.4196225555,42.0,h66,2025-11-11,11:21:13,3,1
dwHBpykTloY,hd2160,0.4196225555,42.0,h66,2025-11-11,11:21:14,3,1
dwHBpykTloY,hd2160,0.4256224087,42.6,h66,2025-11-11,11:21:15,3,1
dwHBpykTloY,hd2160,0.4256224087,42.6,h66,2025-11-11,11:21:16,3,1
dwHBpykTloY,hd2160,0.4256224087,42.6,h66,2025-11-11,11:21:17,3,1
dwHBpykTloY,hd2160,0.4378670133,43.8,h66,2025-11-11,11:21:18,3,1
dwHBpykTloY,hd2160,0.4514585231,45.1,h66,2025-11-11,11:21:19,3,1
dwHBpykTloY,hd2160,0.4514585231,45.1,h66,2025-11-11,11:21:20,3,1
dwHBpykTloY,hd2160,0.4514585231,45.1,h66,2025-11-11,11:21:21,3,1
dwHBpykTloY,hd2160,0.4514585231,45.1,h66,2025-11-11,11:21:22,3,1
dwHBpykTloY,hd2160,0.4514585231,45.1,h66,2025-11-11,11:21:23,3,1
dwHBpykTloY,hd2160,0.4719070095,47.2,h66,2025-11-11,11:21:24,3,1
dwHBpykTloY,hd2160,0.4719070095,47.2,h66,2025-11-11,11:21:25,3,1
dwHBpykTloY,hd2160,0.4719070095,47.2,h66,2025-11-11,11:21:26,3,1
dwHBpykTloY,hd2160,0.4719070095,47.2,h66,2025-11-11,11:21:27,3,1
dwHBpykTloY,hd2160,0.4719070095,47.2,h66,2025-11-11,11:21:28,3,1
dwHBpykTloY,hd2160,0.4806006804,48.1,h66,2025-11-11,11:21:29,3,1
dwHBpykTloY,hd2160,0.4806006804,48.1,h66,2025-11-11,11:21:30,3,1
dwHBpykTloY,hd2160,0.4806006804,48.1,h66,2025-11-11,11:21:31,3,1
dwHBpykTloY,hd2160,0.4806006804,48.1,h66,2025-11-11,11:21:32,3,1
dwHBpykTloY,hd2160,0.4926003905,49.3,h66,2025-11-11,11:21:33,3,1
dwHBpykTloY,hd2160,0.5064367911,50.6,h66,2025-11-11,11:21:34,3,1
dwHBpykTloY,hd2160,0.5064367911,50.6,h66,2025-11-11,11:21:35,3,1
dwHBpykTloY,hd2160,0.5064367911,50.6,h66,2025-11-11,11:21:36,3,1
dwHBpykTloY,hd2160,0.5064367911,50.6,h66,2025-11-11,11:21:37,3,1
dwHBpykTloY,hd2160,0.5064367911,50.6,h66,2025-11-11,11:21:38,3,1
dwHBpykTloY,hd2160,0.5064367911,50.6,h66,2025-11-11,11:21:39,3,1
dwHBpykTloY,hd2160,0.5290893098,52.9,h66,2025-11-11,11:21:40,3,1
dwHBpykTloY,hd2160,0.5290893098,52.9,h66,2025-11-11,11:21:41,3,1
dwHBpykTloY,hd2160,0.5290893098,52.9,h66,2025-11-11,11:21:42,3,1
dwHBpykTloY,hd2160,0.5290893098,52.9,h66,2025-11-11,11:21:43,3,1
dwHBpykTloY,hd2160,0.5290893098,52.9,h66,2025-11-11,11:21:44,3,1
dwHBpykTloY,hd2160,0.5473337676,54.7,h66,2025-11-11,11:21:45,3,1
dwHBpykTloY,hd2160,0.5473337676,54.7,h66,2025-11-11,11:21:46,3,1
dwHBpykTloY,hd2160,0.5473337676,54.7,h66,2025-11-11,11:21:47,3,1
dwHBpykTloY,hd2160,0.5473337676,54.7,h66,2025-11-11,11:21:48,3,1
dwHBpykTloY,hd2160,0.5655782254,56.6,h66,2025-11-11,11:21:49,3,1
dwHBpykTloY,hd2160,0.5655782254,56.6,h66,2025-11-11,11:21:50,3,1
dwHBpykTloY,hd2160,0.5655782254,56.6,h66,2025-11-11,11:21:51,3,1
dwHBpykTloY,hd2160,0.5655782254,56.6,h66,2025-11-11,11:21:52,3,1
dwHBpykTloY,hd2160,0.5655782254,56.6,h66,2025-11-11,11:21:53,3,1
dwHBpykTloY,hd2160,0.5655782254,56.6,h66,2025-11-11,11:21:54,3,1
dwHBpykTloY,hd2160,0.5838226869,58.4,h66,2025-11-11,11:21:55,3,1
dwHBpykTloY,hd2160,0.5838226869,58.4,h66,2025-11-11,11:21:56,3,1
dwHBpykTloY,hd2160,0.5838226869,58.4,h66,2025-11-11,11:21:57,3,1
dwHBpykTloY,hd2160,0.5838226869,58.4,h66,2025-11-11,11:21:58,3,1
dwHBpykTloY,hd2160,0.5838226869,58.4,h66,2025-11-11,11:21:59,3,1
dwHBpykTloY,hd2160,0.6020671447,60.2,h66,2025-11-11,11:22:00,3,1
dwHBpykTloY,hd2160,0.6020671447,60.2,h66,2025-11-11,11:22:01,3,1
dwHBpykTloY,hd2160,0.6020671447,60.2,h66,2025-11-11,11:22:02,3,1
dwHBpykTloY,hd2160,0.6020671447,60.2,h66,2025-11-11,11:22:03,3,1
dwHBpykTloY,hd2160,0.6203116025,62.0,h66,2025-11-11,11:22:04,3,1
dwHBpykTloY,hd2160,0.6203116025,62.0,h66,2025-11-11,11:22:05,3,1
dwHBpykTloY,hd2160,0.6203116025,62.0,h66,2025-11-11,11:22:06,3,1
dwHBpykTloY,hd2160,0.6203116025,62.0,h66,2025-11-11,11:22:07,3,1
dwHBpykTloY,hd2160,0.6203116025,62.0,h66,2025-11-11,11:22:08,3,1
dwHBpykTloY,hd2160,0.6203116025,62.0,h66,2025-11-11,11:22:09,3,1
dwHBpykTloY,hd2160,0.638556064,63.9,h66,2025-11-11,11:22:10,3,1
dwHBpykTloY,hd2160,0.638556064,63.9,h66,2025-11-11,11:22:11,3,1
dwHBpykTloY,hd2160,0.638556064,63.9,h66,2025-11-11,11:22:12,3,1
dwHBpykTloY,hd2160,0.638556064,63.9,h66,2025-11-11,11:22:13,3,1
dwHBpykTloY,hd2160,0.6568005218,65.7,h66,2025-11-11,11:22:14,3,1
dwHBpykTloY,hd2160,0.6568005218,65.7,h66,2025-11-11,11:22:15,3,1
dwHBpykTloY,hd2160,0.6568005218,65.7,h66,2025-11-11,11:22:16,3,1
dwHBpykTloY,hd2160,0.6568005218,65.7,h66,2025-11-11,11:22:17,3,1
dwHBpykTloY,hd2160,0.6750449797,67.5,h66,2025-11-11,11:22:18,3,1
dwHBpykTloY,hd2160,0.6750449797,67.5,h66,2025-11-11,11:22:19,3,1
dwHBpykTloY,hd2160,0.6750449797,67.5,h66,2025-11-11,11:22:20,3,1
dwHBpykTloY,hd2160,0.6750449797,67.5,h66,2025-11-11,11:22:21,3,1
dwHBpykTloY,hd2160,0.6750449797,67.5,h66,2025-11-11,11:22:22,3,1
dwHBpykTloY,hd2160,0.6750449797,67.5,h66,2025-11-11,11:22:23,3,1
dwHBpykTloY,hd2160,0.6932894411,69.3,h66,2025-11-11,11:22:24,3,1
dwHBpykTloY,hd2160,0.6932894411,69.3,h66,2025-11-11,11:22:25,3,1
dwHBpykTloY,hd2160,0.6932894411,69.3,h66,2025-11-11,11:22:26,3,1
dwHBpykTloY,hd2160,0.6932894411,69.3,h66,2025-11-11,11:22:27,3,1
dwHBpykTloY,hd2160,0.6932894411,69.3,h66,2025-11-11,11:22:28,3,1
dwHBpykTloY,hd2160,0.711533899,71.2,h66,2025-11-11,11:22:29,3,1
dwHBpykTloY,hd2160,0.711533899,71.2,h66,2025-11-11,11:22:30,3,1
dwHBpykTloY,hd2160,0.711533899,71.2,h66,2025-11-11,11:22:31,3,1
dwHBpykTloY,hd2160,0.711533899,71.2,h66,2025-11-11,11:22:32,3,1
dwHBpykTloY,hd2160,0.711533899,71.2,h66,2025-11-11,11:22:33,3,1
dwHBpykTloY,hd2160,0.7297783568,73.0,h66,2025-11-11,11:22:34,3,1
dwHBpykTloY,hd2160,0.7297783568,73.0,h66,2025-11-11,11:22:35,3,1
dwHBpykTloY,hd2160,0.7297783568,73.0,h66,2025-11-11,11:22:36,3,1
dwHBpykTloY,hd2160,0.7297783568,73.0,h66,2025-11-11,11:22:37,3,1
dwHBpykTloY,hd2160,0.7297783568,73.0,h66,2025-11-11,11:22:38,3,1
dwHBpykTloY,hd2160,0.7480228183,74.8,h66,2025-11-11,11:22:39,3,1
dwHBpykTloY,hd2160,0.7480228183,74.8,h66,2025-11-11,11:22:40,3,1
dwHBpykTloY,hd2160,0.7480228183,74.8,h66,2025-11-11,11:22:41,3,1
dwHBpykTloY,hd2160,0.7480228183,74.8,h66,2025-11-11,11:22:42,3,1
dwHBpykTloY,hd2160,0.7480228183,74.8,h66,2025-11-11,11:22:43,3,1
dwHBpykTloY,hd2160,0.7662672761,76.6,h66,2025-11-11,11:22:44,3,1
dwHBpykTloY,hd2160,0.7662672761,76.6,h66,2025-11-11,11:22:45,3,1
dwHBpykTloY,hd2160,0.7662672761,76.6,h66,2025-11-11,11:22:46,3,1
dwHBpykTloY,hd2160,0.7662672761,76.6,h66,2025-11-11,11:22:47,3,1
dwHBpykTloY,hd2160,0.7662672761,76.6,h66,2025-11-11,11:22:48,3,1
dwHBpykTloY,hd2160,0.7827974907,78.3,h66,2025-11-11,11:22:49,3,1
dwHBpykTloY,hd2160,0.7827974907,78.3,h66,2025-11-11,11:22:50,3,1
dwHBpykTloY,hd2160,0.7827974907,78.3,h66,2025-11-11,11:22:51,3,1
dwHBpykTloY,hd2160,0.7827974907,78.3,h66,2025-11-11,11:22:52,3,1
dwHBpykTloY,hd2160,0.7845117339,78.5,h66,2025-11-11,11:22:53,3,1
dwHBpykTloY,hd2160,0.787572886,78.8,h66,2025-11-11,11:22:54,3,1
dwHBpykTloY,hd2160,0.787572886,78.8,h66,2025-11-11,11:22:55,3,1
dwHBpykTloY,hd2160,0.7983481382,79.8,h66,2025-11-11,11:22:56,3,1
dwHBpykTloY,hd2160,0.7983481382,79.8,h66,2025-11-11,11:22:57,3,1
dwHBpykTloY,hd2160,0.8077764816,80.8,h66,2025-11-11,11:22:58,3,1
dwHBpykTloY,hd2160,0.8077764816,80.8,h66,2025-11-11,11:22:59,3,1
dwHBpykTloY,hd2160,0.8077764816,80.8,h66,2025-11-11,11:23:00,3,1
dwHBpykTloY,hd2160,0.8195313008,82.0,h66,2025-11-11,11:23:01,3,1
dwHBpykTloY,hd2160,0.8195313008,82.0,h66,2025-11-11,11:23:02,3,1
dwHBpykTloY,hd2160,0.8195313008,82.0,h66,2025-11-11,11:23:03,3,1
dwHBpykTloY,hd2160,0.8257760485,82.6,h66,2025-11-11,11:23:04,3,1
dwHBpykTloY,hd2160,0.8257760485,82.6,h66,2025-11-11,11:23:05,3,1
dwHBpykTloY,hd2160,0.8257760485,82.6,h66,2025-11-11,11:23:06,3,1
dwHBpykTloY,hd2160,0.8370410824,83.7,h66,2025-11-11,11:23:07,3,1
dwHBpykTloY,hd2160,0.8370410824,83.7,h66,2025-11-11,11:23:08,3,1
dwHBpykTloY,hd2160,0.8445102917,84.5,h66,2025-11-11,11:23:09,3,1
dwHBpykTloY,hd2160,0.8445102917,84.5,h66,2025-11-11,11:23:10,3,1
dwHBpykTloY,hd2160,0.8563875582,85.6,h66,2025-11-11,11:23:11,3,1
dwHBpykTloY,hd2160,0.8563875582,85.6,h66,2025-11-11,11:23:12,3,1
dwHBpykTloY,hd2160,0.8563875582,85.6,h66,2025-11-11,11:23:13,3,1
dwHBpykTloY,hd2160,0.8634894257,86.3,h66,2025-11-11,11:23:14,3,1
dwHBpykTloY,hd2160,0.8634894257,86.3,h66,2025-11-11,11:23:15,3,1
dwHBpykTloY,hd2160,0.8745095688,87.5,h66,2025-11-11,11:23:16,3,1
dwHBpykTloY,hd2160,0.8745095688,87.5,h66,2025-11-11,11:23:17,3,1
dwHBpykTloY,hd2160,0.8745095688,87.5,h66,2025-11-11,11:23:18,3,1
dwHBpykTloY,hd2160,0.880999211,88.1,h66,2025-11-11,11:23:19,3,1
dwHBpykTloY,hd2160,0.880999211,88.1,h66,2025-11-11,11:23:20,3,1
dwHBpykTloY,hd2160,0.880999211,88.1,h66,2025-11-11,11:23:21,3,1
dwHBpykTloY,hd2160,0.8939784882,89.4,h66,2025-11-11,11:23:22,3,1
dwHBpykTloY,hd2160,0.9122229496,91.2,h66,2025-11-11,11:23:23,3,1
dwHBpykTloY,hd2160,0.9122229496,91.2,h66,2025-11-11,11:23:24,3,1
dwHBpykTloY,hd2160,0.9122229496,91.2,h66,2025-11-11,11:23:25,3,1
dwHBpykTloY,hd2160,0.9122229496,91.2,h66,2025-11-11,11:23:26,3,1
dwHBpykTloY,hd2160,0.9122229496,91.2,h66,2025-11-11,11:23:27,3,1
dwHBpykTloY,hd2160,0.9122229496,91.2,h66,2025-11-11,11:23:28,3,1
dwHBpykTloY,hd2160,0.9304674075,93.0,h66,2025-11-11,11:23:29,3,1
dwHBpykTloY,hd2160,0.9304674075,93.0,h66,2025-11-11,11:23:30,3,1
dwHBpykTloY,hd2160,0.9304674075,93.0,h66,2025-11-11,11:23:31,3,1
dwHBpykTloY,hd2160,0.9304674075,93.0,h66,2025-11-11,11:23:32,3,1
dwHBpykTloY,hd2160,0.9304674075,93.0,h66,2025-11-11,11:23:33,3,1
dwHBpykTloY,hd2160,0.9487118653,94.9,h66,2025-11-11,11:23:34,3,1
dwHBpykTloY,hd2160,0.9487118653,94.9,h66,2025-11-11,11:23:35,3,1
dwHBpykTloY,hd2160,0.9487118653,94.9,h66,2025-11-11,11:23:36,3,1
dwHBpykTloY,hd2160,0.9487118653,94.9,h66,2025-11-11,11:23:37,3,1
dwHBpykTloY,hd2160,0.9487118653,94.9,h66,2025-11-11,11:23:38,3,1
dwHBpykTloY,hd2160,0.9669563268,96.7,h66,2025-11-11,11:23:39,3,1
dwHBpykTloY,hd2160,0.9669563268,96.7,h66,2025-11-11,11:23:40,3,1
dwHBpykTloY,hd2160,0.9669563268,96.7,h66,2025-11-11,11:23:41,3,1
dwHBpykTloY,hd2160,0.9669563268,96.7,h66,2025-11-11,11:23:42,3,1
dwHBpykTloY,hd2160,0.9852007846,98.5,h66,2025-11-11,11:23:43,3,1
dwHBpykTloY,hd2160,0.9852007846,98.5,h66,2025-11-11,11:23:44,3,1
dwHBpykTloY,hd2160,0.9852007846,98.5,h66,2025-11-11,11:23:45,3,1
dwHBpykTloY,hd2160,0.9852007846,98.5,h66,2025-11-11,11:23:46,3,1
dwHBpykTloY,hd2160,0.9852007846,98.5,h66,2025-11-11,11:23:47,3,1
dwHBpykTloY,hd2160,0.9852007846,98.5,h66,2025-11-11,11:23:48,3,1
dwHBpykTloY,hd2160,1.0,100.0,h66,2025-11-11,11:23:49,3,1
dwHBpykTloY,hd2160,1.0,100.0,h66,2025-11-11,11:23:50,3,1
dwHBpykTloY,hd2160,1.0,100.0,h66,2025-11-11,11:23:51,3,1
dwHBpykTloY,hd2160,1.0,100.0,h66,2025-11-11,11:23:52,3,1
dwHBpykTloY,hd2160,1.0,100.0,h66,2025-11-11,11:23:53,3,1
dwHBpykTloY,hd2160,1.0,100.0,h66,2025-11-11,11:23:54,3,1
dwHBpykTloY,hd2160,1.0,100.0,h66,2025-11-11,11:23:55,3,1
dwHBpykTloY,hd2160,1.0,100.0,h66,2025-11-11,11:23:56,3,1
dwHBpykTloY,hd2160,1.0,100.0,h66,2025-11-11,11:23:57,3,1
dwHBpykTloY,hd2160,1.0,100.0,h66,2025-11-11,11:23:58,3,1
dwHBpykTloY,hd2160,1.0,100.0,h66,2025-11-11,11:23:59,3,1
dwHBpykTloY,hd2160,1.0,100.0,h66,2025-11-11,11:24:00,3,1
dwHBpykTloY,hd2160,1.0,100.0,h66,2025-11-11,11:24:01,3,1
dwHBpykTloY,hd2160,1.0,100.0,h66,2025-11-11,11:24:02,3,1
dwHBpykTloY,hd2160,1.0,100.0,h66,2025-11-11,11:24:03,3,1
dwHBpykTloY,hd2160,1.0,100.0,h66,2025-11-11,11:24:04,3,1
dwHBpykTloY,hd2160,1.0,100.0,h66,2025-11-11,11:24:05,3,1
dwHBpykTloY,hd2160,1.0,100.0,h66,2025-11-11,11:24:06,3,1
dwHBpykTloY,hd2160,1.0,100.0,h66,2025-11-11,11:24:07,3,1
dwHBpykTloY,hd2160,1.0,100.0,h66,2025-11-11,11:24:08,3,1
dwHBpykTloY,hd2160,1.0,100.0,h66,2025-11-11,11:24:09,3,1
dwHBpykTloY,hd2160,1.0,100.0,h66,2025-11-11,11:24:10,3,1
dwHBpykTloY,hd2160,1.0,100.0,h66,2025-11-11,11:24:11,3,1
dwHBpykTloY,hd2160,1.0,100.0,h66,2025-11-11,11:24:12,3,1
dwHBpykTloY,hd2160,1.0,100.0,h66,2025-11-11,11:24:13,3,1
dwHBpykTloY,hd2160,1.0,100.0,h66,2025-11-11,11:24:14,3,1
dwHBpykTloY,hd2160,1.0,100.0,h66,2025-11-11,11:24:15,3,1
dwHBpykTloY,hd2160,1.0,100.0,h66,2025-11-11,11:24:16,3,1
dwHBpykTloY,hd2160,1.0,100.0,h66,2025-11-11,11:24:17,3,1
dwHBpykTloY,hd2160,1.0,100.0,h66,2025-11-11,11:24:18,3,1
dwHBpykTloY,hd2160,1.0,100.0,h66,2025-11-11,11:24:19,3,1
dwHBpykTloY,hd2160,1.0,100.0,h66,2025-11-11,11:24:20,3,1
dwHBpykTloY,hd2160,1.0,100.0,h66,2025-11-11,11:24:21,3,1
dwHBpykTloY,hd2160,1.0,100.0,h66,2025-11-11,11:24:22,3,1
dwHBpykTloY,hd2160,1.0,100.0,h66,2025-11-11,11:24:23,3,1
dwHBpykTloY,hd2160,1.0,100.0,h66,2025-11-11,11:24:24,3,1
dwHBpykTloY,hd2160,1.0,100.0,h66,2025-11-11,11:24:25,3,1
dwHBpykTloY,hd2160,1.0,100.0,h66,2025-11-11,11:24:26,3,1
dwHBpykTloY,hd2160,1.0,100.0,h66,2025-11-11,11:24:27,3,1
dwHBpykTloY,hd2160,1.0,100.0,h66,2025-11-11,11:24:28,3,1
dwHBpykTloY,hd2160,1.0,100.0,h66,2025-11-11,11:24:29,3,1
dwHBpykTloY,hd2160,1.0,100.0,h66,2025-11-11,11:24:30,3,1
dwHBpykTloY,hd2160,1.0,100.0,h66,2025-11-11,11:24:31,3,1
dwHBpykTloY,hd2160,1.0,100.0,h66,2025-11-11,11:24:32,3,1
dwHBpykTloY,hd2160,1.0,100.0,h66,2025-11-11,11:24:33,3,1
dwHBpykTloY,hd2160,1.0,100.0,h66,2025-11-11,11:24:34,3,1
dwHBpykTloY,hd2160,1.0,100.0,h66,2025-11-11,11:24:35,3,1
dwHBpykTloY,hd2160,1.0,100.0,h66,2025-11-11,11:24:36,3,1
dwHBpykTloY,hd2160,1.0,100.0,h66,2025-11-11,11:24:37,3,1
dwHBpykTloY,hd2160,1.0,100.0,h66,2025-11-11,11:24:38,3,1
dwHBpykTloY,hd2160,1.0,100.0,h66,2025-11-11,11:24:39,3,1
dwHBpykTloY,hd2160,1.0,100.0,h66,2025-11-11,11:24:40,3,1
dwHBpykTloY,hd2160,1.0,100.0,h66,2025-11-11,11:24:41,3,1
dwHBpykTloY,hd2160,1.0,100.0,h66,2025-11-11,11:24:42,3,1
dwHBpykTloY,hd2160,1.0,100.0,h66,2025-11-11,11:24:43,3,1
dwHBpykTloY,hd2160,1.0,100.0,h66,2025-11-11,11:24:44,3,1
dwHBpykTloY,hd2160,1.0,100.0,h66,2025-11-11,11:24:45,3,1
dwHBpykTloY,hd2160,1.0,100.0,h66,2025-11-11,11:24:46,3,1
dwHBpykTloY,hd2160,1.0,100.0,h66,2025-11-11,11:24:47,3,1
dwHBpykTloY,hd2160,1.0,100.0,h66,2025-11-11,11:24:48,3,1
dwHBpykTloY,hd2160,1.0,100.0,h66,2025-11-11,11:24:49,3,1
dwHBpykTloY,hd2160,1.0,100.0,h66,2025-11-11,11:24:50,3,1
dwHBpykTloY,hd2160,1.0,100.0,h66,2025-11-11,11:24:51,3,1
dwHBpykTloY,hd2160,1.0,100.0,h66,2025-11-11,11:24:52,3,1
dwHBpykTloY,hd2160,1.0,100.0,h66,2025-11-11,11:24:53,3,1
dwHBpykTloY,hd2160,1.0,100.0,h66,2025-11-11,11:24:54,3,1
dwHBpykTloY,hd2160,1.0,100.0,h66,2025-11-11,11:24:55,3,1
dwHBpykTloY,hd2160,1.0,100.0,h66,2025-11-11,11:24:57,3,1
dwHBpykTloY,hd2160,1.0,100.0,h66,2025-11-11,11:24:58,3,1
dwHBpykTloY,hd2160,1.0,100.0,h66,2025-11-11,11:24:59,3,1
dwHBpykTloY,hd2160,1.0,100.0,h66,2025-11-11,11:25:00,3,1
dwHBpykTloY,hd2160,1.0,100.0,h66,2025-11-11,11:25:01,3,1
dwHBpykTloY,hd2160,1.0,100.0,h66,2025-11-11,11:25:02,3,1
dwHBpykTloY,hd2160,1.0,100.0,h66,2025-11-11,11:25:03,3,1
dwHBpykTloY,hd2160,1.0,100.0,h66,2025-11-11,11:25:04,3,1
dwHBpykTloY,hd2160,1.0,100.0,h66,2025-11-11,11:25:05,3,1
dwHBpykTloY,hd2160,1.0,100.0,h66,2025-11-11,11:25:06,3,1
dwHBpykTloY,hd2160,1.0,100.0,h66,2025-11-11,11:25:06,3,1
dwHBpykTloY,hd2160,1.0,100.0,h66,2025-11-11,11:25:07,3,1
dwHBpykTloY,hd2160,1.0,100.0,h66,2025-11-11,11:25:08,3,1
dwHBpykTloY,hd2160,1.0,100.0,h66,2025-11-11,11:25:09,3,1
dwHBpykTloY,hd2160,1.0,100.0,h66,2025-11-11,11:25:10,3,1
dwHBpykTloY,hd2160,1.0,100.0,h66,2025-11-11,11:25:11,3,1
dwHBpykTloY,hd2160,1.0,100.0,h66,2025-11-11,11:25:12,3,1
idCX7o-9Hr4,hd1440,0.0,0.0,h10,2025-11-05,14:59:14,3,1
idCX7o-9Hr4,hd1440,0.0,0.0,h10,2025-11-05,14:59:15,3,1
idCX7o-9Hr4,hd1440,0.0,0.0,h10,2025-11-05,14:59:16,3,1
idCX7o-9Hr4,hd1440,0.03458741238,3.5,h10,2025-11-05,14:59:17,3,1
idCX7o-9Hr4,hd1440,0.03556722685,3.6,h10,2025-11-05,14:59:18,3,1
idCX7o-9Hr4,hd1440,0.03821272328,3.8,h10,2025-11-05,14:59:19,3,1
idCX7o-9Hr4,hd1440,0.03821272328,3.8,h10,2025-11-05,14:59:20,3,1
idCX7o-9Hr4,hd1440,0.03821272328,3.8,h10,2025-11-05,14:59:21,3,1
idCX7o-9Hr4,hd1440,0.04565930681,4.6,h10,2025-11-05,14:59:22,3,1
idCX7o-9Hr4,hd1080,0.04869672668,4.9,h10,2025-11-05,14:59:23,3,1
idCX7o-9Hr4,hd1080,0.04869672668,4.9,h10,2025-11-05,14:59:24,3,1
idCX7o-9Hr4,hd1080,0.04869672668,4.9,h10,2025-11-05,14:59:25,3,1
idCX7o-9Hr4,hd1080,0.04869672668,4.9,h10,2025-11-05,14:59:26,3,1
idCX7o-9Hr4,hd1080,0.06574548145,6.6,h10,2025-11-05,14:59:27,3,1
idCX7o-9Hr4,hd1080,0.06574548145,6.6,h10,2025-11-05,14:59:28,3,1
idCX7o-9Hr4,hd1080,0.06574548145,6.6,h10,2025-11-05,14:59:29,3,1
idCX7o-9Hr4,hd1080,0.06574548145,6.6,h10,2025-11-05,14:59:30,3,1
idCX7o-9Hr4,hd1080,0.09651162709,9.7,h10,2025-11-05,14:59:31,3,1
idCX7o-9Hr4,hd1080,0.09651162709,9.7,h10,2025-11-05,14:59:32,3,1
idCX7o-9Hr4,hd1080,0.1168917458,11.7,h10,2025-11-05,14:59:33,3,1
idCX7o-9Hr4,hd1080,0.1168917458,11.7,h10,2025-11-05,14:59:34,3,1
idCX7o-9Hr4,hd1080,0.1168917458,11.7,h10,2025-11-05,14:59:35,3,1
idCX7o-9Hr4,hd1080,0.1168917458,11.7,h10,2025-11-05,14:59:36,3,1
idCX7o-9Hr4,hd1080,0.1168917458,11.7,h10,2025-11-05,14:59:37,3,1
idCX7o-9Hr4,hd1080,0.1202821393,12.0,h10,2025-11-05,14:59:38,3,1
idCX7o-9Hr4,hd1080,0.1260964172,12.6,h10,2025-11-05,14:59:39,3,1
idCX7o-9Hr4,hd1080,0.1349059291,13.5,h10,2025-11-05,14:59:40,3,1
idCX7o-9Hr4,hd1080,0.1448313125,14.5,h10,2025-11-05,14:59:41,3,1
idCX7o-9Hr4,hd1080,0.147265965,14.7,h10,2025-11-05,14:59:42,3,1
idCX7o-9Hr4,hd1080,0.1680380101,16.8,h10,2025-11-05,14:59:43,3,1
idCX7o-9Hr4,hd1080,0.1680380101,16.8,h10,2025-11-05,14:59:44,3,1
idCX7o-9Hr4,hd1080,0.1680380101,16.8,h10,2025-11-05,14:59:45,3,1
idCX7o-9Hr4,hd1080,0.176193175,17.6,h10,2025-11-05,14:59:46,3,1
idCX7o-9Hr4,hd1080,0.1850867649,18.5,h10,2025-11-05,14:59:47,3,1
idCX7o-9Hr4,hd1080,0.1985102117,19.9,h10,2025-11-05,14:59:48,3,1
idCX7o-9Hr4,hd1080,0.1985102117,19.9,h10,2025-11-05,14:59:49,3,1
idCX7o-9Hr4,hd1080,0.1985102117,19.9,h10,2025-11-05,14:59:50,3,1
idCX7o-9Hr4,hd1080,0.1985102117,19.9,h10,2025-11-05,14:59:51,3,1
idCX7o-9Hr4,hd1080,0.1985102117,19.9,h10,2025-11-05,14:59:53,3,1
idCX7o-9Hr4,hd1080,0.1985102117,19.9,h10,2025-11-05,14:59:52,3,1
idCX7o-9Hr4,hd1080,0.1985102117,19.9,h10,2025-11-05,14:59:54,3,1
idCX7o-9Hr4,hd1080,0.1985102117,19.9,h10,2025-11-05,14:59:55,3,1
idCX7o-9Hr4,hd1080,0.2191842744,21.9,h10,2025-11-05,14:59:56,3,1
idCX7o-9Hr4,hd1080,0.2191842744,21.9,h10,2025-11-05,14:59:57,3,1
idCX7o-9Hr4,hd1080,0.2191842744,21.9,h10,2025-11-05,14:59:58,3,1
idCX7o-9Hr4,hd1080,0.2191842744,21.9,h10,2025-11-05,14:59:59,3,1
idCX7o-9Hr4,hd1080,0.2191842744,21.9,h10,2025-11-05,15:00:00,3,1
idCX7o-9Hr4,hd1080,0.2191842744,21.9,h10,2025-11-05,15:00:01,3,1
idCX7o-9Hr4,hd1080,0.2191842744,21.9,h10,2025-11-05,15:00:02,3,1
idCX7o-9Hr4,hd1080,0.2362330292,23.6,h10,2025-11-05,15:00:03,3,1
idCX7o-9Hr4,hd1080,0.2362330292,23.6,h10,2025-11-05,15:00:04,3,1
idCX7o-9Hr4,hd1080,0.2362330292,23.6,h10,2025-11-05,15:00:05,3,1
idCX7o-9Hr4,hd1080,0.249656476,25.0,h10,2025-11-05,15:00:06,3,1
idCX7o-9Hr4,hd1080,0.249656476,25.0,h10,2025-11-05,15:00:07,3,1
idCX7o-9Hr4,hd1080,0.249656476,25.0,h10,2025-11-05,15:00:08,3,1
idCX7o-9Hr4,hd1080,0.249656476,25.0,h10,2025-11-05,15:00:09,3,1
idCX7o-9Hr4,hd1080,0.249656476,25.0,h10,2025-11-05,15:00:10,3,1
idCX7o-9Hr4,hd1080,0.249656476,25.0,h10,2025-11-05,15:00:11,3,1
idCX7o-9Hr4,hd1080,0.2642882942,26.4,h10,2025-11-05,15:00:12,3,1
idCX7o-9Hr4,hd1080,0.2703305388,27.0,h10,2025-11-05,15:00:13,3,1
idCX7o-9Hr4,hd1080,0.2703305388,27.0,h10,2025-11-05,15:00:14,3,1
idCX7o-9Hr4,hd1080,0.2703305388,27.0,h10,2025-11-05,15:00:15,3,1
idCX7o-9Hr4,hd1080,0.2703305388,27.0,h10,2025-11-05,15:00:16,3,1
idCX7o-9Hr4,hd1080,0.2703305388,27.0,h10,2025-11-05,15:00:17,3,1
idCX7o-9Hr4,hd1080,0.2703305388,27.0,h10,2025-11-05,15:00:18,3,1
idCX7o-9Hr4,hd1080,0.2873792935,28.7,h10,2025-11-05,15:00:19,3,1
idCX7o-9Hr4,hd1080,0.2873792935,28.7,h10,2025-11-05,15:00:20,3,1
idCX7o-9Hr4,hd1080,0.2873792935,28.7,h10,2025-11-05,15:00:21,3,1
idCX7o-9Hr4,hd1080,0.2873792935,28.7,h10,2025-11-05,15:00:22,3,1
idCX7o-9Hr4,hd1080,0.3009007197,30.1,h10,2025-11-05,15:00:23,3,1
idCX7o-9Hr4,hd1080,0.3009007197,30.1,h10,2025-11-05,15:00:24,3,1
idCX7o-9Hr4,hd1080,0.3009007197,30.1,h10,2025-11-05,15:00:25,3,1
idCX7o-9Hr4,hd1080,0.3009007197,30.1,h10,2025-11-05,15:00:26,3,1
idCX7o-9Hr4,hd1080,0.3009007197,30.1,h10,2025-11-05,15:00:27,3,1
idCX7o-9Hr4,hd1080,0.3009007197,30.1,h10,2025-11-05,15:00:28,3,1
idCX7o-9Hr4,hd1080,0.3024684223,30.2,h10,2025-11-05,15:00:29,3,1
idCX7o-9Hr4,hd1080,0.3184393832,31.8,h10,2025-11-05,15:00:30,3,1
idCX7o-9Hr4,hd1080,0.3184393832,31.8,h10,2025-11-05,15:00:31,3,1
idCX7o-9Hr4,hd1080,0.3184393832,31.8,h10,2025-11-05,15:00:32,3,1
idCX7o-9Hr4,hd1080,0.3184393832,31.8,h10,2025-11-05,15:00:33,3,1
idCX7o-9Hr4,hd1080,0.3214768031,32.1,h10,2025-11-05,15:00:34,3,1
idCX7o-9Hr4,hd1440,0.3214768031,32.1,h10,2025-11-05,15:00:35,3,1
idCX7o-9Hr4,hd1440,0.3214768031,32.1,h10,2025-11-05,15:00:36,3,1
idCX7o-9Hr4,hd1440,0.3214768031,32.1,h10,2025-11-05,15:00:38,3,1
idCX7o-9Hr4,hd1440,0.3214768031,32.1,h10,2025-11-05,15:00:37,3,1
idCX7o-9Hr4,hd1440,0.3215747854,32.2,h10,2025-11-05,15:00:39,3,1
idCX7o-9Hr4,hd1440,0.3266698166,32.7,h10,2025-11-05,15:00:40,3,1
idCX7o-9Hr4,hd1440,0.3324507152,33.2,h10,2025-11-05,15:00:41,3,1
idCX7o-9Hr4,hd1440,0.3324507152,33.2,h10,2025-11-05,15:00:42,3,1
idCX7o-9Hr4,hd1440,0.3324507152,33.2,h10,2025-11-05,15:00:43,3,1
idCX7o-9Hr4,hd1440,0.3430327009,34.3,h10,2025-11-05,15:00:44,3,1
idCX7o-9Hr4,hd1440,0.354006613,35.4,h10,2025-11-05,15:00:45,3,1
idCX7o-9Hr4,hd1440,0.3555743126,35.6,h10,2025-11-05,15:00:46,3,1
idCX7o-9Hr4,hd1440,0.3555743126,35.6,h10,2025-11-05,15:00:47,3,1
idCX7o-9Hr4,hd1440,0.3658623543,36.6,h10,2025-11-05,15:00:48,3,1
idCX7o-9Hr4,hd1440,0.3658623543,36.6,h10,2025-11-05,15:00:49,3,1
idCX7o-9Hr4,hd1440,0.3658623543,36.6,h10,2025-11-05,15:00:50,3,1
idCX7o-9Hr4,hd1440,0.3658623543,36.6,h10,2025-11-05,15:00:51,3,1
idCX7o-9Hr4,hd1440,0.3726230674,37.3,h10,2025-11-05,15:00:52,3,1
idCX7o-9Hr4,hd1440,0.3832050531,38.3,h10,2025-11-05,15:00:53,3,1
idCX7o-9Hr4,hd1440,0.3832050531,38.3,h10,2025-11-05,15:00:54,3,1
idCX7o-9Hr4,hd1440,0.3832050531,38.3,h10,2025-11-05,15:00:55,3,1
idCX7o-9Hr4,hd1440,0.3832050531,38.3,h10,2025-11-05,15:00:56,3,1
idCX7o-9Hr4,hd1440,0.3832050531,38.3,h10,2025-11-05,15:00:57,3,1
idCX7o-9Hr4,hd1440,0.3872222904,38.7,h10,2025-11-05,15:00:58,3,1
idCX7o-9Hr4,hd1440,0.3897698045,39.0,h10,2025-11-05,15:00:59,3,1
idCX7o-9Hr4,hd1440,0.3897698045,39.0,h10,2025-11-05,15:01:00,3,1
idCX7o-9Hr4,hd1440,0.3940809829,39.4,h10,2025-11-05,15:01:01,3,1
idCX7o-9Hr4,hd1440,0.3940809829,39.4,h10,2025-11-05,15:01:02,3,1
idCX7o-9Hr4,hd1440,0.4054468214,40.5,h10,2025-11-05,15:01:03,3,1
idCX7o-9Hr4,hd1440,0.4054468214,40.5,h10,2025-11-05,15:01:04,3,1
idCX7o-9Hr4,hd1440,0.4163227512,41.6,h10,2025-11-05,15:01:05,3,1
idCX7o-9Hr4,hd1440,0.4163227512,41.6,h10,2025-11-05,15:01:06,3,1
idCX7o-9Hr4,hd1440,0.4163227512,41.6,h10,2025-11-05,15:01:07,3,1
idCX7o-9Hr4,hd1440,0.4163227512,41.6,h10,2025-11-05,15:01:08,3,1
idCX7o-9Hr4,hd1440,0.4211238353,42.1,h10,2025-11-05,15:01:09,3,1
idCX7o-9Hr4,hd1440,0.4237693317,42.4,h10,2025-11-05,15:01:10,3,1
idCX7o-9Hr4,hd1440,0.4237693317,42.4,h10,2025-11-05,15:01:11,3,1
idCX7o-9Hr4,hd1440,0.4348412262,43.5,h10,2025-11-05,15:01:12,3,1
idCX7o-9Hr4,hd1440,0.4348412262,43.5,h10,2025-11-05,15:01:13,3,1
idCX7o-9Hr4,hd1440,0.4348412262,43.5,h10,2025-11-05,15:01:14,3,1
idCX7o-9Hr4,hd1440,0.4348412262,43.5,h10,2025-11-05,15:01:15,3,1
idCX7o-9Hr4,hd1440,0.4348412262,43.5,h10,2025-11-05,15:01:16,3,1
idCX7o-9Hr4,hd1440,0.4357230583,43.6,h10,2025-11-05,15:01:17,3,1
idCX7o-9Hr4,hd1440,0.4404785327,44.0,h10,2025-11-05,15:01:18,3,1
idCX7o-9Hr4,hd1440,0.4404785327,44.0,h10,2025-11-05,15:01:19,3,1
idCX7o-9Hr4,hd1440,0.4454232119,44.5,h10,2025-11-05,15:01:20,3,1
idCX7o-9Hr4,hd1440,0.4454232119,44.5,h10,2025-11-05,15:01:21,3,1
idCX7o-9Hr4,hd1440,0.4565930857,45.7,h10,2025-11-05,15:01:22,3,1
idCX7o-9Hr4,hd1440,0.4578668413,45.8,h10,2025-11-05,15:01:23,3,1
idCX7o-9Hr4,hd1440,0.4680569036,46.8,h10,2025-11-05,15:01:24,3,1
idCX7o-9Hr4,hd1440,0.4749155961,47.5,h10,2025-11-05,15:01:25,3,1
idCX7o-9Hr4,hd1440,0.4749155961,47.5,h10,2025-11-05,15:01:26,3,1
idCX7o-9Hr4,hd1440,0.4749155961,47.5,h10,2025-11-05,15:01:27,3,1
idCX7o-9Hr4,hd1440,0.4749155961,47.5,h10,2025-11-05,15:01:28,3,1
idCX7o-9Hr4,hd1440,0.4853016201,48.5,h10,2025-11-05,15:01:29,3,1
idCX7o-9Hr4,hd1440,0.4853016201,48.5,h10,2025-11-05,15:01:30,3,1
idCX7o-9Hr4,hd1440,0.4853016201,48.5,h10,2025-11-05,15:01:31,3,1
idCX7o-9Hr4,hd1440,0.4853016201,48.5,h10,2025-11-05,15:01:32,3,1
idCX7o-9Hr4,hd1440,0.4919643508,49.2,h10,2025-11-05,15:01:33,3,1
idCX7o-9Hr4,hd1440,0.4919643508,49.2,h10,2025-11-05,15:01:34,3,1
idCX7o-9Hr4,hd1440,0.5026443189,50.3,h10,2025-11-05,15:01:35,3,1
idCX7o-9Hr4,hd1440,0.5026443189,50.3,h10,2025-11-05,15:01:36,3,1
idCX7o-9Hr4,hd1440,0.5026443189,50.3,h10,2025-11-05,15:01:37,3,1
idCX7o-9Hr4,hd1440,0.5029382629,50.3,h10,2025-11-05,15:01:38,3,1
idCX7o-9Hr4,hd1440,0.5101888818,51.0,h10,2025-11-05,15:01:39,3,1
idCX7o-9Hr4,hd1440,0.5137162104,51.4,h10,2025-11-05,15:01:40,3,1
idCX7o-9Hr4,hd1440,0.5247881048,52.5,h10,2025-11-05,15:01:41,3,1
idCX7o-9Hr4,hd1440,0.5247881048,52.5,h10,2025-11-05,15:01:42,3,1
idCX7o-9Hr4,hd1440,0.5247881048,52.5,h10,2025-11-05,15:01:43,3,1
idCX7o-9Hr4,hd1440,0.5247881048,52.5,h10,2025-11-05,15:01:44,3,1
idCX7o-9Hr4,hd1440,0.5253759929,52.5,h10,2025-11-05,15:01:45,3,1
idCX7o-9Hr4,hd1440,0.5254739723,52.5,h10,2025-11-05,15:01:46,3,1
idCX7o-9Hr4,hd1440,0.5269436925,52.7,h10,2025-11-05,15:01:47,3,1
idCX7o-9Hr4,hd1440,0.5285736519,52.9,h10,2025-11-05,15:01:48,3,1
idCX7o-9Hr4,hd1440,0.5356640346,53.6,h10,2025-11-05,15:01:49,3,1
idCX7o-9Hr4,hd1440,0.5431106152,54.3,h10,2025-11-05,15:01:50,3,1
idCX7o-9Hr4,hd1440,0.5431106152,54.3,h10,2025-11-05,15:01:51,3,1
idCX7o-9Hr4,hd1440,0.5537905832,55.4,h10,2025-11-05,15:01:52,3,1
idCX7o-9Hr4,hd1440,0.5537905832,55.4,h10,2025-11-05,15:01:53,3,1
idCX7o-9Hr4,hd1440,0.5537905832,55.4,h10,2025-11-05,15:01:54,3,1
idCX7o-9Hr4,hd1440,0.5537905832,55.4,h10,2025-11-05,15:01:55,3,1
idCX7o-9Hr4,hd1440,0.5645685307,56.5,h10,2025-11-05,15:01:56,3,1
idCX7o-9Hr4,hd1440,0.5645685307,56.5,h10,2025-11-05,15:01:57,3,1
idCX7o-9Hr4,hd1440,0.5645685307,56.5,h10,2025-11-05,15:01:58,3,1
idCX7o-9Hr4,hd1440,0.5645685307,56.5,h10,2025-11-05,15:01:59,3,1
idCX7o-9Hr4,hd1440,0.5645685307,56.5,h10,2025-11-05,15:02:00,3,1
idCX7o-9Hr4,hd1440,0.5760323485,57.6,h10,2025-11-05,15:02:01,3,1
idCX7o-9Hr4,hd1440,0.5760323485,57.6,h10,2025-11-05,15:02:02,3,1
idCX7o-9Hr4,hd1440,0.5760323485,57.6,h10,2025-11-05,15:02:03,3,1
idCX7o-9Hr4,hd1440,0.5864183725,58.6,h10,2025-11-05,15:02:04,3,1
idCX7o-9Hr4,hd1440,0.5864183725,58.6,h10,2025-11-05,15:02:05,3,1
idCX7o-9Hr4,hd1440,0.5864183725,58.6,h10,2025-11-05,15:02:06,3,1
idCX7o-9Hr4,hd1440,0.5942568795,59.4,h10,2025-11-05,15:02:07,3,1
idCX7o-9Hr4,hd1440,0.5942568795,59.4,h10,2025-11-05,15:02:08,3,1
idCX7o-9Hr4,hd1440,0.6046429035,60.5,h10,2025-11-05,15:02:09,3,1
idCX7o-9Hr4,hd1440,0.6046429035,60.5,h10,2025-11-05,15:02:10,3,1
idCX7o-9Hr4,hd1440,0.6046429035,60.5,h10,2025-11-05,15:02:11,3,1
idCX7o-9Hr4,hd1440,0.6046429035,60.5,h10,2025-11-05,15:02:12,3,1
idCX7o-9Hr4,hd1440,0.6046429035,60.5,h10,2025-11-05,15:02:13,3,1
idCX7o-9Hr4,hd1440,0.6046429035,60.5,h10,2025-11-05,15:02:14,3,1
idCX7o-9Hr4,hd1440,0.6161067214,61.6,h10,2025-11-05,15:02:15,3,1
idCX7o-9Hr4,hd1440,0.6161067214,61.6,h10,2025-11-05,15:02:16,3,1
idCX7o-9Hr4,hd1440,0.6166687712,61.7,h10,2025-11-05,15:02:17,3,1
idCX7o-9Hr4,hd1440,0.6270806335,62.7,h10,2025-11-05,15:02:18,3,1
idCX7o-9Hr4,hd1440,0.6270806335,62.7,h10,2025-11-05,15:02:19,3,1
idCX7o-9Hr4,hd1440,0.6270806335,62.7,h10,2025-11-05,15:02:20,3,1
idCX7o-9Hr4,hd1440,0.6338413466,63.4,h10,2025-11-05,15:02:21,3,1
idCX7o-9Hr4,hd1440,0.6386424307,63.9,h10,2025-11-05,15:02:22,3,1
idCX7o-9Hr4,hd1440,0.6386424307,63.9,h10,2025-11-05,15:02:23,3,1
idCX7o-9Hr4,hd1440,0.6454031438,64.5,h10,2025-11-05,15:02:24,3,1
idCX7o-9Hr4,hd1440,0.6454031438,64.5,h10,2025-11-05,15:02:25,3,1
idCX7o-9Hr4,hd1440,0.6454031438,64.5,h10,2025-11-05,15:02:26,3,1
idCX7o-9Hr4,hd1440,0.6454031438,64.5,h10,2025-11-05,15:02:27,3,1
idCX7o-9Hr4,hd1440,0.6454031438,64.5,h10,2025-11-05,15:02:28,3,1
idCX7o-9Hr4,hd1440,0.6457950702,64.6,h10,2025-11-05,15:02:29,3,1
idCX7o-9Hr4,hd1440,0.654711374,65.5,h10,2025-11-05,15:02:30,3,1
idCX7o-9Hr4,hd1440,0.6558871502,65.6,h10,2025-11-05,15:02:31,3,1
idCX7o-9Hr4,hd1440,0.6666650976,66.7,h10,2025-11-05,15:02:32,3,1
idCX7o-9Hr4,hd1440,0.6666650976,66.7,h10,2025-11-05,15:02:33,3,1
idCX7o-9Hr4,hd1440,0.6778349714,67.8,h10,2025-11-05,15:02:34,3,1
idCX7o-9Hr4,hd1440,0.6778349714,67.8,h10,2025-11-05,15:02:35,3,1
idCX7o-9Hr4,hd1440,0.6778349714,67.8,h10,2025-11-05,15:02:36,3,1
idCX7o-9Hr4,hd1440,0.6778349714,67.8,h10,2025-11-05,15:02:37,3,1
idCX7o-9Hr4,hd1440,0.6778349714,67.8,h10,2025-11-05,15:02:38,3,1
idCX7o-9Hr4,hd1440,0.6892987893,68.9,h10,2025-11-05,15:02:39,3,1
idCX7o-9Hr4,hd1440,0.6892987893,68.9,h10,2025-11-05,15:02:40,3,1
idCX7o-9Hr4,hd1440,0.6892987893,68.9,h10,2025-11-05,15:02:41,3,1
idCX7o-9Hr4,hd1440,0.6965494081,69.7,h10,2025-11-05,15:02:42,3,1
idCX7o-9Hr4,hd1440,0.6965494081,69.7,h10,2025-11-05,15:02:43,3,1
idCX7o-9Hr4,hd1440,0.7047638904,70.5,h10,2025-11-05,15:02:44,3,1
idCX7o-9Hr4,hd1440,0.7070334145,70.7,h10,2025-11-05,15:02:45,3,1
idCX7o-9Hr4,hd1440,0.7070334145,70.7,h10,2025-11-05,15:02:46,3,1
idCX7o-9Hr4,hd1440,0.7070334145,70.7,h10,2025-11-05,15:02:47,3,1
idCX7o-9Hr4,hd1440,0.7070334145,70.7,h10,2025-11-05,15:02:48,3,1
idCX7o-9Hr4,hd1440,0.7173214562,71.7,h10,2025-11-05,15:02:49,3,1
idCX7o-9Hr4,hd1440,0.7173214562,71.7,h10,2025-11-05,15:02:50,3,1
idCX7o-9Hr4,hd1440,0.7173214562,71.7,h10,2025-11-05,15:02:51,3,1
idCX7o-9Hr4,hd1440,0.7291771975,72.9,h10,2025-11-05,15:02:52,3,1
idCX7o-9Hr4,hd1440,0.7291771975,72.9,h10,2025-11-05,15:02:53,3,1
idCX7o-9Hr4,hd1440,0.7291771975,72.9,h10,2025-11-05,15:02:54,3,1
idCX7o-9Hr4,hd1440,0.7291771975,72.9,h10,2025-11-05,15:02:55,3,1
idCX7o-9Hr4,hd1440,0.7291771975,72.9,h10,2025-11-05,15:02:56,3,1
idCX7o-9Hr4,hd1440,0.7405430359,74.1,h10,2025-11-05,15:02:57,3,1
idCX7o-9Hr4,hd1440,0.7405430359,74.1,h10,2025-11-05,15:02:58,3,1
idCX7o-9Hr4,hd1440,0.7405430359,74.1,h10,2025-11-05,15:02:59,3,1
idCX7o-9Hr4,hd1440,0.7476956725,74.8,h10,2025-11-05,15:03:00,3,1
idCX7o-9Hr4,hd1440,0.7595514167,76.0,h10,2025-11-05,15:03:01,3,1
idCX7o-9Hr4,hd1440,0.7595514167,76.0,h10,2025-11-05,15:03:02,3,1
idCX7o-9Hr4,hd1440,0.7595514167,76.0,h10,2025-11-05,15:03:03,3,1
idCX7o-9Hr4,hd1440,0.7595514167,76.0,h10,2025-11-05,15:03:04,3,1
idCX7o-9Hr4,hd1440,0.7595514167,76.0,h10,2025-11-05,15:03:05,3,1
idCX7o-9Hr4,hd1440,0.7692515703,76.9,h10,2025-11-05,15:03:06,3,1
idCX7o-9Hr4,hd1440,0.7692515703,76.9,h10,2025-11-05,15:03:07,3,1
idCX7o-9Hr4,hd1440,0.7692515703,76.9,h10,2025-11-05,15:03:08,3,1
idCX7o-9Hr4,hd1440,0.7692515703,76.9,h10,2025-11-05,15:03:09,3,1
idCX7o-9Hr4,hd1440,0.7692515703,76.9,h10,2025-11-05,15:03:10,3,1
idCX7o-9Hr4,hd1440,0.7806174058,78.1,h10,2025-11-05,15:03:11,3,1
idCX7o-9Hr4,hd1440,0.7908074681,79.1,h10,2025-11-05,15:03:12,3,1
idCX7o-9Hr4,hd1440,0.7908074681,79.1,h10,2025-11-05,15:03:13,3,1
idCX7o-9Hr4,hd1440,0.7908074681,79.1,h10,2025-11-05,15:03:14,3,1
idCX7o-9Hr4,hd1440,0.7908074681,79.1,h10,2025-11-05,15:03:15,3,1
idCX7o-9Hr4,hd1440,0.7908074681,79.1,h10,2025-11-05,15:03:16,3,1
idCX7o-9Hr4,hd1440,0.7908074681,79.1,h10,2025-11-05,15:03:17,3,1
idCX7o-9Hr4,hd1440,0.8028591741,80.3,h10,2025-11-05,15:03:18,3,1
idCX7o-9Hr4,hd1440,0.8028591741,80.3,h10,2025-11-05,15:03:19,3,1
idCX7o-9Hr4,hd1440,0.8028591741,80.3,h10,2025-11-05,15:03:20,3,1
idCX7o-9Hr4,hd1440,0.8139310656,81.4,h10,2025-11-05,15:03:21,3,1
idCX7o-9Hr4,hd1440,0.8139310656,81.4,h10,2025-11-05,15:03:22,3,1
idCX7o-9Hr4,hd1440,0.8139310656,81.4,h10,2025-11-05,15:03:23,3,1
idCX7o-9Hr4,hd1440,0.8139310656,81.4,h10,2025-11-05,15:03:24,3,1
idCX7o-9Hr4,hd1440,0.8246110336,82.5,h10,2025-11-05,15:03:25,3,1
idCX7o-9Hr4,hd1440,0.8246110336,82.5,h10,2025-11-05,15:03:26,3,1
idCX7o-9Hr4,hd1440,0.8246110336,82.5,h10,2025-11-05,15:03:27,3,1
idCX7o-9Hr4,hd1440,0.8329394464,83.3,h10,2025-11-05,15:03:28,3,1
idCX7o-9Hr4,hd2160,0.8329394464,83.3,h10,2025-11-05,15:03:29,3,1
idCX7o-9Hr4,hd2160,0.8329394464,83.3,h10,2025-11-05,15:03:30,3,1
idCX7o-9Hr4,hd2160,0.8329394464,83.3,h10,2025-11-05,15:03:31,3,1
idCX7o-9Hr4,hd2160,0.8329394464,83.3,h10,2025-11-05,15:03:32,3,1
idCX7o-9Hr4,hd2160,0.8383284215,83.8,h10,2025-11-05,15:03:33,3,1
idCX7o-9Hr4,hd2160,0.8383284215,83.8,h10,2025-11-05,15:03:34,3,1
idCX7o-9Hr4,hd2160,0.8383284215,83.8,h10,2025-11-05,15:03:35,3,1
idCX7o-9Hr4,hd2160,0.8383284215,83.8,h10,2025-11-05,15:03:36,3,1
idCX7o-9Hr4,hd2160,0.8383284215,83.8,h10,2025-11-05,15:03:37,3,1
idCX7o-9Hr4,hd2160,0.8383284215,83.8,h10,2025-11-05,15:03:38,3,1
idCX7o-9Hr4,hd2160,0.8383284215,83.8,h10,2025-11-05,15:03:39,3,1
idCX7o-9Hr4,hd2160,0.8383284215,83.8,h10,2025-11-05,15:03:40,3,1
idCX7o-9Hr4,hd2160,0.8383284215,83.8,h10,2025-11-05,15:03:41,3,1
idCX7o-9Hr4,hd2160,0.8383284215,83.8,h10,2025-11-05,15:03:42,3,1
idCX7o-9Hr4,hd2160,0.8383284215,83.8,h10,2025-11-05,15:03:43,3,1
idCX7o-9Hr4,hd2160,0.8383284215,83.8,h10,2025-11-05,15:03:44,3,1
idCX7o-9Hr4,hd2160,0.8448931729,84.5,h10,2025-11-05,15:03:45,3,1
idCX7o-9Hr4,hd2160,0.8448931729,84.5,h10,2025-11-05,15:03:46,3,1
idCX7o-9Hr4,hd2160,0.8448931729,84.5,h10,2025-11-05,15:03:47,3,1
idCX7o-9Hr4,hd2160,0.8448931729,84.5,h10,2025-11-05,15:03:48,3,1
idCX7o-9Hr4,hd2160,0.8448931729,84.5,h10,2025-11-05,15:03:49,3,1
idCX7o-9Hr4,hd2160,0.8499882011,85.0,h10,2025-11-05,15:03:50,3,1
idCX7o-9Hr4,hd2160,0.8559650644,85.6,h10,2025-11-05,15:03:51,3,1
idCX7o-9Hr4,hd2160,0.8559650644,85.6,h10,2025-11-05,15:03:52,3,1
idCX7o-9Hr4,hd2160,0.8620399071,86.2,h10,2025-11-05,15:03:53,3,1
idCX7o-9Hr4,hd2160,0.8670369559,86.7,h10,2025-11-05,15:03:54,3,1
idCX7o-9Hr4,hd2160,0.8670369559,86.7,h10,2025-11-05,15:03:55,3,1
idCX7o-9Hr4,hd2160,0.8670369559,86.7,h10,2025-11-05,15:03:56,3,1
idCX7o-9Hr4,hd2160,0.8733077632,87.3,h10,2025-11-05,15:03:57,3,1
idCX7o-9Hr4,hd2160,0.8733077632,87.3,h10,2025-11-05,15:03:58,3,1
idCX7o-9Hr4,hd2160,0.8791866442,87.9,h10,2025-11-05,15:03:59,3,1
idCX7o-9Hr4,hd2160,0.8809541289,88.1,h10,2025-11-05,15:04:00,3,1
idCX7o-9Hr4,hd2160,0.8840857107,88.4,h10,2025-11-05,15:04:01,3,1
idCX7o-9Hr4,hd2160,0.8905524797,89.1,h10,2025-11-05,15:04:02,3,1
idCX7o-9Hr4,hd2160,0.8963333813,89.6,h10,2025-11-05,15:04:03,3,1
idCX7o-9Hr4,hd2160,0.8963333813,89.6,h10,2025-11-05,15:04:04,3,1
idCX7o-9Hr4,hd2160,0.8963333813,89.6,h10,2025-11-05,15:04:05,3,1
idCX7o-9Hr4,hd2160,0.8963333813,89.6,h10,2025-11-05,15:04:06,3,1
idCX7o-9Hr4,hd2160,0.8963333813,89.6,h10,2025-11-05,15:04:07,3,1
idCX7o-9Hr4,hd2160,0.8963333813,89.6,h10,2025-11-05,15:04:08,3,1
idCX7o-9Hr4,hd2160,0.9063274789,90.6,h10,2025-11-05,15:04:09,3,1
idCX7o-9Hr4,hd2160,0.912794248,91.3,h10,2025-11-05,15:04:10,3,1
idCX7o-9Hr4,hd2160,0.9181832202,91.8,h10,2025-11-05,15:04:11,3,1
idCX7o-9Hr4,hd2160,0.9181832202,91.8,h10,2025-11-05,15:04:12,3,1
idCX7o-9Hr4,hd2160,0.9181832202,91.8,h10,2025-11-05,15:04:13,3,1
idCX7o-9Hr4,hd2160,0.9234742131,92.3,h10,2025-11-05,15:04:14,3,1
idCX7o-9Hr4,hd2160,0.9301369468,93.0,h10,2025-11-05,15:04:15,3,1
idCX7o-9Hr4,hd2160,0.9301369468,93.0,h10,2025-11-05,15:04:16,3,1
idCX7o-9Hr4,hd2160,0.935231975,93.5,h10,2025-11-05,15:04:17,3,1
idCX7o-9Hr4,hd2160,0.9406209502,94.1,h10,2025-11-05,15:04:18,3,1
idCX7o-9Hr4,hd2160,0.9406209502,94.1,h10,2025-11-05,15:04:19,3,1
idCX7o-9Hr4,hd2160,0.9406209502,94.1,h10,2025-11-05,15:04:20,3,1
idCX7o-9Hr4,hd2160,0.9406209502,94.1,h10,2025-11-05,15:04:21,3,1
idCX7o-9Hr4,hd2160,0.9471857016,94.7,h10,2025-11-05,15:04:22,3,1
idCX7o-9Hr4,hd2160,0.9522807298,95.2,h10,2025-11-05,15:04:23,3,1
idCX7o-9Hr4,hd2160,0.9583555754,95.8,h10,2025-11-05,15:04:24,3,1
idCX7o-9Hr4,hd2160,0.9583555754,95.8,h10,2025-11-05,15:04:25,3,1
idCX7o-9Hr4,hd2160,0.9583555754,95.8,h10,2025-11-05,15:04:26,3,1
idCX7o-9Hr4,hd2160,0.9583555754,95.8,h10,2025-11-05,15:04:27,3,1
idCX7o-9Hr4,hd2160,0.9693294846,96.9,h10,2025-11-05,15:04:28,3,1
idCX7o-9Hr4,hd2160,0.9693294846,96.9,h10,2025-11-05,15:04:29,3,1
idCX7o-9Hr4,hd2160,0.9693294846,96.9,h10,2025-11-05,15:04:30,3,1
idCX7o-9Hr4,hd2160,0.9710931488,97.1,h10,2025-11-05,15:04:31,3,1
idCX7o-9Hr4,hd2160,0.9863782393,98.6,h10,2025-11-05,15:04:32,3,1
idCX7o-9Hr4,hd2160,0.9863782393,98.6,h10,2025-11-05,15:04:33,3,1
idCX7o-9Hr4,hd2160,0.9863782393,98.6,h10,2025-11-05,15:04:34,3,1
idCX7o-9Hr4,hd2160,1.0,100.0,h10,2025-11-05,15:04:35,3,1
idCX7o-9Hr4,hd2160,1.0,100.0,h10,2025-11-05,15:04:36,3,1
idCX7o-9Hr4,hd2160,1.0,100.0,h10,2025-11-05,15:04:37,3,1
idCX7o-9Hr4,hd2160,1.0,100.0,h10,2025-11-05,15:04:38,3,1
idCX7o-9Hr4,hd2160,1.0,100.0,h10,2025-11-05,15:04:39,3,1
idCX7o-9Hr4,hd2160,1.0,100.0,h10,2025-11-05,15:04:40,3,1
idCX7o-9Hr4,hd2160,1.0,100.0,h10,2025-11-05,15:04:41,3,1
idCX7o-9Hr4,hd2160,1.0,100.0,h10,2025-11-05,15:04:42,3,1
idCX7o-9Hr4,hd2160,1.0,100.0,h10,2025-11-05,15:04:43,3,1
idCX7o-9Hr4,hd2160,1.0,100.0,h10,2025-11-05,15:04:44,3,1
idCX7o-9Hr4,hd2160,1.0,100.0,h10,2025-11-05,15:04:45,3,1
idCX7o-9Hr4,hd2160,1.0,100.0,h10,2025-11-05,15:04:46,3,1
idCX7o-9Hr4,hd2160,1.0,100.0,h10,2025-11-05,15:04:47,3,1
idCX7o-9Hr4,hd2160,1.0,100.0,h10,2025-11-05,15:04:48,3,1
idCX7o-9Hr4,hd2160,1.0,100.0,h10,2025-11-05,15:04:49,3,1
idCX7o-9Hr4,hd2160,1.0,100.0,h10,2025-11-05,15:04:50,3,1
idCX7o-9Hr4,hd2160,1.0,100.0,h10,2025-11-05,15:04:51,3,1
idCX7o-9Hr4,hd2160,1.0,100.0,h10,2025-11-05,15:04:52,3,1
idCX7o-9Hr4,hd2160,1.0,100.0,h10,2025-11-05,15:04:53,3,1
idCX7o-9Hr4,hd2160,1.0,100.0,h10,2025-11-05,15:04:54,3,1
idCX7o-9Hr4,hd2160,1.0,100.0,h10,2025-11-05,15:04:55,3,1
idCX7o-9Hr4,hd2160,1.0,100.0,h10,2025-11-05,15:04:56,3,1
idCX7o-9Hr4,hd2160,1.0,100.0,h10,2025-11-05,15:04:57,3,1
idCX7o-9Hr4,hd2160,1.0,100.0,h10,2025-11-05,15:04:58,3,1
idCX7o-9Hr4,hd2160,1.0,100.0,h10,2025-11-05,15:04:59,3,1
idCX7o-9Hr4,hd2160,1.0,100.0,h10,2025-11-05,15:05:00,3,1
idCX7o-9Hr4,hd2160,1.0,100.0,h10,2025-11-05,15:05:01,3,1
idCX7o-9Hr4,hd2160,1.0,100.0,h10,2025-11-05,15:05:02,3,1
idCX7o-9Hr4,hd2160,1.0,100.0,h10,2025-11-05,15:05:03,3,1
idCX7o-9Hr4,hd2160,1.0,100.0,h10,2025-11-05,15:05:04,3,1
idCX7o-9Hr4,hd2160,1.0,100.0,h10,2025-11-05,15:05:05,3,1
idCX7o-9Hr4,hd2160,1.0,100.0,h10,2025-11-05,15:05:06,3,1
idCX7o-9Hr4,hd2160,1.0,100.0,h10,2025-11-05,15:05:07,3,1
idCX7o-9Hr4,hd2160,1.0,100.0,h10,2025-11-05,15:05:08,3,1
KGerjHMa90s,hd1080,0.01712255475,1.7,h1,2025-10-31,11:49:29,3,1
KGerjHMa90s,hd1080,0.02285995739,2.3,h1,2025-10-31,11:49:30,3,1
KGerjHMa90s,hd1080,0.0311074715,3.1,h1,2025-10-31,11:49:31,3,1
KGerjHMa90s,hd1080,0.0311074715,3.1,h1,2025-10-31,11:49:32,3,1
KGerjHMa90s,hd1080,0.04051842956,4.1,h1,2025-10-31,11:49:33,3,1
KGerjHMa90s,hd1080,0.05540178291,5.5,h1,2025-10-31,11:49:34,3,1
KGerjHMa90s,hd1080,0.05540178291,5.5,h1,2025-10-31,11:49:35,3,1
KGerjHMa90s,hd1080,0.07530339521,7.5,h1,2025-10-31,11:49:36,3,1
KGerjHMa90s,hd1080,0.07790315448,7.8,h1,2025-10-31,11:49:37,3,1
KGerjHMa90s,hd1080,0.08060429714,8.1,h1,2025-10-31,11:49:38,3,1
KGerjHMa90s,hd1080,0.09126054471,9.1,h1,2025-10-31,11:49:39,3,1
KGerjHMa90s,hd1080,0.1055144022,10.6,h1,2025-10-31,11:49:40,3,1
KGerjHMa90s,hd1080,0.1055144022,10.6,h1,2025-10-31,11:49:41,3,1
KGerjHMa90s,hd1080,0.1211129632,12.1,h1,2025-10-31,11:49:42,3,1
KGerjHMa90s,hd1080,0.1211129632,12.1,h1,2025-10-31,11:49:43,3,1
KGerjHMa90s,hd1080,0.1211129632,12.1,h1,2025-10-31,11:49:44,3,1
KGerjHMa90s,hd1080,0.1211129632,12.1,h1,2025-10-31,11:49:45,3,1
KGerjHMa90s,hd1080,0.1211129632,12.1,h1,2025-10-31,11:49:46,3,1
KGerjHMa90s,hd1080,0.1343387041,13.4,h1,2025-10-31,11:49:47,3,1
KGerjHMa90s,hd1080,0.1373390507,13.7,h1,2025-10-31,11:49:48,3,1
KGerjHMa90s,hd1080,0.1529376117,15.3,h1,2025-10-31,11:49:49,3,1
KGerjHMa90s,hd1080,0.1714945204,17.1,h1,2025-10-31,11:49:50,3,1
KGerjHMa90s,hd1080,0.1714945204,17.1,h1,2025-10-31,11:49:51,3,1
KGerjHMa90s,hd1080,0.1714945204,17.1,h1,2025-10-31,11:49:52,3,1
KGerjHMa90s,hd1080,0.1714945204,17.1,h1,2025-10-31,11:49:53,3,1
KGerjHMa90s,hd1080,0.1870930814,18.7,h1,2025-10-31,11:49:54,3,1
KGerjHMa90s,hd1080,0.1870930814,18.7,h1,2025-10-31,11:49:55,3,1
KGerjHMa90s,hd1080,0.1870930814,18.7,h1,2025-10-31,11:49:56,3,1
KGerjHMa90s,hd1080,0.1870930814,18.7,h1,2025-10-31,11:49:57,3,1
KGerjHMa90s,hd1080,0.2027812902,20.3,h1,2025-10-31,11:49:58,3,1
KGerjHMa90s,hd1080,0.2149403145,21.5,h1,2025-10-31,11:49:59,3,1
KGerjHMa90s,hd1080,0.2149403145,21.5,h1,2025-10-31,11:50:00,3,1
KGerjHMa90s,hd1080,0.2149403145,21.5,h1,2025-10-31,11:50:01,3,1
KGerjHMa90s,hd1080,0.2159593848,21.6,h1,2025-10-31,11:50:02,3,1
KGerjHMa90s,hd1080,0.2338887644,23.4,h1,2025-10-31,11:50:03,3,1
KGerjHMa90s,hd1080,0.2338887644,23.4,h1,2025-10-31,11:50:04,3,1
KGerjHMa90s,hd1080,0.2338887644,23.4,h1,2025-10-31,11:50:05,3,1
KGerjHMa90s,hd1080,0.2469772139,24.7,h1,2025-10-31,11:50:06,3,1
KGerjHMa90s,hd1080,0.2469772139,24.7,h1,2025-10-31,11:50:07,3,1
KGerjHMa90s,hd1080,0.2469772139,24.7,h1,2025-10-31,11:50:08,3,1
KGerjHMa90s,hd1080,0.2494873254,24.9,h1,2025-10-31,11:50:09,3,1
KGerjHMa90s,hd1080,0.2632033014,26.3,h1,2025-10-31,11:50:10,3,1
KGerjHMa90s,hd1080,0.2632033014,26.3,h1,2025-10-31,11:50:11,3,1
KGerjHMa90s,hd1080,0.2632033014,26.3,h1,2025-10-31,11:50:12,3,1
KGerjHMa90s,hd1080,0.2632033014,26.3,h1,2025-10-31,11:50:13,3,1
KGerjHMa90s,hd1080,0.2955419249,29.6,h1,2025-10-31,11:50:14,3,1
KGerjHMa90s,hd1080,0.2955419249,29.6,h1,2025-10-31,11:50:15,3,1
KGerjHMa90s,hd1080,0.2955419249,29.6,h1,2025-10-31,11:50:16,3,1
KGerjHMa90s,hd1080,0.2962830084,29.6,h1,2025-10-31,11:50:17,3,1
KGerjHMa90s,hd1080,0.3430786914,34.3,h1,2025-10-31,11:50:18,3,1
KGerjHMa90s,hd1080,0.3430786914,34.3,h1,2025-10-31,11:50:19,3,1
KGerjHMa90s,hd1080,0.3430786914,34.3,h1,2025-10-31,11:50:20,3,1
KGerjHMa90s,hd1080,0.3430786914,34.3,h1,2025-10-31,11:50:21,3,1
KGerjHMa90s,hd1080,0.3430786914,34.3,h1,2025-10-31,11:50:22,3,1
KGerjHMa90s,hd1080,0.3430786914,34.3,h1,2025-10-31,11:50:23,3,1
KGerjHMa90s,hd1080,0.3430786914,34.3,h1,2025-10-31,11:50:24,3,1
KGerjHMa90s,hd1080,0.3430786914,34.3,h1,2025-10-31,11:50:25,3,1
KGerjHMa90s,hd1080,0.3742758133,37.4,h1,2025-10-31,11:50:26,3,1
KGerjHMa90s,hd1080,0.3742758133,37.4,h1,2025-10-31,11:50:27,3,1
KGerjHMa90s,hd1080,0.3742758133,37.4,h1,2025-10-31,11:50:28,3,1
KGerjHMa90s,hd1080,0.3742758133,37.4,h1,2025-10-31,11:50:29,3,1
KGerjHMa90s,hd1080,0.3742758133,37.4,h1,2025-10-31,11:50:30,3,1
KGerjHMa90s,hd1080,0.3742758133,37.4,h1,2025-10-31,11:50:31,3,1
KGerjHMa90s,hd1080,0.3742758133,37.4,h1,2025-10-31,11:50:32,3,1
KGerjHMa90s,hd1080,0.4366700573,43.7,h1,2025-10-31,11:50:33,3,1
KGerjHMa90s,hd1080,0.4366700573,43.7,h1,2025-10-31,11:50:34,3,1
KGerjHMa90s,hd1080,0.4366700573,43.7,h1,2025-10-31,11:50:35,3,1
KGerjHMa90s,hd1080,0.4366700573,43.7,h1,2025-10-31,11:50:36,3,1
KGerjHMa90s,hd1080,0.4366700573,43.7,h1,2025-10-31,11:50:37,3,1
KGerjHMa90s,hd1080,0.4366700573,43.7,h1,2025-10-31,11:50:38,3,1
KGerjHMa90s,hd1080,0.4366700573,43.7,h1,2025-10-31,11:50:39,3,1
KGerjHMa90s,hd1080,0.4366700573,43.7,h1,2025-10-31,11:50:40,3,1
KGerjHMa90s,hd1080,0.4366700573,43.7,h1,2025-10-31,11:50:41,3,1
KGerjHMa90s,hd1080,0.4366700573,43.7,h1,2025-10-31,11:50:42,3,1
KGerjHMa90s,hd1080,0.4366700573,43.7,h1,2025-10-31,11:50:43,3,1
KGerjHMa90s,hd1080,0.4366700573,43.7,h1,2025-10-31,11:50:44,3,1
KGerjHMa90s,hd1080,0.4567451458,45.7,h1,2025-10-31,11:50:45,3,1
KGerjHMa90s,hd1080,0.4567451458,45.7,h1,2025-10-31,11:50:46,3,1
KGerjHMa90s,hd1080,0.4567451458,45.7,h1,2025-10-31,11:50:47,3,1
KGerjHMa90s,hd1080,0.4567451458,45.7,h1,2025-10-31,11:50:48,3,1
KGerjHMa90s,hd1080,0.4990643013,49.9,h1,2025-10-31,11:50:49,3,1
KGerjHMa90s,hd1080,0.4990643013,49.9,h1,2025-10-31,11:50:50,3,1
KGerjHMa90s,hd1080,0.4990643013,49.9,h1,2025-10-31,11:50:51,3,1
KGerjHMa90s,hd1080,0.4990643013,49.9,h1,2025-10-31,11:50:52,3,1
KGerjHMa90s,hd1080,0.4990643013,49.9,h1,2025-10-31,11:50:53,3,1
KGerjHMa90s,hd1440,0.4990643013,49.9,h1,2025-10-31,11:50:54,3,1
KGerjHMa90s,hd1440,0.4990643013,49.9,h1,2025-10-31,11:50:55,3,1
KGerjHMa90s,hd1440,0.4990643013,49.9,h1,2025-10-31,11:50:56,3,1
KGerjHMa90s,hd1440,0.4990643013,49.9,h1,2025-10-31,11:50:57,3,1
KGerjHMa90s,hd1440,0.4990643013,49.9,h1,2025-10-31,11:50:58,3,1
KGerjHMa90s,hd1440,0.4990643013,49.9,h1,2025-10-31,11:50:59,3,1
KGerjHMa90s,hd1440,0.4990643013,49.9,h1,2025-10-31,11:51:00,3,1
KGerjHMa90s,hd1440,0.5116148694,51.2,h1,2025-10-31,11:51:01,3,1
KGerjHMa90s,hd1440,0.5116148694,51.2,h1,2025-10-31,11:51:02,3,1
KGerjHMa90s,hd1440,0.5116148694,51.2,h1,2025-10-31,11:51:03,3,1
KGerjHMa90s,hd1440,0.5116148694,51.2,h1,2025-10-31,11:51:04,3,1
KGerjHMa90s,hd1440,0.5116148694,51.2,h1,2025-10-31,11:51:05,3,1
KGerjHMa90s,hd1440,0.5116148694,51.2,h1,2025-10-31,11:51:06,3,1
KGerjHMa90s,hd1440,0.5116148694,51.2,h1,2025-10-31,11:51:07,3,1
KGerjHMa90s,hd1440,0.5302614233,53.0,h1,2025-10-31,11:51:08,3,1
KGerjHMa90s,hd1440,0.5302614233,53.0,h1,2025-10-31,11:51:09,3,1
KGerjHMa90s,hd1440,0.5302614233,53.0,h1,2025-10-31,11:51:10,3,1
KGerjHMa90s,hd1440,0.5302614233,53.0,h1,2025-10-31,11:51:11,3,1
KGerjHMa90s,hd1440,0.5302614233,53.0,h1,2025-10-31,11:51:12,3,1
KGerjHMa90s,hd1440,0.5302614233,53.0,h1,2025-10-31,11:51:13,3,1
KGerjHMa90s,hd1440,0.5302614233,53.0,h1,2025-10-31,11:51:14,3,1
KGerjHMa90s,hd1440,0.5458599843,54.6,h1,2025-10-31,11:51:15,3,1
KGerjHMa90s,hd1440,0.5458599843,54.6,h1,2025-10-31,11:51:16,3,1
KGerjHMa90s,hd1440,0.5458599843,54.6,h1,2025-10-31,11:51:17,3,1
KGerjHMa90s,hd1440,0.5458599843,54.6,h1,2025-10-31,11:51:18,3,1
KGerjHMa90s,hd1440,0.5458599843,54.6,h1,2025-10-31,11:51:19,3,1
KGerjHMa90s,hd1440,0.5459496321,54.6,h1,2025-10-31,11:51:20,3,1
KGerjHMa90s,hd1440,0.5523145612,55.2,h1,2025-10-31,11:51:21,3,1
KGerjHMa90s,hd1440,0.5523145612,55.2,h1,2025-10-31,11:51:22,3,1
KGerjHMa90s,hd1440,0.5537489125,55.4,h1,2025-10-31,11:51:23,3,1
KGerjHMa90s,hd1440,0.5537489125,55.4,h1,2025-10-31,11:51:24,3,1
KGerjHMa90s,hd1440,0.5537489125,55.4,h1,2025-10-31,11:51:26,3,1
KGerjHMa90s,hd1440,0.5652237151,56.5,h1,2025-10-31,11:51:26,3,1
KGerjHMa90s,hd1440,0.5652237151,56.5,h1,2025-10-31,11:51:27,3,1
KGerjHMa90s,hd1440,0.5652237151,56.5,h1,2025-10-31,11:51:28,3,1
KGerjHMa90s,hd1440,0.5770571062,57.7,h1,2025-10-31,11:51:29,3,1
KGerjHMa90s,hd1440,0.5770571062,57.7,h1,2025-10-31,11:51:30,3,1
KGerjHMa90s,hd1440,0.5770571062,57.7,h1,2025-10-31,11:51:31,3,1
KGerjHMa90s,hd1440,0.5770571062,57.7,h1,2025-10-31,11:51:32,3,1
KGerjHMa90s,hd1440,0.5926556672,59.3,h1,2025-10-31,11:51:33,3,1
KGerjHMa90s,hd1440,0.5926556672,59.3,h1,2025-10-31,11:51:34,3,1
KGerjHMa90s,hd1440,0.5926556672,59.3,h1,2025-10-31,11:51:35,3,1
KGerjHMa90s,hd1440,0.5926556672,59.3,h1,2025-10-31,11:51:36,3,1
KGerjHMa90s,hd1440,0.5926556672,59.3,h1,2025-10-31,11:51:37,3,1
KGerjHMa90s,hd1440,0.5926556672,59.3,h1,2025-10-31,11:51:38,3,1
KGerjHMa90s,hd1440,0.5992895398,59.9,h1,2025-10-31,11:51:39,3,1
KGerjHMa90s,hd1440,0.5992895398,59.9,h1,2025-10-31,11:51:40,3,1
KGerjHMa90s,hd1440,0.6082542282,60.8,h1,2025-10-31,11:51:41,3,1
KGerjHMa90s,hd1440,0.6082542282,60.8,h1,2025-10-31,11:51:42,3,1
KGerjHMa90s,hd1440,0.6082542282,60.8,h1,2025-10-31,11:51:43,3,1
KGerjHMa90s,hd1440,0.6169499786,61.7,h1,2025-10-31,11:51:44,3,1
KGerjHMa90s,hd1440,0.6169499786,61.7,h1,2025-10-31,11:51:45,3,1
KGerjHMa90s,hd1440,0.6169499786,61.7,h1,2025-10-31,11:51:46,3,1
KGerjHMa90s,hd1440,0.6169499786,61.7,h1,2025-10-31,11:51:47,3,1
KGerjHMa90s,hd1440,0.6238527892,62.4,h1,2025-10-31,11:51:48,3,1
KGerjHMa90s,hd1440,0.6238527892,62.4,h1,2025-10-31,11:51:49,3,1
KGerjHMa90s,hd2160,0.0,0.0,h1,2025-10-31,11:51:50,3,1
KGerjHMa90s,hd2160,0.0,0.0,h1,2025-10-31,11:51:51,3,1
KGerjHMa90s,hd2160,0.0,0.0,h1,2025-10-31,11:51:52,3,1
KGerjHMa90s,hd2160,0.379825378,38.0,h1,2025-10-31,11:51:53,3,1
KGerjHMa90s,hd2160,0.3878763164,38.8,h1,2025-10-31,11:51:54,3,1
KGerjHMa90s,hd2160,0.3922596032,39.2,h1,2025-10-31,11:51:55,3,1
KGerjHMa90s,hd2160,0.3977163512,39.8,h1,2025-10-31,11:51:56,3,1
KGerjHMa90s,hd2160,0.4043360107,40.4,h1,2025-10-31,11:51:57,3,1
KGerjHMa90s,hd2160,0.4043360107,40.4,h1,2025-10-31,11:51:58,3,1
KGerjHMa90s,hd2160,0.4089876649,40.9,h1,2025-10-31,11:51:59,3,1
KGerjHMa90s,hd2160,0.4183804263,41.8,h1,2025-10-31,11:52:00,3,1
KGerjHMa90s,hd2160,0.4248211769,42.5,h1,2025-10-31,11:52:01,3,1
KGerjHMa90s,hd2160,0.4289571046,42.9,h1,2025-10-31,11:52:02,3,1
KGerjHMa90s,hd2160,0.4317092011,43.2,h1,2025-10-31,11:52:03,3,1
KGerjHMa90s,hd2160,0.437792134,43.8,h1,2025-10-31,11:52:04,3,1
KGerjHMa90s,hd2160,0.437792134,43.8,h1,2025-10-31,11:52:05,3,1
KGerjHMa90s,hd2160,0.4429805147,44.3,h1,2025-10-31,11:52:06,3,1
KGerjHMa90s,hd2160,0.4429805147,44.3,h1,2025-10-31,11:52:07,3,1
KGerjHMa90s,hd2160,0.4481688981,44.8,h1,2025-10-31,11:52:08,3,1
KGerjHMa90s,hd2160,0.4481688981,44.8,h1,2025-10-31,11:52:09,3,1
KGerjHMa90s,hd2160,0.4529994611,45.3,h1,2025-10-31,11:52:10,3,1
KGerjHMa90s,hd2160,0.4529994611,45.3,h1,2025-10-31,11:52:11,3,1
KGerjHMa90s,hd2160,0.4529994611,45.3,h1,2025-10-31,11:52:12,3,1
KGerjHMa90s,hd2160,0.458635118,45.9,h1,2025-10-31,11:52:13,3,1
KGerjHMa90s,hd2160,0.458635118,45.9,h1,2025-10-31,11:52:14,3,1
KGerjHMa90s,hd2160,0.4649864129,46.5,h1,2025-10-31,11:52:15,3,1
KGerjHMa90s,hd2160,0.4649864129,46.5,h1,2025-10-31,11:52:16,3,1
KGerjHMa90s,hd2160,0.4649864129,46.5,h1,2025-10-31,11:52:17,3,1
KGerjHMa90s,hd2160,0.4698169759,47.0,h1,2025-10-31,11:52:18,3,1
KGerjHMa90s,hd2160,0.4698169759,47.0,h1,2025-10-31,11:52:19,3,1
KGerjHMa90s,hd2160,0.4755420885,47.6,h1,2025-10-31,11:52:20,3,1
KGerjHMa90s,hd2160,0.4755420885,47.6,h1,2025-10-31,11:52:21,3,1
KGerjHMa90s,hd2160,0.4755420885,47.6,h1,2025-10-31,11:52:22,3,1
KGerjHMa90s,hd2160,0.4755420885,47.6,h1,2025-10-31,11:52:23,3,1
KGerjHMa90s,hd2160,0.4755420885,47.6,h1,2025-10-31,11:52:24,3,1
KGerjHMa90s,hd2160,0.4809988365,48.1,h1,2025-10-31,11:52:26,3,1
KGerjHMa90s,hd2160,0.4809988365,48.1,h1,2025-10-31,11:52:25,3,1
KGerjHMa90s,hd2160,0.4809988365,48.1,h1,2025-10-31,11:52:27,3,1
KGerjHMa90s,hd2160,0.4871712225,48.7,h1,2025-10-31,11:52:28,3,1
KGerjHMa90s,hd2160,0.4871712225,48.7,h1,2025-10-31,11:52:29,3,1
KGerjHMa90s,hd2160,0.4871712225,48.7,h1,2025-10-31,11:52:30,3,1
KGerjHMa90s,hd2160,0.4921742627,49.2,h1,2025-10-31,11:52:31,3,1
KGerjHMa90s,hd2160,0.492449059,49.2,h1,2025-10-31,11:52:32,3,1
KGerjHMa90s,hd2160,0.4979952601,49.8,h1,2025-10-31,11:52:33,3,1
KGerjHMa90s,hd2160,0.4979952601,49.8,h1,2025-10-31,11:52:34,3,1
KGerjHMa90s,hd2160,0.5016629115,50.2,h1,2025-10-31,11:52:35,3,1
KGerjHMa90s,hd2160,0.5016629115,50.2,h1,2025-10-31,11:52:36,3,1
KGerjHMa90s,hd2160,0.5047938311,50.5,h1,2025-10-31,11:52:37,3,1
KGerjHMa90s,hd2160,0.5076563861,50.8,h1,2025-10-31,11:52:38,3,1
KGerjHMa90s,hd2160,0.5119502198,51.2,h1,2025-10-31,11:52:39,3,1
KGerjHMa90s,hd2160,0.5150811421,51.5,h1,2025-10-31,11:52:40,3,1
KGerjHMa90s,hd2160,0.5251000858,52.5,h1,2025-10-31,11:52:41,3,1
KGerjHMa90s,hd2160,0.5251000858,52.5,h1,2025-10-31,11:52:42,3,1
KGerjHMa90s,hd2160,0.5335088445,53.4,h1,2025-10-31,11:52:43,3,1
KGerjHMa90s,hd2160,0.5335088445,53.4,h1,2025-10-31,11:52:44,3,1
KGerjHMa90s,hd2160,0.5433488794,54.3,h1,2025-10-31,11:52:45,3,1
KGerjHMa90s,hd2160,0.5468376193,54.7,h1,2025-10-31,11:52:46,3,1
KGerjHMa90s,hd2160,0.5530857909,55.3,h1,2025-10-31,11:52:47,3,1
KGerjHMa90s,hd2160,0.5531889169,55.3,h1,2025-10-31,11:52:48,3,1
KGerjHMa90s,hd2160,0.5531889169,55.3,h1,2025-10-31,11:52:49,3,1
KGerjHMa90s,hd2160,0.5599874853,56.0,h1,2025-10-31,11:52:50,3,1
KGerjHMa90s,hd2160,0.5646391394,56.5,h1,2025-10-31,11:52:51,3,1
KGerjHMa90s,hd2160,0.5704537051,57.0,h1,2025-10-31,11:52:52,3,1
KGerjHMa90s,hd2160,0.5704537051,57.0,h1,2025-10-31,11:52:53,3,1
KGerjHMa90s,hd2160,0.5758209973,57.6,h1,2025-10-31,11:52:54,3,1
KGerjHMa90s,hd2160,0.5873606756,58.7,h1,2025-10-31,11:52:55,3,1
KGerjHMa90s,hd2160,0.5873606756,58.7,h1,2025-10-31,11:52:56,3,1
KGerjHMa90s,hd2160,0.5937119732,59.4,h1,2025-10-31,11:52:57,3,1
KGerjHMa90s,hd2160,0.5937119732,59.4,h1,2025-10-31,11:52:58,3,1
KGerjHMa90s,hd2160,0.5989003539,59.9,h1,2025-10-31,11:52:59,3,1
KGerjHMa90s,hd2160,0.6065040188,60.7,h1,2025-10-31,11:53:00,3,1
KGerjHMa90s,hd2160,0.6065040188,60.7,h1,2025-10-31,11:53:01,3,1
KGerjHMa90s,hd2160,0.6099033029,61.0,h1,2025-10-31,11:53:02,3,1
KGerjHMa90s,hd2160,0.6099033029,61.0,h1,2025-10-31,11:53:03,3,1
KGerjHMa90s,hd2160,0.6157178713,61.6,h1,2025-10-31,11:53:04,3,1
KGerjHMa90s,hd2160,0.6157178713,61.6,h1,2025-10-31,11:53:05,3,1
KGerjHMa90s,hd2160,0.6225164397,62.3,h1,2025-10-31,11:53:06,3,1
KGerjHMa90s,hd2160,0.6260051796,62.6,h1,2025-10-31,11:53:07,3,1
KGerjHMa90s,hd2160,0.6302095603,63.0,h1,2025-10-31,11:53:08,3,1
KGerjHMa90s,hd2160,0.6380815871,63.8,h1,2025-10-31,11:53:09,3,1
KGerjHMa90s,hd2160,0.6428226971,64.3,h1,2025-10-31,11:53:10,3,1
KGerjHMa90s,hd2160,0.6428226971,64.3,h1,2025-10-31,11:53:11,3,1
KGerjHMa90s,hd2160,0.6510525442,65.1,h1,2025-10-31,11:53:12,3,1
KGerjHMa90s,hd2160,0.6580300241,65.8,h1,2025-10-31,11:53:13,3,1
KGerjHMa90s,hd2160,0.6666176917,66.7,h1,2025-10-31,11:53:14,3,1
KGerjHMa90s,hd2160,0.669211882,66.9,h1,2025-10-31,11:53:15,3,1
KGerjHMa90s,hd2160,0.6809304718,68.1,h1,2025-10-31,11:53:16,3,1
KGerjHMa90s,hd2160,0.6809304718,68.1,h1,2025-10-31,11:53:17,3,1
KGerjHMa90s,hd2160,0.6809304718,68.1,h1,2025-10-31,11:53:18,3,1
KGerjHMa90s,hd2160,0.6957799786,69.6,h1,2025-10-31,11:53:19,3,1
KGerjHMa90s,hd2160,0.704278193,70.4,h1,2025-10-31,11:53:20,3,1
KGerjHMa90s,hd2160,0.704278193,70.4,h1,2025-10-31,11:53:21,3,1
KGerjHMa90s,hd2160,0.7085720268,70.9,h1,2025-10-31,11:53:22,3,1
KGerjHMa90s,hd2160,0.7085720268,70.9,h1,2025-10-31,11:53:23,3,1
KGerjHMa90s,hd2160,0.7100033029,71.0,h1,2025-10-31,11:53:24,3,1
KGerjHMa90s,hd2160,0.7141182279,71.4,h1,2025-10-31,11:53:25,3,1
KGerjHMa90s,hd2160,0.7188593351,71.9,h1,2025-10-31,11:53:26,3,1
KGerjHMa90s,hd2160,0.7188593351,71.9,h1,2025-10-31,11:53:27,3,1
KGerjHMa90s,hd2160,0.7245844477,72.5,h1,2025-10-31,11:53:28,3,1
KGerjHMa90s,hd2160,0.7303095603,73.0,h1,2025-10-31,11:53:29,3,1
KGerjHMa90s,hd2160,0.7358557614,73.6,h1,2025-10-31,11:53:30,3,1
KGerjHMa90s,hd2160,0.7358557614,73.6,h1,2025-10-31,11:53:31,3,1
KGerjHMa90s,hd2160,0.741580874,74.2,h1,2025-10-31,11:53:32,3,1
KGerjHMa90s,hd2160,0.7470376193,74.7,h1,2025-10-31,11:53:33,3,1
KGerjHMa90s,hd2160,0.7487372627,74.9,h1,2025-10-31,11:53:34,3,1
KGerjHMa90s,hd2160,0.7562514718,75.6,h1,2025-10-31,11:53:35,3,1
KGerjHMa90s,hd2160,0.7626027668,76.3,h1,2025-10-31,11:53:36,3,1
KGerjHMa90s,hd2160,0.7684173351,76.8,h1,2025-10-31,11:53:37,3,1
KGerjHMa90s,hd2160,0.7684173351,76.8,h1,2025-10-31,11:53:38,3,1
KGerjHMa90s,hd2160,0.7753053592,77.5,h1,2025-10-31,11:53:39,3,1
KGerjHMa90s,hd2160,0.7813882895,78.1,h1,2025-10-31,11:53:40,3,1
KGerjHMa90s,hd2160,0.7813882895,78.1,h1,2025-10-31,11:53:41,3,1
KGerjHMa90s,hd2160,0.7865766729,78.7,h1,2025-10-31,11:53:42,3,1
KGerjHMa90s,hd2160,0.7920334209,79.2,h1,2025-10-31,11:53:43,3,1
KGerjHMa90s,hd2160,0.7920334209,79.2,h1,2025-10-31,11:53:44,3,1
KGerjHMa90s,hd2160,0.7966850724,79.7,h1,2025-10-31,11:53:45,3,1
KGerjHMa90s,hd2160,0.8021418204,80.2,h1,2025-10-31,11:53:46,3,1
KGerjHMa90s,hd2160,0.8042922252,80.4,h1,2025-10-31,11:53:47,3,1
KGerjHMa90s,hd2160,0.8083142064,80.8,h1,2025-10-31,11:53:48,3,1
KGerjHMa90s,hd2160,0.8136814987,81.4,h1,2025-10-31,11:53:49,3,1
KGerjHMa90s,hd2160,0.8136814987,81.4,h1,2025-10-31,11:53:50,3,1
KGerjHMa90s,hd2160,0.8136814987,81.4,h1,2025-10-31,11:53:51,3,1
KGerjHMa90s,hd2160,0.8136814987,81.4,h1,2025-10-31,11:53:52,3,1
KGerjHMa90s,hd2160,0.8203906139,82.0,h1,2025-10-31,11:53:53,3,1
KGerjHMa90s,hd2160,0.8203906139,82.0,h1,2025-10-31,11:53:54,3,1
KGerjHMa90s,hd2160,0.8293361019,82.9,h1,2025-10-31,11:53:55,3,1
KGerjHMa90s,hd2160,0.8293361019,82.9,h1,2025-10-31,11:53:56,3,1
KGerjHMa90s,hd2160,0.8356873968,83.6,h1,2025-10-31,11:53:57,3,1
KGerjHMa90s,hd2160,0.8356873968,83.6,h1,2025-10-31,11:53:58,3,1
KGerjHMa90s,hd2160,0.8356873968,83.6,h1,2025-10-31,11:53:59,3,1
KGerjHMa90s,hd2160,0.8364030349,83.6,h1,2025-10-31,11:54:00,3,1
KGerjHMa90s,hd2160,0.840428504,84.0,h1,2025-10-31,11:54:01,3,1
KGerjHMa90s,hd2160,0.8457957962,84.6,h1,2025-10-31,11:54:02,3,1
KGerjHMa90s,hd2160,0.8516103646,85.2,h1,2025-10-31,11:54:03,3,1
KGerjHMa90s,hd2160,0.8559936515,85.6,h1,2025-10-31,11:54:04,3,1
KGerjHMa90s,hd2160,0.8559936515,85.6,h1,2025-10-31,11:54:05,3,1
KGerjHMa90s,hd2160,0.8559936515,85.6,h1,2025-10-31,11:54:06,3,1
KGerjHMa90s,hd2160,0.8559936515,85.6,h1,2025-10-31,11:54:07,3,1
KGerjHMa90s,hd2160,0.860376941,86.0,h1,2025-10-31,11:54:08,3,1
KGerjHMa90s,hd2160,0.8661020536,86.6,h1,2025-10-31,11:54:09,3,1
KGerjHMa90s,hd2160,0.8715587989,87.2,h1,2025-10-31,11:54:10,3,1
KGerjHMa90s,hd2160,0.8715587989,87.2,h1,2025-10-31,11:54:11,3,1
KGerjHMa90s,hd2160,0.8715587989,87.2,h1,2025-10-31,11:54:12,3,1
KGerjHMa90s,hd2160,0.8761209973,87.6,h1,2025-10-31,11:54:13,3,1
KGerjHMa90s,hd2160,0.8761209973,87.6,h1,2025-10-31,11:54:14,3,1
KGerjHMa90s,hd2160,0.8819355657,88.2,h1,2025-10-31,11:54:15,3,1
KGerjHMa90s,hd2160,0.8871239464,88.7,h1,2025-10-31,11:54:16,3,1
KGerjHMa90s,hd2160,0.8871239464,88.7,h1,2025-10-31,11:54:17,3,1
KGerjHMa90s,hd2160,0.8871239464,88.7,h1,2025-10-31,11:54:18,3,1
KGerjHMa90s,hd2160,0.8871239464,88.7,h1,2025-10-31,11:54:19,3,1
KGerjHMa90s,hd2160,0.8929385147,89.3,h1,2025-10-31,11:54:20,3,1
KGerjHMa90s,hd2160,0.8929385147,89.3,h1,2025-10-31,11:54:21,3,1
KGerjHMa90s,hd2160,0.8982163512,89.8,h1,2025-10-31,11:54:22,3,1
KGerjHMa90s,hd2160,0.8982163512,89.8,h1,2025-10-31,11:54:23,3,1
KGerjHMa90s,hd2160,0.9026890938,90.3,h1,2025-10-31,11:54:24,3,1
KGerjHMa90s,hd2160,0.906714563,90.7,h1,2025-10-31,11:54:25,3,1
KGerjHMa90s,hd2160,0.9123502198,91.2,h1,2025-10-31,11:54:26,3,1
KGerjHMa90s,hd2160,0.9123502198,91.2,h1,2025-10-31,11:54:27,3,1
KGerjHMa90s,hd2160,0.9123502198,91.2,h1,2025-10-31,11:54:28,3,1
KGerjHMa90s,hd2160,0.9182542413,91.8,h1,2025-10-31,11:54:29,3,1
KGerjHMa90s,hd2160,0.9226375308,92.3,h1,2025-10-31,11:54:30,3,1
KGerjHMa90s,hd2160,0.9226375308,92.3,h1,2025-10-31,11:54:31,3,1
KGerjHMa90s,hd2160,0.9280048231,92.8,h1,2025-10-31,11:54:32,3,1
KGerjHMa90s,hd2160,0.9280048231,92.8,h1,2025-10-31,11:54:33,3,1
KGerjHMa90s,hd2160,0.9338193887,93.4,h1,2025-10-31,11:54:34,3,1
KGerjHMa90s,hd2160,0.9399023217,94.0,h1,2025-10-31,11:54:35,3,1
KGerjHMa90s,hd2160,0.9399023217,94.0,h1,2025-10-31,11:54:36,3,1
KGerjHMa90s,hd2160,0.9399023217,94.0,h1,2025-10-31,11:54:37,3,1
KGerjHMa90s,hd2160,0.944643429,94.5,h1,2025-10-31,11:54:38,3,1
KGerjHMa90s,hd2160,0.9493845362,94.9,h1,2025-10-31,11:54:39,3,1
KGerjHMa90s,hd2160,0.9493845362,94.9,h1,2025-10-31,11:54:40,3,1
KGerjHMa90s,hd2160,0.9553780134,95.5,h1,2025-10-31,11:54:41,3,1
KGerjHMa90s,hd2160,0.9553780134,95.5,h1,2025-10-31,11:54:42,3,1
KGerjHMa90s,hd2160,0.9553780134,95.5,h1,2025-10-31,11:54:43,3,1
KGerjHMa90s,hd2160,0.9553780134,95.5,h1,2025-10-31,11:54:44,3,1
KGerjHMa90s,hd2160,0.9619082198,96.2,h1,2025-10-31,11:54:45,3,1
KGerjHMa90s,hd2160,0.9805148311,98.1,h1,2025-10-31,11:54:46,3,1
KGerjHMa90s,hd2160,0.9805148311,98.1,h1,2025-10-31,11:54:47,3,1
KGerjHMa90s,hd2160,0.9805148311,98.1,h1,2025-10-31,11:54:48,3,1
KGerjHMa90s,hd2160,0.9805148311,98.1,h1,2025-10-31,11:54:49,3,1
KGerjHMa90s,hd2160,0.9805148311,98.1,h1,2025-10-31,11:54:50,3,1
KGerjHMa90s,hd2160,1.0,100.0,h1,2025-10-31,11:54:51,3,1
KGerjHMa90s,hd2160,1.0,100.0,h1,2025-10-31,11:54:52,3,1
KGerjHMa90s,hd2160,1.0,100.0,h1,2025-10-31,11:54:53,3,1
KGerjHMa90s,hd2160,1.0,100.0,h1,2025-10-31,11:54:54,3,1
KGerjHMa90s,hd2160,1.0,100.0,h1,2025-10-31,11:54:55,3,1
KGerjHMa90s,hd2160,1.0,100.0,h1,2025-10-31,11:54:56,3,1
KGerjHMa90s,hd2160,1.0,100.0,h1,2025-10-31,11:54:57,3,1
KGerjHMa90s,hd2160,1.0,100.0,h1,2025-10-31,11:54:58,3,1
KGerjHMa90s,hd2160,1.0,100.0,h1,2025-10-31,11:54:59,3,1
KGerjHMa90s,hd2160,1.0,100.0,h1,2025-10-31,11:55:00,3,1
KGerjHMa90s,hd2160,1.0,100.0,h1,2025-10-31,11:55:01,3,1
KGerjHMa90s,hd2160,1.0,100.0,h1,2025-10-31,11:55:02,3,1
KGerjHMa90s,hd2160,1.0,100.0,h1,2025-10-31,11:55:03,3,1
KGerjHMa90s,hd2160,1.0,100.0,h1,2025-10-31,11:55:04,3,1
KGerjHMa90s,hd2160,1.0,100.0,h1,2025-10-31,11:55:05,3,1
KGerjHMa90s,hd2160,1.0,100.0,h1,2025-10-31,11:55:06,3,1
KGerjHMa90s,hd2160,1.0,100.0,h1,2025-10-31,11:55:07,3,1
KGerjHMa90s,hd2160,1.0,100.0,h1,2025-10-31,11:55:08,3,1
KGerjHMa90s,hd2160,1.0,100.0,h1,2025-10-31,11:55:09,3,1
KGerjHMa90s,hd2160,1.0,100.0,h1,2025-10-31,11:55:10,3,1
KGerjHMa90s,hd2160,1.0,100.0,h1,2025-10-31,11:55:11,3,1
KGerjHMa90s,hd2160,1.0,100.0,h1,2025-10-31,11:55:12,3,1
KGerjHMa90s,hd2160,1.0,100.0,h1,2025-10-31,11:55:13,3,1
KGerjHMa90s,hd2160,1.0,100.0,h1,2025-10-31,11:55:14,3,1
KGerjHMa90s,hd2160,1.0,100.0,h1,2025-10-31,11:55:15,3,1
KGerjHMa90s,hd2160,1.0,100.0,h1,2025-10-31,11:55:16,3,1
KGerjHMa90s,hd2160,1.0,100.0,h1,2025-10-31,11:55:17,3,1
KGerjHMa90s,hd2160,1.0,100.0,h1,2025-10-31,11:55:18,3,1
KGerjHMa90s,hd2160,1.0,100.0,h1,2025-10-31,11:55:19,3,1
KGerjHMa90s,hd2160,1.0,100.0,h1,2025-10-31,11:55:20,3,1
KGerjHMa90s,hd2160,1.0,100.0,h1,2025-10-31,11:55:21,3,1
KGerjHMa90s,hd2160,1.0,100.0,h1,2025-10-31,11:55:22,3,1
KGerjHMa90s,hd2160,1.0,100.0,h1,2025-10-31,11:55:23,3,1
KGerjHMa90s,hd2160,1.0,100.0,h1,2025-10-31,11:55:24,3,1
KGerjHMa90s,hd2160,1.0,100.0,h1,2025-10-31,11:55:25,3,1
KGerjHMa90s,hd2160,1.0,100.0,h1,2025-10-31,11:55:26,3,1
KGerjHMa90s,hd2160,1.0,100.0,h1,2025-10-31,11:55:27,3,1
KGerjHMa90s,hd2160,1.0,100.0,h1,2025-10-31,11:55:28,3,1
KGerjHMa90s,hd2160,1.0,100.0,h1,2025-10-31,11:55:29,3,1
KGerjHMa90s,hd2160,1.0,100.0,h1,2025-10-31,11:55:30,3,1
KGerjHMa90s,hd2160,1.0,100.0,h1,2025-10-31,11:55:31,3,1
KGerjHMa90s,hd2160,1.0,100.0,h1,2025-10-31,11:55:32,3,1
KGerjHMa90s,hd2160,1.0,100.0,h1,2025-10-31,11:55:33,3,1
KGerjHMa90s,hd2160,1.0,100.0,h1,2025-10-31,11:55:34,3,1
KGerjHMa90s,hd2160,1.0,100.0,h1,2025-10-31,11:55:35,3,1
KGerjHMa90s,hd2160,1.0,100.0,h1,2025-10-31,11:55:36,3,1
KGerjHMa90s,hd2160,1.0,100.0,h1,2025-10-31,11:55:37,3,1
KGerjHMa90s,hd2160,1.0,100.0,h1,2025-10-31,11:55:38,3,1
KGerjHMa90s,hd2160,1.0,100.0,h1,2025-10-31,11:55:39,3,1
KGerjHMa90s,hd2160,1.0,100.0,h1,2025-10-31,11:55:40,3,1
KGerjHMa90s,hd2160,1.0,100.0,h1,2025-10-31,11:55:41,3,1
KGerjHMa90s,hd2160,1.0,100.0,h1,2025-10-31,11:55:42,3,1
KGerjHMa90s,hd2160,1.0,100.0,h1,2025-10-31,11:55:43,3,1
KGerjHMa90s,hd2160,1.0,100.0,h1,2025-10-31,11:55:44,3,1
KGerjHMa90s,hd2160,1.0,100.0,h1,2025-10-31,11:55:45,3,1
KGerjHMa90s,hd2160,1.0,100.0,h1,2025-10-31,11:55:46,3,1
KGerjHMa90s,hd2160,1.0,100.0,h1,2025-10-31,11:55:47,3,1
KGerjHMa90s,hd2160,1.0,100.0,h1,2025-10-31,11:55:48,3,1
KGerjHMa90s,hd2160,1.0,100.0,h1,2025-10-31,11:55:49,3,1
KGerjHMa90s,hd2160,1.0,100.0,h1,2025-10-31,11:55:50,3,1
KGerjHMa90s,hd2160,1.0,100.0,h1,2025-10-31,11:55:51,3,1
KGerjHMa90s,hd2160,1.0,100.0,h1,2025-10-31,11:55:52,3,1
KGerjHMa90s,hd2160,1.0,100.0,h1,2025-10-31,11:55:53,3,1
KGerjHMa90s,hd2160,1.0,100.0,h1,2025-10-31,11:55:54,3,1
KGerjHMa90s,hd2160,1.0,100.0,h1,2025-10-31,11:55:55,3,1
KGerjHMa90s,hd2160,1.0,100.0,h1,2025-10-31,11:55:56,3,1
KGerjHMa90s,hd2160,1.0,100.0,h1,2025-10-31,11:55:57,3,1
KGerjHMa90s,hd2160,1.0,100.0,h1,2025-10-31,11:55:58,3,1
KGerjHMa90s,hd2160,1.0,100.0,h1,2025-10-31,11:55:59,3,1
KGerjHMa90s,hd2160,1.0,100.0,h1,2025-10-31,11:56:00,3,1
KGerjHMa90s,hd2160,1.0,100.0,h1,2025-10-31,11:56:01,3,1
KGerjHMa90s,hd2160,1.0,100.0,h1,2025-10-31,11:56:02,3,1
KGerjHMa90s,hd2160,1.0,100.0,h1,2025-10-31,11:56:03,3,1
KGerjHMa90s,hd2160,1.0,100.0,h1,2025-10-31,11:56:04,3,1
KGerjHMa90s,hd2160,1.0,100.0,h1,2025-10-31,11:56:05,3,1
KGerjHMa90s,hd2160,1.0,100.0,h1,2025-10-31,11:56:06,3,1
KGerjHMa90s,hd2160,1.0,100.0,h1,2025-10-31,11:56:07,3,1
KGerjHMa90s,hd2160,1.0,100.0,h1,2025-10-31,11:56:08,3,1
KGerjHMa90s,hd2160,1.0,100.0,h1,2025-10-31,11:56:09,3,1
KGerjHMa90s,hd2160,1.0,100.0,h1,2025-10-31,11:56:10,3,1
KGerjHMa90s,hd2160,1.0,100.0,h1,2025-10-31,11:56:11,3,1
KGerjHMa90s,hd2160,1.0,100.0,h1,2025-10-31,11:56:12,3,1
KGerjHMa90s,hd2160,1.0,100.0,h1,2025-10-31,11:56:13,3,1
KGerjHMa90s,hd2160,1.0,100.0,h1,2025-10-31,11:56:14,3,1
KGerjHMa90s,hd2160,1.0,100.0,h1,2025-10-31,11:56:15,3,1
KGerjHMa90s,hd2160,1.0,100.0,h1,2025-10-31,11:56:16,3,1
KGerjHMa90s,hd2160,1.0,100.0,h1,2025-10-31,11:56:17,3,1
KGerjHMa90s,hd2160,1.0,100.0,h1,2025-10-31,11:56:18,3,1
KGerjHMa90s,hd2160,1.0,100.0,h1,2025-10-31,11:56:19,3,1
KGerjHMa90s,hd2160,1.0,100.0,h1,2025-10-31,11:56:20,3,1
KGerjHMa90s,hd2160,1.0,100.0,h1,2025-10-31,11:56:21,3,1
KGerjHMa90s,hd2160,1.0,100.0,h1,2025-10-31,11:56:22,3,1
KGerjHMa90s,hd2160,1.0,100.0,h1,2025-10-31,11:56:23,3,1
D6FRezJF3rU,hd2160,0.005571322936,0.6,h1,2025-12-24,15:14:41,3,1
D6FRezJF3rU,hd2160,0.02494709689,2.5,h1,2025-12-24,15:14:42,3,1
D6FRezJF3rU,hd2160,0.0481188301,4.8,h1,2025-12-24,15:14:43,3,1
D6FRezJF3rU,hd2160,0.08334247481,8.3,h1,2025-12-24,15:14:44,3,1
D6FRezJF3rU,hd2160,0.08334247481,8.3,h1,2025-12-24,15:14:45,3,1
D6FRezJF3rU,hd2160,0.08334247481,8.3,h1,2025-12-24,15:14:46,3,1
D6FRezJF3rU,hd2160,0.09269034045,9.3,h1,2025-12-24,15:14:47,3,1
D6FRezJF3rU,hd2160,0.09869204426,9.9,h1,2025-12-24,15:14:48,3,1
D6FRezJF3rU,hd2160,0.105741475,10.6,h1,2025-12-24,15:14:49,3,1
D6FRezJF3rU,hd2160,0.1113128014,11.1,h1,2025-12-24,15:14:50,3,1
D6FRezJF3rU,hd2160,0.1113128014,11.1,h1,2025-12-24,15:14:51,3,1
D6FRezJF3rU,hd2160,0.1113128014,11.1,h1,2025-12-24,15:14:52,3,1
D6FRezJF3rU,hd2160,0.1226828505,12.3,h1,2025-12-24,15:14:53,3,1
D6FRezJF3rU,hd2160,0.1226828505,12.3,h1,2025-12-24,15:14:54,3,1
D6FRezJF3rU,hd2160,0.1226828505,12.3,h1,2025-12-24,15:14:55,3,1
D6FRezJF3rU,hd2160,0.129618583,13.0,h1,2025-12-24,15:14:56,3,1
D6FRezJF3rU,hd2160,0.1333707,13.3,h1,2025-12-24,15:14:57,3,1
D6FRezJF3rU,hd2160,0.1333707,13.3,h1,2025-12-24,15:14:58,3,1
D6FRezJF3rU,hd2160,0.1442859494,14.4,h1,2025-12-24,15:14:59,3,1
D6FRezJF3rU,hd2160,0.1442859494,14.4,h1,2025-12-24,15:15:00,3,1
D6FRezJF3rU,hd2160,0.1442859494,14.4,h1,2025-12-24,15:15:01,3,1
D6FRezJF3rU,hd2160,0.1442859494,14.4,h1,2025-12-24,15:15:02,3,1
D6FRezJF3rU,hd2160,0.151903885,15.2,h1,2025-12-24,15:15:03,3,1
D6FRezJF3rU,hd2160,0.155656002,15.6,h1,2025-12-24,15:15:04,3,1
D6FRezJF3rU,hd2160,0.155656002,15.6,h1,2025-12-24,15:15:05,3,1
D6FRezJF3rU,hd2160,0.164752042,16.5,h1,2025-12-24,15:15:06,3,1
D6FRezJF3rU,hd2160,0.164752042,16.5,h1,2025-12-24,15:15:07,3,1
D6FRezJF3rU,hd2160,0.164752042,16.5,h1,2025-12-24,15:15:08,3,1
D6FRezJF3rU,hd2160,0.1737343838,17.4,h1,2025-12-24,15:15:09,3,1
D6FRezJF3rU,hd2160,0.1737343838,17.4,h1,2025-12-24,15:15:10,3,1
D6FRezJF3rU,hd2160,0.1815797193,18.2,h1,2025-12-24,15:15:11,3,1
D6FRezJF3rU,hd2160,0.1815797193,18.2,h1,2025-12-24,15:15:12,3,1
D6FRezJF3rU,hd2160,0.1902209561,19.0,h1,2025-12-24,15:15:13,3,1
D6FRezJF3rU,hd2160,0.1902209561,19.0,h1,2025-12-24,15:15:14,3,1
D6FRezJF3rU,hd2160,0.1902209561,19.0,h1,2025-12-24,15:15:15,3,1
D6FRezJF3rU,hd2160,0.1976114918,19.8,h1,2025-12-24,15:15:16,3,1
D6FRezJF3rU,hd2160,0.1976114918,19.8,h1,2025-12-24,15:15:17,3,1
D6FRezJF3rU,hd2160,0.2067075318,20.7,h1,2025-12-24,15:15:18,3,1
D6FRezJF3rU,hd2160,0.2067075318,20.7,h1,2025-12-24,15:15:19,3,1
D6FRezJF3rU,hd2160,0.2067075318,20.7,h1,2025-12-24,15:15:20,3,1
D6FRezJF3rU,hd2160,0.2140980641,21.4,h1,2025-12-24,15:15:21,3,1
D6FRezJF3rU,hd2160,0.2140980641,21.4,h1,2025-12-24,15:15:22,3,1
D6FRezJF3rU,hd2160,0.2234215075,22.3,h1,2025-12-24,15:15:23,3,1
D6FRezJF3rU,hd2160,0.2234215075,22.3,h1,2025-12-24,15:15:24,3,1
D6FRezJF3rU,hd2160,0.2234215075,22.3,h1,2025-12-24,15:15:25,3,1
D6FRezJF3rU,hd2160,0.2305846399,23.1,h1,2025-12-24,15:15:26,3,1
D6FRezJF3rU,hd2160,0.2379751722,23.8,h1,2025-12-24,15:15:27,3,1
D6FRezJF3rU,hd2160,0.2379751722,23.8,h1,2025-12-24,15:15:28,3,1
D6FRezJF3rU,hd2160,0.2379751722,23.8,h1,2025-12-24,15:15:29,3,1
D6FRezJF3rU,hd2160,0.2470712156,24.7,h1,2025-12-24,15:15:30,3,1
D6FRezJF3rU,hd2160,0.2470712156,24.7,h1,2025-12-24,15:15:31,3,1
D6FRezJF3rU,hd2160,0.2534384433,25.3,h1,2025-12-24,15:15:32,3,1
D6FRezJF3rU,hd2160,0.2534384433,25.3,h1,2025-12-24,15:15:33,3,1
D6FRezJF3rU,hd2160,0.2562809573,25.6,h1,2025-12-24,15:15:34,3,1
D6FRezJF3rU,hd2160,0.2649221941,26.5,h1,2025-12-24,15:15:35,3,1
D6FRezJF3rU,hd2160,0.2649221941,26.5,h1,2025-12-24,15:15:36,3,1
D6FRezJF3rU,hd2160,0.2649221941,26.5,h1,2025-12-24,15:15:37,3,1
D6FRezJF3rU,hd2160,0.2749278405,27.5,h1,2025-12-24,15:15:38,3,1
D6FRezJF3rU,hd2160,0.2749278405,27.5,h1,2025-12-24,15:15:39,3,1
D6FRezJF3rU,hd2160,0.2749278405,27.5,h1,2025-12-24,15:15:40,3,1
D6FRezJF3rU,hd2160,0.2882308007,28.8,h1,2025-12-24,15:15:41,3,1
D6FRezJF3rU,hd2160,0.2882308007,28.8,h1,2025-12-24,15:15:42,3,1
D6FRezJF3rU,hd2160,0.2882308007,28.8,h1,2025-12-24,15:15:43,3,1
D6FRezJF3rU,hd2160,0.2882308007,28.8,h1,2025-12-24,15:15:44,3,1
D6FRezJF3rU,hd2160,0.3010789577,30.1,h1,2025-12-24,15:15:45,3,1
D6FRezJF3rU,hd2160,0.3010789577,30.1,h1,2025-12-24,15:15:46,3,1
D6FRezJF3rU,hd2160,0.3010789577,30.1,h1,2025-12-24,15:15:47,3,1
D6FRezJF3rU,hd2160,0.3148367211,31.5,h1,2025-12-24,15:15:48,3,1
D6FRezJF3rU,hd2160,0.3148367211,31.5,h1,2025-12-24,15:15:49,3,1
D6FRezJF3rU,hd2160,0.3148367211,31.5,h1,2025-12-24,15:15:50,3,1
D6FRezJF3rU,hd2160,0.3148367211,31.5,h1,2025-12-24,15:15:51,3,1
D6FRezJF3rU,hd2160,0.3148367211,31.5,h1,2025-12-24,15:15:52,3,1
D6FRezJF3rU,hd2160,0.3299588906,33.0,h1,2025-12-24,15:15:53,3,1
D6FRezJF3rU,hd2160,0.3299588906,33.0,h1,2025-12-24,15:15:54,3,1
D6FRezJF3rU,hd2160,0.3299588906,33.0,h1,2025-12-24,15:15:55,3,1
D6FRezJF3rU,hd2160,0.3299588906,33.0,h1,2025-12-24,15:15:56,3,1
D6FRezJF3rU,hd2160,0.344626257,34.5,h1,2025-12-24,15:15:57,3,1
D6FRezJF3rU,hd2160,0.344626257,34.5,h1,2025-12-24,15:15:58,3,1
D6FRezJF3rU,hd2160,0.344626257,34.5,h1,2025-12-24,15:15:59,3,1
D6FRezJF3rU,hd2160,0.344626257,34.5,h1,2025-12-24,15:16:00,3,1
D6FRezJF3rU,hd2160,0.3530400939,35.3,h1,2025-12-24,15:16:01,3,1
D6FRezJF3rU,hd2160,0.3530400939,35.3,h1,2025-12-24,15:16:02,3,1
D6FRezJF3rU,hd2160,0.3629320387,36.3,h1,2025-12-24,15:16:03,3,1
D6FRezJF3rU,hd2160,0.3629320387,36.3,h1,2025-12-24,15:16:04,3,1
D6FRezJF3rU,hd2160,0.3629320387,36.3,h1,2025-12-24,15:16:05,3,1
D6FRezJF3rU,hd2160,0.3667978573,36.7,h1,2025-12-24,15:16:06,3,1
D6FRezJF3rU,hd2160,0.3758938973,37.6,h1,2025-12-24,15:16:07,3,1
D6FRezJF3rU,hd2160,0.3758938973,37.6,h1,2025-12-24,15:16:08,3,1
D6FRezJF3rU,hd2160,0.3758938973,37.6,h1,2025-12-24,15:16:09,3,1
D6FRezJF3rU,hd2160,0.3758938973,37.6,h1,2025-12-24,15:16:10,3,1
D6FRezJF3rU,hd2160,0.3887420543,38.9,h1,2025-12-24,15:16:11,3,1
D6FRezJF3rU,hd2160,0.3887420543,38.9,h1,2025-12-24,15:16:12,3,1
D6FRezJF3rU,hd2160,0.3924941713,39.2,h1,2025-12-24,15:16:13,3,1
D6FRezJF3rU,hd2160,0.3924941713,39.2,h1,2025-12-24,15:16:14,3,1
D6FRezJF3rU,hd2160,0.3924941713,39.2,h1,2025-12-24,15:16:15,3,1
D6FRezJF3rU,hd2160,0.4044327253,40.4,h1,2025-12-24,15:16:16,3,1
D6FRezJF3rU,hd2160,0.4044327253,40.4,h1,2025-12-24,15:16:17,3,1
D6FRezJF3rU,hd2160,0.4081848423,40.8,h1,2025-12-24,15:16:18,3,1
D6FRezJF3rU,hd2160,0.4081848423,40.8,h1,2025-12-24,15:16:19,3,1
D6FRezJF3rU,hd2160,0.4153479747,41.5,h1,2025-12-24,15:16:20,3,1
D6FRezJF3rU,hd2160,0.420919301,42.1,h1,2025-12-24,15:16:21,3,1
D6FRezJF3rU,hd2160,0.420919301,42.1,h1,2025-12-24,15:16:22,3,1
D6FRezJF3rU,hd2160,0.4309249474,43.1,h1,2025-12-24,15:16:23,3,1
D6FRezJF3rU,hd2160,0.4309249474,43.1,h1,2025-12-24,15:16:24,3,1
D6FRezJF3rU,hd2160,0.4309249474,43.1,h1,2025-12-24,15:16:25,3,1
D6FRezJF3rU,hd2160,0.4392250827,43.9,h1,2025-12-24,15:16:26,3,1
D6FRezJF3rU,hd2160,0.4392250827,43.9,h1,2025-12-24,15:16:27,3,1
D6FRezJF3rU,hd2160,0.4392250827,43.9,h1,2025-12-24,15:16:28,3,1
D6FRezJF3rU,hd2160,0.4483211261,44.8,h1,2025-12-24,15:16:29,3,1
D6FRezJF3rU,hd2160,0.4483211261,44.8,h1,2025-12-24,15:16:30,3,1
D6FRezJF3rU,hd2160,0.4557116584,45.6,h1,2025-12-24,15:16:31,3,1
D6FRezJF3rU,hd2160,0.4557116584,45.6,h1,2025-12-24,15:16:32,3,1
D6FRezJF3rU,hd2160,0.4557116584,45.6,h1,2025-12-24,15:16:33,3,1
D6FRezJF3rU,hd2160,0.4648076985,46.5,h1,2025-12-24,15:16:34,3,1
D6FRezJF3rU,hd2160,0.4648076985,46.5,h1,2025-12-24,15:16:35,3,1
D6FRezJF3rU,hd2160,0.4721982342,47.2,h1,2025-12-24,15:16:36,3,1
D6FRezJF3rU,hd2160,0.4721982342,47.2,h1,2025-12-24,15:16:37,3,1
D6FRezJF3rU,hd2160,0.4795887665,48.0,h1,2025-12-24,15:16:38,3,1
D6FRezJF3rU,hd2160,0.4795887665,48.0,h1,2025-12-24,15:16:39,3,1
D6FRezJF3rU,hd2160,0.4795887665,48.0,h1,2025-12-24,15:16:40,3,1
D6FRezJF3rU,hd2160,0.4898218128,49.0,h1,2025-12-24,15:16:41,3,1
D6FRezJF3rU,hd2160,0.4898218128,49.0,h1,2025-12-24,15:16:42,3,1
D6FRezJF3rU,hd2160,0.5013055636,50.1,h1,2025-12-24,15:16:43,3,1
D6FRezJF3rU,hd2160,0.5013055636,50.1,h1,2025-12-24,15:16:44,3,1
D6FRezJF3rU,hd2160,0.5013055636,50.1,h1,2025-12-24,15:16:45,3,1
D6FRezJF3rU,hd2160,0.5013055636,50.1,h1,2025-12-24,15:16:46,3,1
D6FRezJF3rU,hd2160,0.5013055636,50.1,h1,2025-12-24,15:16:47,3,1
D6FRezJF3rU,hd2160,0.5139263207,51.4,h1,2025-12-24,15:16:48,3,1
D6FRezJF3rU,hd2160,0.5139263207,51.4,h1,2025-12-24,15:16:49,3,1
D6FRezJF3rU,hd2160,0.5139263207,51.4,h1,2025-12-24,15:16:50,3,1
D6FRezJF3rU,hd2160,0.5258648747,52.6,h1,2025-12-24,15:16:51,3,1
D6FRezJF3rU,hd2160,0.5258648747,52.6,h1,2025-12-24,15:16:52,3,1
D6FRezJF3rU,hd2160,0.5258648747,52.6,h1,2025-12-24,15:16:53,3,1
D6FRezJF3rU,hd2160,0.529844395,53.0,h1,2025-12-24,15:16:54,3,1
D6FRezJF3rU,hd2160,0.5390541367,53.9,h1,2025-12-24,15:16:55,3,1
D6FRezJF3rU,hd2160,0.5390541367,53.9,h1,2025-12-24,15:16:56,3,1
D6FRezJF3rU,hd2160,0.5390541367,53.9,h1,2025-12-24,15:16:57,3,1
D6FRezJF3rU,hd2160,0.5470131704,54.7,h1,2025-12-24,15:16:58,3,1
D6FRezJF3rU,hd2160,0.5470131704,54.7,h1,2025-12-24,15:16:59,3,1
D6FRezJF3rU,hd2160,0.5523570969,55.2,h1,2025-12-24,15:17:00,3,1
D6FRezJF3rU,hd2160,0.5523570969,55.2,h1,2025-12-24,15:17:01,3,1
D6FRezJF3rU,hd2160,0.5617942384,56.2,h1,2025-12-24,15:17:02,3,1
D6FRezJF3rU,hd2160,0.5617942384,56.2,h1,2025-12-24,15:17:03,3,1
D6FRezJF3rU,hd2160,0.5617942384,56.2,h1,2025-12-24,15:17:04,3,1
D6FRezJF3rU,hd2160,0.5708902784,57.1,h1,2025-12-24,15:17:05,3,1
D6FRezJF3rU,hd2160,0.5708902784,57.1,h1,2025-12-24,15:17:06,3,1
D6FRezJF3rU,hd2160,0.5798726202,58.0,h1,2025-12-24,15:17:07,3,1
D6FRezJF3rU,hd2160,0.5798726202,58.0,h1,2025-12-24,15:17:08,3,1
D6FRezJF3rU,hd2160,0.5798726202,58.0,h1,2025-12-24,15:17:09,3,1
D6FRezJF3rU,hd2160,0.5890823619,58.9,h1,2025-12-24,15:17:10,3,1
D6FRezJF3rU,hd2160,0.5890823619,58.9,h1,2025-12-24,15:17:11,3,1
D6FRezJF3rU,hd2160,0.5923796757,59.2,h1,2025-12-24,15:17:12,3,1
D6FRezJF3rU,hd2160,0.5969276974,59.7,h1,2025-12-24,15:17:13,3,1
D6FRezJF3rU,hd2160,0.5969276974,59.7,h1,2025-12-24,15:17:14,3,1
D6FRezJF3rU,hd2160,0.6060237374,60.6,h1,2025-12-24,15:17:15,3,1
D6FRezJF3rU,hd2160,0.6060237374,60.6,h1,2025-12-24,15:17:16,3,1
D6FRezJF3rU,hd2160,0.6162567837,61.6,h1,2025-12-24,15:17:17,3,1
D6FRezJF3rU,hd2160,0.6162567837,61.6,h1,2025-12-24,15:17:18,3,1
D6FRezJF3rU,hd2160,0.6162567837,61.6,h1,2025-12-24,15:17:19,3,1
D6FRezJF3rU,hd2160,0.6162567837,61.6,h1,2025-12-24,15:17:20,3,1
D6FRezJF3rU,hd2160,0.6162567837,61.6,h1,2025-12-24,15:17:21,3,1
D6FRezJF3rU,hd2160,0.6299008454,63.0,h1,2025-12-24,15:17:22,3,1
D6FRezJF3rU,hd2160,0.6299008454,63.0,h1,2025-12-24,15:17:23,3,1
D6FRezJF3rU,hd2160,0.6299008454,63.0,h1,2025-12-24,15:17:24,3,1
D6FRezJF3rU,hd2160,0.6427490058,64.3,h1,2025-12-24,15:17:25,3,1
D6FRezJF3rU,hd2160,0.6427490058,64.3,h1,2025-12-24,15:17:26,3,1
D6FRezJF3rU,hd2160,0.6427490058,64.3,h1,2025-12-24,15:17:27,3,1
D6FRezJF3rU,hd2160,0.6427490058,64.3,h1,2025-12-24,15:17:28,3,1
D6FRezJF3rU,hd2160,0.6427490058,64.3,h1,2025-12-24,15:17:29,3,1
D6FRezJF3rU,hd2160,0.653209452,65.3,h1,2025-12-24,15:17:30,3,1
D6FRezJF3rU,hd2160,0.6603725844,66.0,h1,2025-12-24,15:17:31,3,1
D6FRezJF3rU,hd2160,0.6603725844,66.0,h1,2025-12-24,15:17:32,3,1
D6FRezJF3rU,hd2160,0.6714015355,67.1,h1,2025-12-24,15:17:33,3,1
D6FRezJF3rU,hd2160,0.6714015355,67.1,h1,2025-12-24,15:17:34,3,1
D6FRezJF3rU,hd2160,0.6714015355,67.1,h1,2025-12-24,15:17:35,3,1
D6FRezJF3rU,hd2160,0.6714015355,67.1,h1,2025-12-24,15:17:36,3,1
D6FRezJF3rU,hd2160,0.6824304831,68.2,h1,2025-12-24,15:17:37,3,1
D6FRezJF3rU,hd2160,0.6824304831,68.2,h1,2025-12-24,15:17:38,3,1
D6FRezJF3rU,hd2160,0.6824304831,68.2,h1,2025-12-24,15:17:39,3,1
D6FRezJF3rU,hd2160,0.6824304831,68.2,h1,2025-12-24,15:17:40,3,1
D6FRezJF3rU,hd2160,0.6952786435,69.5,h1,2025-12-24,15:17:41,3,1
D6FRezJF3rU,hd2160,0.6952786435,69.5,h1,2025-12-24,15:17:42,3,1
D6FRezJF3rU,hd2160,0.6952786435,69.5,h1,2025-12-24,15:17:43,3,1
D6FRezJF3rU,hd2160,0.7007362682,70.1,h1,2025-12-24,15:17:44,3,1
D6FRezJF3rU,hd2160,0.7083542004,70.8,h1,2025-12-24,15:17:45,3,1
D6FRezJF3rU,hd2160,0.7083542004,70.8,h1,2025-12-24,15:17:46,3,1
D6FRezJF3rU,hd2160,0.7083542004,70.8,h1,2025-12-24,15:17:47,3,1
D6FRezJF3rU,hd2160,0.7156010509,71.6,h1,2025-12-24,15:17:48,3,1
D6FRezJF3rU,hd2160,0.7226804652,72.3,h1,2025-12-24,15:17:49,3,1
D6FRezJF3rU,hd2160,0.7226804652,72.3,h1,2025-12-24,15:17:50,3,1
D6FRezJF3rU,hd2160,0.7226804652,72.3,h1,2025-12-24,15:17:51,3,1
D6FRezJF3rU,hd2160,0.7359834254,73.6,h1,2025-12-24,15:17:52,3,1
D6FRezJF3rU,hd2160,0.7359834254,73.6,h1,2025-12-24,15:17:53,3,1
D6FRezJF3rU,hd2160,0.7359834254,73.6,h1,2025-12-24,15:17:54,3,1
D6FRezJF3rU,hd2160,0.7359834254,73.6,h1,2025-12-24,15:17:55,3,1
D6FRezJF3rU,hd2160,0.7359834254,73.6,h1,2025-12-24,15:17:56,3,1
D6FRezJF3rU,hd2160,0.7447383673,74.5,h1,2025-12-24,15:17:57,3,1
D6FRezJF3rU,hd2160,0.7521288996,75.2,h1,2025-12-24,15:17:58,3,1
D6FRezJF3rU,hd2160,0.7521288996,75.2,h1,2025-12-24,15:17:59,3,1
D6FRezJF3rU,hd2160,0.7521288996,75.2,h1,2025-12-24,15:18:00,3,1
D6FRezJF3rU,hd2160,0.7631578506,76.3,h1,2025-12-24,15:18:01,3,1
D6FRezJF3rU,hd2160,0.7631578506,76.3,h1,2025-12-24,15:18:02,3,1
D6FRezJF3rU,hd2160,0.7669099676,76.7,h1,2025-12-24,15:18:03,3,1
D6FRezJF3rU,hd2160,0.7669099676,76.7,h1,2025-12-24,15:18:04,3,1
D6FRezJF3rU,hd2160,0.7669099676,76.7,h1,2025-12-24,15:18:05,3,1
D6FRezJF3rU,hd2160,0.7833965399,78.3,h1,2025-12-24,15:18:06,3,1
D6FRezJF3rU,hd2160,0.7833965399,78.3,h1,2025-12-24,15:18:07,3,1
D6FRezJF3rU,hd2160,0.7833965399,78.3,h1,2025-12-24,15:18:08,3,1
D6FRezJF3rU,hd2160,0.7833965399,78.3,h1,2025-12-24,15:18:09,3,1
D6FRezJF3rU,hd2160,0.7939706878,79.4,h1,2025-12-24,15:18:10,3,1
D6FRezJF3rU,hd2160,0.7939706878,79.4,h1,2025-12-24,15:18:11,3,1
D6FRezJF3rU,hd2160,0.7939706878,79.4,h1,2025-12-24,15:18:12,3,1
D6FRezJF3rU,hd2160,0.8070462481,80.7,h1,2025-12-24,15:18:13,3,1
D6FRezJF3rU,hd2160,0.8070462481,80.7,h1,2025-12-24,15:18:14,3,1
D6FRezJF3rU,hd2160,0.8070462481,80.7,h1,2025-12-24,15:18:15,3,1
D6FRezJF3rU,hd2160,0.8070462481,80.7,h1,2025-12-24,15:18:16,3,1
D6FRezJF3rU,hd2160,0.8180751991,81.8,h1,2025-12-24,15:18:17,3,1
D6FRezJF3rU,hd2160,0.8180751991,81.8,h1,2025-12-24,15:18:18,3,1
D6FRezJF3rU,hd2160,0.8180751991,81.8,h1,2025-12-24,15:18:19,3,1
D6FRezJF3rU,hd2160,0.8256931313,82.6,h1,2025-12-24,15:18:20,3,1
D6FRezJF3rU,hd2160,0.8256931313,82.6,h1,2025-12-24,15:18:21,3,1
D6FRezJF3rU,hd2160,0.833083667,83.3,h1,2025-12-24,15:18:22,3,1
D6FRezJF3rU,hd2160,0.833083667,83.3,h1,2025-12-24,15:18:23,3,1
D6FRezJF3rU,hd2160,0.833083667,83.3,h1,2025-12-24,15:18:24,3,1
D6FRezJF3rU,hd2160,0.8494565411,84.9,h1,2025-12-24,15:18:25,3,1
D6FRezJF3rU,hd2160,0.8494565411,84.9,h1,2025-12-24,15:18:26,3,1
D6FRezJF3rU,hd2160,0.8494565411,84.9,h1,2025-12-24,15:18:27,3,1
D6FRezJF3rU,hd2160,0.855027864,85.5,h1,2025-12-24,15:18:28,3,1
D6FRezJF3rU,hd2160,0.855027864,85.5,h1,2025-12-24,15:18:29,3,1
D6FRezJF3rU,hd2160,0.855027864,85.5,h1,2025-12-24,15:18:30,3,1
D6FRezJF3rU,hd2160,0.855027864,85.5,h1,2025-12-24,15:18:31,3,1
D6FRezJF3rU,hd2160,0.870718535,87.1,h1,2025-12-24,15:18:32,3,1
D6FRezJF3rU,hd2160,0.870718535,87.1,h1,2025-12-24,15:18:33,3,1
D6FRezJF3rU,hd2160,0.870718535,87.1,h1,2025-12-24,15:18:34,3,1
D6FRezJF3rU,hd2160,0.8762898613,87.6,h1,2025-12-24,15:18:35,3,1
D6FRezJF3rU,hd2160,0.8762898613,87.6,h1,2025-12-24,15:18:36,3,1
D6FRezJF3rU,hd2160,0.8762898613,87.6,h1,2025-12-24,15:18:37,3,1
D6FRezJF3rU,hd2160,0.8905024245,89.1,h1,2025-12-24,15:18:38,3,1
D6FRezJF3rU,hd2160,0.8905024245,89.1,h1,2025-12-24,15:18:39,3,1
D6FRezJF3rU,hd2160,0.8997121662,90.0,h1,2025-12-24,15:18:40,3,1
D6FRezJF3rU,hd2160,0.8997121662,90.0,h1,2025-12-24,15:18:41,3,1
D6FRezJF3rU,hd2160,0.8997121662,90.0,h1,2025-12-24,15:18:42,3,1
D6FRezJF3rU,hd2160,0.8997121662,90.0,h1,2025-12-24,15:18:43,3,1
D6FRezJF3rU,hd2160,0.9135836312,91.4,h1,2025-12-24,15:18:44,3,1
D6FRezJF3rU,hd2160,0.9135836312,91.4,h1,2025-12-24,15:18:45,3,1
D6FRezJF3rU,hd2160,0.9135836312,91.4,h1,2025-12-24,15:18:46,3,1
D6FRezJF3rU,hd2160,0.9135836312,91.4,h1,2025-12-24,15:18:47,3,1
D6FRezJF3rU,hd2160,0.9300702035,93.0,h1,2025-12-24,15:18:48,3,1
D6FRezJF3rU,hd2160,0.9300702035,93.0,h1,2025-12-24,15:18:49,3,1
D6FRezJF3rU,hd2160,0.9300702035,93.0,h1,2025-12-24,15:18:50,3,1
D6FRezJF3rU,hd2160,0.9300702035,93.0,h1,2025-12-24,15:18:51,3,1
D6FRezJF3rU,hd2160,0.9300702035,93.0,h1,2025-12-24,15:18:52,3,1
D6FRezJF3rU,hd2160,0.9521281056,95.2,h1,2025-12-24,15:18:53,3,1
D6FRezJF3rU,hd2160,0.9521281056,95.2,h1,2025-12-24,15:18:54,3,1
D6FRezJF3rU,hd2160,0.9521281056,95.2,h1,2025-12-24,15:18:55,3,1
D6FRezJF3rU,hd2160,0.9521281056,95.2,h1,2025-12-24,15:18:56,3,1
D6FRezJF3rU,hd2160,0.9521281056,95.2,h1,2025-12-24,15:18:57,3,1
D6FRezJF3rU,hd2160,0.9521281056,95.2,h1,2025-12-24,15:18:58,3,1
D6FRezJF3rU,hd2160,0.9521281056,95.2,h1,2025-12-24,15:18:59,3,1
D6FRezJF3rU,hd2160,0.975891512,97.6,h1,2025-12-24,15:19:00,3,1
D6FRezJF3rU,hd2160,0.975891512,97.6,h1,2025-12-24,15:19:01,3,1
D6FRezJF3rU,hd2160,0.975891512,97.6,h1,2025-12-24,15:19:02,3,1
D6FRezJF3rU,hd2160,0.975891512,97.6,h1,2025-12-24,15:19:03,3,1
D6FRezJF3rU,hd2160,0.975891512,97.6,h1,2025-12-24,15:19:04,3,1
D6FRezJF3rU,hd2160,0.975891512,97.6,h1,2025-12-24,15:19:05,3,1
D6FRezJF3rU,hd2160,0.9941972937,99.4,h1,2025-12-24,15:19:06,3,1
D6FRezJF3rU,hd2160,0.9941972937,99.4,h1,2025-12-24,15:19:07,3,1
D6FRezJF3rU,hd2160,0.9941972937,99.4,h1,2025-12-24,15:19:08,3,1
D6FRezJF3rU,hd2160,0.9941972937,99.4,h1,2025-12-24,15:19:09,3,1
D6FRezJF3rU,hd2160,0.9941972937,99.4,h1,2025-12-24,15:19:10,3,1
D6FRezJF3rU,hd2160,1.0,100.0,h1,2025-12-24,15:19:11,3,1
D6FRezJF3rU,hd2160,1.0,100.0,h1,2025-12-24,15:19:12,3,1
D6FRezJF3rU,hd2160,1.0,100.0,h1,2025-12-24,15:19:13,3,1
D6FRezJF3rU,hd2160,1.0,100.0,h1,2025-12-24,15:19:14,3,1
D6FRezJF3rU,hd2160,1.0,100.0,h1,2025-12-24,15:19:15,3,1
D6FRezJF3rU,hd2160,1.0,100.0,h1,2025-12-24,15:19:16,3,1
D6FRezJF3rU,hd2160,1.0,100.0,h1,2025-12-24,15:19:17,3,1
D6FRezJF3rU,hd2160,1.0,100.0,h1,2025-12-24,15:19:18,3,1
D6FRezJF3rU,hd2160,1.0,100.0,h1,2025-12-24,15:19:19,3,1
D6FRezJF3rU,hd2160,1.0,100.0,h1,2025-12-24,15:19:20,3,1
D6FRezJF3rU,hd2160,1.0,100.0,h1,2025-12-24,15:19:21,3,1
D6FRezJF3rU,hd2160,1.0,100.0,h1,2025-12-24,15:19:22,3,1
D6FRezJF3rU,hd2160,1.0,100.0,h1,2025-12-24,15:19:23,3,1
D6FRezJF3rU,hd2160,1.0,100.0,h1,2025-12-24,15:19:24,3,1
D6FRezJF3rU,hd2160,1.0,100.0,h1,2025-12-24,15:19:25,3,1
D6FRezJF3rU,hd2160,1.0,100.0,h1,2025-12-24,15:19:26,3,1
D6FRezJF3rU,hd2160,1.0,100.0,h1,2025-12-24,15:19:27,3,1
D6FRezJF3rU,hd2160,1.0,100.0,h1,2025-12-24,15:19:28,3,1
D6FRezJF3rU,hd2160,1.0,100.0,h1,2025-12-24,15:19:29,3,1
D6FRezJF3rU,hd2160,1.0,100.0,h1,2025-12-24,15:19:30,3,1
D6FRezJF3rU,hd2160,1.0,100.0,h1,2025-12-24,15:19:31,3,1
D6FRezJF3rU,hd2160,1.0,100.0,h1,2025-12-24,15:19:32,3,1
D6FRezJF3rU,hd2160,1.0,100.0,h1,2025-12-24,15:19:33,3,1
D6FRezJF3rU,hd2160,1.0,100.0,h1,2025-12-24,15:19:34,3,1
D6FRezJF3rU,hd2160,1.0,100.0,h1,2025-12-24,15:19:35,3,1
D6FRezJF3rU,hd2160,1.0,100.0,h1,2025-12-24,15:19:36,3,1
D6FRezJF3rU,hd2160,1.0,100.0,h1,2025-12-24,15:19:37,3,1
D6FRezJF3rU,hd2160,1.0,100.0,h1,2025-12-24,15:19:38,3,1
D6FRezJF3rU,hd2160,1.0,100.0,h1,2025-12-24,15:19:39,3,1
D6FRezJF3rU,hd2160,1.0,100.0,h1,2025-12-24,15:19:40,3,1
D6FRezJF3rU,hd2160,1.0,100.0,h1,2025-12-24,15:19:41,3,1
D6FRezJF3rU,hd2160,1.0,100.0,h1,2025-12-24,15:19:42,3,1
D6FRezJF3rU,hd2160,1.0,100.0,h1,2025-12-24,15:19:43,3,1
D6FRezJF3rU,hd2160,1.0,100.0,h1,2025-12-24,15:19:44,3,1
HI7mTIxNotQ,hd1080,0.0,0.0,y1,2025-12-16,15:02:48,2,1
HI7mTIxNotQ,hd1080,0.001698270297,0.2,y1,2025-12-16,15:02:49,2,1
HI7mTIxNotQ,hd1080,0.009027653288,0.9,y1,2025-12-16,15:02:50,2,1
HI7mTIxNotQ,hd1080,0.01608889073,1.6,y1,2025-12-16,15:02:51,2,1
HI7mTIxNotQ,hd1080,0.02189876802,2.2,y1,2025-12-16,15:02:52,2,1
HI7mTIxNotQ,hd1080,0.02189876802,2.2,y1,2025-12-16,15:02:53,2,1
HI7mTIxNotQ,hd1080,0.04245680028,4.2,y1,2025-12-16,15:02:54,2,1
HI7mTIxNotQ,hd1080,0.04245680028,4.2,y1,2025-12-16,15:02:55,2,1
HI7mTIxNotQ,hd1080,0.0965333578,9.7,y1,2025-12-16,15:02:56,2,1
HI7mTIxNotQ,hd1080,0.0965333578,9.7,y1,2025-12-16,15:02:57,2,1
HI7mTIxNotQ,hd1080,0.0965333578,9.7,y1,2025-12-16,15:02:58,2,1
HI7mTIxNotQ,hd1080,0.0965333578,9.7,y1,2025-12-16,15:02:59,2,1
HI7mTIxNotQ,hd1080,0.1339428504,13.4,y1,2025-12-16,15:03:00,2,1
HI7mTIxNotQ,hd1080,0.1339428504,13.4,y1,2025-12-16,15:03:01,2,1
HI7mTIxNotQ,hd1080,0.1339428504,13.4,y1,2025-12-16,15:03:02,2,1
HI7mTIxNotQ,hd2160,0.0,0.0,y1,2025-12-16,15:03:03,2,1
HI7mTIxNotQ,hd2160,0.0,0.0,y1,2025-12-16,15:03:04,2,1
HI7mTIxNotQ,hd2160,0.0,0.0,y1,2025-12-16,15:03:05,2,1
HI7mTIxNotQ,hd2160,0.05112058556,5.1,y1,2025-12-16,15:03:06,2,1
HI7mTIxNotQ,hd2160,0.06423529144,6.4,y1,2025-12-16,15:03:07,2,1
HI7mTIxNotQ,hd2160,0.08966176203,9.0,y1,2025-12-16,15:03:08,2,1
HI7mTIxNotQ,hd2160,0.1069545455,10.7,y1,2025-12-16,15:03:09,2,1
HI7mTIxNotQ,hd2160,0.1069545455,10.7,y1,2025-12-16,15:03:10,2,1
HI7mTIxNotQ,hd2160,0.107861762,10.8,y1,2025-12-16,15:03:11,2,1
HI7mTIxNotQ,hd2160,0.107861762,10.8,y1,2025-12-16,15:03:12,2,1
HI7mTIxNotQ,hd2160,0.112411762,11.2,y1,2025-12-16,15:03:13,2,1
HI7mTIxNotQ,hd2160,0.1267754866,12.7,y1,2025-12-16,15:03:14,2,1
HI7mTIxNotQ,hd2160,0.1267754866,12.7,y1,2025-12-16,15:03:15,2,1
HI7mTIxNotQ,hd2160,0.1267754866,12.7,y1,2025-12-16,15:03:16,2,1
HI7mTIxNotQ,hd2160,0.1267754866,12.7,y1,2025-12-16,15:03:17,2,1
HI7mTIxNotQ,hd2160,0.1267754866,12.7,y1,2025-12-16,15:03:18,2,1
HI7mTIxNotQ,hd2160,0.1267754866,12.7,y1,2025-12-16,15:03:19,2,1
HI7mTIxNotQ,hd2160,0.137124508,13.7,y1,2025-12-16,15:03:20,2,1
HI7mTIxNotQ,hd2160,0.137124508,13.7,y1,2025-12-16,15:03:21,2,1
HI7mTIxNotQ,hd2160,0.137124508,13.7,y1,2025-12-16,15:03:22,2,1
HI7mTIxNotQ,hd2160,0.137124508,13.7,y1,2025-12-16,15:03:23,2,1
HI7mTIxNotQ,hd2160,0.1445294091,14.5,y1,2025-12-16,15:03:24,2,1
HI7mTIxNotQ,hd2160,0.1445294091,14.5,y1,2025-12-16,15:03:25,2,1
HI7mTIxNotQ,hd2160,0.1445294091,14.5,y1,2025-12-16,15:03:26,2,1
HI7mTIxNotQ,hd2160,0.1546107807,15.5,y1,2025-12-16,15:03:27,2,1
HI7mTIxNotQ,hd2160,0.1546107807,15.5,y1,2025-12-16,15:03:28,2,1
HI7mTIxNotQ,hd2160,0.1546107807,15.5,y1,2025-12-16,15:03:29,2,1
HI7mTIxNotQ,hd2160,0.1546107807,15.5,y1,2025-12-16,15:03:30,2,1
HI7mTIxNotQ,hd2160,0.1604304813,16.0,y1,2025-12-16,15:03:31,2,1
HI7mTIxNotQ,hd2160,0.1649598021,16.5,y1,2025-12-16,15:03:32,2,1
HI7mTIxNotQ,hd2160,0.1649598021,16.5,y1,2025-12-16,15:03:33,2,1
HI7mTIxNotQ,hd2160,0.1649598021,16.5,y1,2025-12-16,15:03:34,2,1
HI7mTIxNotQ,hd2160,0.1649598021,16.5,y1,2025-12-16,15:03:35,2,1
HI7mTIxNotQ,hd2160,0.173524508,17.4,y1,2025-12-16,15:03:36,2,1
HI7mTIxNotQ,hd2160,0.1795911738,18.0,y1,2025-12-16,15:03:37,2,1
HI7mTIxNotQ,hd2160,0.1795911738,18.0,y1,2025-12-16,15:03:38,2,1
HI7mTIxNotQ,hd2160,0.1795911738,18.0,y1,2025-12-16,15:03:39,2,1
HI7mTIxNotQ,hd2160,0.1795911738,18.0,y1,2025-12-16,15:03:40,2,1
HI7mTIxNotQ,hd2160,0.1853009786,18.5,y1,2025-12-16,15:03:41,2,1
HI7mTIxNotQ,hd2160,0.1853009786,18.5,y1,2025-12-16,15:03:42,2,1
HI7mTIxNotQ,hd2160,0.1853009786,18.5,y1,2025-12-16,15:03:43,2,1
HI7mTIxNotQ,hd2160,0.1927058797,19.3,y1,2025-12-16,15:03:44,2,1
HI7mTIxNotQ,hd2160,0.1927058797,19.3,y1,2025-12-16,15:03:45,2,1
HI7mTIxNotQ,hd2160,0.2056421551,20.6,y1,2025-12-16,15:03:46,2,1
HI7mTIxNotQ,hd2160,0.2056421551,20.6,y1,2025-12-16,15:03:47,2,1
HI7mTIxNotQ,hd2160,0.2056421551,20.6,y1,2025-12-16,15:03:48,2,1
HI7mTIxNotQ,hd2160,0.2087647032,20.9,y1,2025-12-16,15:03:49,2,1
HI7mTIxNotQ,hd2160,0.2117088209,21.2,y1,2025-12-16,15:03:50,2,1
HI7mTIxNotQ,hd2160,0.2117088209,21.2,y1,2025-12-16,15:03:51,2,1
HI7mTIxNotQ,hd2160,0.2117088209,21.2,y1,2025-12-16,15:03:52,2,1
HI7mTIxNotQ,hd2160,0.2188460749,21.9,y1,2025-12-16,15:03:53,2,1
HI7mTIxNotQ,hd2160,0.2248235267,22.5,y1,2025-12-16,15:03:54,2,1
HI7mTIxNotQ,hd2160,0.2248235267,22.5,y1,2025-12-16,15:03:55,2,1
HI7mTIxNotQ,hd2160,0.2248235267,22.5,y1,2025-12-16,15:03:56,2,1
HI7mTIxNotQ,hd2160,0.2391872513,23.9,y1,2025-12-16,15:03:57,2,1
HI7mTIxNotQ,hd2160,0.2391872513,23.9,y1,2025-12-16,15:03:58,2,1
HI7mTIxNotQ,hd2160,0.2391872513,23.9,y1,2025-12-16,15:03:59,2,1
HI7mTIxNotQ,hd2160,0.2391872513,23.9,y1,2025-12-16,15:04:00,2,1
HI7mTIxNotQ,hd2160,0.2391872513,23.9,y1,2025-12-16,15:04:01,2,1
HI7mTIxNotQ,hd2160,0.2391872513,23.9,y1,2025-12-16,15:04:02,2,1
HI7mTIxNotQ,hd2160,0.2556921551,25.6,y1,2025-12-16,15:04:03,2,1
HI7mTIxNotQ,hd2160,0.2556921551,25.6,y1,2025-12-16,15:04:04,2,1
HI7mTIxNotQ,hd2160,0.2556921551,25.6,y1,2025-12-16,15:04:05,2,1
HI7mTIxNotQ,hd2160,0.2556921551,25.6,y1,2025-12-16,15:04:06,2,1
HI7mTIxNotQ,hd2160,0.2556921551,25.6,y1,2025-12-16,15:04:07,2,1
HI7mTIxNotQ,hd2160,0.2655950963,26.6,y1,2025-12-16,15:04:08,2,1
HI7mTIxNotQ,hd2160,0.2655950963,26.6,y1,2025-12-16,15:04:09,2,1
HI7mTIxNotQ,hd2160,0.2655950963,26.6,y1,2025-12-16,15:04:10,2,1
HI7mTIxNotQ,hd2160,0.2655950963,26.6,y1,2025-12-16,15:04:11,2,1
HI7mTIxNotQ,hd2160,0.2655950963,26.6,y1,2025-12-16,15:04:12,2,1
HI7mTIxNotQ,hd2160,0.2655950963,26.6,y1,2025-12-16,15:04:13,2,1
HI7mTIxNotQ,hd2160,0.278799016,27.9,y1,2025-12-16,15:04:14,2,1
HI7mTIxNotQ,hd2160,0.278799016,27.9,y1,2025-12-16,15:04:15,2,1
HI7mTIxNotQ,hd2160,0.278799016,27.9,y1,2025-12-16,15:04:16,2,1
HI7mTIxNotQ,hd2160,0.2869176444,28.7,y1,2025-12-16,15:04:17,2,1
HI7mTIxNotQ,hd2160,0.2869176444,28.7,y1,2025-12-16,15:04:18,2,1
HI7mTIxNotQ,hd2160,0.2869176444,28.7,y1,2025-12-16,15:04:19,2,1
HI7mTIxNotQ,hd2160,0.2920029385,29.2,y1,2025-12-16,15:04:20,2,1
HI7mTIxNotQ,hd2160,0.2920029385,29.2,y1,2025-12-16,15:04:21,2,1
HI7mTIxNotQ,hd2160,0.2991401925,29.9,y1,2025-12-16,15:04:22,2,1
HI7mTIxNotQ,hd2160,0.2991401925,29.9,y1,2025-12-16,15:04:23,2,1
HI7mTIxNotQ,hd2160,0.2991401925,29.9,y1,2025-12-16,15:04:24,2,1
HI7mTIxNotQ,hd2160,0.2991401925,29.9,y1,2025-12-16,15:04:25,2,1
HI7mTIxNotQ,hd2160,0.3098460749,31.0,y1,2025-12-16,15:04:26,2,1
HI7mTIxNotQ,hd2160,0.3098460749,31.0,y1,2025-12-16,15:04:27,2,1
HI7mTIxNotQ,hd2160,0.3166264679,31.7,y1,2025-12-16,15:04:28,2,1
HI7mTIxNotQ,hd2160,0.3166264679,31.7,y1,2025-12-16,15:04:29,2,1
HI7mTIxNotQ,hd2160,0.3166264679,31.7,y1,2025-12-16,15:04:30,2,1
HI7mTIxNotQ,hd2160,0.3166264679,31.7,y1,2025-12-16,15:04:31,2,1
HI7mTIxNotQ,hd2160,0.3223362727,32.2,y1,2025-12-16,15:04:32,2,1
HI7mTIxNotQ,hd2160,0.3223362727,32.2,y1,2025-12-16,15:04:33,2,1
HI7mTIxNotQ,hd2160,0.3276892139,32.8,y1,2025-12-16,15:04:34,2,1
HI7mTIxNotQ,hd2160,0.3276892139,32.8,y1,2025-12-16,15:04:35,2,1
HI7mTIxNotQ,hd2160,0.3371460749,33.7,y1,2025-12-16,15:04:36,2,1
HI7mTIxNotQ,hd2160,0.3371460749,33.7,y1,2025-12-16,15:04:37,2,1
HI7mTIxNotQ,hd2160,0.3371460749,33.7,y1,2025-12-16,15:04:38,2,1
HI7mTIxNotQ,hd2160,0.344461762,34.4,y1,2025-12-16,15:04:39,2,1
HI7mTIxNotQ,hd2160,0.344461762,34.4,y1,2025-12-16,15:04:40,2,1
HI7mTIxNotQ,hd2160,0.344461762,34.4,y1,2025-12-16,15:04:41,2,1
HI7mTIxNotQ,hd2160,0.353294115,35.3,y1,2025-12-16,15:04:42,2,1
HI7mTIxNotQ,hd2160,0.353294115,35.3,y1,2025-12-16,15:04:43,2,1
HI7mTIxNotQ,hd2160,0.353294115,35.3,y1,2025-12-16,15:04:44,2,1
HI7mTIxNotQ,hd2160,0.353294115,35.3,y1,2025-12-16,15:04:45,2,1
HI7mTIxNotQ,hd2160,0.353294115,35.3,y1,2025-12-16,15:04:46,2,1
HI7mTIxNotQ,hd2160,0.3693529385,36.9,y1,2025-12-16,15:04:47,2,1
HI7mTIxNotQ,hd2160,0.3693529385,36.9,y1,2025-12-16,15:04:48,2,1
HI7mTIxNotQ,hd2160,0.3693529385,36.9,y1,2025-12-16,15:04:49,2,1
HI7mTIxNotQ,hd2160,0.3693529385,36.9,y1,2025-12-16,15:04:50,2,1
HI7mTIxNotQ,hd2160,0.3814862727,38.1,y1,2025-12-16,15:04:51,2,1
HI7mTIxNotQ,hd2160,0.3814862727,38.1,y1,2025-12-16,15:04:52,2,1
HI7mTIxNotQ,hd2160,0.3814862727,38.1,y1,2025-12-16,15:04:53,2,1
HI7mTIxNotQ,hd2160,0.3814862727,38.1,y1,2025-12-16,15:04:54,2,1
HI7mTIxNotQ,hd2160,0.3814862727,38.1,y1,2025-12-16,15:04:55,2,1
HI7mTIxNotQ,hd2160,0.3814862727,38.1,y1,2025-12-16,15:04:56,2,1
HI7mTIxNotQ,hd2160,0.385411762,38.5,y1,2025-12-16,15:04:57,2,1
HI7mTIxNotQ,hd2160,0.3868392139,38.7,y1,2025-12-16,15:04:58,2,1
HI7mTIxNotQ,hd2160,0.3868392139,38.7,y1,2025-12-16,15:04:59,2,1
HI7mTIxNotQ,hd2160,0.3923705856,39.2,y1,2025-12-16,15:05:00,2,1
HI7mTIxNotQ,hd2160,0.3923705856,39.2,y1,2025-12-16,15:05:01,2,1
HI7mTIxNotQ,hd2160,0.3923705856,39.2,y1,2025-12-16,15:05:02,2,1
HI7mTIxNotQ,hd2160,0.405306861,40.5,y1,2025-12-16,15:05:03,2,1
HI7mTIxNotQ,hd2160,0.405306861,40.5,y1,2025-12-16,15:05:04,2,1
HI7mTIxNotQ,hd2160,0.405306861,40.5,y1,2025-12-16,15:05:05,2,1
HI7mTIxNotQ,hd2160,0.405306861,40.5,y1,2025-12-16,15:05:06,2,1
HI7mTIxNotQ,hd2160,0.405306861,40.5,y1,2025-12-16,15:05:07,2,1
HI7mTIxNotQ,hd2160,0.4153882326,41.5,y1,2025-12-16,15:05:08,2,1
HI7mTIxNotQ,hd2160,0.4153882326,41.5,y1,2025-12-16,15:05:09,2,1
HI7mTIxNotQ,hd2160,0.426094115,42.6,y1,2025-12-16,15:05:10,2,1
HI7mTIxNotQ,hd2160,0.426094115,42.6,y1,2025-12-16,15:05:11,2,1
HI7mTIxNotQ,hd2160,0.426094115,42.6,y1,2025-12-16,15:05:12,2,1
HI7mTIxNotQ,hd2160,0.426094115,42.6,y1,2025-12-16,15:05:13,2,1
HI7mTIxNotQ,hd2160,0.426094115,42.6,y1,2025-12-16,15:05:14,2,1
HI7mTIxNotQ,hd2160,0.4421529385,44.2,y1,2025-12-16,15:05:15,2,1
HI7mTIxNotQ,hd2160,0.4421529385,44.2,y1,2025-12-16,15:05:16,2,1
HI7mTIxNotQ,hd2160,0.4421529385,44.2,y1,2025-12-16,15:05:17,2,1
HI7mTIxNotQ,hd2160,0.4421529385,44.2,y1,2025-12-16,15:05:18,2,1
HI7mTIxNotQ,hd2160,0.458211762,45.8,y1,2025-12-16,15:05:19,2,1
HI7mTIxNotQ,hd2160,0.458211762,45.8,y1,2025-12-16,15:05:20,2,1
HI7mTIxNotQ,hd2160,0.458211762,45.8,y1,2025-12-16,15:05:21,2,1
HI7mTIxNotQ,hd2160,0.458211762,45.8,y1,2025-12-16,15:05:22,2,1
HI7mTIxNotQ,hd2160,0.458211762,45.8,y1,2025-12-16,15:05:23,2,1
HI7mTIxNotQ,hd2160,0.458211762,45.8,y1,2025-12-16,15:05:24,2,1
HI7mTIxNotQ,hd2160,0.458211762,45.8,y1,2025-12-16,15:05:25,2,1
HI7mTIxNotQ,hd2160,0.458211762,45.8,y1,2025-12-16,15:05:26,2,1
HI7mTIxNotQ,hd2160,0.4742705856,47.4,y1,2025-12-16,15:05:27,2,1
HI7mTIxNotQ,hd2160,0.4742705856,47.4,y1,2025-12-16,15:05:28,2,1
HI7mTIxNotQ,hd2160,0.4742705856,47.4,y1,2025-12-16,15:05:29,2,1
HI7mTIxNotQ,hd2160,0.4742705856,47.4,y1,2025-12-16,15:05:30,2,1
HI7mTIxNotQ,hd2160,0.4903294091,49.0,y1,2025-12-16,15:05:31,2,1
HI7mTIxNotQ,hd2160,0.4903294091,49.0,y1,2025-12-16,15:05:32,2,1
HI7mTIxNotQ,hd2160,0.4903294091,49.0,y1,2025-12-16,15:05:33,2,1
HI7mTIxNotQ,hd2160,0.4903294091,49.0,y1,2025-12-16,15:05:34,2,1
HI7mTIxNotQ,hd2160,0.4903294091,49.0,y1,2025-12-16,15:05:35,2,1
HI7mTIxNotQ,hd2160,0.5063882326,50.6,y1,2025-12-16,15:05:36,2,1
HI7mTIxNotQ,hd2160,0.5063882326,50.6,y1,2025-12-16,15:05:37,2,1
HI7mTIxNotQ,hd2160,0.5063882326,50.6,y1,2025-12-16,15:05:38,2,1
HI7mTIxNotQ,hd2160,0.5063882326,50.6,y1,2025-12-16,15:05:39,2,1
HI7mTIxNotQ,hd2160,0.5063882326,50.6,y1,2025-12-16,15:05:40,2,1
HI7mTIxNotQ,hd2160,0.5063882326,50.6,y1,2025-12-16,15:05:41,2,1
HI7mTIxNotQ,hd2160,0.5224470561,52.2,y1,2025-12-16,15:05:42,2,1
HI7mTIxNotQ,hd2160,0.5224470561,52.2,y1,2025-12-16,15:05:43,2,1
HI7mTIxNotQ,hd2160,0.5224470561,52.2,y1,2025-12-16,15:05:44,2,1
HI7mTIxNotQ,hd2160,0.5224470561,52.2,y1,2025-12-16,15:05:45,2,1
HI7mTIxNotQ,hd2160,0.5224470561,52.2,y1,2025-12-16,15:05:46,2,1
HI7mTIxNotQ,hd2160,0.5224470561,52.2,y1,2025-12-16,15:05:47,2,1
HI7mTIxNotQ,hd2160,0.5385058797,53.9,y1,2025-12-16,15:05:48,2,1
HI7mTIxNotQ,hd2160,0.5385058797,53.9,y1,2025-12-16,15:05:49,2,1
HI7mTIxNotQ,hd2160,0.5385058797,53.9,y1,2025-12-16,15:05:50,2,1
HI7mTIxNotQ,hd2160,0.5385058797,53.9,y1,2025-12-16,15:05:51,2,1
HI7mTIxNotQ,hd2160,0.5385058797,53.9,y1,2025-12-16,15:05:52,2,1
HI7mTIxNotQ,hd2160,0.5545647032,55.5,y1,2025-12-16,15:05:53,2,1
HI7mTIxNotQ,hd2160,0.5545647032,55.5,y1,2025-12-16,15:05:54,2,1
HI7mTIxNotQ,hd2160,0.5545647032,55.5,y1,2025-12-16,15:05:55,2,1
HI7mTIxNotQ,hd2160,0.5545647032,55.5,y1,2025-12-16,15:05:56,2,1
HI7mTIxNotQ,hd2160,0.5545647032,55.5,y1,2025-12-16,15:05:57,2,1
HI7mTIxNotQ,hd2160,0.5545647032,55.5,y1,2025-12-16,15:05:58,2,1
HI7mTIxNotQ,hd2160,0.5545647032,55.5,y1,2025-12-16,15:05:59,2,1
HI7mTIxNotQ,hd2160,0.5603637219,56.0,y1,2025-12-16,15:06:00,2,1
HI7mTIxNotQ,hd2160,0.5603637219,56.0,y1,2025-12-16,15:06:01,2,1
HI7mTIxNotQ,hd2160,0.5603637219,56.0,y1,2025-12-16,15:06:02,2,1
HI7mTIxNotQ,hd2160,0.5706235267,57.1,y1,2025-12-16,15:06:03,2,1
HI7mTIxNotQ,hd2160,0.5706235267,57.1,y1,2025-12-16,15:06:04,2,1
HI7mTIxNotQ,hd2160,0.5706235267,57.1,y1,2025-12-16,15:06:05,2,1
HI7mTIxNotQ,hd2160,0.5749950963,57.5,y1,2025-12-16,15:06:06,2,1
HI7mTIxNotQ,hd2160,0.5749950963,57.5,y1,2025-12-16,15:06:07,2,1
HI7mTIxNotQ,hd2160,0.5749950963,57.5,y1,2025-12-16,15:06:08,2,1
HI7mTIxNotQ,hd2160,0.5866823503,58.7,y1,2025-12-16,15:06:09,2,1
HI7mTIxNotQ,hd2160,0.5866823503,58.7,y1,2025-12-16,15:06:10,2,1
HI7mTIxNotQ,hd2160,0.5910539198,59.1,y1,2025-12-16,15:06:11,2,1
HI7mTIxNotQ,hd2160,0.5910539198,59.1,y1,2025-12-16,15:06:12,2,1
HI7mTIxNotQ,hd2160,0.5910539198,59.1,y1,2025-12-16,15:06:13,2,1
HI7mTIxNotQ,hd2160,0.5910539198,59.1,y1,2025-12-16,15:06:14,2,1
HI7mTIxNotQ,hd2160,0.6027411738,60.3,y1,2025-12-16,15:06:15,2,1
HI7mTIxNotQ,hd2160,0.6027411738,60.3,y1,2025-12-16,15:06:16,2,1
HI7mTIxNotQ,hd2160,0.6027411738,60.3,y1,2025-12-16,15:06:17,2,1
HI7mTIxNotQ,hd2160,0.6071127433,60.7,y1,2025-12-16,15:06:18,2,1
HI7mTIxNotQ,hd2160,0.6071127433,60.7,y1,2025-12-16,15:06:19,2,1
HI7mTIxNotQ,hd2160,0.6071127433,60.7,y1,2025-12-16,15:06:20,2,1
HI7mTIxNotQ,hd2160,0.6187999973,61.9,y1,2025-12-16,15:06:21,2,1
HI7mTIxNotQ,hd2160,0.6187999973,61.9,y1,2025-12-16,15:06:22,2,1
HI7mTIxNotQ,hd2160,0.6187999973,61.9,y1,2025-12-16,15:06:23,2,1
HI7mTIxNotQ,hd2160,0.624599016,62.5,y1,2025-12-16,15:06:24,2,1
HI7mTIxNotQ,hd2160,0.624599016,62.5,y1,2025-12-16,15:06:25,2,1
HI7mTIxNotQ,hd2160,0.624599016,62.5,y1,2025-12-16,15:06:26,2,1
HI7mTIxNotQ,hd2160,0.6348588209,63.5,y1,2025-12-16,15:06:27,2,1
HI7mTIxNotQ,hd2160,0.6348588209,63.5,y1,2025-12-16,15:06:28,2,1
HI7mTIxNotQ,hd2160,0.6348588209,63.5,y1,2025-12-16,15:06:29,2,1
HI7mTIxNotQ,hd2160,0.6392303904,63.9,y1,2025-12-16,15:06:30,2,1
HI7mTIxNotQ,hd2160,0.6392303904,63.9,y1,2025-12-16,15:06:31,2,1
HI7mTIxNotQ,hd2160,0.6392303904,63.9,y1,2025-12-16,15:06:32,2,1
HI7mTIxNotQ,hd2160,0.6509176444,65.1,y1,2025-12-16,15:06:33,2,1
HI7mTIxNotQ,hd2160,0.6509176444,65.1,y1,2025-12-16,15:06:34,2,1
HI7mTIxNotQ,hd2160,0.6509176444,65.1,y1,2025-12-16,15:06:35,2,1
HI7mTIxNotQ,hd2160,0.6552892139,65.5,y1,2025-12-16,15:06:36,2,1
HI7mTIxNotQ,hd2160,0.6552892139,65.5,y1,2025-12-16,15:06:37,2,1
HI7mTIxNotQ,hd2160,0.6552892139,65.5,y1,2025-12-16,15:06:38,2,1
HI7mTIxNotQ,hd2160,0.665281369,66.5,y1,2025-12-16,15:06:39,2,1
HI7mTIxNotQ,hd2160,0.665281369,66.5,y1,2025-12-16,15:06:40,2,1
HI7mTIxNotQ,hd2160,0.6775931337,67.8,y1,2025-12-16,15:06:41,2,1
HI7mTIxNotQ,hd2160,0.6775931337,67.8,y1,2025-12-16,15:06:42,2,1
HI7mTIxNotQ,hd2160,0.6775931337,67.8,y1,2025-12-16,15:06:43,2,1
HI7mTIxNotQ,hd2160,0.6775931337,67.8,y1,2025-12-16,15:06:44,2,1
HI7mTIxNotQ,hd2160,0.6775931337,67.8,y1,2025-12-16,15:06:45,2,1
HI7mTIxNotQ,hd2160,0.6775931337,67.8,y1,2025-12-16,15:06:46,2,1
HI7mTIxNotQ,hd2160,0.6817862727,68.2,y1,2025-12-16,15:06:47,2,1
HI7mTIxNotQ,hd2160,0.6817862727,68.2,y1,2025-12-16,15:06:48,2,1
HI7mTIxNotQ,hd2160,0.6817862727,68.2,y1,2025-12-16,15:06:49,2,1
HI7mTIxNotQ,hd2160,0.6817862727,68.2,y1,2025-12-16,15:06:50,2,1
HI7mTIxNotQ,hd2160,0.6977558797,69.8,y1,2025-12-16,15:06:51,2,1
HI7mTIxNotQ,hd2160,0.6977558797,69.8,y1,2025-12-16,15:06:52,2,1
HI7mTIxNotQ,hd2160,0.7035548984,70.4,y1,2025-12-16,15:06:53,2,1
HI7mTIxNotQ,hd2160,0.7035548984,70.4,y1,2025-12-16,15:06:54,2,1
HI7mTIxNotQ,hd2160,0.7035548984,70.4,y1,2025-12-16,15:06:55,2,1
HI7mTIxNotQ,hd2160,0.7035548984,70.4,y1,2025-12-16,15:06:56,2,1
HI7mTIxNotQ,hd2160,0.7138147032,71.4,y1,2025-12-16,15:06:57,2,1
HI7mTIxNotQ,hd2160,0.7138147032,71.4,y1,2025-12-16,15:06:58,2,1
HI7mTIxNotQ,hd2160,0.7138147032,71.4,y1,2025-12-16,15:06:59,2,1
HI7mTIxNotQ,hd2160,0.7224686257,72.2,y1,2025-12-16,15:07:00,2,1
HI7mTIxNotQ,hd2160,0.7224686257,72.2,y1,2025-12-16,15:07:01,2,1
HI7mTIxNotQ,hd2160,0.7224686257,72.2,y1,2025-12-16,15:07:02,2,1
HI7mTIxNotQ,hd2160,0.7224686257,72.2,y1,2025-12-16,15:07:03,2,1
HI7mTIxNotQ,hd2160,0.7298735267,73.0,y1,2025-12-16,15:07:04,2,1
HI7mTIxNotQ,hd2160,0.7298735267,73.0,y1,2025-12-16,15:07:05,2,1
HI7mTIxNotQ,hd2160,0.7298735267,73.0,y1,2025-12-16,15:07:06,2,1
HI7mTIxNotQ,hd2160,0.7298735267,73.0,y1,2025-12-16,15:07:07,2,1
HI7mTIxNotQ,hd2160,0.7442372513,74.4,y1,2025-12-16,15:07:08,2,1
HI7mTIxNotQ,hd2160,0.7442372513,74.4,y1,2025-12-16,15:07:09,2,1
HI7mTIxNotQ,hd2160,0.7442372513,74.4,y1,2025-12-16,15:07:10,2,1
HI7mTIxNotQ,hd2160,0.7503039198,75.0,y1,2025-12-16,15:07:11,2,1
HI7mTIxNotQ,hd2160,0.7503039198,75.0,y1,2025-12-16,15:07:12,2,1
HI7mTIxNotQ,hd2160,0.7503039198,75.0,y1,2025-12-16,15:07:13,2,1
HI7mTIxNotQ,hd2160,0.7503039198,75.0,y1,2025-12-16,15:07:14,2,1
HI7mTIxNotQ,hd2160,0.7619911738,76.2,y1,2025-12-16,15:07:15,2,1
HI7mTIxNotQ,hd2160,0.7619911738,76.2,y1,2025-12-16,15:07:16,2,1
HI7mTIxNotQ,hd2160,0.7674333316,76.7,y1,2025-12-16,15:07:17,2,1
HI7mTIxNotQ,hd2160,0.7674333316,76.7,y1,2025-12-16,15:07:18,2,1
HI7mTIxNotQ,hd2160,0.7674333316,76.7,y1,2025-12-16,15:07:19,2,1
HI7mTIxNotQ,hd2160,0.7674333316,76.7,y1,2025-12-16,15:07:20,2,1
HI7mTIxNotQ,hd2160,0.7674333316,76.7,y1,2025-12-16,15:07:21,2,1
HI7mTIxNotQ,hd2160,0.7674333316,76.7,y1,2025-12-16,15:07:22,2,1
HI7mTIxNotQ,hd2160,0.7677901925,76.8,y1,2025-12-16,15:07:23,2,1
HI7mTIxNotQ,hd2160,0.7677901925,76.8,y1,2025-12-16,15:07:24,2,1
HI7mTIxNotQ,hd2160,0.7781392139,77.8,y1,2025-12-16,15:07:25,2,1
HI7mTIxNotQ,hd2160,0.792324508,79.2,y1,2025-12-16,15:07:26,2,1
HI7mTIxNotQ,hd2160,0.792324508,79.2,y1,2025-12-16,15:07:27,2,1
HI7mTIxNotQ,hd2160,0.792324508,79.2,y1,2025-12-16,15:07:28,2,1
HI7mTIxNotQ,hd2160,0.792324508,79.2,y1,2025-12-16,15:07:29,2,1
HI7mTIxNotQ,hd2160,0.792324508,79.2,y1,2025-12-16,15:07:30,2,1
HI7mTIxNotQ,hd2160,0.792324508,79.2,y1,2025-12-16,15:07:31,2,1
HI7mTIxNotQ,hd2160,0.8024058797,80.2,y1,2025-12-16,15:07:32,2,1
HI7mTIxNotQ,hd2160,0.8024058797,80.2,y1,2025-12-16,15:07:33,2,1
HI7mTIxNotQ,hd2160,0.8024058797,80.2,y1,2025-12-16,15:07:34,2,1
HI7mTIxNotQ,hd2160,0.8127548984,81.3,y1,2025-12-16,15:07:35,2,1
HI7mTIxNotQ,hd2160,0.8127548984,81.3,y1,2025-12-16,15:07:36,2,1
HI7mTIxNotQ,hd2160,0.8127548984,81.3,y1,2025-12-16,15:07:37,2,1
HI7mTIxNotQ,hd2160,0.8127548984,81.3,y1,2025-12-16,15:07:38,2,1
HI7mTIxNotQ,hd2160,0.8127548984,81.3,y1,2025-12-16,15:07:39,2,1
HI7mTIxNotQ,hd2160,0.8244421551,82.4,y1,2025-12-16,15:07:40,2,1
HI7mTIxNotQ,hd2160,0.8244421551,82.4,y1,2025-12-16,15:07:41,2,1
HI7mTIxNotQ,hd2160,0.8244421551,82.4,y1,2025-12-16,15:07:42,2,1
HI7mTIxNotQ,hd2160,0.8244421551,82.4,y1,2025-12-16,15:07:43,2,1
HI7mTIxNotQ,hd2160,0.8244421551,82.4,y1,2025-12-16,15:07:44,2,1
HI7mTIxNotQ,hd2160,0.8405009786,84.1,y1,2025-12-16,15:07:45,2,1
HI7mTIxNotQ,hd2160,0.8405009786,84.1,y1,2025-12-16,15:07:46,2,1
HI7mTIxNotQ,hd2160,0.8405009786,84.1,y1,2025-12-16,15:07:47,2,1
HI7mTIxNotQ,hd2160,0.8556176471,85.6,y1,2025-12-16,15:07:48,2,1
HI7mTIxNotQ,hd2160,0.8565598021,85.7,y1,2025-12-16,15:07:49,2,1
HI7mTIxNotQ,hd2160,0.8565598021,85.7,y1,2025-12-16,15:07:50,2,1
HI7mTIxNotQ,hd2160,0.8565598021,85.7,y1,2025-12-16,15:07:51,2,1
HI7mTIxNotQ,hd2160,0.8726186257,87.3,y1,2025-12-16,15:07:52,2,1
HI7mTIxNotQ,hd2160,0.8726186257,87.3,y1,2025-12-16,15:07:53,2,1
HI7mTIxNotQ,hd2160,0.8726186257,87.3,y1,2025-12-16,15:07:54,2,1
HI7mTIxNotQ,hd2160,0.8726186257,87.3,y1,2025-12-16,15:07:55,2,1
HI7mTIxNotQ,hd2160,0.8726186257,87.3,y1,2025-12-16,15:07:56,2,1
HI7mTIxNotQ,hd2160,0.8726186257,87.3,y1,2025-12-16,15:07:57,2,1
HI7mTIxNotQ,hd2160,0.8726186257,87.3,y1,2025-12-16,15:07:58,2,1
HI7mTIxNotQ,hd2160,0.8726186257,87.3,y1,2025-12-16,15:07:59,2,1
HI7mTIxNotQ,hd2160,0.8886774492,88.9,y1,2025-12-16,15:08:00,2,1
HI7mTIxNotQ,hd2160,0.8886774492,88.9,y1,2025-12-16,15:08:01,2,1
HI7mTIxNotQ,hd2160,0.8886774492,88.9,y1,2025-12-16,15:08:02,2,1
HI7mTIxNotQ,hd2160,0.8886774492,88.9,y1,2025-12-16,15:08:03,2,1
HI7mTIxNotQ,hd2160,0.8886774492,88.9,y1,2025-12-16,15:08:04,2,1
HI7mTIxNotQ,hd2160,0.9043794091,90.4,y1,2025-12-16,15:08:05,2,1
HI7mTIxNotQ,hd2160,0.9043794091,90.4,y1,2025-12-16,15:08:06,2,1
HI7mTIxNotQ,hd2160,0.9043794091,90.4,y1,2025-12-16,15:08:07,2,1
HI7mTIxNotQ,hd2160,0.9043794091,90.4,y1,2025-12-16,15:08:08,2,1
HI7mTIxNotQ,hd2160,0.9043794091,90.4,y1,2025-12-16,15:08:09,2,1
HI7mTIxNotQ,hd2160,0.9043794091,90.4,y1,2025-12-16,15:08:10,2,1
HI7mTIxNotQ,hd2160,0.9043794091,90.4,y1,2025-12-16,15:08:11,2,1
HI7mTIxNotQ,hd2160,0.9043794091,90.4,y1,2025-12-16,15:08:14,2,1
HI7mTIxNotQ,hd2160,0.9043794091,90.4,y1,2025-12-16,15:08:12,2,1
HI7mTIxNotQ,hd2160,0.9043794091,90.4,y1,2025-12-16,15:08:13,2,1
HI7mTIxNotQ,hd2160,0.9043794091,90.4,y1,2025-12-16,15:08:15,2,1
HI7mTIxNotQ,hd2160,0.9043794091,90.4,y1,2025-12-16,15:08:16,2,1
HI7mTIxNotQ,hd2160,0.9043794091,90.4,y1,2025-12-16,15:08:17,2,1
HI7mTIxNotQ,hd2160,0.9043794091,90.4,y1,2025-12-16,15:08:18,2,1
HI7mTIxNotQ,hd2160,0.9043794091,90.4,y1,2025-12-16,15:08:19,2,1
HI7mTIxNotQ,hd2160,0.9043794091,90.4,y1,2025-12-16,15:08:20,2,1
HI7mTIxNotQ,hd2160,0.9043794091,90.4,y1,2025-12-16,15:08:21,2,1
HI7mTIxNotQ,hd2160,0.9043794091,90.4,y1,2025-12-16,15:08:22,2,1
HI7mTIxNotQ,hd2160,0.9043794091,90.4,y1,2025-12-16,15:08:23,2,1
HI7mTIxNotQ,hd2160,0.9330508021,93.3,y1,2025-12-16,15:08:24,2,1
HI7mTIxNotQ,hd2160,0.9577032086,95.8,y1,2025-12-16,15:08:25,2,1
HI7mTIxNotQ,hd2160,0.9605852914,96.1,y1,2025-12-16,15:08:26,2,1
HI7mTIxNotQ,hd2160,0.9605852914,96.1,y1,2025-12-16,15:08:27,2,1
HI7mTIxNotQ,hd2160,0.9605852914,96.1,y1,2025-12-16,15:08:28,2,1
HI7mTIxNotQ,hd2160,0.9605852914,96.1,y1,2025-12-16,15:08:29,2,1
HI7mTIxNotQ,hd2160,0.9605852914,96.1,y1,2025-12-16,15:08:30,2,1
HI7mTIxNotQ,hd2160,0.9605852914,96.1,y1,2025-12-16,15:08:31,2,1
HI7mTIxNotQ,hd2160,0.9605852914,96.1,y1,2025-12-16,15:08:32,2,1
HI7mTIxNotQ,hd2160,0.976644115,97.7,y1,2025-12-16,15:08:33,2,1
HI7mTIxNotQ,hd2160,0.976644115,97.7,y1,2025-12-16,15:08:34,2,1
HI7mTIxNotQ,hd2160,0.976644115,97.7,y1,2025-12-16,15:08:35,2,1
HI7mTIxNotQ,hd2160,0.976644115,97.7,y1,2025-12-16,15:08:36,2,1
HI7mTIxNotQ,hd2160,0.976644115,97.7,y1,2025-12-16,15:08:37,2,1
HI7mTIxNotQ,hd2160,1.0,100.0,y1,2025-12-16,15:08:38,2,1
HI7mTIxNotQ,hd2160,1.0,100.0,y1,2025-12-16,15:08:39,2,1
HI7mTIxNotQ,hd2160,1.0,100.0,y1,2025-12-16,15:08:40,2,1
HI7mTIxNotQ,hd2160,1.0,100.0,y1,2025-12-16,15:08:41,2,1
HI7mTIxNotQ,hd2160,1.0,100.0,y1,2025-12-16,15:08:42,2,1
HI7mTIxNotQ,hd2160,1.0,100.0,y1,2025-12-16,15:08:43,2,1
HI7mTIxNotQ,hd2160,1.0,100.0,y1,2025-12-16,15:08:44,2,1
HI7mTIxNotQ,hd2160,1.0,100.0,y1,2025-12-16,15:08:45,2,1
HI7mTIxNotQ,hd2160,1.0,100.0,y1,2025-12-16,15:08:46,2,1
HI7mTIxNotQ,hd2160,1.0,100.0,y1,2025-12-16,15:08:47,2,1
HI7mTIxNotQ,hd2160,1.0,100.0,y1,2025-12-16,15:08:48,2,1
HI7mTIxNotQ,hd2160,1.0,100.0,y1,2025-12-16,15:08:49,2,1
HI7mTIxNotQ,hd2160,1.0,100.0,y1,2025-12-16,15:08:50,2,1
HI7mTIxNotQ,hd2160,1.0,100.0,y1,2025-12-16,15:08:51,2,1
HI7mTIxNotQ,hd2160,1.0,100.0,y1,2025-12-16,15:08:52,2,1
HI7mTIxNotQ,hd2160,1.0,100.0,y1,2025-12-16,15:08:53,2,1
HI7mTIxNotQ,hd2160,1.0,100.0,y1,2025-12-16,15:08:54,2,1
HI7mTIxNotQ,hd2160,1.0,100.0,y1,2025-12-16,15:08:55,2,1
HI7mTIxNotQ,hd2160,1.0,100.0,y1,2025-12-16,15:08:56,2,1
HI7mTIxNotQ,hd2160,1.0,100.0,y1,2025-12-16,15:08:57,2,1
HI7mTIxNotQ,hd2160,1.0,100.0,y1,2025-12-16,15:08:58,2,1
HI7mTIxNotQ,hd2160,1.0,100.0,y1,2025-12-16,15:08:59,2,1
HI7mTIxNotQ,hd2160,1.0,100.0,y1,2025-12-16,15:09:00,2,1
HI7mTIxNotQ,hd2160,1.0,100.0,y1,2025-12-16,15:09:01,2,1
HI7mTIxNotQ,hd2160,1.0,100.0,y1,2025-12-16,15:09:02,2,1
HI7mTIxNotQ,hd2160,1.0,100.0,y1,2025-12-16,15:09:03,2,1
HI7mTIxNotQ,hd2160,1.0,100.0,y1,2025-12-16,15:09:04,2,1
HI7mTIxNotQ,hd2160,1.0,100.0,y1,2025-12-16,15:09:05,2,1
HI7mTIxNotQ,hd2160,1.0,100.0,y1,2025-12-16,15:09:06,2,1
HI7mTIxNotQ,hd2160,1.0,100.0,y1,2025-12-16,15:09:07,2,1
HI7mTIxNotQ,hd2160,1.0,100.0,y1,2025-12-16,15:09:08,2,1
HI7mTIxNotQ,hd2160,1.0,100.0,y1,2025-12-16,15:09:09,2,1
HI7mTIxNotQ,hd2160,1.0,100.0,y1,2025-12-16,15:09:10,2,1
HI7mTIxNotQ,hd2160,1.0,100.0,y1,2025-12-16,15:09:11,2,1
HI7mTIxNotQ,hd2160,1.0,100.0,y1,2025-12-16,15:09:12,2,1
idCX7o-9Hr4,hd2160,0.0,0.0,h576,2025-11-11,14:29:36,2,1
idCX7o-9Hr4,hd2160,0.01714673417,1.7,h576,2025-11-11,14:29:37,2,1
idCX7o-9Hr4,hd2160,0.03684098537,3.7,h576,2025-11-11,14:29:38,2,1
idCX7o-9Hr4,hd2160,0.038408685,3.8,h576,2025-11-11,14:29:39,2,1
idCX7o-9Hr4,hd2160,0.038408685,3.8,h576,2025-11-11,14:29:40,2,1
idCX7o-9Hr4,hd2160,0.04369967787,4.4,h576,2025-11-11,14:29:41,2,1
idCX7o-9Hr4,hd2160,0.04369967787,4.4,h576,2025-11-11,14:29:42,2,1
idCX7o-9Hr4,hd2160,0.04869672668,4.9,h576,2025-11-11,14:29:43,2,1
idCX7o-9Hr4,hd2160,0.05486955168,5.5,h576,2025-11-11,14:29:44,2,1
idCX7o-9Hr4,hd2160,0.06114035902,6.1,h576,2025-11-11,14:29:45,2,1
idCX7o-9Hr4,hd1440,0.06574548145,6.6,h576,2025-11-11,14:29:46,2,1
idCX7o-9Hr4,hd1440,0.07613150546,7.6,h576,2025-11-11,14:29:47,2,1
idCX7o-9Hr4,hd1440,0.08720339695,8.7,h576,2025-11-11,14:29:48,2,1
idCX7o-9Hr4,hd1440,0.08720339695,8.7,h576,2025-11-11,14:29:49,2,1
idCX7o-9Hr4,hd1440,0.08720339695,8.7,h576,2025-11-11,14:29:50,2,1
idCX7o-9Hr4,hd1440,0.08720339695,8.7,h576,2025-11-11,14:29:51,2,1
idCX7o-9Hr4,hd1440,0.09856923542,9.9,h576,2025-11-11,14:29:52,2,1
idCX7o-9Hr4,hd1440,0.09856923542,9.9,h576,2025-11-11,14:29:53,2,1
idCX7o-9Hr4,hd1440,0.09856923542,9.9,h576,2025-11-11,14:29:54,2,1
idCX7o-9Hr4,hd1440,0.1095431446,11.0,h576,2025-11-11,14:29:55,2,1
idCX7o-9Hr4,hd1440,0.1095431446,11.0,h576,2025-11-11,14:29:56,2,1
idCX7o-9Hr4,hd1440,0.1095431446,11.0,h576,2025-11-11,14:29:57,2,1
idCX7o-9Hr4,hd1440,0.1095431446,11.0,h576,2025-11-11,14:29:58,2,1
idCX7o-9Hr4,hd1440,0.1095431446,11.0,h576,2025-11-11,14:29:59,2,1
idCX7o-9Hr4,hd2160,0.1168917458,11.7,h576,2025-11-11,14:30:00,2,1
idCX7o-9Hr4,hd2160,0.1228686091,12.3,h576,2025-11-11,14:30:01,2,1
idCX7o-9Hr4,hd2160,0.1228686091,12.3,h576,2025-11-11,14:30:02,2,1
idCX7o-9Hr4,hd2160,0.1228686091,12.3,h576,2025-11-11,14:30:03,2,1
idCX7o-9Hr4,hd2160,0.1228686091,12.3,h576,2025-11-11,14:30:04,2,1
idCX7o-9Hr4,hd2160,0.1228686091,12.3,h576,2025-11-11,14:30:05,2,1
idCX7o-9Hr4,hd2160,0.1228686091,12.3,h576,2025-11-11,14:30:06,2,1
idCX7o-9Hr4,hd2160,0.1228686091,12.3,h576,2025-11-11,14:30:07,2,1
idCX7o-9Hr4,hd2160,0.1228686091,12.3,h576,2025-11-11,14:30:08,2,1
idCX7o-9Hr4,hd2160,0.1291394164,12.9,h576,2025-11-11,14:30:09,2,1
idCX7o-9Hr4,hd2160,0.1291394164,12.9,h576,2025-11-11,14:30:10,2,1
idCX7o-9Hr4,hd2160,0.1291394164,12.9,h576,2025-11-11,14:30:11,2,1
idCX7o-9Hr4,hd2160,0.1339405006,13.4,h576,2025-11-11,14:30:12,2,1
idCX7o-9Hr4,hd2160,0.1398193815,14.0,h576,2025-11-11,14:30:13,2,1
idCX7o-9Hr4,hd2160,0.1398193815,14.0,h576,2025-11-11,14:30:14,2,1
idCX7o-9Hr4,hd2160,0.1456982625,14.6,h576,2025-11-11,14:30:15,2,1
idCX7o-9Hr4,hd2160,0.1456982625,14.6,h576,2025-11-11,14:30:16,2,1
idCX7o-9Hr4,hd2160,0.1509892553,15.1,h576,2025-11-11,14:30:17,2,1
idCX7o-9Hr4,hd2160,0.1509892553,15.1,h576,2025-11-11,14:30:18,2,1
idCX7o-9Hr4,hd2160,0.1509892553,15.1,h576,2025-11-11,14:30:19,2,1
idCX7o-9Hr4,hd2160,0.1567701569,15.7,h576,2025-11-11,14:30:20,2,1
idCX7o-9Hr4,hd2160,0.1629429819,16.3,h576,2025-11-11,14:30:21,2,1
idCX7o-9Hr4,hd2160,0.1629429819,16.3,h576,2025-11-11,14:30:22,2,1
idCX7o-9Hr4,hd2160,0.1629429819,16.3,h576,2025-11-11,14:30:23,2,1
idCX7o-9Hr4,hd2160,0.1680380101,16.8,h576,2025-11-11,14:30:24,2,1
idCX7o-9Hr4,hd2160,0.1680380101,16.8,h576,2025-11-11,14:30:25,2,1
idCX7o-9Hr4,hd2160,0.1743088174,17.4,h576,2025-11-11,14:30:26,2,1
idCX7o-9Hr4,hd2160,0.1803836601,18.0,h576,2025-11-11,14:30:27,2,1
idCX7o-9Hr4,hd2160,0.1803836601,18.0,h576,2025-11-11,14:30:28,2,1
idCX7o-9Hr4,hd2160,0.1850867649,18.5,h576,2025-11-11,14:30:29,2,1
idCX7o-9Hr4,hd2160,0.1912595899,19.1,h576,2025-11-11,14:30:30,2,1
idCX7o-9Hr4,hd2160,0.1912595899,19.1,h576,2025-11-11,14:30:31,2,1
idCX7o-9Hr4,hd2160,0.1912595899,19.1,h576,2025-11-11,14:30:32,2,1
idCX7o-9Hr4,hd2160,0.1912595899,19.1,h576,2025-11-11,14:30:33,2,1
idCX7o-9Hr4,hd2160,0.2021355197,20.2,h576,2025-11-11,14:30:34,2,1
idCX7o-9Hr4,hd2160,0.2021355197,20.2,h576,2025-11-11,14:30:35,2,1
idCX7o-9Hr4,hd2160,0.2073285331,20.7,h576,2025-11-11,14:30:36,2,1
idCX7o-9Hr4,hd2160,0.2073285331,20.7,h576,2025-11-11,14:30:37,2,1
idCX7o-9Hr4,hd2160,0.2073285331,20.7,h576,2025-11-11,14:30:38,2,1
idCX7o-9Hr4,hd2160,0.2139912639,21.4,h576,2025-11-11,14:30:39,2,1
idCX7o-9Hr4,hd2160,0.2191842744,21.9,h576,2025-11-11,14:30:40,2,1
idCX7o-9Hr4,hd2160,0.2191842744,21.9,h576,2025-11-11,14:30:41,2,1
idCX7o-9Hr4,hd2160,0.2191842744,21.9,h576,2025-11-11,14:30:42,2,1
idCX7o-9Hr4,hd2160,0.2250631554,22.5,h576,2025-11-11,14:30:43,2,1
idCX7o-9Hr4,hd2160,0.231138001,23.1,h576,2025-11-11,14:30:44,2,1
idCX7o-9Hr4,hd2160,0.231138001,23.1,h576,2025-11-11,14:30:45,2,1
idCX7o-9Hr4,hd2160,0.231138001,23.1,h576,2025-11-11,14:30:46,2,1
idCX7o-9Hr4,hd2160,0.2320198331,23.2,h576,2025-11-11,14:30:47,2,1
idCX7o-9Hr4,hd2160,0.2362330292,23.6,h576,2025-11-11,14:30:48,2,1
idCX7o-9Hr4,hd2160,0.2481867558,24.8,h576,2025-11-11,14:30:49,2,1
idCX7o-9Hr4,hd2160,0.2481867558,24.8,h576,2025-11-11,14:30:50,2,1
idCX7o-9Hr4,hd2160,0.2481867558,24.8,h576,2025-11-11,14:30:51,2,1
idCX7o-9Hr4,hd2160,0.253281784,25.3,h576,2025-11-11,14:30:52,2,1
idCX7o-9Hr4,hd2160,0.2589647032,25.9,h576,2025-11-11,14:30:53,2,1
idCX7o-9Hr4,hd2160,0.2589647032,25.9,h576,2025-11-11,14:30:54,2,1
idCX7o-9Hr4,hd2160,0.2589647032,25.9,h576,2025-11-11,14:30:55,2,1
idCX7o-9Hr4,hd2160,0.2589647032,25.9,h576,2025-11-11,14:30:56,2,1
idCX7o-9Hr4,hd2160,0.2703305388,27.0,h576,2025-11-11,14:30:57,2,1
idCX7o-9Hr4,hd2160,0.2703305388,27.0,h576,2025-11-11,14:30:58,2,1
idCX7o-9Hr4,hd2160,0.276307402,27.6,h576,2025-11-11,14:30:59,2,1
idCX7o-9Hr4,hd2160,0.276307402,27.6,h576,2025-11-11,14:31:00,2,1
idCX7o-9Hr4,hd2160,0.276307402,27.6,h576,2025-11-11,14:31:01,2,1
idCX7o-9Hr4,hd2160,0.282186283,28.2,h576,2025-11-11,14:31:02,2,1
idCX7o-9Hr4,hd2160,0.282186283,28.2,h576,2025-11-11,14:31:03,2,1
idCX7o-9Hr4,hd2160,0.2873792935,28.7,h576,2025-11-11,14:31:04,2,1
idCX7o-9Hr4,hd2160,0.2936501009,29.4,h576,2025-11-11,14:31:05,2,1
idCX7o-9Hr4,hd2160,0.2936501009,29.4,h576,2025-11-11,14:31:06,2,1
idCX7o-9Hr4,hd2160,0.2936501009,29.4,h576,2025-11-11,14:31:07,2,1
idCX7o-9Hr4,hd2160,0.2996269642,30.0,h576,2025-11-11,14:31:08,2,1
idCX7o-9Hr4,hd2160,0.2996269642,30.0,h576,2025-11-11,14:31:09,2,1
idCX7o-9Hr4,hd2160,0.3044280483,30.4,h576,2025-11-11,14:31:10,2,1
idCX7o-9Hr4,hd2160,0.3100129852,31.0,h576,2025-11-11,14:31:11,2,1
idCX7o-9Hr4,hd2160,0.3100129852,31.0,h576,2025-11-11,14:31:12,2,1
idCX7o-9Hr4,hd2160,0.3100129852,31.0,h576,2025-11-11,14:31:13,2,1
idCX7o-9Hr4,hd2160,0.3163817749,31.6,h576,2025-11-11,14:31:14,2,1
idCX7o-9Hr4,hd2160,0.3214768031,32.1,h576,2025-11-11,14:31:15,2,1
idCX7o-9Hr4,hd2160,0.3214768031,32.1,h576,2025-11-11,14:31:16,2,1
idCX7o-9Hr4,hd2160,0.3276496281,32.8,h576,2025-11-11,14:31:17,2,1
idCX7o-9Hr4,hd2160,0.3276496281,32.8,h576,2025-11-11,14:31:18,2,1
idCX7o-9Hr4,hd2160,0.3342143795,33.4,h576,2025-11-11,14:31:19,2,1
idCX7o-9Hr4,hd2160,0.3342143795,33.4,h576,2025-11-11,14:31:20,2,1
idCX7o-9Hr4,hd2160,0.3342143795,33.4,h576,2025-11-11,14:31:21,2,1
idCX7o-9Hr4,hd2160,0.3385255579,33.9,h576,2025-11-11,14:31:22,2,1
idCX7o-9Hr4,hd2160,0.3446004035,34.5,h576,2025-11-11,14:31:23,2,1
idCX7o-9Hr4,hd2160,0.3446004035,34.5,h576,2025-11-11,14:31:24,2,1
idCX7o-9Hr4,hd2160,0.3510671725,35.1,h576,2025-11-11,14:31:25,2,1
idCX7o-9Hr4,hd2160,0.3510671725,35.1,h576,2025-11-11,14:31:26,2,1
idCX7o-9Hr4,hd2160,0.3555743126,35.6,h576,2025-11-11,14:31:27,2,1
idCX7o-9Hr4,hd2160,0.3607673261,36.1,h576,2025-11-11,14:31:28,2,1
idCX7o-9Hr4,hd2160,0.3607673261,36.1,h576,2025-11-11,14:31:29,2,1
idCX7o-9Hr4,hd2160,0.3670381305,36.7,h576,2025-11-11,14:31:30,2,1
idCX7o-9Hr4,hd2160,0.3670381305,36.7,h576,2025-11-11,14:31:31,2,1
idCX7o-9Hr4,hd2160,0.3670381305,36.7,h576,2025-11-11,14:31:32,2,1
idCX7o-9Hr4,hd2160,0.3726230674,37.3,h576,2025-11-11,14:31:33,2,1
idCX7o-9Hr4,hd2160,0.3785999307,37.9,h576,2025-11-11,14:31:34,2,1
idCX7o-9Hr4,hd2160,0.3785999307,37.9,h576,2025-11-11,14:31:35,2,1
idCX7o-9Hr4,hd2160,0.3817484532,38.2,h576,2025-11-11,14:31:36,2,1
idCX7o-9Hr4,hd2160,0.384576794,38.5,h576,2025-11-11,14:31:37,2,1
idCX7o-9Hr4,hd2160,0.3896718222,39.0,h576,2025-11-11,14:31:38,2,1
idCX7o-9Hr4,hd2160,0.3951587797,39.5,h576,2025-11-11,14:31:39,2,1
idCX7o-9Hr4,hd2160,0.3951587797,39.5,h576,2025-11-11,14:31:40,2,1
idCX7o-9Hr4,hd2160,0.3951587797,39.5,h576,2025-11-11,14:31:41,2,1
idCX7o-9Hr4,hd2160,0.4014295841,40.1,h576,2025-11-11,14:31:42,2,1
idCX7o-9Hr4,hd2160,0.406720577,40.7,h576,2025-11-11,14:31:43,2,1
idCX7o-9Hr4,hd2160,0.406720577,40.7,h576,2025-11-11,14:31:44,2,1
idCX7o-9Hr4,hd2160,0.406720577,40.7,h576,2025-11-11,14:31:45,2,1
idCX7o-9Hr4,hd2160,0.4127954226,41.3,h576,2025-11-11,14:31:46,2,1
idCX7o-9Hr4,hd2160,0.4127954226,41.3,h576,2025-11-11,14:31:47,2,1
idCX7o-9Hr4,hd2160,0.4186743035,41.9,h576,2025-11-11,14:31:48,2,1
idCX7o-9Hr4,hd2160,0.4186743035,41.9,h576,2025-11-11,14:31:49,2,1
idCX7o-9Hr4,hd2160,0.4237693317,42.4,h576,2025-11-11,14:31:50,2,1
idCX7o-9Hr4,hd2160,0.4298441774,43.0,h576,2025-11-11,14:31:51,2,1
idCX7o-9Hr4,hd2160,0.4298441774,43.0,h576,2025-11-11,14:31:52,2,1
idCX7o-9Hr4,hd2160,0.4361149817,43.6,h576,2025-11-11,14:31:53,2,1
idCX7o-9Hr4,hd2160,0.4361149817,43.6,h576,2025-11-11,14:31:54,2,1
idCX7o-9Hr4,hd2160,0.4408180865,44.1,h576,2025-11-11,14:31:55,2,1
idCX7o-9Hr4,hd2160,0.4408180865,44.1,h576,2025-11-11,14:31:56,2,1
idCX7o-9Hr4,hd2160,0.4470888938,44.7,h576,2025-11-11,14:31:57,2,1
idCX7o-9Hr4,hd2160,0.4470888938,44.7,h576,2025-11-11,14:31:58,2,1
idCX7o-9Hr4,hd2160,0.4530657571,45.3,h576,2025-11-11,14:31:59,2,1
idCX7o-9Hr4,hd2160,0.4530657571,45.3,h576,2025-11-11,14:32:00,2,1
idCX7o-9Hr4,hd2160,0.4578668413,45.8,h576,2025-11-11,14:32:01,2,1
idCX7o-9Hr4,hd2160,0.4578668413,45.8,h576,2025-11-11,14:32:02,2,1
idCX7o-9Hr4,hd2160,0.4628638901,46.3,h576,2025-11-11,14:32:03,2,1
idCX7o-9Hr4,hd2160,0.4628638901,46.3,h576,2025-11-11,14:32:04,2,1
idCX7o-9Hr4,hd2160,0.4693306592,46.9,h576,2025-11-11,14:32:05,2,1
idCX7o-9Hr4,hd2160,0.4749155961,47.5,h576,2025-11-11,14:32:06,2,1
idCX7o-9Hr4,hd2160,0.4749155961,47.5,h576,2025-11-11,14:32:07,2,1
idCX7o-9Hr4,hd2160,0.4749155961,47.5,h576,2025-11-11,14:32:08,2,1
idCX7o-9Hr4,hd2160,0.4804025536,48.0,h576,2025-11-11,14:32:09,2,1
idCX7o-9Hr4,hd2160,0.4804025536,48.0,h576,2025-11-11,14:32:10,2,1
idCX7o-9Hr4,hd2160,0.4867713403,48.7,h576,2025-11-11,14:32:11,2,1
idCX7o-9Hr4,hd2160,0.4867713403,48.7,h576,2025-11-11,14:32:12,2,1
idCX7o-9Hr4,hd2160,0.4919643508,49.2,h576,2025-11-11,14:32:13,2,1
idCX7o-9Hr4,hd2160,0.4977452524,49.8,h576,2025-11-11,14:32:14,2,1
idCX7o-9Hr4,hd2160,0.4977452524,49.8,h576,2025-11-11,14:32:15,2,1
idCX7o-9Hr4,hd2160,0.5039180774,50.4,h576,2025-11-11,14:32:16,2,1
idCX7o-9Hr4,hd2160,0.5039180774,50.4,h576,2025-11-11,14:32:17,2,1
idCX7o-9Hr4,hd2160,0.5090131056,50.9,h576,2025-11-11,14:32:18,2,1
idCX7o-9Hr4,hd2160,0.5090131056,50.9,h576,2025-11-11,14:32:19,2,1
idCX7o-9Hr4,hd2160,0.5090131056,50.9,h576,2025-11-11,14:32:20,2,1
idCX7o-9Hr4,hd2160,0.5147940072,51.5,h576,2025-11-11,14:32:21,2,1
idCX7o-9Hr4,hd2160,0.5147940072,51.5,h576,2025-11-11,14:32:22,2,1
idCX7o-9Hr4,hd2160,0.5209668322,52.1,h576,2025-11-11,14:32:23,2,1
idCX7o-9Hr4,hd2160,0.5209668322,52.1,h576,2025-11-11,14:32:24,2,1
idCX7o-9Hr4,hd2160,0.5260618604,52.6,h576,2025-11-11,14:32:25,2,1
idCX7o-9Hr4,hd2160,0.5313528533,53.1,h576,2025-11-11,14:32:26,2,1
idCX7o-9Hr4,hd2160,0.5313528533,53.1,h576,2025-11-11,14:32:27,2,1
idCX7o-9Hr4,hd2160,0.538309531,53.8,h576,2025-11-11,14:32:28,2,1
idCX7o-9Hr4,hd2160,0.538309531,53.8,h576,2025-11-11,14:32:29,2,1
idCX7o-9Hr4,hd2160,0.5431106152,54.3,h576,2025-11-11,14:32:30,2,1
idCX7o-9Hr4,hd2160,0.5431106152,54.3,h576,2025-11-11,14:32:31,2,1
idCX7o-9Hr4,hd2160,0.5486955521,54.9,h576,2025-11-11,14:32:32,2,1
idCX7o-9Hr4,hd2160,0.5486955521,54.9,h576,2025-11-11,14:32:33,2,1
idCX7o-9Hr4,hd2160,0.5486955521,54.9,h576,2025-11-11,14:32:34,2,1
idCX7o-9Hr4,hd2160,0.5551623211,55.5,h576,2025-11-11,14:32:35,2,1
idCX7o-9Hr4,hd2160,0.5601593699,56.0,h576,2025-11-11,14:32:36,2,1
idCX7o-9Hr4,hd2160,0.5601593699,56.0,h576,2025-11-11,14:32:37,2,1
idCX7o-9Hr4,hd2160,0.5660382509,56.6,h576,2025-11-11,14:32:38,2,1
idCX7o-9Hr4,hd2160,0.5660382509,56.6,h576,2025-11-11,14:32:39,2,1
idCX7o-9Hr4,hd2160,0.5722110759,57.2,h576,2025-11-11,14:32:40,2,1
idCX7o-9Hr4,hd2160,0.5722110759,57.2,h576,2025-11-11,14:32:41,2,1
idCX7o-9Hr4,hd2160,0.5772081247,57.7,h576,2025-11-11,14:32:42,2,1
idCX7o-9Hr4,hd2160,0.5772081247,57.7,h576,2025-11-11,14:32:43,2,1
idCX7o-9Hr4,hd2160,0.5826950822,58.3,h576,2025-11-11,14:32:44,2,1
idCX7o-9Hr4,hd2160,0.5826950822,58.3,h576,2025-11-11,14:32:45,2,1
idCX7o-9Hr4,hd2160,0.5889658866,58.9,h576,2025-11-11,14:32:46,2,1
idCX7o-9Hr4,hd2160,0.5942568795,59.4,h576,2025-11-11,14:32:47,2,1
idCX7o-9Hr4,hd2160,0.5942568795,59.4,h576,2025-11-11,14:32:48,2,1
idCX7o-9Hr4,hd2160,0.6000377811,60.0,h576,2025-11-11,14:32:49,2,1
idCX7o-9Hr4,hd2160,0.6000377811,60.0,h576,2025-11-11,14:32:50,2,1
idCX7o-9Hr4,hd2160,0.6065045501,60.7,h576,2025-11-11,14:32:51,2,1
idCX7o-9Hr4,hd2160,0.6065045501,60.7,h576,2025-11-11,14:32:52,2,1
idCX7o-9Hr4,hd2160,0.6065045501,60.7,h576,2025-11-11,14:32:53,2,1
idCX7o-9Hr4,hd2160,0.6113056343,61.1,h576,2025-11-11,14:32:54,2,1
idCX7o-9Hr4,hd2160,0.6174784593,61.7,h576,2025-11-11,14:32:55,2,1
idCX7o-9Hr4,hd2160,0.6174784593,61.7,h576,2025-11-11,14:32:56,2,1
idCX7o-9Hr4,hd2160,0.6233573402,62.3,h576,2025-11-11,14:32:57,2,1
idCX7o-9Hr4,hd2160,0.6233573402,62.3,h576,2025-11-11,14:32:58,2,1
idCX7o-9Hr4,hd2160,0.628354389,62.8,h576,2025-11-11,14:32:59,2,1
idCX7o-9Hr4,hd2160,0.628354389,62.8,h576,2025-11-11,14:33:00,2,1
idCX7o-9Hr4,hd2160,0.6346251964,63.5,h576,2025-11-11,14:33:01,2,1
idCX7o-9Hr4,hd2160,0.6346251964,63.5,h576,2025-11-11,14:33:02,2,1
idCX7o-9Hr4,hd2160,0.6405040773,64.1,h576,2025-11-11,14:33:03,2,1
idCX7o-9Hr4,hd2160,0.6405040773,64.1,h576,2025-11-11,14:33:04,2,1
idCX7o-9Hr4,hd2160,0.6454031438,64.5,h576,2025-11-11,14:33:05,2,1
idCX7o-9Hr4,hd2160,0.6509880807,65.1,h576,2025-11-11,14:33:06,2,1
idCX7o-9Hr4,hd2160,0.6509880807,65.1,h576,2025-11-11,14:33:07,2,1
idCX7o-9Hr4,hd2160,0.6573568704,65.7,h576,2025-11-11,14:33:08,2,1
idCX7o-9Hr4,hd2160,0.6573568704,65.7,h576,2025-11-11,14:33:09,2,1
idCX7o-9Hr4,hd2160,0.6624518986,66.2,h576,2025-11-11,14:33:10,2,1
idCX7o-9Hr4,hd2160,0.6624518986,66.2,h576,2025-11-11,14:33:11,2,1
idCX7o-9Hr4,hd2160,0.6624518986,66.2,h576,2025-11-11,14:33:12,2,1
idCX7o-9Hr4,hd2160,0.6681348178,66.8,h576,2025-11-11,14:33:13,2,1
idCX7o-9Hr4,hd2160,0.6681348178,66.8,h576,2025-11-11,14:33:14,2,1
idCX7o-9Hr4,hd2160,0.6746015869,67.5,h576,2025-11-11,14:33:15,2,1
idCX7o-9Hr4,hd2160,0.6746015869,67.5,h576,2025-11-11,14:33:16,2,1
idCX7o-9Hr4,hd2160,0.6795006534,68.0,h576,2025-11-11,14:33:17,2,1
idCX7o-9Hr4,hd2160,0.6854775167,68.5,h576,2025-11-11,14:33:18,2,1
idCX7o-9Hr4,hd2160,0.6854775167,68.5,h576,2025-11-11,14:33:19,2,1
idCX7o-9Hr4,hd2160,0.6915523593,69.2,h576,2025-11-11,14:33:20,2,1
idCX7o-9Hr4,hd2160,0.6915523593,69.2,h576,2025-11-11,14:33:21,2,1
idCX7o-9Hr4,hd2160,0.6965494081,69.7,h576,2025-11-11,14:33:22,2,1
idCX7o-9Hr4,hd2160,0.6965494081,69.7,h576,2025-11-11,14:33:23,2,1
idCX7o-9Hr4,hd2160,0.7025262714,70.3,h576,2025-11-11,14:33:24,2,1
idCX7o-9Hr4,hd2160,0.7025262714,70.3,h576,2025-11-11,14:33:25,2,1
idCX7o-9Hr4,hd2160,0.7086990964,70.9,h576,2025-11-11,14:33:26,2,1
idCX7o-9Hr4,hd2160,0.7086990964,70.9,h576,2025-11-11,14:33:27,2,1
idCX7o-9Hr4,hd2160,0.7086990964,70.9,h576,2025-11-11,14:33:28,2,1
idCX7o-9Hr4,hd2160,0.7135981629,71.4,h576,2025-11-11,14:33:29,2,1
idCX7o-9Hr4,hd2160,0.7188891558,71.9,h576,2025-11-11,14:33:30,2,1
idCX7o-9Hr4,hd2160,0.7188891558,71.9,h576,2025-11-11,14:33:31,2,1
idCX7o-9Hr4,hd2160,0.7254539072,72.5,h576,2025-11-11,14:33:32,2,1
idCX7o-9Hr4,hd2160,0.7254539072,72.5,h576,2025-11-11,14:33:33,2,1
idCX7o-9Hr4,hd2160,0.7306469177,73.1,h576,2025-11-11,14:33:34,2,1
idCX7o-9Hr4,hd2160,0.7306469177,73.1,h576,2025-11-11,14:33:35,2,1
idCX7o-9Hr4,hd2160,0.7365257987,73.7,h576,2025-11-11,14:33:36,2,1
idCX7o-9Hr4,hd2160,0.7365257987,73.7,h576,2025-11-11,14:33:37,2,1
idCX7o-9Hr4,hd2160,0.7426986237,74.3,h576,2025-11-11,14:33:38,2,1
idCX7o-9Hr4,hd2160,0.7426986237,74.3,h576,2025-11-11,14:33:39,2,1
idCX7o-9Hr4,hd2160,0.7476956725,74.8,h576,2025-11-11,14:33:40,2,1
idCX7o-9Hr4,hd2160,0.7543584062,75.4,h576,2025-11-11,14:33:41,2,1
idCX7o-9Hr4,hd2160,0.7543584062,75.4,h576,2025-11-11,14:33:42,2,1
idCX7o-9Hr4,hd2160,0.7606292106,76.1,h576,2025-11-11,14:33:43,2,1
idCX7o-9Hr4,hd2160,0.7606292106,76.1,h576,2025-11-11,14:33:44,2,1
idCX7o-9Hr4,hd2160,0.7647444272,76.5,h576,2025-11-11,14:33:45,2,1
idCX7o-9Hr4,hd2160,0.7647444272,76.5,h576,2025-11-11,14:33:46,2,1
idCX7o-9Hr4,hd2160,0.7647444272,76.5,h576,2025-11-11,14:33:47,2,1
idCX7o-9Hr4,hd2160,0.7704273465,77.0,h576,2025-11-11,14:33:48,2,1
idCX7o-9Hr4,hd2160,0.7704273465,77.0,h576,2025-11-11,14:33:49,2,1
idCX7o-9Hr4,hd2160,0.7771880596,77.7,h576,2025-11-11,14:33:50,2,1
idCX7o-9Hr4,hd2160,0.7771880596,77.7,h576,2025-11-11,14:33:51,2,1
idCX7o-9Hr4,hd2160,0.781793182,78.2,h576,2025-11-11,14:33:52,2,1
idCX7o-9Hr4,hd2160,0.7869861955,78.7,h576,2025-11-11,14:33:53,2,1
idCX7o-9Hr4,hd2160,0.7869861955,78.7,h576,2025-11-11,14:33:54,2,1
idCX7o-9Hr4,hd2160,0.7937469086,79.4,h576,2025-11-11,14:33:55,2,1
idCX7o-9Hr4,hd2160,0.7937469086,79.4,h576,2025-11-11,14:33:56,2,1
idCX7o-9Hr4,hd2160,0.7988419368,79.9,h576,2025-11-11,14:33:57,2,1
idCX7o-9Hr4,hd2160,0.7988419368,79.9,h576,2025-11-11,14:33:58,2,1
idCX7o-9Hr4,hd2160,0.804524856,80.5,h576,2025-11-11,14:33:59,2,1
idCX7o-9Hr4,hd2160,0.804524856,80.5,h576,2025-11-11,14:34:00,2,1
idCX7o-9Hr4,hd2160,0.804524856,80.5,h576,2025-11-11,14:34:01,2,1
idCX7o-9Hr4,hd2160,0.810403737,81.0,h576,2025-11-11,14:34:02,2,1
idCX7o-9Hr4,hd2160,0.810403737,81.0,h576,2025-11-11,14:34:03,2,1
idCX7o-9Hr4,hd2160,0.8214756285,82.1,h576,2025-11-11,14:34:04,2,1
idCX7o-9Hr4,hd2160,0.8214756285,82.1,h576,2025-11-11,14:34:05,2,1
idCX7o-9Hr4,hd2160,0.8278444181,82.8,h576,2025-11-11,14:34:06,2,1
idCX7o-9Hr4,hd2160,0.8278444181,82.8,h576,2025-11-11,14:34:07,2,1
idCX7o-9Hr4,hd2160,0.8278444181,82.8,h576,2025-11-11,14:34:08,2,1
idCX7o-9Hr4,hd2160,0.8329394464,83.3,h576,2025-11-11,14:34:09,2,1
idCX7o-9Hr4,hd2160,0.8329394464,83.3,h576,2025-11-11,14:34:10,2,1
idCX7o-9Hr4,hd2160,0.8383284215,83.8,h576,2025-11-11,14:34:11,2,1
idCX7o-9Hr4,hd2160,0.8383284215,83.8,h576,2025-11-11,14:34:12,2,1
idCX7o-9Hr4,hd2160,0.8448931729,84.5,h576,2025-11-11,14:34:13,2,1
idCX7o-9Hr4,hd2160,0.8448931729,84.5,h576,2025-11-11,14:34:14,2,1
idCX7o-9Hr4,hd2160,0.8499882011,85.0,h576,2025-11-11,14:34:15,2,1
idCX7o-9Hr4,hd2160,0.8559650644,85.6,h576,2025-11-11,14:34:16,2,1
idCX7o-9Hr4,hd2160,0.8559650644,85.6,h576,2025-11-11,14:34:17,2,1
idCX7o-9Hr4,hd2160,0.8559650644,85.6,h576,2025-11-11,14:34:18,2,1
idCX7o-9Hr4,hd2160,0.8620399071,86.2,h576,2025-11-11,14:34:19,2,1
idCX7o-9Hr4,hd2160,0.8620399071,86.2,h576,2025-11-11,14:34:20,2,1
idCX7o-9Hr4,hd2160,0.8670369559,86.7,h576,2025-11-11,14:34:21,2,1
idCX7o-9Hr4,hd2160,0.8733077632,87.3,h576,2025-11-11,14:34:22,2,1
idCX7o-9Hr4,hd2160,0.8733077632,87.3,h576,2025-11-11,14:34:23,2,1
idCX7o-9Hr4,hd2160,0.8791866442,87.9,h576,2025-11-11,14:34:24,2,1
idCX7o-9Hr4,hd2160,0.8791866442,87.9,h576,2025-11-11,14:34:25,2,1
idCX7o-9Hr4,hd2160,0.8840857107,88.4,h576,2025-11-11,14:34:26,2,1
idCX7o-9Hr4,hd2160,0.8840857107,88.4,h576,2025-11-11,14:34:27,2,1
idCX7o-9Hr4,hd2160,0.8905524797,89.1,h576,2025-11-11,14:34:28,2,1
idCX7o-9Hr4,hd2160,0.8905524797,89.1,h576,2025-11-11,14:34:29,2,1
idCX7o-9Hr4,hd2160,0.8963333813,89.6,h576,2025-11-11,14:34:30,2,1
idCX7o-9Hr4,hd2160,0.8963333813,89.6,h576,2025-11-11,14:34:31,2,1
idCX7o-9Hr4,hd2160,0.9011344655,90.1,h576,2025-11-11,14:34:32,2,1
idCX7o-9Hr4,hd2160,0.9063274789,90.6,h576,2025-11-11,14:34:33,2,1
idCX7o-9Hr4,hd2160,0.9063274789,90.6,h576,2025-11-11,14:34:34,2,1
idCX7o-9Hr4,hd2160,0.9063274789,90.6,h576,2025-11-11,14:34:35,2,1
idCX7o-9Hr4,hd2160,0.912794248,91.3,h576,2025-11-11,14:34:36,2,1
idCX7o-9Hr4,hd2160,0.9131861714,91.3,h576,2025-11-11,14:34:37,2,1
idCX7o-9Hr4,hd2160,0.9181832202,91.8,h576,2025-11-11,14:34:38,2,1
idCX7o-9Hr4,hd2160,0.9181832202,91.8,h576,2025-11-11,14:34:39,2,1
idCX7o-9Hr4,hd2160,0.9234742131,92.3,h576,2025-11-11,14:34:40,2,1
idCX7o-9Hr4,hd2160,0.9234742131,92.3,h576,2025-11-11,14:34:41,2,1
idCX7o-9Hr4,hd2160,0.9301369468,93.0,h576,2025-11-11,14:34:42,2,1
idCX7o-9Hr4,hd2160,0.9301369468,93.0,h576,2025-11-11,14:34:43,2,1
idCX7o-9Hr4,hd2160,0.935231975,93.5,h576,2025-11-11,14:34:44,2,1
idCX7o-9Hr4,hd2160,0.9406209502,94.1,h576,2025-11-11,14:34:45,2,1
idCX7o-9Hr4,hd2160,0.9406209502,94.1,h576,2025-11-11,14:34:46,2,1
idCX7o-9Hr4,hd2160,0.9471857016,94.7,h576,2025-11-11,14:34:47,2,1
idCX7o-9Hr4,hd2160,0.9471857016,94.7,h576,2025-11-11,14:34:48,2,1
idCX7o-9Hr4,hd2160,0.9522807298,95.2,h576,2025-11-11,14:34:49,2,1
idCX7o-9Hr4,hd2160,0.9522807298,95.2,h576,2025-11-11,14:34:50,2,1
idCX7o-9Hr4,hd2160,0.9583555754,95.8,h576,2025-11-11,14:34:51,2,1
idCX7o-9Hr4,hd2160,0.9583555754,95.8,h576,2025-11-11,14:34:52,2,1
idCX7o-9Hr4,hd2160,0.9583555754,95.8,h576,2025-11-11,14:34:53,2,1
idCX7o-9Hr4,hd2160,0.9642344564,96.4,h576,2025-11-11,14:34:54,2,1
idCX7o-9Hr4,hd2160,0.9642344564,96.4,h576,2025-11-11,14:34:55,2,1
idCX7o-9Hr4,hd2160,0.9863782393,98.6,h576,2025-11-11,14:34:56,2,1
idCX7o-9Hr4,hd2160,0.9863782393,98.6,h576,2025-11-11,14:34:57,2,1
idCX7o-9Hr4,hd2160,0.9863782393,98.6,h576,2025-11-11,14:34:58,2,1
idCX7o-9Hr4,hd2160,0.9863782393,98.6,h576,2025-11-11,14:34:59,2,1
idCX7o-9Hr4,hd2160,0.9863782393,98.6,h576,2025-11-11,14:35:00,2,1
idCX7o-9Hr4,hd2160,0.9863782393,98.6,h576,2025-11-11,14:35:01,2,1
idCX7o-9Hr4,hd2160,0.9863782393,98.6,h576,2025-11-11,14:35:02,2,1
idCX7o-9Hr4,hd2160,1.0,100.0,h576,2025-11-11,14:35:03,2,1
idCX7o-9Hr4,hd2160,1.0,100.0,h576,2025-11-11,14:35:04,2,1
idCX7o-9Hr4,hd2160,1.0,100.0,h576,2025-11-11,14:35:05,2,1
idCX7o-9Hr4,hd2160,1.0,100.0,h576,2025-11-11,14:35:06,2,1
idCX7o-9Hr4,hd2160,1.0,100.0,h576,2025-11-11,14:35:07,2,1
idCX7o-9Hr4,hd2160,1.0,100.0,h576,2025-11-11,14:35:08,2,1
idCX7o-9Hr4,hd2160,1.0,100.0,h576,2025-11-11,14:35:09,2,1
idCX7o-9Hr4,hd2160,1.0,100.0,h576,2025-11-11,14:35:10,2,1
idCX7o-9Hr4,hd2160,1.0,100.0,h576,2025-11-11,14:35:11,2,1
idCX7o-9Hr4,hd2160,1.0,100.0,h576,2025-11-11,14:35:12,2,1
idCX7o-9Hr4,hd2160,1.0,100.0,h576,2025-11-11,14:35:13,2,1
idCX7o-9Hr4,hd2160,1.0,100.0,h576,2025-11-11,14:35:14,2,1
idCX7o-9Hr4,hd2160,1.0,100.0,h576,2025-11-11,14:35:15,2,1
idCX7o-9Hr4,hd2160,1.0,100.0,h576,2025-11-11,14:35:16,2,1
idCX7o-9Hr4,hd2160,1.0,100.0,h576,2025-11-11,14:35:17,2,1
idCX7o-9Hr4,hd2160,1.0,100.0,h576,2025-11-11,14:35:18,2,1
idCX7o-9Hr4,hd2160,1.0,100.0,h576,2025-11-11,14:35:19,2,1
idCX7o-9Hr4,hd2160,1.0,100.0,h576,2025-11-11,14:35:20,2,1
idCX7o-9Hr4,hd2160,1.0,100.0,h576,2025-11-11,14:35:21,2,1
idCX7o-9Hr4,hd2160,1.0,100.0,h576,2025-11-11,14:35:22,2,1
idCX7o-9Hr4,hd2160,1.0,100.0,h576,2025-11-11,14:35:23,2,1
idCX7o-9Hr4,hd2160,1.0,100.0,h576,2025-11-11,14:35:24,2,1
idCX7o-9Hr4,hd2160,1.0,100.0,h576,2025-11-11,14:35:25,2,1
idCX7o-9Hr4,hd2160,1.0,100.0,h576,2025-11-11,14:35:26,2,1
idCX7o-9Hr4,hd2160,1.0,100.0,h576,2025-11-11,14:35:27,2,1
idCX7o-9Hr4,hd2160,1.0,100.0,h576,2025-11-11,14:35:28,2,1
idCX7o-9Hr4,hd2160,1.0,100.0,h576,2025-11-11,14:35:29,2,1
idCX7o-9Hr4,hd2160,1.0,100.0,h576,2025-11-11,14:35:30,2,1
idCX7o-9Hr4,hd2160,1.0,100.0,h576,2025-11-11,14:35:31,2,1
idCX7o-9Hr4,hd2160,1.0,100.0,h576,2025-11-11,14:35:32,2,1
idCX7o-9Hr4,hd2160,1.0,100.0,h576,2025-11-11,14:35:33,2,1
idCX7o-9Hr4,hd2160,1.0,100.0,h576,2025-11-11,14:35:34,2,1
dwHBpykTloY,hd1080,0.0,0.0,2d,2025-12-10,16:30:51,2,1
dwHBpykTloY,hd1080,0.0,0.0,2d,2025-12-10,16:30:52,2,1
dwHBpykTloY,hd1080,0.01446233225,1.4,2d,2025-12-10,16:30:53,2,1
dwHBpykTloY,hd1080,0.0483704647,4.8,2d,2025-12-10,16:30:54,2,1
dwHBpykTloY,hd1080,0.06661063996,6.7,2d,2025-12-10,16:30:55,2,1
dwHBpykTloY,hd1080,0.06661063996,6.7,2d,2025-12-10,16:30:56,2,1
dwHBpykTloY,hd1080,0.1094667506,10.9,2d,2025-12-10,16:30:57,2,1
dwHBpykTloY,hd1080,0.1094667506,10.9,2d,2025-12-10,16:30:58,2,1
dwHBpykTloY,hd1080,0.1094667506,10.9,2d,2025-12-10,16:30:59,2,1
dwHBpykTloY,hd1080,0.1094667506,10.9,2d,2025-12-10,16:31:00,2,1
dwHBpykTloY,hd1080,0.1094667506,10.9,2d,2025-12-10,16:31:01,2,1
dwHBpykTloY,hd1080,0.1105687649,11.1,2d,2025-12-10,16:31:02,2,1
dwHBpykTloY,hd1080,0.1317519275,13.2,2d,2025-12-10,16:31:03,2,1
dwHBpykTloY,hd1080,0.142649627,14.3,2d,2025-12-10,16:31:04,2,1
dwHBpykTloY,hd1080,0.142649627,14.3,2d,2025-12-10,16:31:05,2,1
dwHBpykTloY,hd1080,0.142649627,14.3,2d,2025-12-10,16:31:06,2,1
dwHBpykTloY,hd1080,0.142649627,14.3,2d,2025-12-10,16:31:07,2,1
dwHBpykTloY,hd1080,0.142649627,14.3,2d,2025-12-10,16:31:08,2,1
dwHBpykTloY,hd1080,0.1459556699,14.6,2d,2025-12-10,16:31:09,2,1
dwHBpykTloY,hd1080,0.1642001277,16.4,2d,2025-12-10,16:31:10,2,1
dwHBpykTloY,hd1080,0.1824445855,18.2,2d,2025-12-10,16:31:11,2,1
dwHBpykTloY,hd1080,0.200689047,20.1,2d,2025-12-10,16:31:12,2,1
dwHBpykTloY,hd1080,0.200689047,20.1,2d,2025-12-10,16:31:13,2,1
dwHBpykTloY,hd1080,0.2189335048,21.9,2d,2025-12-10,16:31:14,2,1
dwHBpykTloY,hd1080,0.2189335048,21.9,2d,2025-12-10,16:31:15,2,1
dwHBpykTloY,hd1080,0.2189335048,21.9,2d,2025-12-10,16:31:16,2,1
dwHBpykTloY,hd1080,0.2189335048,21.9,2d,2025-12-10,16:31:17,2,1
dwHBpykTloY,hd1080,0.2189335048,21.9,2d,2025-12-10,16:31:18,2,1
dwHBpykTloY,hd1080,0.2201863479,22.0,2d,2025-12-10,16:31:19,2,1
dwHBpykTloY,hd1080,0.2371779626,23.7,2d,2025-12-10,16:31:20,2,1
dwHBpykTloY,hd1080,0.2371779626,23.7,2d,2025-12-10,16:31:21,2,1
dwHBpykTloY,hd1080,0.3284002591,32.8,2d,2025-12-10,16:31:22,2,1
dwHBpykTloY,hd1080,0.3284002591,32.8,2d,2025-12-10,16:31:23,2,1
dwHBpykTloY,hd1080,0.3284002591,32.8,2d,2025-12-10,16:31:24,2,1
dwHBpykTloY,hd1080,0.3284002591,32.8,2d,2025-12-10,16:31:25,2,1
dwHBpykTloY,hd1080,0.3284002591,32.8,2d,2025-12-10,16:31:26,2,1
dwHBpykTloY,hd1080,0.3284002591,32.8,2d,2025-12-10,16:31:27,2,1
dwHBpykTloY,hd1080,0.3284002591,32.8,2d,2025-12-10,16:31:28,2,1
dwHBpykTloY,hd1080,0.3284002591,32.8,2d,2025-12-10,16:31:29,2,1
dwHBpykTloY,hd1080,0.3284002591,32.8,2d,2025-12-10,16:31:30,2,1
dwHBpykTloY,hd1080,0.3284002591,32.8,2d,2025-12-10,16:31:31,2,1
dwHBpykTloY,hd1080,0.3284002591,32.8,2d,2025-12-10,16:31:32,2,1
dwHBpykTloY,hd1080,0.3302776871,33.0,2d,2025-12-10,16:31:33,2,1
dwHBpykTloY,hd1080,0.401378094,40.1,2d,2025-12-10,16:31:34,2,1
dwHBpykTloY,hd1080,0.401378094,40.1,2d,2025-12-10,16:31:35,2,1
dwHBpykTloY,hd1080,0.401378094,40.1,2d,2025-12-10,16:31:36,2,1
dwHBpykTloY,hd1080,0.401378094,40.1,2d,2025-12-10,16:31:37,2,1
dwHBpykTloY,hd1080,0.401378094,40.1,2d,2025-12-10,16:31:38,2,1
dwHBpykTloY,hd1080,0.401378094,40.1,2d,2025-12-10,16:31:39,2,1
dwHBpykTloY,hd1080,0.401378094,40.1,2d,2025-12-10,16:31:40,2,1
dwHBpykTloY,hd1080,0.401378094,40.1,2d,2025-12-10,16:31:41,2,1
dwHBpykTloY,hd1080,0.401378094,40.1,2d,2025-12-10,16:31:42,2,1
dwHBpykTloY,hd1080,0.4221939222,42.2,2d,2025-12-10,16:31:43,2,1
dwHBpykTloY,hd1080,0.4403690262,44.0,2d,2025-12-10,16:31:44,2,1
dwHBpykTloY,hd1080,0.4403690262,44.0,2d,2025-12-10,16:31:45,2,1
dwHBpykTloY,hd1080,0.5108448483,51.1,2d,2025-12-10,16:31:46,2,1
dwHBpykTloY,hd1080,0.5108448483,51.1,2d,2025-12-10,16:31:47,2,1
dwHBpykTloY,hd1080,0.5108448483,51.1,2d,2025-12-10,16:31:48,2,1
dwHBpykTloY,hd1080,0.5108448483,51.1,2d,2025-12-10,16:31:49,2,1
dwHBpykTloY,hd1080,0.5108448483,51.1,2d,2025-12-10,16:31:50,2,1
dwHBpykTloY,hd1080,0.5108448483,51.1,2d,2025-12-10,16:31:51,2,1
dwHBpykTloY,hd1080,0.5108448483,51.1,2d,2025-12-10,16:31:52,2,1
dwHBpykTloY,hd1080,0.5108448483,51.1,2d,2025-12-10,16:31:53,2,1
dwHBpykTloY,hd1080,0.5108448483,51.1,2d,2025-12-10,16:31:54,2,1
dwHBpykTloY,hd1440,0.5108448483,51.1,2d,2025-12-10,16:31:55,2,1
dwHBpykTloY,hd1440,0.5108448483,51.1,2d,2025-12-10,16:31:56,2,1
dwHBpykTloY,hd1440,0.5108448483,51.1,2d,2025-12-10,16:31:57,2,1
dwHBpykTloY,hd1440,0.5108448483,51.1,2d,2025-12-10,16:31:58,2,1
dwHBpykTloY,hd1440,0.5290893098,52.9,2d,2025-12-10,16:31:59,2,1
dwHBpykTloY,hd1440,0.5290893098,52.9,2d,2025-12-10,16:32:00,2,1
dwHBpykTloY,hd1440,0.5290893098,52.9,2d,2025-12-10,16:32:01,2,1
dwHBpykTloY,hd1440,0.5290893098,52.9,2d,2025-12-10,16:32:02,2,1
dwHBpykTloY,hd1440,0.5290893098,52.9,2d,2025-12-10,16:32:03,2,1
dwHBpykTloY,hd1440,0.5290893098,52.9,2d,2025-12-10,16:32:04,2,1
dwHBpykTloY,hd1440,0.5290893098,52.9,2d,2025-12-10,16:32:05,2,1
dwHBpykTloY,hd1440,0.5290893098,52.9,2d,2025-12-10,16:32:06,2,1
dwHBpykTloY,hd1440,0.5290893098,52.9,2d,2025-12-10,16:32:07,2,1
dwHBpykTloY,hd1440,0.5290893098,52.9,2d,2025-12-10,16:32:08,2,1
dwHBpykTloY,hd1440,0.5290893098,52.9,2d,2025-12-10,16:32:09,2,1
dwHBpykTloY,hd1440,0.5290893098,52.9,2d,2025-12-10,16:32:10,2,1
dwHBpykTloY,hd1440,0.5290893098,52.9,2d,2025-12-10,16:32:11,2,1
dwHBpykTloY,hd1440,0.5290893098,52.9,2d,2025-12-10,16:32:12,2,1
dwHBpykTloY,hd1440,0.5290893098,52.9,2d,2025-12-10,16:32:13,2,1
dwHBpykTloY,hd1440,0.5290893098,52.9,2d,2025-12-10,16:32:14,2,1
dwHBpykTloY,hd1440,0.5290893098,52.9,2d,2025-12-10,16:32:15,2,1
dwHBpykTloY,hd1440,0.5290893098,52.9,2d,2025-12-10,16:32:16,2,1
dwHBpykTloY,hd1440,0.5290893098,52.9,2d,2025-12-10,16:32:17,2,1
dwHBpykTloY,hd1440,0.5290893098,52.9,2d,2025-12-10,16:32:18,2,1
dwHBpykTloY,hd1440,0.5290893098,52.9,2d,2025-12-10,16:32:19,2,1
dwHBpykTloY,hd1440,0.5290893098,52.9,2d,2025-12-10,16:32:20,2,1
dwHBpykTloY,hd1440,0.5290893098,52.9,2d,2025-12-10,16:32:21,2,1
dwHBpykTloY,hd1440,0.5290893098,52.9,2d,2025-12-10,16:32:22,2,1
dwHBpykTloY,hd1440,0.5290893098,52.9,2d,2025-12-10,16:32:23,2,1
dwHBpykTloY,hd1440,0.5290893098,52.9,2d,2025-12-10,16:32:24,2,1
dwHBpykTloY,hd1440,0.5290893098,52.9,2d,2025-12-10,16:32:25,2,1
dwHBpykTloY,hd1440,0.5290893098,52.9,2d,2025-12-10,16:32:26,2,1
dwHBpykTloY,hd1440,0.5290893098,52.9,2d,2025-12-10,16:32:27,2,1
dwHBpykTloY,hd1440,0.5290893098,52.9,2d,2025-12-10,16:32:28,2,1
dwHBpykTloY,hd1440,0.5290893098,52.9,2d,2025-12-10,16:32:29,2,1
dwHBpykTloY,hd1440,0.5290893098,52.9,2d,2025-12-10,16:32:30,2,1
dwHBpykTloY,hd1440,0.5290893098,52.9,2d,2025-12-10,16:32:31,2,1
dwHBpykTloY,hd1440,0.5290893098,52.9,2d,2025-12-10,16:32:32,2,1
dwHBpykTloY,hd1440,0.5290893098,52.9,2d,2025-12-10,16:32:33,2,1
dwHBpykTloY,hd1440,0.5290893098,52.9,2d,2025-12-10,16:32:34,2,1
dwHBpykTloY,hd1440,0.5290893098,52.9,2d,2025-12-10,16:32:35,2,1
dwHBpykTloY,hd1440,0.5290893098,52.9,2d,2025-12-10,16:32:36,2,1
dwHBpykTloY,hd1440,0.5290893098,52.9,2d,2025-12-10,16:32:37,2,1
dwHBpykTloY,hd1440,0.5290893098,52.9,2d,2025-12-10,16:32:38,2,1
dwHBpykTloY,hd1440,0.5290893098,52.9,2d,2025-12-10,16:32:39,2,1
dwHBpykTloY,hd1440,0.5473337676,54.7,2d,2025-12-10,16:32:40,2,1
dwHBpykTloY,hd1440,0.5473337676,54.7,2d,2025-12-10,16:32:41,2,1
dwHBpykTloY,hd1440,0.5473337676,54.7,2d,2025-12-10,16:32:42,2,1
dwHBpykTloY,hd1440,0.5473337676,54.7,2d,2025-12-10,16:32:43,2,1
dwHBpykTloY,hd1440,0.5473337676,54.7,2d,2025-12-10,16:32:44,2,1
dwHBpykTloY,hd1440,0.5473337676,54.7,2d,2025-12-10,16:32:45,2,1
dwHBpykTloY,hd1440,0.5473337676,54.7,2d,2025-12-10,16:32:46,2,1
dwHBpykTloY,hd1440,0.5473337676,54.7,2d,2025-12-10,16:32:47,2,1
dwHBpykTloY,hd1440,0.5473337676,54.7,2d,2025-12-10,16:32:48,2,1
dwHBpykTloY,hd1440,0.5473337676,54.7,2d,2025-12-10,16:32:49,2,1
dwHBpykTloY,hd1440,0.5473337676,54.7,2d,2025-12-10,16:32:50,2,1
dwHBpykTloY,hd1440,0.5473337676,54.7,2d,2025-12-10,16:32:51,2,1
dwHBpykTloY,hd1440,0.5473337676,54.7,2d,2025-12-10,16:32:52,2,1
dwHBpykTloY,hd1440,0.5838226869,58.4,2d,2025-12-10,16:32:53,2,1
dwHBpykTloY,hd1440,0.5838226869,58.4,2d,2025-12-10,16:32:54,2,1
dwHBpykTloY,hd1440,0.5838226869,58.4,2d,2025-12-10,16:32:55,2,1
dwHBpykTloY,hd1440,0.5838226869,58.4,2d,2025-12-10,16:32:56,2,1
dwHBpykTloY,hd1440,0.5838226869,58.4,2d,2025-12-10,16:32:57,2,1
dwHBpykTloY,hd1440,0.6020671447,60.2,2d,2025-12-10,16:32:58,2,1
dwHBpykTloY,hd1440,0.6020671447,60.2,2d,2025-12-10,16:32:59,2,1
dwHBpykTloY,hd1440,0.6020671447,60.2,2d,2025-12-10,16:33:00,2,1
dwHBpykTloY,hd1440,0.6020671447,60.2,2d,2025-12-10,16:33:01,2,1
dwHBpykTloY,hd1440,0.6020671447,60.2,2d,2025-12-10,16:33:02,2,1
dwHBpykTloY,hd1440,0.6020671447,60.2,2d,2025-12-10,16:33:03,2,1
dwHBpykTloY,hd1440,0.6203116025,62.0,2d,2025-12-10,16:33:04,2,1
dwHBpykTloY,hd1440,0.6203116025,62.0,2d,2025-12-10,16:33:05,2,1
dwHBpykTloY,hd1440,0.6203116025,62.0,2d,2025-12-10,16:33:06,2,1
dwHBpykTloY,hd1440,0.638556064,63.9,2d,2025-12-10,16:33:07,2,1
dwHBpykTloY,hd1440,0.638556064,63.9,2d,2025-12-10,16:33:08,2,1
dwHBpykTloY,hd1440,0.638556064,63.9,2d,2025-12-10,16:33:09,2,1
dwHBpykTloY,hd1440,0.638556064,63.9,2d,2025-12-10,16:33:10,2,1
dwHBpykTloY,hd1440,0.638556064,63.9,2d,2025-12-10,16:33:11,2,1
dwHBpykTloY,hd1440,0.638556064,63.9,2d,2025-12-10,16:33:12,2,1
dwHBpykTloY,hd1440,0.6568005218,65.7,2d,2025-12-10,16:33:13,2,1
dwHBpykTloY,hd1440,0.6568005218,65.7,2d,2025-12-10,16:33:14,2,1
dwHBpykTloY,hd1440,0.6750449797,67.5,2d,2025-12-10,16:33:15,2,1
dwHBpykTloY,hd1440,0.6750449797,67.5,2d,2025-12-10,16:33:16,2,1
dwHBpykTloY,hd1440,0.6750449797,67.5,2d,2025-12-10,16:33:17,2,1
dwHBpykTloY,hd1440,0.6750449797,67.5,2d,2025-12-10,16:33:18,2,1
dwHBpykTloY,hd1440,0.6750449797,67.5,2d,2025-12-10,16:33:19,2,1
dwHBpykTloY,hd1440,0.6932894411,69.3,2d,2025-12-10,16:33:20,2,1
dwHBpykTloY,hd1440,0.6932894411,69.3,2d,2025-12-10,16:33:21,2,1
dwHBpykTloY,hd1440,0.6932894411,69.3,2d,2025-12-10,16:33:22,2,1
dwHBpykTloY,hd1440,0.6932894411,69.3,2d,2025-12-10,16:33:23,2,1
dwHBpykTloY,hd1440,0.6932894411,69.3,2d,2025-12-10,16:33:24,2,1
dwHBpykTloY,hd1440,0.6932894411,69.3,2d,2025-12-10,16:33:25,2,1
dwHBpykTloY,hd1440,0.711533899,71.2,2d,2025-12-10,16:33:26,2,1
dwHBpykTloY,hd1440,0.711533899,71.2,2d,2025-12-10,16:33:27,2,1
dwHBpykTloY,hd1440,0.711533899,71.2,2d,2025-12-10,16:33:28,2,1
dwHBpykTloY,hd1440,0.711533899,71.2,2d,2025-12-10,16:33:29,2,1
dwHBpykTloY,hd1440,0.7297783568,73.0,2d,2025-12-10,16:33:30,2,1
dwHBpykTloY,hd1440,0.7297783568,73.0,2d,2025-12-10,16:33:31,2,1
dwHBpykTloY,hd1440,0.7297783568,73.0,2d,2025-12-10,16:33:32,2,1
dwHBpykTloY,hd1440,0.7297783568,73.0,2d,2025-12-10,16:33:33,2,1
dwHBpykTloY,hd1440,0.7297783568,73.0,2d,2025-12-10,16:33:34,2,1
dwHBpykTloY,hd1440,0.7480228183,74.8,2d,2025-12-10,16:33:35,2,1
dwHBpykTloY,hd1440,0.7480228183,74.8,2d,2025-12-10,16:33:36,2,1
dwHBpykTloY,hd1440,0.7480228183,74.8,2d,2025-12-10,16:33:37,2,1
dwHBpykTloY,hd1440,0.7480228183,74.8,2d,2025-12-10,16:33:38,2,1
dwHBpykTloY,hd1440,0.7480228183,74.8,2d,2025-12-10,16:33:39,2,1
dwHBpykTloY,hd1440,0.7480228183,74.8,2d,2025-12-10,16:33:40,2,1
dwHBpykTloY,hd1440,0.7662672761,76.6,2d,2025-12-10,16:33:41,2,1
dwHBpykTloY,hd1440,0.7662672761,76.6,2d,2025-12-10,16:33:42,2,1
dwHBpykTloY,hd1440,0.7662672761,76.6,2d,2025-12-10,16:33:43,2,1
dwHBpykTloY,hd1440,0.7662672761,76.6,2d,2025-12-10,16:33:44,2,1
dwHBpykTloY,hd1440,0.7662672761,76.6,2d,2025-12-10,16:33:45,2,1
dwHBpykTloY,hd1440,0.7662672761,76.6,2d,2025-12-10,16:33:46,2,1
dwHBpykTloY,hd1440,0.7698182098,77.0,2d,2025-12-10,16:33:47,2,1
dwHBpykTloY,hd1440,0.7706430435,77.1,2d,2025-12-10,16:33:48,2,1
dwHBpykTloY,hd1440,0.7706430435,77.1,2d,2025-12-10,16:33:49,2,1
dwHBpykTloY,hd1440,0.7706430435,77.1,2d,2025-12-10,16:33:50,2,1
dwHBpykTloY,hd1440,0.7706430435,77.1,2d,2025-12-10,16:33:51,2,1
dwHBpykTloY,hd1440,0.7845117339,78.5,2d,2025-12-10,16:33:52,2,1
dwHBpykTloY,hd1440,0.7845117339,78.5,2d,2025-12-10,16:33:53,2,1
dwHBpykTloY,hd1440,0.8027561954,80.3,2d,2025-12-10,16:33:54,2,1
dwHBpykTloY,hd1440,0.8027561954,80.3,2d,2025-12-10,16:33:55,2,1
dwHBpykTloY,hd1440,0.8027561954,80.3,2d,2025-12-10,16:33:56,2,1
dwHBpykTloY,hd1440,0.8027561954,80.3,2d,2025-12-10,16:33:57,2,1
dwHBpykTloY,hd1440,0.8210006532,82.1,2d,2025-12-10,16:33:58,2,1
dwHBpykTloY,hd1440,0.8210006532,82.1,2d,2025-12-10,16:33:59,2,1
dwHBpykTloY,hd1440,0.8210006532,82.1,2d,2025-12-10,16:34:00,2,1
dwHBpykTloY,hd1440,0.8210006532,82.1,2d,2025-12-10,16:34:01,2,1
dwHBpykTloY,hd1440,0.8210006532,82.1,2d,2025-12-10,16:34:02,2,1
dwHBpykTloY,hd1440,0.8210006532,82.1,2d,2025-12-10,16:34:03,2,1
dwHBpykTloY,hd1440,0.8210006532,82.1,2d,2025-12-10,16:34:04,2,1
dwHBpykTloY,hd1440,0.839245111,83.9,2d,2025-12-10,16:34:05,2,1
dwHBpykTloY,hd1440,0.839245111,83.9,2d,2025-12-10,16:34:06,2,1
dwHBpykTloY,hd1440,0.839245111,83.9,2d,2025-12-10,16:34:07,2,1
dwHBpykTloY,hd1440,0.8574895725,85.7,2d,2025-12-10,16:34:08,2,1
dwHBpykTloY,hd1440,0.8574895725,85.7,2d,2025-12-10,16:34:09,2,1
dwHBpykTloY,hd1440,0.8574895725,85.7,2d,2025-12-10,16:34:10,2,1
dwHBpykTloY,hd1440,0.8574895725,85.7,2d,2025-12-10,16:34:11,2,1
dwHBpykTloY,hd1440,0.8574895725,85.7,2d,2025-12-10,16:34:12,2,1
dwHBpykTloY,hd1440,0.8574895725,85.7,2d,2025-12-10,16:34:13,2,1
dwHBpykTloY,hd1440,0.8574895725,85.7,2d,2025-12-10,16:34:14,2,1
dwHBpykTloY,hd1440,0.8757340303,87.6,2d,2025-12-10,16:34:15,2,1
dwHBpykTloY,hd1440,0.8757340303,87.6,2d,2025-12-10,16:34:16,2,1
dwHBpykTloY,hd1440,0.8757340303,87.6,2d,2025-12-10,16:34:17,2,1
dwHBpykTloY,hd1440,0.8939784882,89.4,2d,2025-12-10,16:34:18,2,1
dwHBpykTloY,hd1440,0.8939784882,89.4,2d,2025-12-10,16:34:19,2,1
dwHBpykTloY,hd1440,0.8939784882,89.4,2d,2025-12-10,16:34:20,2,1
dwHBpykTloY,hd1440,0.9122229496,91.2,2d,2025-12-10,16:34:21,2,1
dwHBpykTloY,hd1440,0.9122229496,91.2,2d,2025-12-10,16:34:22,2,1
dwHBpykTloY,hd1440,0.9122229496,91.2,2d,2025-12-10,16:34:23,2,1
dwHBpykTloY,hd1440,0.9122229496,91.2,2d,2025-12-10,16:34:24,2,1
dwHBpykTloY,hd1440,0.9122229496,91.2,2d,2025-12-10,16:34:25,2,1
dwHBpykTloY,hd1440,0.9122229496,91.2,2d,2025-12-10,16:34:26,2,1
dwHBpykTloY,hd1440,0.9122229496,91.2,2d,2025-12-10,16:34:27,2,1
dwHBpykTloY,hd1440,0.9122229496,91.2,2d,2025-12-10,16:34:28,2,1
dwHBpykTloY,hd1440,0.9304674075,93.0,2d,2025-12-10,16:34:29,2,1
dwHBpykTloY,hd1440,0.9487118653,94.9,2d,2025-12-10,16:34:30,2,1
dwHBpykTloY,hd1440,0.9487118653,94.9,2d,2025-12-10,16:34:31,2,1
dwHBpykTloY,hd1440,0.9487118653,94.9,2d,2025-12-10,16:34:32,2,1
dwHBpykTloY,hd1440,0.9487118653,94.9,2d,2025-12-10,16:34:33,2,1
dwHBpykTloY,hd1440,0.9487118653,94.9,2d,2025-12-10,16:34:34,2,1
dwHBpykTloY,hd1440,0.9669563268,96.7,2d,2025-12-10,16:34:35,2,1
dwHBpykTloY,hd1440,0.9669563268,96.7,2d,2025-12-10,16:34:36,2,1
dwHBpykTloY,hd1440,0.9669563268,96.7,2d,2025-12-10,16:34:37,2,1
dwHBpykTloY,hd1440,0.9669563268,96.7,2d,2025-12-10,16:34:38,2,1
dwHBpykTloY,hd1440,0.9669563268,96.7,2d,2025-12-10,16:34:39,2,1
dwHBpykTloY,hd1440,0.9852007846,98.5,2d,2025-12-10,16:34:40,2,1
dwHBpykTloY,hd1440,0.9852007846,98.5,2d,2025-12-10,16:34:41,2,1
dwHBpykTloY,hd1440,0.9852007846,98.5,2d,2025-12-10,16:34:42,2,1
dwHBpykTloY,hd1440,0.9852007846,98.5,2d,2025-12-10,16:34:43,2,1
dwHBpykTloY,hd1440,1.0,100.0,2d,2025-12-10,16:34:44,2,1
dwHBpykTloY,hd1440,1.0,100.0,2d,2025-12-10,16:34:45,2,1
dwHBpykTloY,hd1440,1.0,100.0,2d,2025-12-10,16:34:46,2,1
dwHBpykTloY,hd1440,1.0,100.0,2d,2025-12-10,16:34:47,2,1
dwHBpykTloY,hd1440,1.0,100.0,2d,2025-12-10,16:34:48,2,1
dwHBpykTloY,hd1440,1.0,100.0,2d,2025-12-10,16:34:49,2,1
dwHBpykTloY,hd1440,1.0,100.0,2d,2025-12-10,16:34:50,2,1
dwHBpykTloY,hd1440,1.0,100.0,2d,2025-12-10,16:34:51,2,1
dwHBpykTloY,hd1440,1.0,100.0,2d,2025-12-10,16:34:52,2,1
dwHBpykTloY,hd1440,1.0,100.0,2d,2025-12-10,16:34:53,2,1
dwHBpykTloY,hd1440,1.0,100.0,2d,2025-12-10,16:34:54,2,1
dwHBpykTloY,hd1440,1.0,100.0,2d,2025-12-10,16:34:55,2,1
dwHBpykTloY,hd1440,1.0,100.0,2d,2025-12-10,16:34:56,2,1
dwHBpykTloY,hd1440,1.0,100.0,2d,2025-12-10,16:34:57,2,1
dwHBpykTloY,hd1440,1.0,100.0,2d,2025-12-10,16:34:58,2,1
dwHBpykTloY,hd1440,1.0,100.0,2d,2025-12-10,16:34:59,2,1
dwHBpykTloY,hd1440,1.0,100.0,2d,2025-12-10,16:35:00,2,1
dwHBpykTloY,hd1440,1.0,100.0,2d,2025-12-10,16:35:01,2,1
dwHBpykTloY,hd1440,1.0,100.0,2d,2025-12-10,16:35:02,2,1
dwHBpykTloY,hd1440,1.0,100.0,2d,2025-12-10,16:35:03,2,1
dwHBpykTloY,hd1440,1.0,100.0,2d,2025-12-10,16:35:04,2,1
dwHBpykTloY,hd1440,1.0,100.0,2d,2025-12-10,16:35:05,2,1
dwHBpykTloY,hd1440,1.0,100.0,2d,2025-12-10,16:35:06,2,1
dwHBpykTloY,hd1440,1.0,100.0,2d,2025-12-10,16:35:07,2,1
dwHBpykTloY,hd1440,1.0,100.0,2d,2025-12-10,16:35:08,2,1
dwHBpykTloY,hd1440,1.0,100.0,2d,2025-12-10,16:35:09,2,1
dwHBpykTloY,hd1440,1.0,100.0,2d,2025-12-10,16:35:10,2,1
dwHBpykTloY,hd1440,1.0,100.0,2d,2025-12-10,16:35:11,2,1
dwHBpykTloY,hd1440,1.0,100.0,2d,2025-12-10,16:35:12,2,1
dwHBpykTloY,hd1440,1.0,100.0,2d,2025-12-10,16:35:13,2,1
dwHBpykTloY,hd1440,1.0,100.0,2d,2025-12-10,16:35:14,2,1
dwHBpykTloY,hd1440,1.0,100.0,2d,2025-12-10,16:35:15,2,1
dwHBpykTloY,hd1440,1.0,100.0,2d,2025-12-10,16:35:16,2,1
dwHBpykTloY,hd1440,1.0,100.0,2d,2025-12-10,16:35:17,2,1
dwHBpykTloY,hd1440,1.0,100.0,2d,2025-12-10,16:35:18,2,1
dwHBpykTloY,hd1440,1.0,100.0,2d,2025-12-10,16:35:19,2,1
dwHBpykTloY,hd1440,1.0,100.0,2d,2025-12-10,16:35:20,2,1
dwHBpykTloY,hd1440,1.0,100.0,2d,2025-12-10,16:35:21,2,1
dwHBpykTloY,hd1440,1.0,100.0,2d,2025-12-10,16:35:22,2,1
dwHBpykTloY,hd1440,1.0,100.0,2d,2025-12-10,16:35:23,2,1
dwHBpykTloY,hd1440,1.0,100.0,2d,2025-12-10,16:35:24,2,1
dwHBpykTloY,hd1440,1.0,100.0,2d,2025-12-10,16:35:25,2,1
dwHBpykTloY,hd1440,1.0,100.0,2d,2025-12-10,16:35:26,2,1
dwHBpykTloY,hd1440,1.0,100.0,2d,2025-12-10,16:35:27,2,1
dwHBpykTloY,hd1440,1.0,100.0,2d,2025-12-10,16:35:28,2,1
dwHBpykTloY,hd1440,1.0,100.0,2d,2025-12-10,16:35:29,2,1
dwHBpykTloY,hd1440,1.0,100.0,2d,2025-12-10,16:35:30,2,1
dwHBpykTloY,hd1440,1.0,100.0,2d,2025-12-10,16:35:31,2,1
dwHBpykTloY,hd1440,1.0,100.0,2d,2025-12-10,16:35:32,2,1
dwHBpykTloY,hd1440,1.0,100.0,2d,2025-12-10,16:35:33,2,1
dwHBpykTloY,hd1440,1.0,100.0,2d,2025-12-10,16:35:34,2,1
HI7mTIxNotQ,hd2160,0.0,0.0,hn,2025-11-14,15:23:46,2,1
HI7mTIxNotQ,hd2160,0.0,0.0,hn,2025-11-14,15:23:47,2,1
HI7mTIxNotQ,hd2160,0.0,0.0,hn,2025-11-14,15:23:48,2,1
HI7mTIxNotQ,hd2160,0.0,0.0,hn,2025-11-14,15:23:49,2,1
HI7mTIxNotQ,hd2160,0.0,0.0,hn,2025-11-14,15:23:50,2,1
HI7mTIxNotQ,hd2160,0.001519503028,0.2,hn,2025-11-14,15:23:51,2,1
HI7mTIxNotQ,hd2160,0.00294962778,0.3,hn,2025-11-14,15:23:52,2,1
HI7mTIxNotQ,hd2160,0.007239999357,0.7,hn,2025-11-14,15:23:53,2,1
HI7mTIxNotQ,hd1440,0.01608889073,1.6,hn,2025-11-14,15:23:54,2,1
HI7mTIxNotQ,hd1440,0.02332889277,2.3,hn,2025-11-14,15:23:55,2,1
HI7mTIxNotQ,hd1440,0.02332889277,2.3,hn,2025-11-14,15:23:56,2,1
HI7mTIxNotQ,hd2160,0.04826667756,4.8,hn,2025-11-14,15:23:57,2,1
HI7mTIxNotQ,hd2160,0.04826667756,4.8,hn,2025-11-14,15:23:58,2,1
HI7mTIxNotQ,hd2160,0.06122717593,6.1,hn,2025-11-14,15:23:59,2,1
HI7mTIxNotQ,hd2160,0.07159557301,7.2,hn,2025-11-14,15:24:00,2,1
HI7mTIxNotQ,hd2160,0.08625434167,8.6,hn,2025-11-14,15:24:01,2,1
HI7mTIxNotQ,hd2160,0.08625434167,8.6,hn,2025-11-14,15:24:02,2,1
HI7mTIxNotQ,hd2160,0.08625434167,8.6,hn,2025-11-14,15:24:03,2,1
HI7mTIxNotQ,hd2160,0.08625434167,8.6,hn,2025-11-14,15:24:04,2,1
HI7mTIxNotQ,hd2160,0.08625434167,8.6,hn,2025-11-14,15:24:05,2,1
HI7mTIxNotQ,hd2160,0.0965333578,9.7,hn,2025-11-14,15:24:06,2,1
HI7mTIxNotQ,hd2160,0.1037733598,10.4,hn,2025-11-14,15:24:07,2,1
HI7mTIxNotQ,hd2160,0.1037733598,10.4,hn,2025-11-14,15:24:08,2,1
HI7mTIxNotQ,hd2160,0.1037733598,10.4,hn,2025-11-14,15:24:09,2,1
HI7mTIxNotQ,hd2160,0.1037733598,10.4,hn,2025-11-14,15:24:10,2,1
HI7mTIxNotQ,hd2160,0.1037733598,10.4,hn,2025-11-14,15:24:11,2,1
HI7mTIxNotQ,hd2160,0.1037733598,10.4,hn,2025-11-14,15:24:12,2,1
HI7mTIxNotQ,hd2160,0.1037733598,10.4,hn,2025-11-14,15:24:13,2,1
HI7mTIxNotQ,hd2160,0.1227225001,12.3,hn,2025-11-14,15:24:14,2,1
HI7mTIxNotQ,hd2160,0.1227225001,12.3,hn,2025-11-14,15:24:15,2,1
HI7mTIxNotQ,hd2160,0.1227225001,12.3,hn,2025-11-14,15:24:16,2,1
HI7mTIxNotQ,hd2160,0.1227225001,12.3,hn,2025-11-14,15:24:17,2,1
HI7mTIxNotQ,hd2160,0.1227225001,12.3,hn,2025-11-14,15:24:18,2,1
HI7mTIxNotQ,hd2160,0.1227225001,12.3,hn,2025-11-14,15:24:19,2,1
HI7mTIxNotQ,hd2160,0.1359511467,13.6,hn,2025-11-14,15:24:20,2,1
HI7mTIxNotQ,hd2160,0.1359511467,13.6,hn,2025-11-14,15:24:21,2,1
HI7mTIxNotQ,hd2160,0.1359511467,13.6,hn,2025-11-14,15:24:22,2,1
HI7mTIxNotQ,hd2160,0.1359511467,13.6,hn,2025-11-14,15:24:23,2,1
HI7mTIxNotQ,hd2160,0.144800038,14.5,hn,2025-11-14,15:24:24,2,1
HI7mTIxNotQ,hd2160,0.144800038,14.5,hn,2025-11-14,15:24:25,2,1
HI7mTIxNotQ,hd2160,0.144800038,14.5,hn,2025-11-14,15:24:26,2,1
HI7mTIxNotQ,hd2160,0.1549002869,15.5,hn,2025-11-14,15:24:27,2,1
HI7mTIxNotQ,hd2160,0.1549002869,15.5,hn,2025-11-14,15:24:28,2,1
HI7mTIxNotQ,hd2160,0.1549002869,15.5,hn,2025-11-14,15:24:29,2,1
HI7mTIxNotQ,hd2160,0.1549002869,15.5,hn,2025-11-14,15:24:30,2,1
HI7mTIxNotQ,hd2160,0.1549002869,15.5,hn,2025-11-14,15:24:31,2,1
HI7mTIxNotQ,hd2160,0.1652686867,16.5,hn,2025-11-14,15:24:32,2,1
HI7mTIxNotQ,hd2160,0.1652686867,16.5,hn,2025-11-14,15:24:33,2,1
HI7mTIxNotQ,hd2160,0.1652686867,16.5,hn,2025-11-14,15:24:34,2,1
HI7mTIxNotQ,hd2160,0.1738494298,17.4,hn,2025-11-14,15:24:35,2,1
HI7mTIxNotQ,hd2160,0.1738494298,17.4,hn,2025-11-14,15:24:36,2,1
HI7mTIxNotQ,hd2160,0.1738494298,17.4,hn,2025-11-14,15:24:37,2,1
HI7mTIxNotQ,hd2160,0.1738494298,17.4,hn,2025-11-14,15:24:38,2,1
HI7mTIxNotQ,hd2160,0.1799274553,18.0,hn,2025-11-14,15:24:39,2,1
HI7mTIxNotQ,hd2160,0.1799274553,18.0,hn,2025-11-14,15:24:40,2,1
HI7mTIxNotQ,hd2160,0.1856479517,18.6,hn,2025-11-14,15:24:41,2,1
HI7mTIxNotQ,hd2160,0.1856479517,18.6,hn,2025-11-14,15:24:42,2,1
HI7mTIxNotQ,hd2160,0.1856479517,18.6,hn,2025-11-14,15:24:43,2,1
HI7mTIxNotQ,hd2160,0.1930667183,19.3,hn,2025-11-14,15:24:44,2,1
HI7mTIxNotQ,hd2160,0.1930667183,19.3,hn,2025-11-14,15:24:45,2,1
HI7mTIxNotQ,hd2160,0.1930667183,19.3,hn,2025-11-14,15:24:46,2,1
HI7mTIxNotQ,hd2160,0.2060272166,20.6,hn,2025-11-14,15:24:47,2,1
HI7mTIxNotQ,hd2160,0.2060272166,20.6,hn,2025-11-14,15:24:48,2,1
HI7mTIxNotQ,hd2160,0.2060272166,20.6,hn,2025-11-14,15:24:49,2,1
HI7mTIxNotQ,hd2160,0.2121052422,21.2,hn,2025-11-14,15:24:50,2,1
HI7mTIxNotQ,hd2160,0.2121052422,21.2,hn,2025-11-14,15:24:51,2,1
HI7mTIxNotQ,hd2160,0.2121052422,21.2,hn,2025-11-14,15:24:52,2,1
HI7mTIxNotQ,hd2160,0.2192558606,21.9,hn,2025-11-14,15:24:53,2,1
HI7mTIxNotQ,hd2160,0.2192558606,21.9,hn,2025-11-14,15:24:54,2,1
HI7mTIxNotQ,hd2160,0.2252445051,22.5,hn,2025-11-14,15:24:55,2,1
HI7mTIxNotQ,hd2160,0.2396351255,24.0,hn,2025-11-14,15:24:56,2,1
HI7mTIxNotQ,hd2160,0.2396351255,24.0,hn,2025-11-14,15:24:57,2,1
HI7mTIxNotQ,hd2160,0.2396351255,24.0,hn,2025-11-14,15:24:58,2,1
HI7mTIxNotQ,hd2160,0.2396351255,24.0,hn,2025-11-14,15:24:59,2,1
HI7mTIxNotQ,hd2160,0.2396351255,24.0,hn,2025-11-14,15:25:00,2,1
HI7mTIxNotQ,hd2160,0.2396351255,24.0,hn,2025-11-14,15:25:01,2,1
HI7mTIxNotQ,hd2160,0.2396351255,24.0,hn,2025-11-14,15:25:02,2,1
HI7mTIxNotQ,hd2160,0.2396351255,24.0,hn,2025-11-14,15:25:03,2,1
HI7mTIxNotQ,hd2160,0.2561709344,25.6,hn,2025-11-14,15:25:04,2,1
HI7mTIxNotQ,hd2160,0.2561709344,25.6,hn,2025-11-14,15:25:05,2,1
HI7mTIxNotQ,hd2160,0.2561709344,25.6,hn,2025-11-14,15:25:06,2,1
HI7mTIxNotQ,hd2160,0.2561709344,25.6,hn,2025-11-14,15:25:07,2,1
HI7mTIxNotQ,hd2160,0.2561709344,25.6,hn,2025-11-14,15:25:08,2,1
HI7mTIxNotQ,hd2160,0.2561709344,25.6,hn,2025-11-14,15:25:09,2,1
HI7mTIxNotQ,hd2160,0.2660924187,26.6,hn,2025-11-14,15:25:10,2,1
HI7mTIxNotQ,hd2160,0.2660924187,26.6,hn,2025-11-14,15:25:11,2,1
HI7mTIxNotQ,hd2160,0.2660924187,26.6,hn,2025-11-14,15:25:12,2,1
HI7mTIxNotQ,hd2160,0.2660924187,26.6,hn,2025-11-14,15:25:13,2,1
HI7mTIxNotQ,hd2160,0.2660924187,26.6,hn,2025-11-14,15:25:14,2,1
HI7mTIxNotQ,hd2160,0.2660924187,26.6,hn,2025-11-14,15:25:15,2,1
HI7mTIxNotQ,hd2160,0.2793210626,27.9,hn,2025-11-14,15:25:16,2,1
HI7mTIxNotQ,hd2160,0.2793210626,27.9,hn,2025-11-14,15:25:17,2,1
HI7mTIxNotQ,hd2160,0.287454893,28.7,hn,2025-11-14,15:25:18,2,1
HI7mTIxNotQ,hd2160,0.287454893,28.7,hn,2025-11-14,15:25:19,2,1
HI7mTIxNotQ,hd2160,0.287454893,28.7,hn,2025-11-14,15:25:20,2,1
HI7mTIxNotQ,hd2160,0.2925497092,29.3,hn,2025-11-14,15:25:21,2,1
HI7mTIxNotQ,hd2160,0.2925497092,29.3,hn,2025-11-14,15:25:22,2,1
HI7mTIxNotQ,hd2160,0.2925497092,29.3,hn,2025-11-14,15:25:23,2,1
HI7mTIxNotQ,hd2160,0.2997003276,30.0,hn,2025-11-14,15:25:24,2,1
HI7mTIxNotQ,hd2160,0.2997003276,30.0,hn,2025-11-14,15:25:25,2,1
HI7mTIxNotQ,hd2160,0.3056889722,30.6,hn,2025-11-14,15:25:26,2,1
HI7mTIxNotQ,hd2160,0.3056889722,30.6,hn,2025-11-14,15:25:27,2,1
HI7mTIxNotQ,hd2160,0.3104262566,31.0,hn,2025-11-14,15:25:28,2,1
HI7mTIxNotQ,hd2160,0.3172193458,31.7,hn,2025-11-14,15:25:29,2,1
HI7mTIxNotQ,hd2160,0.3172193458,31.7,hn,2025-11-14,15:25:30,2,1
HI7mTIxNotQ,hd2160,0.3172193458,31.7,hn,2025-11-14,15:25:31,2,1
HI7mTIxNotQ,hd2160,0.3172193458,31.7,hn,2025-11-14,15:25:32,2,1
HI7mTIxNotQ,hd2160,0.3229398421,32.3,hn,2025-11-14,15:25:33,2,1
HI7mTIxNotQ,hd2160,0.3229398421,32.3,hn,2025-11-14,15:25:34,2,1
HI7mTIxNotQ,hd2160,0.3283028066,32.8,hn,2025-11-14,15:25:35,2,1
HI7mTIxNotQ,hd2160,0.3283028066,32.8,hn,2025-11-14,15:25:36,2,1
HI7mTIxNotQ,hd2160,0.3377773754,33.8,hn,2025-11-14,15:25:37,2,1
HI7mTIxNotQ,hd2160,0.3377773754,33.8,hn,2025-11-14,15:25:38,2,1
HI7mTIxNotQ,hd2160,0.3377773754,33.8,hn,2025-11-14,15:25:39,2,1
HI7mTIxNotQ,hd2160,0.345106761,34.5,hn,2025-11-14,15:25:40,2,1
HI7mTIxNotQ,hd2160,0.345106761,34.5,hn,2025-11-14,15:25:41,2,1
HI7mTIxNotQ,hd2160,0.345106761,34.5,hn,2025-11-14,15:25:42,2,1
HI7mTIxNotQ,hd2160,0.345106761,34.5,hn,2025-11-14,15:25:43,2,1
HI7mTIxNotQ,hd2160,0.345106761,34.5,hn,2025-11-14,15:25:44,2,1
HI7mTIxNotQ,hd2160,0.345106761,34.5,hn,2025-11-14,15:25:45,2,1
HI7mTIxNotQ,hd2160,0.345106761,34.5,hn,2025-11-14,15:25:46,2,1
HI7mTIxNotQ,hd2160,0.3539556524,35.4,hn,2025-11-14,15:25:47,2,1
HI7mTIxNotQ,hd2160,0.3539556524,35.4,hn,2025-11-14,15:25:48,2,1
HI7mTIxNotQ,hd2160,0.3700445458,37.0,hn,2025-11-14,15:25:49,2,1
HI7mTIxNotQ,hd2160,0.3700445458,37.0,hn,2025-11-14,15:25:50,2,1
HI7mTIxNotQ,hd2160,0.3822005995,38.2,hn,2025-11-14,15:25:51,2,1
HI7mTIxNotQ,hd2160,0.3822005995,38.2,hn,2025-11-14,15:25:52,2,1
HI7mTIxNotQ,hd2160,0.3822005995,38.2,hn,2025-11-14,15:25:53,2,1
HI7mTIxNotQ,hd2160,0.3822005995,38.2,hn,2025-11-14,15:25:54,2,1
HI7mTIxNotQ,hd2160,0.3822005995,38.2,hn,2025-11-14,15:25:55,2,1
HI7mTIxNotQ,hd2160,0.3822005995,38.2,hn,2025-11-14,15:25:56,2,1
HI7mTIxNotQ,hd2160,0.3822005995,38.2,hn,2025-11-14,15:25:57,2,1
HI7mTIxNotQ,hd2160,0.3822005995,38.2,hn,2025-11-14,15:25:58,2,1
HI7mTIxNotQ,hd2160,0.393105293,39.3,hn,2025-11-14,15:25:59,2,1
HI7mTIxNotQ,hd2160,0.393105293,39.3,hn,2025-11-14,15:26:00,2,1
HI7mTIxNotQ,hd2160,0.393105293,39.3,hn,2025-11-14,15:26:01,2,1
HI7mTIxNotQ,hd2160,0.393105293,39.3,hn,2025-11-14,15:26:02,2,1
HI7mTIxNotQ,hd2160,0.393105293,39.3,hn,2025-11-14,15:26:03,2,1
HI7mTIxNotQ,hd2160,0.4060657914,40.6,hn,2025-11-14,15:26:04,2,1
HI7mTIxNotQ,hd2160,0.4129482616,41.3,hn,2025-11-14,15:26:05,2,1
HI7mTIxNotQ,hd2160,0.4129482616,41.3,hn,2025-11-14,15:26:06,2,1
HI7mTIxNotQ,hd2160,0.4129482616,41.3,hn,2025-11-14,15:26:07,2,1
HI7mTIxNotQ,hd2160,0.4162554239,41.6,hn,2025-11-14,15:26:08,2,1
HI7mTIxNotQ,hd2160,0.4162554239,41.6,hn,2025-11-14,15:26:09,2,1
HI7mTIxNotQ,hd2160,0.4162554239,41.6,hn,2025-11-14,15:26:10,2,1
HI7mTIxNotQ,hd2160,0.4268919692,42.7,hn,2025-11-14,15:26:11,2,1
HI7mTIxNotQ,hd2160,0.4268919692,42.7,hn,2025-11-14,15:26:12,2,1
HI7mTIxNotQ,hd2160,0.4429808626,44.3,hn,2025-11-14,15:26:13,2,1
HI7mTIxNotQ,hd2160,0.4429808626,44.3,hn,2025-11-14,15:26:14,2,1
HI7mTIxNotQ,hd2160,0.4429808626,44.3,hn,2025-11-14,15:26:15,2,1
HI7mTIxNotQ,hd2160,0.4429808626,44.3,hn,2025-11-14,15:26:16,2,1
HI7mTIxNotQ,hd2160,0.4429808626,44.3,hn,2025-11-14,15:26:17,2,1
HI7mTIxNotQ,hd2160,0.4429808626,44.3,hn,2025-11-14,15:26:18,2,1
HI7mTIxNotQ,hd2160,0.4429808626,44.3,hn,2025-11-14,15:26:19,2,1
HI7mTIxNotQ,hd2160,0.459069756,45.9,hn,2025-11-14,15:26:20,2,1
HI7mTIxNotQ,hd2160,0.459069756,45.9,hn,2025-11-14,15:26:21,2,1
HI7mTIxNotQ,hd2160,0.459069756,45.9,hn,2025-11-14,15:26:22,2,1
HI7mTIxNotQ,hd2160,0.459069756,45.9,hn,2025-11-14,15:26:23,2,1
HI7mTIxNotQ,hd2160,0.459069756,45.9,hn,2025-11-14,15:26:24,2,1
HI7mTIxNotQ,hd2160,0.459069756,45.9,hn,2025-11-14,15:26:25,2,1
HI7mTIxNotQ,hd2160,0.459069756,45.9,hn,2025-11-14,15:26:26,2,1
HI7mTIxNotQ,hd2160,0.4751586495,47.5,hn,2025-11-14,15:26:27,2,1
HI7mTIxNotQ,hd2160,0.4751586495,47.5,hn,2025-11-14,15:26:28,2,1
HI7mTIxNotQ,hd2160,0.4751586495,47.5,hn,2025-11-14,15:26:29,2,1
HI7mTIxNotQ,hd2160,0.4751586495,47.5,hn,2025-11-14,15:26:30,2,1
HI7mTIxNotQ,hd2160,0.4751586495,47.5,hn,2025-11-14,15:26:31,2,1
HI7mTIxNotQ,hd2160,0.4751586495,47.5,hn,2025-11-14,15:26:32,2,1
HI7mTIxNotQ,hd2160,0.4912475429,49.1,hn,2025-11-14,15:26:33,2,1
HI7mTIxNotQ,hd2160,0.4912475429,49.1,hn,2025-11-14,15:26:34,2,1
HI7mTIxNotQ,hd2160,0.4912475429,49.1,hn,2025-11-14,15:26:35,2,1
HI7mTIxNotQ,hd2160,0.4912475429,49.1,hn,2025-11-14,15:26:36,2,1
HI7mTIxNotQ,hd2160,0.4912475429,49.1,hn,2025-11-14,15:26:37,2,1
HI7mTIxNotQ,hd2160,0.5073364363,50.7,hn,2025-11-14,15:26:38,2,1
HI7mTIxNotQ,hd2160,0.5073364363,50.7,hn,2025-11-14,15:26:39,2,1
HI7mTIxNotQ,hd2160,0.5073364363,50.7,hn,2025-11-14,15:26:40,2,1
HI7mTIxNotQ,hd2160,0.5073364363,50.7,hn,2025-11-14,15:26:41,2,1
HI7mTIxNotQ,hd2160,0.5073364363,50.7,hn,2025-11-14,15:26:42,2,1
HI7mTIxNotQ,hd2160,0.5073364363,50.7,hn,2025-11-14,15:26:43,2,1
HI7mTIxNotQ,hd2160,0.5089753309,50.9,hn,2025-11-14,15:26:44,2,1
HI7mTIxNotQ,hd2160,0.5234253297,52.3,hn,2025-11-14,15:26:45,2,1
HI7mTIxNotQ,hd2160,0.5234253297,52.3,hn,2025-11-14,15:26:46,2,1
HI7mTIxNotQ,hd2160,0.5234253297,52.3,hn,2025-11-14,15:26:47,2,1
HI7mTIxNotQ,hd2160,0.5234253297,52.3,hn,2025-11-14,15:26:48,2,1
HI7mTIxNotQ,hd2160,0.5357633652,53.6,hn,2025-11-14,15:26:49,2,1
HI7mTIxNotQ,hd2160,0.5395142231,54.0,hn,2025-11-14,15:26:50,2,1
HI7mTIxNotQ,hd2160,0.5395142231,54.0,hn,2025-11-14,15:26:51,2,1
HI7mTIxNotQ,hd2160,0.5395142231,54.0,hn,2025-11-14,15:26:52,2,1
HI7mTIxNotQ,hd2160,0.5395142231,54.0,hn,2025-11-14,15:26:53,2,1
HI7mTIxNotQ,hd2160,0.5395142231,54.0,hn,2025-11-14,15:26:54,2,1
HI7mTIxNotQ,hd2160,0.5395142231,54.0,hn,2025-11-14,15:26:55,2,1
HI7mTIxNotQ,hd2160,0.5556031165,55.6,hn,2025-11-14,15:26:56,2,1
HI7mTIxNotQ,hd2160,0.5556031165,55.6,hn,2025-11-14,15:26:57,2,1
HI7mTIxNotQ,hd2160,0.5556031165,55.6,hn,2025-11-14,15:26:58,2,1
HI7mTIxNotQ,hd2160,0.5556031165,55.6,hn,2025-11-14,15:26:59,2,1
HI7mTIxNotQ,hd2160,0.5556031165,55.6,hn,2025-11-14,15:27:00,2,1
HI7mTIxNotQ,hd2160,0.5556031165,55.6,hn,2025-11-14,15:27:01,2,1
HI7mTIxNotQ,hd2160,0.5556031165,55.6,hn,2025-11-14,15:27:02,2,1
HI7mTIxNotQ,hd2160,0.5614129938,56.1,hn,2025-11-14,15:27:03,2,1
HI7mTIxNotQ,hd2160,0.5614129938,56.1,hn,2025-11-14,15:27:04,2,1
HI7mTIxNotQ,hd2160,0.5614129938,56.1,hn,2025-11-14,15:27:05,2,1
HI7mTIxNotQ,hd2160,0.5716920099,57.2,hn,2025-11-14,15:27:06,2,1
HI7mTIxNotQ,hd2160,0.5716920099,57.2,hn,2025-11-14,15:27:07,2,1
HI7mTIxNotQ,hd2160,0.5760717651,57.6,hn,2025-11-14,15:27:08,2,1
HI7mTIxNotQ,hd2160,0.5760717651,57.6,hn,2025-11-14,15:27:09,2,1
HI7mTIxNotQ,hd2160,0.5877809033,58.8,hn,2025-11-14,15:27:10,2,1
HI7mTIxNotQ,hd2160,0.5877809033,58.8,hn,2025-11-14,15:27:11,2,1
HI7mTIxNotQ,hd2160,0.5877809033,58.8,hn,2025-11-14,15:27:12,2,1
HI7mTIxNotQ,hd2160,0.5877809033,58.8,hn,2025-11-14,15:27:13,2,1
HI7mTIxNotQ,hd2160,0.5921606586,59.2,hn,2025-11-14,15:27:14,2,1
HI7mTIxNotQ,hd2160,0.5921606586,59.2,hn,2025-11-14,15:27:15,2,1
HI7mTIxNotQ,hd2160,0.5921606586,59.2,hn,2025-11-14,15:27:16,2,1
HI7mTIxNotQ,hd2160,0.5921606586,59.2,hn,2025-11-14,15:27:17,2,1
HI7mTIxNotQ,hd2160,0.6007414017,60.1,hn,2025-11-14,15:27:18,2,1
HI7mTIxNotQ,hd2160,0.6038697968,60.4,hn,2025-11-14,15:27:19,2,1
HI7mTIxNotQ,hd2160,0.6038697968,60.4,hn,2025-11-14,15:27:20,2,1
HI7mTIxNotQ,hd2160,0.6038697968,60.4,hn,2025-11-14,15:27:21,2,1
HI7mTIxNotQ,hd2160,0.608249552,60.8,hn,2025-11-14,15:27:22,2,1
HI7mTIxNotQ,hd2160,0.608249552,60.8,hn,2025-11-14,15:27:23,2,1
HI7mTIxNotQ,hd2160,0.6199586902,62.0,hn,2025-11-14,15:27:24,2,1
HI7mTIxNotQ,hd2160,0.6257685675,62.6,hn,2025-11-14,15:27:25,2,1
HI7mTIxNotQ,hd2160,0.6257685675,62.6,hn,2025-11-14,15:27:27,2,1
HI7mTIxNotQ,hd2160,0.6257685675,62.6,hn,2025-11-14,15:27:26,2,1
HI7mTIxNotQ,hd2160,0.6360475836,63.6,hn,2025-11-14,15:27:28,2,1
HI7mTIxNotQ,hd2160,0.6360475836,63.6,hn,2025-11-14,15:27:29,2,1
HI7mTIxNotQ,hd2160,0.6360475836,63.6,hn,2025-11-14,15:27:30,2,1
HI7mTIxNotQ,hd2160,0.6360475836,63.6,hn,2025-11-14,15:27:31,2,1
HI7mTIxNotQ,hd2160,0.6360475836,63.6,hn,2025-11-14,15:27:32,2,1
HI7mTIxNotQ,hd2160,0.6404273388,64.0,hn,2025-11-14,15:27:33,2,1
HI7mTIxNotQ,hd2160,0.6404273388,64.0,hn,2025-11-14,15:27:34,2,1
HI7mTIxNotQ,hd2160,0.6404273388,64.0,hn,2025-11-14,15:27:35,2,1
HI7mTIxNotQ,hd2160,0.652136477,65.2,hn,2025-11-14,15:27:36,2,1
HI7mTIxNotQ,hd2160,0.6565162322,65.7,hn,2025-11-14,15:27:37,2,1
HI7mTIxNotQ,hd2160,0.6565162322,65.7,hn,2025-11-14,15:27:38,2,1
HI7mTIxNotQ,hd2160,0.6665270974,66.7,hn,2025-11-14,15:27:39,2,1
HI7mTIxNotQ,hd2160,0.6665270974,66.7,hn,2025-11-14,15:27:40,2,1
HI7mTIxNotQ,hd2160,0.6682253704,66.8,hn,2025-11-14,15:27:41,2,1
HI7mTIxNotQ,hd2160,0.6682253704,66.8,hn,2025-11-14,15:27:42,2,1
HI7mTIxNotQ,hd2160,0.6682253704,66.8,hn,2025-11-14,15:27:43,2,1
HI7mTIxNotQ,hd2160,0.6788619157,67.9,hn,2025-11-14,15:27:44,2,1
HI7mTIxNotQ,hd2160,0.6788619157,67.9,hn,2025-11-14,15:27:45,2,1
HI7mTIxNotQ,hd2160,0.6788619157,67.9,hn,2025-11-14,15:27:46,2,1
HI7mTIxNotQ,hd2160,0.6788619157,67.9,hn,2025-11-14,15:27:47,2,1
HI7mTIxNotQ,hd2160,0.6844930284,68.4,hn,2025-11-14,15:27:48,2,1
HI7mTIxNotQ,hd2160,0.6844930284,68.4,hn,2025-11-14,15:27:49,2,1
HI7mTIxNotQ,hd2160,0.6844930284,68.4,hn,2025-11-14,15:27:50,2,1
HI7mTIxNotQ,hd2160,0.6990624161,69.9,hn,2025-11-14,15:27:51,2,1
HI7mTIxNotQ,hd2160,0.6990624161,69.9,hn,2025-11-14,15:27:52,2,1
HI7mTIxNotQ,hd2160,0.6990624161,69.9,hn,2025-11-14,15:27:53,2,1
HI7mTIxNotQ,hd2160,0.6990624161,69.9,hn,2025-11-14,15:27:54,2,1
HI7mTIxNotQ,hd2160,0.7048722934,70.5,hn,2025-11-14,15:27:55,2,1
HI7mTIxNotQ,hd2160,0.7048722934,70.5,hn,2025-11-14,15:27:56,2,1
HI7mTIxNotQ,hd2160,0.7048722934,70.5,hn,2025-11-14,15:27:57,2,1
HI7mTIxNotQ,hd2160,0.7048722934,70.5,hn,2025-11-14,15:27:58,2,1
HI7mTIxNotQ,hd2160,0.7151513095,71.5,hn,2025-11-14,15:27:59,2,1
HI7mTIxNotQ,hd2160,0.7151513095,71.5,hn,2025-11-14,15:28:00,2,1
HI7mTIxNotQ,hd2160,0.7151513095,71.5,hn,2025-11-14,15:28:01,2,1
HI7mTIxNotQ,hd2160,0.7238214363,72.4,hn,2025-11-14,15:28:02,2,1
HI7mTIxNotQ,hd2160,0.7238214363,72.4,hn,2025-11-14,15:28:03,2,1
HI7mTIxNotQ,hd2160,0.7238214363,72.4,hn,2025-11-14,15:28:04,2,1
HI7mTIxNotQ,hd2160,0.7238214363,72.4,hn,2025-11-14,15:28:05,2,1
HI7mTIxNotQ,hd2160,0.7238214363,72.4,hn,2025-11-14,15:28:06,2,1
HI7mTIxNotQ,hd2160,0.7238214363,72.4,hn,2025-11-14,15:28:07,2,1
HI7mTIxNotQ,hd2160,0.7238214363,72.4,hn,2025-11-14,15:28:08,2,1
HI7mTIxNotQ,hd2160,0.7238214363,72.4,hn,2025-11-14,15:28:09,2,1
HI7mTIxNotQ,hd2160,0.7238214363,72.4,hn,2025-11-14,15:28:10,2,1
HI7mTIxNotQ,hd2160,0.7312402029,73.1,hn,2025-11-14,15:28:11,2,1
HI7mTIxNotQ,hd2160,0.7312402029,73.1,hn,2025-11-14,15:28:12,2,1
HI7mTIxNotQ,hd2160,0.7312402029,73.1,hn,2025-11-14,15:28:13,2,1
HI7mTIxNotQ,hd2160,0.7312402029,73.1,hn,2025-11-14,15:28:14,2,1
HI7mTIxNotQ,hd2160,0.7312402029,73.1,hn,2025-11-14,15:28:15,2,1
HI7mTIxNotQ,hd2160,0.7312402029,73.1,hn,2025-11-14,15:28:16,2,1
HI7mTIxNotQ,hd1440,0.7473290964,74.7,hn,2025-11-14,15:28:17,2,1
HI7mTIxNotQ,hd1440,0.7473290964,74.7,hn,2025-11-14,15:28:18,2,1
HI7mTIxNotQ,hd1440,0.7473290964,74.7,hn,2025-11-14,15:28:19,2,1
HI7mTIxNotQ,hd1440,0.7500676398,75.0,hn,2025-11-14,15:28:20,2,1
HI7mTIxNotQ,hd1440,0.7634179898,76.3,hn,2025-11-14,15:28:21,2,1
HI7mTIxNotQ,hd1440,0.7768556741,77.7,hn,2025-11-14,15:28:22,2,1
HI7mTIxNotQ,hd1440,0.7938081227,79.4,hn,2025-11-14,15:28:23,2,1
HI7mTIxNotQ,hd1440,0.7938081227,79.4,hn,2025-11-14,15:28:24,2,1
HI7mTIxNotQ,hd1440,0.7938081227,79.4,hn,2025-11-14,15:28:25,2,1
HI7mTIxNotQ,hd1440,0.7938081227,79.4,hn,2025-11-14,15:28:26,2,1
HI7mTIxNotQ,hd1440,0.7938081227,79.4,hn,2025-11-14,15:28:27,2,1
HI7mTIxNotQ,hd2160,0.7938081227,79.4,hn,2025-11-14,15:28:28,2,1
HI7mTIxNotQ,hd2160,0.7938081227,79.4,hn,2025-11-14,15:28:29,2,1
HI7mTIxNotQ,hd2160,0.8039083715,80.4,hn,2025-11-14,15:28:30,2,1
HI7mTIxNotQ,hd2160,0.8039083715,80.4,hn,2025-11-14,15:28:31,2,1
HI7mTIxNotQ,hd2160,0.8039083715,80.4,hn,2025-11-14,15:28:32,2,1
HI7mTIxNotQ,hd2160,0.8039083715,80.4,hn,2025-11-14,15:28:33,2,1
HI7mTIxNotQ,hd2160,0.8039083715,80.4,hn,2025-11-14,15:28:34,2,1
HI7mTIxNotQ,hd2160,0.8142767686,81.4,hn,2025-11-14,15:28:35,2,1
HI7mTIxNotQ,hd2160,0.8142767686,81.4,hn,2025-11-14,15:28:36,2,1
HI7mTIxNotQ,hd2160,0.8142767686,81.4,hn,2025-11-14,15:28:37,2,1
HI7mTIxNotQ,hd2160,0.8142767686,81.4,hn,2025-11-14,15:28:38,2,1
HI7mTIxNotQ,hd2160,0.8142767686,81.4,hn,2025-11-14,15:28:39,2,1
HI7mTIxNotQ,hd2160,0.8259859095,82.6,hn,2025-11-14,15:28:40,2,1
HI7mTIxNotQ,hd2160,0.8259859095,82.6,hn,2025-11-14,15:28:41,2,1
HI7mTIxNotQ,hd2160,0.8259859095,82.6,hn,2025-11-14,15:28:42,2,1
HI7mTIxNotQ,hd2160,0.8259859095,82.6,hn,2025-11-14,15:28:43,2,1
HI7mTIxNotQ,hd2160,0.8259859095,82.6,hn,2025-11-14,15:28:44,2,1
HI7mTIxNotQ,hd2160,0.8420748029,84.2,hn,2025-11-14,15:28:45,2,1
HI7mTIxNotQ,hd2160,0.8420748029,84.2,hn,2025-11-14,15:28:46,2,1
HI7mTIxNotQ,hd2160,0.8581636963,85.8,hn,2025-11-14,15:28:47,2,1
HI7mTIxNotQ,hd2160,0.8581636963,85.8,hn,2025-11-14,15:28:48,2,1
HI7mTIxNotQ,hd2160,0.8581636963,85.8,hn,2025-11-14,15:28:49,2,1
HI7mTIxNotQ,hd2160,0.8581636963,85.8,hn,2025-11-14,15:28:50,2,1
HI7mTIxNotQ,hd2160,0.8581636963,85.8,hn,2025-11-14,15:28:51,2,1
HI7mTIxNotQ,hd2160,0.8742525897,87.4,hn,2025-11-14,15:28:52,2,1
HI7mTIxNotQ,hd2160,0.8742525897,87.4,hn,2025-11-14,15:28:53,2,1
HI7mTIxNotQ,hd2160,0.8742525897,87.4,hn,2025-11-14,15:28:54,2,1
HI7mTIxNotQ,hd2160,0.8742525897,87.4,hn,2025-11-14,15:28:55,2,1
HI7mTIxNotQ,hd2160,0.8742525897,87.4,hn,2025-11-14,15:28:56,2,1
HI7mTIxNotQ,hd2160,0.8742525897,87.4,hn,2025-11-14,15:28:57,2,1
HI7mTIxNotQ,hd2160,0.8742525897,87.4,hn,2025-11-14,15:28:58,2,1
HI7mTIxNotQ,hd2160,0.8742525897,87.4,hn,2025-11-14,15:28:59,2,1
HI7mTIxNotQ,hd2160,0.8742525897,87.4,hn,2025-11-14,15:29:00,2,1
HI7mTIxNotQ,hd2160,0.8903414831,89.0,hn,2025-11-14,15:29:01,2,1
HI7mTIxNotQ,hd2160,0.8903414831,89.0,hn,2025-11-14,15:29:02,2,1
HI7mTIxNotQ,hd2160,0.8903414831,89.0,hn,2025-11-14,15:29:03,2,1
HI7mTIxNotQ,hd2160,0.9060728447,90.6,hn,2025-11-14,15:29:04,2,1
HI7mTIxNotQ,hd2160,0.9060728447,90.6,hn,2025-11-14,15:29:05,2,1
HI7mTIxNotQ,hd2160,0.9060728447,90.6,hn,2025-11-14,15:29:06,2,1
HI7mTIxNotQ,hd2160,0.9060728447,90.6,hn,2025-11-14,15:29:07,2,1
HI7mTIxNotQ,hd2160,0.9060728447,90.6,hn,2025-11-14,15:29:08,2,1
HI7mTIxNotQ,hd2160,0.9060728447,90.6,hn,2025-11-14,15:29:09,2,1
HI7mTIxNotQ,hd2160,0.9060728447,90.6,hn,2025-11-14,15:29:10,2,1
HI7mTIxNotQ,hd2160,0.9060728447,90.6,hn,2025-11-14,15:29:11,2,1
HI7mTIxNotQ,hd2160,0.9060728447,90.6,hn,2025-11-14,15:29:12,2,1
HI7mTIxNotQ,hd2160,0.9060728447,90.6,hn,2025-11-14,15:29:13,2,1
HI7mTIxNotQ,hd2160,0.9302061848,93.0,hn,2025-11-14,15:29:14,2,1
HI7mTIxNotQ,hd2160,0.9302061848,93.0,hn,2025-11-14,15:29:15,2,1
HI7mTIxNotQ,hd2160,0.9302061848,93.0,hn,2025-11-14,15:29:16,2,1
HI7mTIxNotQ,hd2160,0.9302061848,93.0,hn,2025-11-14,15:29:17,2,1
HI7mTIxNotQ,hd2160,0.9302061848,93.0,hn,2025-11-14,15:29:18,2,1
HI7mTIxNotQ,hd2160,0.9462950782,94.6,hn,2025-11-14,15:29:19,2,1
HI7mTIxNotQ,hd2160,0.9462950782,94.6,hn,2025-11-14,15:29:20,2,1
HI7mTIxNotQ,hd2160,0.9462950782,94.6,hn,2025-11-14,15:29:21,2,1
HI7mTIxNotQ,hd2160,0.9462950782,94.6,hn,2025-11-14,15:29:22,2,1
HI7mTIxNotQ,hd2160,0.9462950782,94.6,hn,2025-11-14,15:29:23,2,1
HI7mTIxNotQ,hd2160,0.9462950782,94.6,hn,2025-11-14,15:29:24,2,1
HI7mTIxNotQ,hd2160,0.9623839716,96.2,hn,2025-11-14,15:29:25,2,1
HI7mTIxNotQ,hd2160,0.9623839716,96.2,hn,2025-11-14,15:29:26,2,1
HI7mTIxNotQ,hd2160,0.9623839716,96.2,hn,2025-11-14,15:29:27,2,1
HI7mTIxNotQ,hd2160,0.9623839716,96.2,hn,2025-11-14,15:29:28,2,1
HI7mTIxNotQ,hd2160,0.9623839716,96.2,hn,2025-11-14,15:29:29,2,1
HI7mTIxNotQ,hd2160,0.9623839716,96.2,hn,2025-11-14,15:29:30,2,1
HI7mTIxNotQ,hd2160,0.9623839716,96.2,hn,2025-11-14,15:29:31,2,1
HI7mTIxNotQ,hd2160,0.9784728651,97.8,hn,2025-11-14,15:29:32,2,1
HI7mTIxNotQ,hd2160,0.9784728651,97.8,hn,2025-11-14,15:29:33,2,1
HI7mTIxNotQ,hd2160,0.9784728651,97.8,hn,2025-11-14,15:29:34,2,1
HI7mTIxNotQ,hd2160,0.9784728651,97.8,hn,2025-11-14,15:29:35,2,1
HI7mTIxNotQ,hd2160,0.9784728651,97.8,hn,2025-11-14,15:29:36,2,1
HI7mTIxNotQ,hd2160,1.0,100.0,hn,2025-11-14,15:29:37,2,1
HI7mTIxNotQ,hd2160,1.0,100.0,hn,2025-11-14,15:29:38,2,1
HI7mTIxNotQ,hd2160,1.0,100.0,hn,2025-11-14,15:29:39,2,1
HI7mTIxNotQ,hd2160,1.0,100.0,hn,2025-11-14,15:29:40,2,1
HI7mTIxNotQ,hd2160,1.0,100.0,hn,2025-11-14,15:29:41,2,1
HI7mTIxNotQ,hd2160,1.0,100.0,hn,2025-11-14,15:29:42,2,1
HI7mTIxNotQ,hd2160,1.0,100.0,hn,2025-11-14,15:29:43,2,1
HI7mTIxNotQ,hd2160,1.0,100.0,hn,2025-11-14,15:29:44,2,1
HI7mTIxNotQ,hd2160,1.0,100.0,hn,2025-11-14,15:29:45,2,1
HI7mTIxNotQ,hd2160,1.0,100.0,hn,2025-11-14,15:29:46,2,1
HI7mTIxNotQ,hd2160,1.0,100.0,hn,2025-11-14,15:29:47,2,1
HI7mTIxNotQ,hd2160,1.0,100.0,hn,2025-11-14,15:29:48,2,1
HI7mTIxNotQ,hd2160,1.0,100.0,hn,2025-11-14,15:29:49,2,1
HI7mTIxNotQ,hd2160,1.0,100.0,hn,2025-11-14,15:29:50,2,1
HI7mTIxNotQ,hd2160,1.0,100.0,hn,2025-11-14,15:29:51,2,1
HI7mTIxNotQ,hd2160,1.0,100.0,hn,2025-11-14,15:29:52,2,1
HI7mTIxNotQ,hd2160,1.0,100.0,hn,2025-11-14,15:29:53,2,1
HI7mTIxNotQ,hd2160,1.0,100.0,hn,2025-11-14,15:29:54,2,1
HI7mTIxNotQ,hd2160,1.0,100.0,hn,2025-11-14,15:29:55,2,1
HI7mTIxNotQ,hd2160,1.0,100.0,hn,2025-11-14,15:29:56,2,1
HI7mTIxNotQ,hd2160,1.0,100.0,hn,2025-11-14,15:29:57,2,1
HI7mTIxNotQ,hd2160,1.0,100.0,hn,2025-11-14,15:29:58,2,1
HI7mTIxNotQ,hd2160,1.0,100.0,hn,2025-11-14,15:29:59,2,1
HI7mTIxNotQ,hd2160,1.0,100.0,hn,2025-11-14,15:30:00,2,1
HI7mTIxNotQ,hd2160,1.0,100.0,hn,2025-11-14,15:30:01,2,1
HI7mTIxNotQ,hd2160,1.0,100.0,hn,2025-11-14,15:30:02,2,1
HI7mTIxNotQ,hd2160,1.0,100.0,hn,2025-11-14,15:30:03,2,1
HI7mTIxNotQ,hd2160,1.0,100.0,hn,2025-11-14,15:30:04,2,1
HI7mTIxNotQ,hd2160,1.0,100.0,hn,2025-11-14,15:30:05,2,1
HI7mTIxNotQ,hd2160,1.0,100.0,hn,2025-11-14,15:30:06,2,1
HI7mTIxNotQ,hd2160,1.0,100.0,hn,2025-11-14,15:30:07,2,1
HI7mTIxNotQ,hd2160,1.0,100.0,hn,2025-11-14,15:30:08,2,1
HI7mTIxNotQ,hd2160,1.0,100.0,hn,2025-11-14,15:30:09,2,1
HI7mTIxNotQ,hd2160,1.0,100.0,hn,2025-11-14,15:30:10,2,1
HI7mTIxNotQ,hd2160,1.0,100.0,hn,2025-11-14,15:30:11,2,1
HI7mTIxNotQ,hd2160,1.0,100.0,hn,2025-11-14,15:30:12,2,1
HI7mTIxNotQ,hd2160,1.0,100.0,hn,2025-11-14,15:30:13,2,1
HI7mTIxNotQ,hd2160,1.0,100.0,hn,2025-11-14,15:30:14,2,1
nF8UTFHpmjE,hd1080,0.009512803199,1.0,h9,2025-11-05,14:50:47,2,1
nF8UTFHpmjE,hd1080,0.02469991322,2.5,h9,2025-11-05,14:50:48,2,1
nF8UTFHpmjE,hd1080,0.02469991322,2.5,h9,2025-11-05,14:50:49,2,1
nF8UTFHpmjE,hd1080,0.04939983144,4.9,h9,2025-11-05,14:50:50,2,1
nF8UTFHpmjE,hd1080,0.04939983144,4.9,h9,2025-11-05,14:50:51,2,1
nF8UTFHpmjE,hd1080,0.04939983144,4.9,h9,2025-11-05,14:50:52,2,1
nF8UTFHpmjE,hd1080,0.07409974716,7.4,h9,2025-11-05,14:50:53,2,1
nF8UTFHpmjE,hd1080,0.07409974716,7.4,h9,2025-11-05,14:50:54,2,1
nF8UTFHpmjE,hd1080,0.07409974716,7.4,h9,2025-11-05,14:50:55,2,1
nF8UTFHpmjE,hd1080,0.1000372629,10.0,h9,2025-11-05,14:50:56,2,1
nF8UTFHpmjE,hd1080,0.1000372629,10.0,h9,2025-11-05,14:50:57,2,1
nF8UTFHpmjE,hd1080,0.1000372629,10.0,h9,2025-11-05,14:50:58,2,1
nF8UTFHpmjE,hd1080,0.1000372629,10.0,h9,2025-11-05,14:50:59,2,1
nF8UTFHpmjE,hd1080,0.111149622,11.1,h9,2025-11-05,14:51:00,2,1
nF8UTFHpmjE,hd1080,0.111149622,11.1,h9,2025-11-05,14:51:01,2,1
nF8UTFHpmjE,hd1080,0.111149622,11.1,h9,2025-11-05,14:51:02,2,1
nF8UTFHpmjE,hd1080,0.1481994968,14.8,h9,2025-11-05,14:51:03,2,1
nF8UTFHpmjE,hd1080,0.1481994968,14.8,h9,2025-11-05,14:51:04,2,1
nF8UTFHpmjE,hd1080,0.1481994968,14.8,h9,2025-11-05,14:51:05,2,1
nF8UTFHpmjE,hd1080,0.1481994968,14.8,h9,2025-11-05,14:51:06,2,1
nF8UTFHpmjE,hd1080,0.1481994968,14.8,h9,2025-11-05,14:51:07,2,1
nF8UTFHpmjE,hd1080,0.1481994968,14.8,h9,2025-11-05,14:51:08,2,1
nF8UTFHpmjE,hd1080,0.1481994968,14.8,h9,2025-11-05,14:51:09,2,1
nF8UTFHpmjE,hd1080,0.1481994968,14.8,h9,2025-11-05,14:51:10,2,1
nF8UTFHpmjE,hd1080,0.1750633345,17.5,h9,2025-11-05,14:51:11,2,1
nF8UTFHpmjE,hd1080,0.1750633345,17.5,h9,2025-11-05,14:51:12,2,1
nF8UTFHpmjE,hd1080,0.1750633345,17.5,h9,2025-11-05,14:51:13,2,1
nF8UTFHpmjE,hd1080,0.1750633345,17.5,h9,2025-11-05,14:51:14,2,1
nF8UTFHpmjE,hd1080,0.1750633345,17.5,h9,2025-11-05,14:51:15,2,1
nF8UTFHpmjE,hd1080,0.1750633345,17.5,h9,2025-11-05,14:51:16,2,1
nF8UTFHpmjE,hd1080,0.1852493717,18.5,h9,2025-11-05,14:51:17,2,1
nF8UTFHpmjE,hd1080,0.1852493717,18.5,h9,2025-11-05,14:51:18,2,1
nF8UTFHpmjE,hd1080,0.2222992465,22.2,h9,2025-11-05,14:51:19,2,1
nF8UTFHpmjE,hd1080,0.2222992465,22.2,h9,2025-11-05,14:51:20,2,1
nF8UTFHpmjE,hd1080,0.2222992465,22.2,h9,2025-11-05,14:51:21,2,1
nF8UTFHpmjE,hd1080,0.2222992465,22.2,h9,2025-11-05,14:51:22,2,1
nF8UTFHpmjE,hd1080,0.2222992465,22.2,h9,2025-11-05,14:51:23,2,1
nF8UTFHpmjE,hd1080,0.2222992465,22.2,h9,2025-11-05,14:51:24,2,1
nF8UTFHpmjE,hd1080,0.2222992465,22.2,h9,2025-11-05,14:51:25,2,1
nF8UTFHpmjE,hd1080,0.2500894061,25.0,h9,2025-11-05,14:51:26,2,1
nF8UTFHpmjE,hd1080,0.2500894061,25.0,h9,2025-11-05,14:51:27,2,1
nF8UTFHpmjE,hd1080,0.2500894061,25.0,h9,2025-11-05,14:51:28,2,1
nF8UTFHpmjE,hd1080,0.2593491213,25.9,h9,2025-11-05,14:51:29,2,1
nF8UTFHpmjE,hd1080,0.2593491213,25.9,h9,2025-11-05,14:51:30,2,1
nF8UTFHpmjE,hd1080,0.2593491213,25.9,h9,2025-11-05,14:51:31,2,1
nF8UTFHpmjE,hd1080,0.2593491213,25.9,h9,2025-11-05,14:51:32,2,1
nF8UTFHpmjE,hd1080,0.284049037,28.4,h9,2025-11-05,14:51:33,2,1
nF8UTFHpmjE,hd1080,0.284049037,28.4,h9,2025-11-05,14:51:34,2,1
nF8UTFHpmjE,hd1080,0.284049037,28.4,h9,2025-11-05,14:51:35,2,1
nF8UTFHpmjE,hd1080,0.284049037,28.4,h9,2025-11-05,14:51:36,2,1
nF8UTFHpmjE,hd1080,0.284049037,28.4,h9,2025-11-05,14:51:37,2,1
nF8UTFHpmjE,hd1080,0.3210989119,32.1,h9,2025-11-05,14:51:38,2,1
nF8UTFHpmjE,hd1080,0.3210989119,32.1,h9,2025-11-05,14:51:39,2,1
nF8UTFHpmjE,hd1080,0.3210989119,32.1,h9,2025-11-05,14:51:40,2,1
nF8UTFHpmjE,hd1080,0.3210989119,32.1,h9,2025-11-05,14:51:41,2,1
nF8UTFHpmjE,hd1080,0.3210989119,32.1,h9,2025-11-05,14:51:42,2,1
nF8UTFHpmjE,hd1080,0.3210989119,32.1,h9,2025-11-05,14:51:43,2,1
nF8UTFHpmjE,hd1080,0.3210989119,32.1,h9,2025-11-05,14:51:44,2,1
nF8UTFHpmjE,hd1080,0.3210989119,32.1,h9,2025-11-05,14:51:45,2,1
nF8UTFHpmjE,hd1080,0.3210989119,32.1,h9,2025-11-05,14:51:46,2,1
nF8UTFHpmjE,hd1080,0.3225174898,32.3,h9,2025-11-05,14:51:47,2,1
nF8UTFHpmjE,hd1080,0.3251154776,32.5,h9,2025-11-05,14:51:48,2,1
nF8UTFHpmjE,hd1080,0.3251154776,32.5,h9,2025-11-05,14:51:49,2,1
nF8UTFHpmjE,hd1080,0.3457988301,34.6,h9,2025-11-05,14:51:50,2,1
nF8UTFHpmjE,hd1080,0.3704987458,37.0,h9,2025-11-05,14:51:51,2,1
nF8UTFHpmjE,hd1080,0.3704987458,37.0,h9,2025-11-05,14:51:52,2,1
nF8UTFHpmjE,hd1080,0.3704987458,37.0,h9,2025-11-05,14:51:53,2,1
nF8UTFHpmjE,hd1080,0.3704987458,37.0,h9,2025-11-05,14:51:54,2,1
nF8UTFHpmjE,hd1080,0.3705821923,37.1,h9,2025-11-05,14:51:55,2,1
nF8UTFHpmjE,hd1080,0.3951986615,39.5,h9,2025-11-05,14:51:56,2,1
nF8UTFHpmjE,hd1080,0.3951986615,39.5,h9,2025-11-05,14:51:57,2,1
nF8UTFHpmjE,hd1080,0.3951986615,39.5,h9,2025-11-05,14:51:58,2,1
nF8UTFHpmjE,hd1080,0.3951986615,39.5,h9,2025-11-05,14:51:59,2,1
nF8UTFHpmjE,hd1080,0.3951986615,39.5,h9,2025-11-05,14:52:00,2,1
nF8UTFHpmjE,hd1080,0.3951986615,39.5,h9,2025-11-05,14:52:01,2,1
nF8UTFHpmjE,hd1080,0.4198985798,42.0,h9,2025-11-05,14:52:02,2,1
nF8UTFHpmjE,hd1080,0.4198985798,42.0,h9,2025-11-05,14:52:03,2,1
nF8UTFHpmjE,hd1080,0.4198985798,42.0,h9,2025-11-05,14:52:04,2,1
nF8UTFHpmjE,hd1080,0.4198985798,42.0,h9,2025-11-05,14:52:05,2,1
nF8UTFHpmjE,hd1080,0.4198985798,42.0,h9,2025-11-05,14:52:06,2,1
nF8UTFHpmjE,hd1080,0.4198985798,42.0,h9,2025-11-05,14:52:07,2,1
nF8UTFHpmjE,hd1080,0.4198985798,42.0,h9,2025-11-05,14:52:08,2,1
nF8UTFHpmjE,hd1080,0.4198985798,42.0,h9,2025-11-05,14:52:09,2,1
nF8UTFHpmjE,hd1080,0.4322485364,43.2,h9,2025-11-05,14:52:10,2,1
nF8UTFHpmjE,hd1080,0.4322485364,43.2,h9,2025-11-05,14:52:11,2,1
nF8UTFHpmjE,hd1080,0.4445984955,44.5,h9,2025-11-05,14:52:12,2,1
nF8UTFHpmjE,hd1080,0.4445984955,44.5,h9,2025-11-05,14:52:13,2,1
nF8UTFHpmjE,hd1080,0.4445984955,44.5,h9,2025-11-05,14:52:14,2,1
nF8UTFHpmjE,hd1080,0.4445984955,44.5,h9,2025-11-05,14:52:15,2,1
nF8UTFHpmjE,hd1080,0.4445984955,44.5,h9,2025-11-05,14:52:16,2,1
nF8UTFHpmjE,hd1080,0.4445984955,44.5,h9,2025-11-05,14:52:17,2,1
nF8UTFHpmjE,hd1080,0.4445984955,44.5,h9,2025-11-05,14:52:18,2,1
nF8UTFHpmjE,hd1080,0.4445984955,44.5,h9,2025-11-05,14:52:19,2,1
nF8UTFHpmjE,hd1080,0.4445984955,44.5,h9,2025-11-05,14:52:20,2,1
nF8UTFHpmjE,hd1080,0.4445984955,44.5,h9,2025-11-05,14:52:21,2,1
nF8UTFHpmjE,hd1080,0.4569484546,45.7,h9,2025-11-05,14:52:22,2,1
nF8UTFHpmjE,hd1080,0.4692984112,46.9,h9,2025-11-05,14:52:23,2,1
nF8UTFHpmjE,hd1080,0.4692984112,46.9,h9,2025-11-05,14:52:24,2,1
nF8UTFHpmjE,hd1080,0.4692984112,46.9,h9,2025-11-05,14:52:25,2,1
nF8UTFHpmjE,hd1080,0.4692984112,46.9,h9,2025-11-05,14:52:26,2,1
nF8UTFHpmjE,hd1080,0.4692984112,46.9,h9,2025-11-05,14:52:27,2,1
nF8UTFHpmjE,hd1080,0.4692984112,46.9,h9,2025-11-05,14:52:28,2,1
nF8UTFHpmjE,hd1080,0.4692984112,46.9,h9,2025-11-05,14:52:29,2,1
nF8UTFHpmjE,hd1080,0.4751676207,47.5,h9,2025-11-05,14:52:30,2,1
nF8UTFHpmjE,hd1080,0.4816483703,48.2,h9,2025-11-05,14:52:31,2,1
nF8UTFHpmjE,hd1080,0.4939983294,49.4,h9,2025-11-05,14:52:32,2,1
nF8UTFHpmjE,hd1080,0.4939983294,49.4,h9,2025-11-05,14:52:33,2,1
nF8UTFHpmjE,hd1080,0.4939983294,49.4,h9,2025-11-05,14:52:34,2,1
nF8UTFHpmjE,hd1080,0.4939983294,49.4,h9,2025-11-05,14:52:35,2,1
nF8UTFHpmjE,hd1080,0.4939983294,49.4,h9,2025-11-05,14:52:36,2,1
nF8UTFHpmjE,hd1080,0.4939983294,49.4,h9,2025-11-05,14:52:37,2,1
nF8UTFHpmjE,hd1080,0.4939983294,49.4,h9,2025-11-05,14:52:38,2,1
nF8UTFHpmjE,hd1080,0.4939983294,49.4,h9,2025-11-05,14:52:39,2,1
nF8UTFHpmjE,hd1080,0.506348286,50.6,h9,2025-11-05,14:52:40,2,1
nF8UTFHpmjE,hd1080,0.506348286,50.6,h9,2025-11-05,14:52:41,2,1
nF8UTFHpmjE,hd1080,0.5186982451,51.9,h9,2025-11-05,14:52:42,2,1
nF8UTFHpmjE,hd1080,0.5186982451,51.9,h9,2025-11-05,14:52:43,2,1
nF8UTFHpmjE,hd1080,0.5186982451,51.9,h9,2025-11-05,14:52:44,2,1
nF8UTFHpmjE,hd1080,0.5186982451,51.9,h9,2025-11-05,14:52:45,2,1
nF8UTFHpmjE,hd1080,0.5186982451,51.9,h9,2025-11-05,14:52:46,2,1
nF8UTFHpmjE,hd1080,0.5310482043,53.1,h9,2025-11-05,14:52:47,2,1
nF8UTFHpmjE,hd1080,0.5310482043,53.1,h9,2025-11-05,14:52:48,2,1
nF8UTFHpmjE,hd1080,0.5310482043,53.1,h9,2025-11-05,14:52:49,2,1
nF8UTFHpmjE,hd1080,0.5310482043,53.1,h9,2025-11-05,14:52:50,2,1
nF8UTFHpmjE,hd1080,0.5310482043,53.1,h9,2025-11-05,14:52:51,2,1
nF8UTFHpmjE,hd1080,0.5310482043,53.1,h9,2025-11-05,14:52:52,2,1
nF8UTFHpmjE,hd1080,0.5310482043,53.1,h9,2025-11-05,14:52:53,2,1
nF8UTFHpmjE,hd1080,0.5310482043,53.1,h9,2025-11-05,14:52:54,2,1
nF8UTFHpmjE,hd1080,0.5404775635,54.0,h9,2025-11-05,14:52:55,2,1
nF8UTFHpmjE,hd1080,0.5433981609,54.3,h9,2025-11-05,14:52:56,2,1
nF8UTFHpmjE,hd1080,0.55574812,55.6,h9,2025-11-05,14:52:57,2,1
nF8UTFHpmjE,hd1080,0.55574812,55.6,h9,2025-11-05,14:52:58,2,1
nF8UTFHpmjE,hd1080,0.55574812,55.6,h9,2025-11-05,14:52:59,2,1
nF8UTFHpmjE,hd1080,0.55574812,55.6,h9,2025-11-05,14:53:00,2,1
nF8UTFHpmjE,hd1080,0.55574812,55.6,h9,2025-11-05,14:53:01,2,1
nF8UTFHpmjE,hd1080,0.5680980791,56.8,h9,2025-11-05,14:53:02,2,1
nF8UTFHpmjE,hd1080,0.5680980791,56.8,h9,2025-11-05,14:53:03,2,1
nF8UTFHpmjE,hd1080,0.5680980791,56.8,h9,2025-11-05,14:53:04,2,1
nF8UTFHpmjE,hd1080,0.5680980791,56.8,h9,2025-11-05,14:53:05,2,1
nF8UTFHpmjE,hd1080,0.5680980791,56.8,h9,2025-11-05,14:53:06,2,1
nF8UTFHpmjE,hd1080,0.5680980791,56.8,h9,2025-11-05,14:53:07,2,1
nF8UTFHpmjE,hd1080,0.5680980791,56.8,h9,2025-11-05,14:53:08,2,1
nF8UTFHpmjE,hd1080,0.5680980791,56.8,h9,2025-11-05,14:53:09,2,1
nF8UTFHpmjE,hd1080,0.5761923068,57.6,h9,2025-11-05,14:53:10,2,1
nF8UTFHpmjE,hd1080,0.5761923068,57.6,h9,2025-11-05,14:53:11,2,1
nF8UTFHpmjE,hd1080,0.5927979948,59.3,h9,2025-11-05,14:53:12,2,1
nF8UTFHpmjE,hd1080,0.5927979948,59.3,h9,2025-11-05,14:53:13,2,1
nF8UTFHpmjE,hd1080,0.5927979948,59.3,h9,2025-11-05,14:53:14,2,1
nF8UTFHpmjE,hd1080,0.5927979948,59.3,h9,2025-11-05,14:53:15,2,1
nF8UTFHpmjE,hd1080,0.5927979948,59.3,h9,2025-11-05,14:53:16,2,1
nF8UTFHpmjE,hd1080,0.6051479539,60.5,h9,2025-11-05,14:53:17,2,1
nF8UTFHpmjE,hd1080,0.6051479539,60.5,h9,2025-11-05,14:53:18,2,1
nF8UTFHpmjE,hd1080,0.6051479539,60.5,h9,2025-11-05,14:53:19,2,1
nF8UTFHpmjE,hd1080,0.6051479539,60.5,h9,2025-11-05,14:53:20,2,1
nF8UTFHpmjE,hd1080,0.6051479539,60.5,h9,2025-11-05,14:53:21,2,1
nF8UTFHpmjE,hd1080,0.6051479539,60.5,h9,2025-11-05,14:53:22,2,1
nF8UTFHpmjE,hd1080,0.6051479539,60.5,h9,2025-11-05,14:53:23,2,1
nF8UTFHpmjE,hd1080,0.6174979105,61.7,h9,2025-11-05,14:53:24,2,1
nF8UTFHpmjE,hd1080,0.6174979105,61.7,h9,2025-11-05,14:53:25,2,1
nF8UTFHpmjE,hd1080,0.6174979105,61.7,h9,2025-11-05,14:53:26,2,1
nF8UTFHpmjE,hd1080,0.6298478696,63.0,h9,2025-11-05,14:53:27,2,1
nF8UTFHpmjE,hd1080,0.6298478696,63.0,h9,2025-11-05,14:53:28,2,1
nF8UTFHpmjE,hd1080,0.6298478696,63.0,h9,2025-11-05,14:53:29,2,1
nF8UTFHpmjE,hd1080,0.6298478696,63.0,h9,2025-11-05,14:53:30,2,1
nF8UTFHpmjE,hd1080,0.6298478696,63.0,h9,2025-11-05,14:53:31,2,1
nF8UTFHpmjE,hd1080,0.6298478696,63.0,h9,2025-11-05,14:53:32,2,1
nF8UTFHpmjE,hd1080,0.6298478696,63.0,h9,2025-11-05,14:53:33,2,1
nF8UTFHpmjE,hd1080,0.6421978287,64.2,h9,2025-11-05,14:53:34,2,1
nF8UTFHpmjE,hd1080,0.6421978287,64.2,h9,2025-11-05,14:53:35,2,1
nF8UTFHpmjE,hd1080,0.6545477854,65.5,h9,2025-11-05,14:53:36,2,1
nF8UTFHpmjE,hd1080,0.6545477854,65.5,h9,2025-11-05,14:53:37,2,1
nF8UTFHpmjE,hd1080,0.6545477854,65.5,h9,2025-11-05,14:53:38,2,1
nF8UTFHpmjE,hd1080,0.6545477854,65.5,h9,2025-11-05,14:53:39,2,1
nF8UTFHpmjE,hd1080,0.6545477854,65.5,h9,2025-11-05,14:53:40,2,1
nF8UTFHpmjE,hd1080,0.6545477854,65.5,h9,2025-11-05,14:53:41,2,1
nF8UTFHpmjE,hd1080,0.6545477854,65.5,h9,2025-11-05,14:53:42,2,1
nF8UTFHpmjE,hd1080,0.6545477854,65.5,h9,2025-11-05,14:53:43,2,1
nF8UTFHpmjE,hd1080,0.6668977445,66.7,h9,2025-11-05,14:53:44,2,1
nF8UTFHpmjE,hd1080,0.6668977445,66.7,h9,2025-11-05,14:53:45,2,1
nF8UTFHpmjE,hd1080,0.6668977445,66.7,h9,2025-11-05,14:53:46,2,1
nF8UTFHpmjE,hd1080,0.6792477036,67.9,h9,2025-11-05,14:53:47,2,1
nF8UTFHpmjE,hd1080,0.6792477036,67.9,h9,2025-11-05,14:53:48,2,1
nF8UTFHpmjE,hd1080,0.6792477036,67.9,h9,2025-11-05,14:53:49,2,1
nF8UTFHpmjE,hd1080,0.6792477036,67.9,h9,2025-11-05,14:53:50,2,1
nF8UTFHpmjE,hd1080,0.6792477036,67.9,h9,2025-11-05,14:53:51,2,1
nF8UTFHpmjE,hd1080,0.6792477036,67.9,h9,2025-11-05,14:53:52,2,1
nF8UTFHpmjE,hd1080,0.6792477036,67.9,h9,2025-11-05,14:53:53,2,1
nF8UTFHpmjE,hd1080,0.6792477036,67.9,h9,2025-11-05,14:53:54,2,1
nF8UTFHpmjE,hd1080,0.6846716709,68.5,h9,2025-11-05,14:53:55,2,1
nF8UTFHpmjE,hd1080,0.7039476193,70.4,h9,2025-11-05,14:53:56,2,1
nF8UTFHpmjE,hd1080,0.7039476193,70.4,h9,2025-11-05,14:53:57,2,1
nF8UTFHpmjE,hd1080,0.7039476193,70.4,h9,2025-11-05,14:53:58,2,1
nF8UTFHpmjE,hd1080,0.7039476193,70.4,h9,2025-11-05,14:53:59,2,1
nF8UTFHpmjE,hd1080,0.7039476193,70.4,h9,2025-11-05,14:54:00,2,1
nF8UTFHpmjE,hd1080,0.7039476193,70.4,h9,2025-11-05,14:54:01,2,1
nF8UTFHpmjE,hd1080,0.7039476193,70.4,h9,2025-11-05,14:54:02,2,1
nF8UTFHpmjE,hd1080,0.7039476193,70.4,h9,2025-11-05,14:54:03,2,1
nF8UTFHpmjE,hd1080,0.7162975784,71.6,h9,2025-11-05,14:54:04,2,1
nF8UTFHpmjE,hd1080,0.7162975784,71.6,h9,2025-11-05,14:54:05,2,1
nF8UTFHpmjE,hd1080,0.728647535,72.9,h9,2025-11-05,14:54:06,2,1
nF8UTFHpmjE,hd1080,0.728647535,72.9,h9,2025-11-05,14:54:07,2,1
nF8UTFHpmjE,hd1080,0.728647535,72.9,h9,2025-11-05,14:54:08,2,1
nF8UTFHpmjE,hd1080,0.728647535,72.9,h9,2025-11-05,14:54:09,2,1
nF8UTFHpmjE,hd1080,0.728647535,72.9,h9,2025-11-05,14:54:10,2,1
nF8UTFHpmjE,hd1080,0.728647535,72.9,h9,2025-11-05,14:54:11,2,1
nF8UTFHpmjE,hd1080,0.728647535,72.9,h9,2025-11-05,14:54:12,2,1
nF8UTFHpmjE,hd1080,0.728647535,72.9,h9,2025-11-05,14:54:13,2,1
nF8UTFHpmjE,hd1080,0.7409974941,74.1,h9,2025-11-05,14:54:14,2,1
nF8UTFHpmjE,hd1080,0.7409974941,74.1,h9,2025-11-05,14:54:15,2,1
nF8UTFHpmjE,hd1080,0.7409974941,74.1,h9,2025-11-05,14:54:16,2,1
nF8UTFHpmjE,hd1080,0.7533474532,75.3,h9,2025-11-05,14:54:17,2,1
nF8UTFHpmjE,hd1080,0.7533474532,75.3,h9,2025-11-05,14:54:18,2,1
nF8UTFHpmjE,hd1080,0.7533474532,75.3,h9,2025-11-05,14:54:19,2,1
nF8UTFHpmjE,hd1080,0.7533474532,75.3,h9,2025-11-05,14:54:20,2,1
nF8UTFHpmjE,hd1080,0.7656974098,76.6,h9,2025-11-05,14:54:21,2,1
nF8UTFHpmjE,hd1080,0.7656974098,76.6,h9,2025-11-05,14:54:22,2,1
nF8UTFHpmjE,hd1080,0.7656974098,76.6,h9,2025-11-05,14:54:23,2,1
nF8UTFHpmjE,hd1080,0.7656974098,76.6,h9,2025-11-05,14:54:24,2,1
nF8UTFHpmjE,hd1080,0.7656974098,76.6,h9,2025-11-05,14:54:25,2,1
nF8UTFHpmjE,hd1080,0.7656974098,76.6,h9,2025-11-05,14:54:26,2,1
nF8UTFHpmjE,hd1080,0.7656974098,76.6,h9,2025-11-05,14:54:27,2,1
nF8UTFHpmjE,hd1080,0.7656974098,76.6,h9,2025-11-05,14:54:28,2,1
nF8UTFHpmjE,hd1080,0.778047369,77.8,h9,2025-11-05,14:54:29,2,1
nF8UTFHpmjE,hd1080,0.778047369,77.8,h9,2025-11-05,14:54:30,2,1
nF8UTFHpmjE,hd1080,0.7903973281,79.0,h9,2025-11-05,14:54:31,2,1
nF8UTFHpmjE,hd1080,0.7903973281,79.0,h9,2025-11-05,14:54:32,2,1
nF8UTFHpmjE,hd1080,0.7903973281,79.0,h9,2025-11-05,14:54:33,2,1
nF8UTFHpmjE,hd1080,0.7903973281,79.0,h9,2025-11-05,14:54:34,2,1
nF8UTFHpmjE,hd1080,0.7903973281,79.0,h9,2025-11-05,14:54:35,2,1
nF8UTFHpmjE,hd1080,0.8027472847,80.3,h9,2025-11-05,14:54:36,2,1
nF8UTFHpmjE,hd1080,0.8027472847,80.3,h9,2025-11-05,14:54:37,2,1
nF8UTFHpmjE,hd1080,0.8027472847,80.3,h9,2025-11-05,14:54:38,2,1
nF8UTFHpmjE,hd1080,0.8027472847,80.3,h9,2025-11-05,14:54:39,2,1
nF8UTFHpmjE,hd1080,0.8027472847,80.3,h9,2025-11-05,14:54:40,2,1
nF8UTFHpmjE,hd1080,0.8027472847,80.3,h9,2025-11-05,14:54:41,2,1
nF8UTFHpmjE,hd1080,0.8027472847,80.3,h9,2025-11-05,14:54:42,2,1
nF8UTFHpmjE,hd1080,0.8027472847,80.3,h9,2025-11-05,14:54:43,2,1
nF8UTFHpmjE,hd1080,0.8150972438,81.5,h9,2025-11-05,14:54:44,2,1
nF8UTFHpmjE,hd1080,0.8150972438,81.5,h9,2025-11-05,14:54:45,2,1
nF8UTFHpmjE,hd1080,0.8274472029,82.7,h9,2025-11-05,14:54:46,2,1
nF8UTFHpmjE,hd1080,0.8274472029,82.7,h9,2025-11-05,14:54:47,2,1
nF8UTFHpmjE,hd1080,0.8274472029,82.7,h9,2025-11-05,14:54:48,2,1
nF8UTFHpmjE,hd1080,0.8274472029,82.7,h9,2025-11-05,14:54:49,2,1
nF8UTFHpmjE,hd1080,0.8274472029,82.7,h9,2025-11-05,14:54:50,2,1
nF8UTFHpmjE,hd1080,0.8397971595,84.0,h9,2025-11-05,14:54:51,2,1
nF8UTFHpmjE,hd1080,0.8397971595,84.0,h9,2025-11-05,14:54:52,2,1
nF8UTFHpmjE,hd1080,0.8397971595,84.0,h9,2025-11-05,14:54:53,2,1
nF8UTFHpmjE,hd1080,0.8397971595,84.0,h9,2025-11-05,14:54:54,2,1
nF8UTFHpmjE,hd1080,0.8397971595,84.0,h9,2025-11-05,14:54:55,2,1
nF8UTFHpmjE,hd1440,0.8397971595,84.0,h9,2025-11-05,14:54:56,2,1
nF8UTFHpmjE,hd1440,0.8397971595,84.0,h9,2025-11-05,14:54:57,2,1
nF8UTFHpmjE,hd1440,0.8397971595,84.0,h9,2025-11-05,14:54:58,2,1
nF8UTFHpmjE,hd1440,0.8397971595,84.0,h9,2025-11-05,14:54:59,2,1
nF8UTFHpmjE,hd1440,0.8397971595,84.0,h9,2025-11-05,14:55:00,2,1
nF8UTFHpmjE,hd1440,0.8397971595,84.0,h9,2025-11-05,14:55:01,2,1
nF8UTFHpmjE,hd1440,0.8397971595,84.0,h9,2025-11-05,14:55:02,2,1
nF8UTFHpmjE,hd1440,0.8397971595,84.0,h9,2025-11-05,14:55:03,2,1
nF8UTFHpmjE,hd1440,0.8397971595,84.0,h9,2025-11-05,14:55:04,2,1
nF8UTFHpmjE,hd1440,0.8397971595,84.0,h9,2025-11-05,14:55:05,2,1
nF8UTFHpmjE,hd1440,0.8397971595,84.0,h9,2025-11-05,14:55:06,2,1
nF8UTFHpmjE,hd1440,0.8397971595,84.0,h9,2025-11-05,14:55:07,2,1
nF8UTFHpmjE,hd1440,0.8397971595,84.0,h9,2025-11-05,14:55:08,2,1
nF8UTFHpmjE,hd1440,0.8397971595,84.0,h9,2025-11-05,14:55:09,2,1
nF8UTFHpmjE,hd1440,0.8397971595,84.0,h9,2025-11-05,14:55:10,2,1
nF8UTFHpmjE,hd1440,0.8397971595,84.0,h9,2025-11-05,14:55:11,2,1
nF8UTFHpmjE,hd1440,0.8397971595,84.0,h9,2025-11-05,14:55:12,2,1
nF8UTFHpmjE,hd1440,0.8397971595,84.0,h9,2025-11-05,14:55:13,2,1
nF8UTFHpmjE,hd1440,0.8397971595,84.0,h9,2025-11-05,14:55:14,2,1
nF8UTFHpmjE,hd1440,0.8397971595,84.0,h9,2025-11-05,14:55:15,2,1
nF8UTFHpmjE,hd1440,0.8397971595,84.0,h9,2025-11-05,14:55:16,2,1
nF8UTFHpmjE,hd1440,0.8397971595,84.0,h9,2025-11-05,14:55:17,2,1
nF8UTFHpmjE,hd1440,0.8397971595,84.0,h9,2025-11-05,14:55:18,2,1
nF8UTFHpmjE,hd1440,0.8397971595,84.0,h9,2025-11-05,14:55:19,2,1
nF8UTFHpmjE,hd1440,0.8397971595,84.0,h9,2025-11-05,14:55:20,2,1
nF8UTFHpmjE,hd1440,0.8397971595,84.0,h9,2025-11-05,14:55:21,2,1
nF8UTFHpmjE,hd1440,0.8397971595,84.0,h9,2025-11-05,14:55:22,2,1
nF8UTFHpmjE,hd1440,0.8397971595,84.0,h9,2025-11-05,14:55:23,2,1
nF8UTFHpmjE,hd1440,0.8397971595,84.0,h9,2025-11-05,14:55:24,2,1
nF8UTFHpmjE,hd1440,0.8397971595,84.0,h9,2025-11-05,14:55:25,2,1
nF8UTFHpmjE,hd1440,0.8397971595,84.0,h9,2025-11-05,14:55:26,2,1
nF8UTFHpmjE,hd1440,0.8397971595,84.0,h9,2025-11-05,14:55:27,2,1
nF8UTFHpmjE,hd1440,0.8397971595,84.0,h9,2025-11-05,14:55:28,2,1
nF8UTFHpmjE,hd1440,0.8397971595,84.0,h9,2025-11-05,14:55:29,2,1
nF8UTFHpmjE,hd1440,0.8397971595,84.0,h9,2025-11-05,14:55:30,2,1
nF8UTFHpmjE,hd1440,0.8397971595,84.0,h9,2025-11-05,14:55:31,2,1
nF8UTFHpmjE,hd1440,0.8397971595,84.0,h9,2025-11-05,14:55:32,2,1
nF8UTFHpmjE,hd1440,0.8397971595,84.0,h9,2025-11-05,14:55:33,2,1
nF8UTFHpmjE,hd1440,0.8397971595,84.0,h9,2025-11-05,14:55:34,2,1
nF8UTFHpmjE,hd1440,0.8397971595,84.0,h9,2025-11-05,14:55:35,2,1
nF8UTFHpmjE,hd1440,0.8397971595,84.0,h9,2025-11-05,14:55:36,2,1
nF8UTFHpmjE,hd1440,0.8397971595,84.0,h9,2025-11-05,14:55:37,2,1
nF8UTFHpmjE,hd1440,0.8397971595,84.0,h9,2025-11-05,14:55:38,2,1
nF8UTFHpmjE,hd1440,0.8397971595,84.0,h9,2025-11-05,14:55:39,2,1
nF8UTFHpmjE,hd1440,0.8397971595,84.0,h9,2025-11-05,14:55:40,2,1
nF8UTFHpmjE,hd1440,0.8397971595,84.0,h9,2025-11-05,14:55:41,2,1
nF8UTFHpmjE,hd1440,0.8397971595,84.0,h9,2025-11-05,14:55:42,2,1
nF8UTFHpmjE,hd1440,0.8397971595,84.0,h9,2025-11-05,14:55:43,2,1
nF8UTFHpmjE,hd1440,0.8397971595,84.0,h9,2025-11-05,14:55:44,2,1
nF8UTFHpmjE,hd1440,0.8397971595,84.0,h9,2025-11-05,14:55:45,2,1
nF8UTFHpmjE,hd1440,0.8397971595,84.0,h9,2025-11-05,14:55:46,2,1
nF8UTFHpmjE,hd1440,0.8397971595,84.0,h9,2025-11-05,14:55:47,2,1
nF8UTFHpmjE,hd1440,0.8397971595,84.0,h9,2025-11-05,14:55:48,2,1
nF8UTFHpmjE,hd1440,0.8397971595,84.0,h9,2025-11-05,14:55:49,2,1
nF8UTFHpmjE,hd1440,0.8397971595,84.0,h9,2025-11-05,14:55:50,2,1
nF8UTFHpmjE,hd1440,0.8397971595,84.0,h9,2025-11-05,14:55:51,2,1
nF8UTFHpmjE,hd1440,0.8397971595,84.0,h9,2025-11-05,14:55:52,2,1
nF8UTFHpmjE,hd1440,0.8397971595,84.0,h9,2025-11-05,14:55:53,2,1
nF8UTFHpmjE,hd1440,0.8397971595,84.0,h9,2025-11-05,14:55:54,2,1
nF8UTFHpmjE,hd1440,0.8397971595,84.0,h9,2025-11-05,14:55:55,2,1
nF8UTFHpmjE,hd1440,0.8397971595,84.0,h9,2025-11-05,14:55:56,2,1
nF8UTFHpmjE,hd1440,0.8397971595,84.0,h9,2025-11-05,14:55:57,2,1
nF8UTFHpmjE,hd1440,0.8397971595,84.0,h9,2025-11-05,14:55:58,2,1
nF8UTFHpmjE,hd1440,0.8397971595,84.0,h9,2025-11-05,14:55:59,2,1
nF8UTFHpmjE,hd1440,0.8472238253,84.7,h9,2025-11-05,14:56:00,2,1
nF8UTFHpmjE,hd1440,0.8472238253,84.7,h9,2025-11-05,14:56:01,2,1
nF8UTFHpmjE,hd1440,0.8472238253,84.7,h9,2025-11-05,14:56:02,2,1
nF8UTFHpmjE,hd1440,0.8472238253,84.7,h9,2025-11-05,14:56:03,2,1
nF8UTFHpmjE,hd1440,0.8472238253,84.7,h9,2025-11-05,14:56:04,2,1
nF8UTFHpmjE,hd1440,0.8472238253,84.7,h9,2025-11-05,14:56:05,2,1
nF8UTFHpmjE,hd1440,0.8472238253,84.7,h9,2025-11-05,14:56:06,2,1
nF8UTFHpmjE,hd1440,0.8502979785,85.0,h9,2025-11-05,14:56:07,2,1
nF8UTFHpmjE,hd1440,0.8521471186,85.2,h9,2025-11-05,14:56:08,2,1
nF8UTFHpmjE,hd1440,0.8521471186,85.2,h9,2025-11-05,14:56:09,2,1
nF8UTFHpmjE,hd1440,0.8589062174,85.9,h9,2025-11-05,14:56:10,2,1
nF8UTFHpmjE,hd1440,0.8644970777,86.4,h9,2025-11-05,14:56:11,2,1
nF8UTFHpmjE,hd1440,0.8749277849,87.5,h9,2025-11-05,14:56:12,2,1
nF8UTFHpmjE,hd1440,0.8749277849,87.5,h9,2025-11-05,14:56:13,2,1
nF8UTFHpmjE,hd1440,0.8749277849,87.5,h9,2025-11-05,14:56:14,2,1
nF8UTFHpmjE,hd1440,0.8749277849,87.5,h9,2025-11-05,14:56:15,2,1
nF8UTFHpmjE,hd1440,0.8749277849,87.5,h9,2025-11-05,14:56:16,2,1
nF8UTFHpmjE,hd1440,0.8752615684,87.5,h9,2025-11-05,14:56:17,2,1
nF8UTFHpmjE,hd1440,0.8768470343,87.7,h9,2025-11-05,14:56:18,2,1
nF8UTFHpmjE,hd1440,0.8768470343,87.7,h9,2025-11-05,14:56:19,2,1
nF8UTFHpmjE,hd1440,0.8891969935,88.9,h9,2025-11-05,14:56:20,2,1
nF8UTFHpmjE,hd1440,0.8891969935,88.9,h9,2025-11-05,14:56:21,2,1
nF8UTFHpmjE,hd1440,0.8999614841,90.0,h9,2025-11-05,14:56:22,2,1
nF8UTFHpmjE,hd1440,0.8999614841,90.0,h9,2025-11-05,14:56:23,2,1
nF8UTFHpmjE,hd1440,0.8999614841,90.0,h9,2025-11-05,14:56:24,2,1
nF8UTFHpmjE,hd1440,0.8999614841,90.0,h9,2025-11-05,14:56:25,2,1
nF8UTFHpmjE,hd1440,0.9015469526,90.2,h9,2025-11-05,14:56:26,2,1
nF8UTFHpmjE,hd1440,0.9043006595,90.4,h9,2025-11-05,14:56:27,2,1
nF8UTFHpmjE,hd1440,0.9096411803,91.0,h9,2025-11-05,14:56:28,2,1
nF8UTFHpmjE,hd1440,0.9096411803,91.0,h9,2025-11-05,14:56:29,2,1
nF8UTFHpmjE,hd1440,0.9179857475,91.8,h9,2025-11-05,14:56:30,2,1
nF8UTFHpmjE,hd1440,0.9179857475,91.8,h9,2025-11-05,14:56:31,2,1
nF8UTFHpmjE,hd1440,0.9179857475,91.8,h9,2025-11-05,14:56:32,2,1
nF8UTFHpmjE,hd1440,0.9262468683,92.6,h9,2025-11-05,14:56:33,2,1
nF8UTFHpmjE,hd1440,0.9262468683,92.6,h9,2025-11-05,14:56:34,2,1
nF8UTFHpmjE,hd1440,0.9262468683,92.6,h9,2025-11-05,14:56:35,2,1
nF8UTFHpmjE,hd1440,0.9356762275,93.6,h9,2025-11-05,14:56:36,2,1
nF8UTFHpmjE,hd1440,0.9356762275,93.6,h9,2025-11-05,14:56:37,2,1
nF8UTFHpmjE,hd1440,0.9356762275,93.6,h9,2025-11-05,14:56:38,2,1
nF8UTFHpmjE,hd1440,0.9356762275,93.6,h9,2025-11-05,14:56:39,2,1
nF8UTFHpmjE,hd1440,0.9356762275,93.6,h9,2025-11-05,14:56:40,2,1
nF8UTFHpmjE,hd1440,0.9356762275,93.6,h9,2025-11-05,14:56:41,2,1
nF8UTFHpmjE,hd1440,0.9385968274,93.9,h9,2025-11-05,14:56:42,2,1
nF8UTFHpmjE,hd1440,0.9385968274,93.9,h9,2025-11-05,14:56:43,2,1
nF8UTFHpmjE,hd1440,0.9493613181,94.9,h9,2025-11-05,14:56:44,2,1
nF8UTFHpmjE,hd1440,0.950946784,95.1,h9,2025-11-05,14:56:45,2,1
nF8UTFHpmjE,hd1440,0.9550356224,95.5,h9,2025-11-05,14:56:46,2,1
nF8UTFHpmjE,hd1440,0.9550356224,95.5,h9,2025-11-05,14:56:47,2,1
nF8UTFHpmjE,hd1440,0.9550356224,95.5,h9,2025-11-05,14:56:48,2,1
nF8UTFHpmjE,hd1440,0.9550356224,95.5,h9,2025-11-05,14:56:49,2,1
nF8UTFHpmjE,hd1440,0.9756467022,97.6,h9,2025-11-05,14:56:50,2,1
nF8UTFHpmjE,hd1440,0.9756467022,97.6,h9,2025-11-05,14:56:51,2,1
nF8UTFHpmjE,hd1440,0.9756467022,97.6,h9,2025-11-05,14:56:52,2,1
nF8UTFHpmjE,hd1440,0.9756467022,97.6,h9,2025-11-05,14:56:53,2,1
nF8UTFHpmjE,hd1440,0.9756467022,97.6,h9,2025-11-05,14:56:54,2,1
nF8UTFHpmjE,hd1440,0.9879966588,98.8,h9,2025-11-05,14:56:55,2,1
nF8UTFHpmjE,hd1440,0.9879966588,98.8,h9,2025-11-05,14:56:56,2,1
nF8UTFHpmjE,hd1440,0.9879966588,98.8,h9,2025-11-05,14:56:57,2,1
nF8UTFHpmjE,hd1440,1.0,100.0,h9,2025-11-05,14:56:58,2,1
nF8UTFHpmjE,hd1440,1.0,100.0,h9,2025-11-05,14:56:59,2,1
nF8UTFHpmjE,hd1440,1.0,100.0,h9,2025-11-05,14:57:00,2,1
nF8UTFHpmjE,hd1440,1.0,100.0,h9,2025-11-05,14:57:01,2,1
nF8UTFHpmjE,hd1440,1.0,100.0,h9,2025-11-05,14:57:02,2,1
nF8UTFHpmjE,hd1440,1.0,100.0,h9,2025-11-05,14:57:03,2,1
nF8UTFHpmjE,hd1440,1.0,100.0,h9,2025-11-05,14:57:04,2,1
nF8UTFHpmjE,hd1440,1.0,100.0,h9,2025-11-05,14:57:05,2,1
nF8UTFHpmjE,hd1440,1.0,100.0,h9,2025-11-05,14:57:06,2,1
nF8UTFHpmjE,hd1440,1.0,100.0,h9,2025-11-05,14:57:07,2,1
nF8UTFHpmjE,hd1440,1.0,100.0,h9,2025-11-05,14:57:08,2,1
nF8UTFHpmjE,hd1440,1.0,100.0,h9,2025-11-05,14:57:09,2,1
nF8UTFHpmjE,hd1440,1.0,100.0,h9,2025-11-05,14:57:10,2,1
nF8UTFHpmjE,hd1440,1.0,100.0,h9,2025-11-05,14:57:11,2,1
nF8UTFHpmjE,hd1440,1.0,100.0,h9,2025-11-05,14:57:12,2,1
nF8UTFHpmjE,hd1440,1.0,100.0,h9,2025-11-05,14:57:13,2,1
nF8UTFHpmjE,hd1440,1.0,100.0,h9,2025-11-05,14:57:14,2,1
nF8UTFHpmjE,hd1440,1.0,100.0,h9,2025-11-05,14:57:15,2,1
nF8UTFHpmjE,hd1440,1.0,100.0,h9,2025-11-05,14:57:16,2,1
nF8UTFHpmjE,hd1440,1.0,100.0,h9,2025-11-05,14:57:17,2,1
nF8UTFHpmjE,hd1440,1.0,100.0,h9,2025-11-05,14:57:18,2,1
nF8UTFHpmjE,hd1440,1.0,100.0,h9,2025-11-05,14:57:19,2,1
nF8UTFHpmjE,hd1440,1.0,100.0,h9,2025-11-05,14:57:20,2,1
nF8UTFHpmjE,hd1440,1.0,100.0,h9,2025-11-05,14:57:21,2,1
nF8UTFHpmjE,hd1440,1.0,100.0,h9,2025-11-05,14:57:22,2,1
nF8UTFHpmjE,hd1440,1.0,100.0,h9,2025-11-05,14:57:23,2,1
nF8UTFHpmjE,hd1440,1.0,100.0,h9,2025-11-05,14:57:24,2,1
nF8UTFHpmjE,hd1440,1.0,100.0,h9,2025-11-05,14:57:25,2,1
nF8UTFHpmjE,hd1440,1.0,100.0,h9,2025-11-05,14:57:26,2,1
nF8UTFHpmjE,hd1440,1.0,100.0,h9,2025-11-05,14:57:27,2,1
nF8UTFHpmjE,hd1440,1.0,100.0,h9,2025-11-05,14:57:28,2,1
nF8UTFHpmjE,hd1440,1.0,100.0,h9,2025-11-05,14:57:29,2,1
nF8UTFHpmjE,hd1440,1.0,100.0,h9,2025-11-05,14:57:30,2,1
nF8UTFHpmjE,hd1440,1.0,100.0,h9,2025-11-05,14:57:31,2,1
nF8UTFHpmjE,hd1440,1.0,100.0,h9,2025-11-05,14:57:32,2,1
nF8UTFHpmjE,hd1440,1.0,100.0,h9,2025-11-05,14:57:33,2,1
nF8UTFHpmjE,hd1440,1.0,100.0,h9,2025-11-05,14:57:34,2,1
nF8UTFHpmjE,hd1440,1.0,100.0,h9,2025-11-05,14:57:35,2,1
nF8UTFHpmjE,hd1440,1.0,100.0,h9,2025-11-05,14:57:36,2,1
nF8UTFHpmjE,hd1440,1.0,100.0,h9,2025-11-05,14:57:37,2,1
nF8UTFHpmjE,hd1440,1.0,100.0,h9,2025-11-05,14:57:38,2,1
nF8UTFHpmjE,hd1440,1.0,100.0,h9,2025-11-05,14:57:39,2,1
nF8UTFHpmjE,hd1440,1.0,100.0,h9,2025-11-05,14:57:40,2,1
nF8UTFHpmjE,hd1440,1.0,100.0,h9,2025-11-05,14:57:41,2,1
nF8UTFHpmjE,hd1440,1.0,100.0,h9,2025-11-05,14:57:42,2,1
nF8UTFHpmjE,hd1440,1.0,100.0,h9,2025-11-05,14:57:43,2,1
nF8UTFHpmjE,hd1440,1.0,100.0,h9,2025-11-05,14:57:44,2,1
nF8UTFHpmjE,hd1440,1.0,100.0,h9,2025-11-05,14:57:45,2,1
nF8UTFHpmjE,hd1440,1.0,100.0,h9,2025-11-05,14:57:46,2,1
nF8UTFHpmjE,hd1440,1.0,100.0,h9,2025-11-05,14:57:47,2,1
nF8UTFHpmjE,hd1440,1.0,100.0,h9,2025-11-05,14:57:48,2,1
nF8UTFHpmjE,hd1440,1.0,100.0,h9,2025-11-05,14:57:49,2,1
nF8UTFHpmjE,hd1440,1.0,100.0,h9,2025-11-05,14:57:50,2,1
nF8UTFHpmjE,hd1440,1.0,100.0,h9,2025-11-05,14:57:51,2,1
nF8UTFHpmjE,hd1440,1.0,100.0,h9,2025-11-05,14:57:52,2,1
nF8UTFHpmjE,hd1440,1.0,100.0,h9,2025-11-05,14:57:53,2,1
nF8UTFHpmjE,hd1440,1.0,100.0,h9,2025-11-05,14:57:54,2,1
nF8UTFHpmjE,hd1440,1.0,100.0,h9,2025-11-05,14:57:55,2,1
nF8UTFHpmjE,hd1440,1.0,100.0,h9,2025-11-05,14:57:56,2,1
nF8UTFHpmjE,hd1440,1.0,100.0,h9,2025-11-05,14:57:57,2,1
nF8UTFHpmjE,hd1440,1.0,100.0,h9,2025-11-05,14:57:58,2,1
nF8UTFHpmjE,hd1440,1.0,100.0,h9,2025-11-05,14:57:59,2,1
nF8UTFHpmjE,hd1440,1.0,100.0,h9,2025-11-05,14:58:00,2,1
nF8UTFHpmjE,hd1440,1.0,100.0,h9,2025-11-05,14:58:01,2,1
nF8UTFHpmjE,hd1440,1.0,100.0,h9,2025-11-05,14:58:02,2,1
nF8UTFHpmjE,hd1440,1.0,100.0,h9,2025-11-05,14:58:03,2,1
nF8UTFHpmjE,hd1440,1.0,100.0,h9,2025-11-05,14:58:04,2,1
nF8UTFHpmjE,hd1440,1.0,100.0,h9,2025-11-05,14:58:05,2,1
nF8UTFHpmjE,hd1440,1.0,100.0,h9,2025-11-05,14:58:06,2,1
nF8UTFHpmjE,hd1440,1.0,100.0,h9,2025-11-05,14:58:07,2,1
nF8UTFHpmjE,hd1440,1.0,100.0,h9,2025-11-05,14:58:08,2,1
nF8UTFHpmjE,hd1440,1.0,100.0,h9,2025-11-05,14:58:09,2,1
nF8UTFHpmjE,hd1440,1.0,100.0,h9,2025-11-05,14:58:10,2,1
nF8UTFHpmjE,hd1440,1.0,100.0,h9,2025-11-05,14:58:11,2,1
nF8UTFHpmjE,hd1440,1.0,100.0,h9,2025-11-05,14:58:12,2,1
nF8UTFHpmjE,hd1440,1.0,100.0,h9,2025-11-05,14:58:13,2,1
nF8UTFHpmjE,hd1440,1.0,100.0,h9,2025-11-05,14:58:14,2,1
nF8UTFHpmjE,hd1440,1.0,100.0,h9,2025-11-05,14:58:15,2,1
nF8UTFHpmjE,hd1440,1.0,100.0,h9,2025-11-05,14:58:16,2,1
