index,Video,Quality,Video Bytes Downloaded,Loaded Percentage,Eid,Date,Time,Quality Switching,Label
4631,dwHBpykTloY,hd2160,0.0,0.0,h99,2025-11-11,13:51:33,0,0
4632,dwHBpykTloY,hd2160,0.06745296348,6.7,h99,2025-11-11,13:51:34,0,0
4633,dwHBpykTloY,hd2160,0.07297783127,7.3,h99,2025-11-11,13:51:35,0,0
4634,dwHBpykTloY,hd2160,0.07297783127,7.3,h99,2025-11-11,13:51:36,0,0
4635,dwHBpykTloY,hd2160,0.0784879028,7.8,h99,2025-11-11,13:51:37,0,0
4636,dwHBpykTloY,hd2160,0.0907325074,9.1,h99,2025-11-11,13:51:38,0,0
4637,dwHBpykTloY,hd2160,0.0907325074,9.1,h99,2025-11-11,13:51:39,0,0
4638,dwHBpykTloY,hd2160,0.09722214597,9.7,h99,2025-11-11,13:51:40,0,0
4639,dwHBpykTloY,hd2160,0.09722214597,9.7,h99,2025-11-11,13:51:41,0,0
4640,dwHBpykTloY,hd2160,0.09722214597,9.7,h99,2025-11-11,13:51:42,0,0
4641,dwHBpykTloY,hd2160,0.1089769652,10.9,h99,2025-11-11,13:51:43,0,0
4642,dwHBpykTloY,hd2160,0.1089769652,10.9,h99,2025-11-11,13:51:44,0,0
4643,dwHBpykTloY,hd2160,0.1160788364,11.6,h99,2025-11-11,13:51:45,0,0
4644,dwHBpykTloY,hd2160,0.1160788364,11.6,h99,2025-11-11,13:51:46,0,0
4645,dwHBpykTloY,hd2160,0.1266091941,12.7,h99,2025-11-11,13:51:47,0,0
4646,dwHBpykTloY,hd2160,0.1266091941,12.7,h99,2025-11-11,13:51:48,0,0
4647,dwHBpykTloY,hd2160,0.1266091941,12.7,h99,2025-11-11,13:51:49,0,0
4648,dwHBpykTloY,hd2160,0.1342008506,13.4,h99,2025-11-11,13:51:50,0,0
4649,dwHBpykTloY,hd2160,0.1342008506,13.4,h99,2025-11-11,13:51:51,0,0
4650,dwHBpykTloY,hd2160,0.1342008506,13.4,h99,2025-11-11,13:51:52,0,0
4651,dwHBpykTloY,hd2160,0.1454658845,14.5,h99,2025-11-11,13:51:53,0,0
4652,dwHBpykTloY,hd2160,0.1454658845,14.5,h99,2025-11-11,13:51:54,0,0
4653,dwHBpykTloY,hd2160,0.1454658845,14.5,h99,2025-11-11,13:51:55,0,0
4654,dwHBpykTloY,hd2160,0.1530575374,15.3,h99,2025-11-11,13:51:56,0,0
4655,dwHBpykTloY,hd2160,0.1530575374,15.3,h99,2025-11-11,13:51:57,0,0
4656,dwHBpykTloY,hd2160,0.1642001277,16.4,h99,2025-11-11,13:51:58,0,0
4657,dwHBpykTloY,hd2160,0.1642001277,16.4,h99,2025-11-11,13:51:59,0,0
4658,dwHBpykTloY,hd2160,0.1701999846,17.0,h99,2025-11-11,13:52:00,0,0
4659,dwHBpykTloY,hd2160,0.1701999846,17.0,h99,2025-11-11,13:52:01,0,0
4660,dwHBpykTloY,hd2160,0.1701999846,17.0,h99,2025-11-11,13:52:02,0,0
4661,dwHBpykTloY,hd2160,0.1819548038,18.2,h99,2025-11-11,13:52:03,0,0
4662,dwHBpykTloY,hd2160,0.1819548038,18.2,h99,2025-11-11,13:52:04,0,0
4663,dwHBpykTloY,hd2160,0.1884444424,18.8,h99,2025-11-11,13:52:05,0,0
4664,dwHBpykTloY,hd2160,0.1884444424,18.8,h99,2025-11-11,13:52:06,0,0
4665,dwHBpykTloY,hd2160,0.2001992617,20.0,h99,2025-11-11,13:52:07,0,0
4666,dwHBpykTloY,hd2160,0.2001992617,20.0,h99,2025-11-11,13:52:08,0,0
4667,dwHBpykTloY,hd2160,0.2001992617,20.0,h99,2025-11-11,13:52:09,0,0
4668,dwHBpykTloY,hd2160,0.2001992617,20.0,h99,2025-11-11,13:52:10,0,0
4669,dwHBpykTloY,hd2160,0.2066889002,20.7,h99,2025-11-11,13:52:11,0,0
4670,dwHBpykTloY,hd2160,0.2066889002,20.7,h99,2025-11-11,13:52:12,0,0
4671,dwHBpykTloY,hd2160,0.2164845854,21.6,h99,2025-11-11,13:52:13,0,0
4672,dwHBpykTloY,hd2160,0.2164845854,21.6,h99,2025-11-11,13:52:14,0,0
4673,dwHBpykTloY,hd2160,0.2249333617,22.5,h99,2025-11-11,13:52:15,0,0
4674,dwHBpykTloY,hd2160,0.2249333617,22.5,h99,2025-11-11,13:52:16,0,0
4675,dwHBpykTloY,hd2160,0.2361983956,23.6,h99,2025-11-11,13:52:17,0,0
4676,dwHBpykTloY,hd2160,0.2361983956,23.6,h99,2025-11-11,13:52:18,0,0
4677,dwHBpykTloY,hd2160,0.2361983956,23.6,h99,2025-11-11,13:52:19,0,0
4678,dwHBpykTloY,hd2160,0.2431778195,24.3,h99,2025-11-11,13:52:20,0,0
4679,dwHBpykTloY,hd2160,0.2431778195,24.3,h99,2025-11-11,13:52:21,0,0
4680,dwHBpykTloY,hd2160,0.2431778195,24.3,h99,2025-11-11,13:52:22,0,0
4681,dwHBpykTloY,hd2160,0.2551775296,25.5,h99,2025-11-11,13:52:23,0,0
4682,dwHBpykTloY,hd2160,0.2551775296,25.5,h99,2025-11-11,13:52:24,0,0
4683,dwHBpykTloY,hd2160,0.273666882,27.4,h99,2025-11-11,13:52:25,0,0
4684,dwHBpykTloY,hd2160,0.273666882,27.4,h99,2025-11-11,13:52:26,0,0
4685,dwHBpykTloY,hd2160,0.273666882,27.4,h99,2025-11-11,13:52:27,0,0
4686,dwHBpykTloY,hd2160,0.273666882,27.4,h99,2025-11-11,13:52:28,0,0
4687,dwHBpykTloY,hd2160,0.273666882,27.4,h99,2025-11-11,13:52:29,0,0
4688,dwHBpykTloY,hd2160,0.2919113398,29.2,h99,2025-11-11,13:52:30,0,0
4689,dwHBpykTloY,hd2160,0.2919113398,29.2,h99,2025-11-11,13:52:31,0,0
4690,dwHBpykTloY,hd2160,0.2919113398,29.2,h99,2025-11-11,13:52:32,0,0
4691,dwHBpykTloY,hd2160,0.2919113398,29.2,h99,2025-11-11,13:52:33,0,0
4692,dwHBpykTloY,hd2160,0.2919113398,29.2,h99,2025-11-11,13:52:34,0,0
4693,dwHBpykTloY,hd2160,0.3101558013,31.0,h99,2025-11-11,13:52:35,0,0
4694,dwHBpykTloY,hd2160,0.3101558013,31.0,h99,2025-11-11,13:52:36,0,0
4695,dwHBpykTloY,hd2160,0.3101558013,31.0,h99,2025-11-11,13:52:37,0,0
4696,dwHBpykTloY,hd2160,0.3101558013,31.0,h99,2025-11-11,13:52:38,0,0
4697,dwHBpykTloY,hd2160,0.3101558013,31.0,h99,2025-11-11,13:52:39,0,0
4698,dwHBpykTloY,hd2160,0.3101558013,31.0,h99,2025-11-11,13:52:40,0,0
4699,dwHBpykTloY,hd2160,0.3279104737,32.8,h99,2025-11-11,13:52:41,0,0
4700,dwHBpykTloY,hd2160,0.3279104737,32.8,h99,2025-11-11,13:52:42,0,0
4701,dwHBpykTloY,hd2160,0.3279104737,32.8,h99,2025-11-11,13:52:43,0,0
4702,dwHBpykTloY,hd2160,0.3279104737,32.8,h99,2025-11-11,13:52:44,0,0
4703,dwHBpykTloY,hd2160,0.3363592501,33.6,h99,2025-11-11,13:52:45,0,0
4704,dwHBpykTloY,hd2160,0.3363592501,33.6,h99,2025-11-11,13:52:46,0,0
4705,dwHBpykTloY,hd2160,0.3363592501,33.6,h99,2025-11-11,13:52:47,0,0
4706,dwHBpykTloY,hd2160,0.3466447169,34.7,h99,2025-11-11,13:52:48,0,0
4707,dwHBpykTloY,hd2160,0.3466447169,34.7,h99,2025-11-11,13:52:49,0,0
4708,dwHBpykTloY,hd2160,0.3526445738,35.3,h99,2025-11-11,13:52:50,0,0
4709,dwHBpykTloY,hd2160,0.3526445738,35.3,h99,2025-11-11,13:52:51,0,0
4710,dwHBpykTloY,hd2160,0.3604811212,36.0,h99,2025-11-11,13:52:52,0,0
4711,dwHBpykTloY,hd2160,0.3604811212,36.0,h99,2025-11-11,13:52:53,0,0
4712,dwHBpykTloY,hd2160,0.3716237078,37.2,h99,2025-11-11,13:52:54,0,0
4713,dwHBpykTloY,hd2160,0.3716237078,37.2,h99,2025-11-11,13:52:55,0,0
4714,dwHBpykTloY,hd2160,0.3775011174,37.8,h99,2025-11-11,13:52:56,0,0
4715,dwHBpykTloY,hd2160,0.3775011174,37.8,h99,2025-11-11,13:52:57,0,0
4716,dwHBpykTloY,hd2160,0.3775011174,37.8,h99,2025-11-11,13:52:58,0,0
4717,dwHBpykTloY,hd2160,0.3775011174,37.8,h99,2025-11-11,13:52:59,0,0
4718,dwHBpykTloY,hd2160,0.3881539224,38.8,h99,2025-11-11,13:53:00,0,0
4719,dwHBpykTloY,hd2160,0.3881539224,38.8,h99,2025-11-11,13:53:01,0,0
4720,dwHBpykTloY,hd2160,0.401378094,40.1,h99,2025-11-11,13:53:02,0,0
4721,dwHBpykTloY,hd2160,0.401378094,40.1,h99,2025-11-11,13:53:03,0,0
4722,dwHBpykTloY,hd2160,0.401378094,40.1,h99,2025-11-11,13:53:04,0,0
4723,dwHBpykTloY,hd2160,0.4142349276,41.4,h99,2025-11-11,13:53:05,0,0
4724,dwHBpykTloY,hd2160,0.4142349276,41.4,h99,2025-11-11,13:53:06,0,0
4725,dwHBpykTloY,hd2160,0.4142349276,41.4,h99,2025-11-11,13:53:07,0,0
4726,dwHBpykTloY,hd2160,0.4142349276,41.4,h99,2025-11-11,13:53:08,0,0
4727,dwHBpykTloY,hd2160,0.4256224087,42.6,h99,2025-11-11,13:53:09,0,0
4728,dwHBpykTloY,hd2160,0.4256224087,42.6,h99,2025-11-11,13:53:10,0,0
4729,dwHBpykTloY,hd2160,0.4256224087,42.6,h99,2025-11-11,13:53:11,0,0
4730,dwHBpykTloY,hd2160,0.4256224087,42.6,h99,2025-11-11,13:53:12,0,0
4731,dwHBpykTloY,hd2160,0.4378670133,43.8,h99,2025-11-11,13:53:13,0,0
4732,dwHBpykTloY,hd2160,0.4514585231,45.1,h99,2025-11-11,13:53:14,0,0
4733,dwHBpykTloY,hd2160,0.4514585231,45.1,h99,2025-11-11,13:53:15,0,0
4734,dwHBpykTloY,hd2160,0.4514585231,45.1,h99,2025-11-11,13:53:16,0,0
4735,dwHBpykTloY,hd2160,0.4514585231,45.1,h99,2025-11-11,13:53:17,0,0
4736,dwHBpykTloY,hd2160,0.4514585231,45.1,h99,2025-11-11,13:53:18,0,0
4737,dwHBpykTloY,hd2160,0.4514585231,45.1,h99,2025-11-11,13:53:19,0,0
4738,dwHBpykTloY,hd2160,0.4719070095,47.2,h99,2025-11-11,13:53:20,0,0
4739,dwHBpykTloY,hd2160,0.4719070095,47.2,h99,2025-11-11,13:53:21,0,0
4740,dwHBpykTloY,hd2160,0.4719070095,47.2,h99,2025-11-11,13:53:22,0,0
4741,dwHBpykTloY,hd2160,0.4719070095,47.2,h99,2025-11-11,13:53:23,0,0
4742,dwHBpykTloY,hd2160,0.4719070095,47.2,h99,2025-11-11,13:53:24,0,0
4743,dwHBpykTloY,hd2160,0.4806006804,48.1,h99,2025-11-11,13:53:25,0,0
4744,dwHBpykTloY,hd2160,0.4806006804,48.1,h99,2025-11-11,13:53:26,0,0
4745,dwHBpykTloY,hd2160,0.4806006804,48.1,h99,2025-11-11,13:53:27,0,0
4746,dwHBpykTloY,hd2160,0.4806006804,48.1,h99,2025-11-11,13:53:28,0,0
4747,dwHBpykTloY,hd2160,0.5064367911,50.6,h99,2025-11-11,13:53:29,0,0
4748,dwHBpykTloY,hd2160,0.5064367911,50.6,h99,2025-11-11,13:53:30,0,0
4749,dwHBpykTloY,hd2160,0.5064367911,50.6,h99,2025-11-11,13:53:31,0,0
4750,dwHBpykTloY,hd2160,0.5064367911,50.6,h99,2025-11-11,13:53:32,0,0
4751,dwHBpykTloY,hd2160,0.5064367911,50.6,h99,2025-11-11,13:53:33,0,0
4752,dwHBpykTloY,hd2160,0.5064367911,50.6,h99,2025-11-11,13:53:34,0,0
4753,dwHBpykTloY,hd2160,0.5290893098,52.9,h99,2025-11-11,13:53:35,0,0
4754,dwHBpykTloY,hd2160,0.5290893098,52.9,h99,2025-11-11,13:53:36,0,0
4755,dwHBpykTloY,hd2160,0.5290893098,52.9,h99,2025-11-11,13:53:37,0,0
4756,dwHBpykTloY,hd2160,0.5290893098,52.9,h99,2025-11-11,13:53:38,0,0
4757,dwHBpykTloY,hd2160,0.5290893098,52.9,h99,2025-11-11,13:53:39,0,0
4758,dwHBpykTloY,hd2160,0.5473337676,54.7,h99,2025-11-11,13:53:40,0,0
4759,dwHBpykTloY,hd2160,0.5473337676,54.7,h99,2025-11-11,13:53:41,0,0
4760,dwHBpykTloY,hd2160,0.5473337676,54.7,h99,2025-11-11,13:53:42,0,0
4761,dwHBpykTloY,hd2160,0.5473337676,54.7,h99,2025-11-11,13:53:43,0,0
4762,dwHBpykTloY,hd2160,0.5473337676,54.7,h99,2025-11-11,13:53:44,0,0
4763,dwHBpykTloY,hd2160,0.5655782254,56.6,h99,2025-11-11,13:53:45,0,0
4764,dwHBpykTloY,hd2160,0.5655782254,56.6,h99,2025-11-11,13:53:46,0,0
4765,dwHBpykTloY,hd2160,0.5655782254,56.6,h99,2025-11-11,13:53:47,0,0
4766,dwHBpykTloY,hd2160,0.5655782254,56.6,h99,2025-11-11,13:53:48,0,0
4767,dwHBpykTloY,hd2160,0.5838226869,58.4,h99,2025-11-11,13:53:49,0,0
4768,dwHBpykTloY,hd2160,0.5838226869,58.4,h99,2025-11-11,13:53:50,0,0
4769,dwHBpykTloY,hd2160,0.5838226869,58.4,h99,2025-11-11,13:53:51,0,0
4770,dwHBpykTloY,hd2160,0.5838226869,58.4,h99,2025-11-11,13:53:52,0,0
4771,dwHBpykTloY,hd2160,0.5838226869,58.4,h99,2025-11-11,13:53:53,0,0
4772,dwHBpykTloY,hd2160,0.5838226869,58.4,h99,2025-11-11,13:53:54,0,0
4773,dwHBpykTloY,hd2160,0.6020671447,60.2,h99,2025-11-11,13:53:55,0,0
4774,dwHBpykTloY,hd2160,0.6020671447,60.2,h99,2025-11-11,13:53:56,0,0
4775,dwHBpykTloY,hd2160,0.6020671447,60.2,h99,2025-11-11,13:53:57,0,0
4776,dwHBpykTloY,hd2160,0.6020671447,60.2,h99,2025-11-11,13:53:58,0,0
4777,dwHBpykTloY,hd2160,0.6020671447,60.2,h99,2025-11-11,13:53:59,0,0
4778,dwHBpykTloY,hd2160,0.6203116025,62.0,h99,2025-11-11,13:54:00,0,0
4779,dwHBpykTloY,hd2160,0.6203116025,62.0,h99,2025-11-11,13:54:01,0,0
4780,dwHBpykTloY,hd2160,0.6203116025,62.0,h99,2025-11-11,13:54:02,0,0
4781,dwHBpykTloY,hd2160,0.6203116025,62.0,h99,2025-11-11,13:54:03,0,0
4782,dwHBpykTloY,hd2160,0.638556064,63.9,h99,2025-11-11,13:54:04,0,0
4783,dwHBpykTloY,hd2160,0.638556064,63.9,h99,2025-11-11,13:54:05,0,0
4784,dwHBpykTloY,hd2160,0.638556064,63.9,h99,2025-11-11,13:54:06,0,0
4785,dwHBpykTloY,hd2160,0.638556064,63.9,h99,2025-11-11,13:54:07,0,0
4786,dwHBpykTloY,hd2160,0.638556064,63.9,h99,2025-11-11,13:54:08,0,0
4787,dwHBpykTloY,hd2160,0.6568005218,65.7,h99,2025-11-11,13:54:09,0,0
4788,dwHBpykTloY,hd2160,0.6568005218,65.7,h99,2025-11-11,13:54:10,0,0
4789,dwHBpykTloY,hd2160,0.6568005218,65.7,h99,2025-11-11,13:54:11,0,0
4790,dwHBpykTloY,hd2160,0.6568005218,65.7,h99,2025-11-11,13:54:12,0,0
4791,dwHBpykTloY,hd2160,0.6568005218,65.7,h99,2025-11-11,13:54:13,0,0
4792,dwHBpykTloY,hd2160,0.6750449797,67.5,h99,2025-11-11,13:54:14,0,0
4793,dwHBpykTloY,hd2160,0.6750449797,67.5,h99,2025-11-11,13:54:15,0,0
4794,dwHBpykTloY,hd2160,0.6750449797,67.5,h99,2025-11-11,13:54:16,0,0
4795,dwHBpykTloY,hd2160,0.6750449797,67.5,h99,2025-11-11,13:54:17,0,0
4796,dwHBpykTloY,hd2160,0.6750449797,67.5,h99,2025-11-11,13:54:18,0,0
4797,dwHBpykTloY,hd2160,0.6932894411,69.3,h99,2025-11-11,13:54:19,0,0
4798,dwHBpykTloY,hd2160,0.6932894411,69.3,h99,2025-11-11,13:54:20,0,0
4799,dwHBpykTloY,hd2160,0.6932894411,69.3,h99,2025-11-11,13:54:21,0,0
4800,dwHBpykTloY,hd2160,0.6932894411,69.3,h99,2025-11-11,13:54:22,0,0
4801,dwHBpykTloY,hd2160,0.6932894411,69.3,h99,2025-11-11,13:54:23,0,0
4802,dwHBpykTloY,hd2160,0.711533899,71.2,h99,2025-11-11,13:54:24,0,0
4803,dwHBpykTloY,hd2160,0.711533899,71.2,h99,2025-11-11,13:54:25,0,0
4804,dwHBpykTloY,hd2160,0.711533899,71.2,h99,2025-11-11,13:54:26,0,0
4805,dwHBpykTloY,hd2160,0.711533899,71.2,h99,2025-11-11,13:54:27,0,0
4806,dwHBpykTloY,hd2160,0.711533899,71.2,h99,2025-11-11,13:54:28,0,0
4807,dwHBpykTloY,hd2160,0.711533899,71.2,h99,2025-11-11,13:54:29,0,0
4808,dwHBpykTloY,hd2160,0.7297783568,73.0,h99,2025-11-11,13:54:30,0,0
4809,dwHBpykTloY,hd2160,0.7297783568,73.0,h99,2025-11-11,13:54:31,0,0
4810,dwHBpykTloY,hd2160,0.7297783568,73.0,h99,2025-11-11,13:54:32,0,0
4811,dwHBpykTloY,hd2160,0.7297783568,73.0,h99,2025-11-11,13:54:33,0,0
4812,dwHBpykTloY,hd2160,0.7480228183,74.8,h99,2025-11-11,13:54:34,0,0
4813,dwHBpykTloY,hd2160,0.7480228183,74.8,h99,2025-11-11,13:54:35,0,0
4814,dwHBpykTloY,hd2160,0.7480228183,74.8,h99,2025-11-11,13:54:36,0,0
4815,dwHBpykTloY,hd2160,0.7480228183,74.8,h99,2025-11-11,13:54:37,0,0
4816,dwHBpykTloY,hd2160,0.7480228183,74.8,h99,2025-11-11,13:54:38,0,0
4817,dwHBpykTloY,hd2160,0.7662672761,76.6,h99,2025-11-11,13:54:39,0,0
4818,dwHBpykTloY,hd2160,0.7662672761,76.6,h99,2025-11-11,13:54:40,0,0
4819,dwHBpykTloY,hd2160,0.7662672761,76.6,h99,2025-11-11,13:54:41,0,0
4820,dwHBpykTloY,hd2160,0.7662672761,76.6,h99,2025-11-11,13:54:42,0,0
4821,dwHBpykTloY,hd2160,0.7662672761,76.6,h99,2025-11-11,13:54:43,0,0
4822,dwHBpykTloY,hd2160,0.7662672761,76.6,h99,2025-11-11,13:54:44,0,0
4823,dwHBpykTloY,hd2160,0.7827974907,78.3,h99,2025-11-11,13:54:45,0,0
4824,dwHBpykTloY,hd2160,0.7827974907,78.3,h99,2025-11-11,13:54:46,0,0
4825,dwHBpykTloY,hd2160,0.7827974907,78.3,h99,2025-11-11,13:54:47,0,0
4826,dwHBpykTloY,hd2160,0.787572886,78.8,h99,2025-11-11,13:54:48,0,0
4827,dwHBpykTloY,hd2160,0.787572886,78.8,h99,2025-11-11,13:54:49,0,0
4828,dwHBpykTloY,hd2160,0.787572886,78.8,h99,2025-11-11,13:54:50,0,0
4829,dwHBpykTloY,hd2160,0.7983481382,79.8,h99,2025-11-11,13:54:51,0,0
4830,dwHBpykTloY,hd2160,0.7983481382,79.8,h99,2025-11-11,13:54:52,0,0
4831,dwHBpykTloY,hd2160,0.8027561954,80.3,h99,2025-11-11,13:54:53,0,0
4832,dwHBpykTloY,hd2160,0.8077764816,80.8,h99,2025-11-11,13:54:54,0,0
4833,dwHBpykTloY,hd2160,0.8077764816,80.8,h99,2025-11-11,13:54:55,0,0
4834,dwHBpykTloY,hd2160,0.8195313008,82.0,h99,2025-11-11,13:54:56,0,0
4835,dwHBpykTloY,hd2160,0.8195313008,82.0,h99,2025-11-11,13:54:57,0,0
4836,dwHBpykTloY,hd2160,0.8257760485,82.6,h99,2025-11-11,13:54:58,0,0
4837,dwHBpykTloY,hd2160,0.8257760485,82.6,h99,2025-11-11,13:54:59,0,0
4838,dwHBpykTloY,hd2160,0.8257760485,82.6,h99,2025-11-11,13:55:00,0,0
4839,dwHBpykTloY,hd2160,0.8257760485,82.6,h99,2025-11-11,13:55:01,0,0
4840,dwHBpykTloY,hd2160,0.8370410824,83.7,h99,2025-11-11,13:55:02,0,0
4841,dwHBpykTloY,hd2160,0.8370410824,83.7,h99,2025-11-11,13:55:03,0,0
4842,dwHBpykTloY,hd2160,0.8445102917,84.5,h99,2025-11-11,13:55:04,0,0
4843,dwHBpykTloY,hd2160,0.8445102917,84.5,h99,2025-11-11,13:55:05,0,0
4844,dwHBpykTloY,hd2160,0.8445102917,84.5,h99,2025-11-11,13:55:06,0,0
4845,dwHBpykTloY,hd2160,0.8563875582,85.6,h99,2025-11-11,13:55:07,0,0
4846,dwHBpykTloY,hd2160,0.8563875582,85.6,h99,2025-11-11,13:55:08,0,0
4847,dwHBpykTloY,hd2160,0.8634894257,86.3,h99,2025-11-11,13:55:09,0,0
4848,dwHBpykTloY,hd2160,0.8634894257,86.3,h99,2025-11-11,13:55:10,0,0
4849,dwHBpykTloY,hd2160,0.8745095688,87.5,h99,2025-11-11,13:55:11,0,0
4850,dwHBpykTloY,hd2160,0.8745095688,87.5,h99,2025-11-11,13:55:12,0,0
4851,dwHBpykTloY,hd2160,0.8745095688,87.5,h99,2025-11-11,13:55:13,0,0
4852,dwHBpykTloY,hd2160,0.8778156117,87.8,h99,2025-11-11,13:55:14,0,0
4853,dwHBpykTloY,hd2160,0.880999211,88.1,h99,2025-11-11,13:55:15,0,0
4854,dwHBpykTloY,hd2160,0.880999211,88.1,h99,2025-11-11,13:55:16,0,0
4855,dwHBpykTloY,hd2160,0.8939784882,89.4,h99,2025-11-11,13:55:17,0,0
4856,dwHBpykTloY,hd2160,0.9122229496,91.2,h99,2025-11-11,13:55:18,0,0
4857,dwHBpykTloY,hd2160,0.9122229496,91.2,h99,2025-11-11,13:55:19,0,0
4858,dwHBpykTloY,hd2160,0.9122229496,91.2,h99,2025-11-11,13:55:20,0,0
4859,dwHBpykTloY,hd2160,0.9122229496,91.2,h99,2025-11-11,13:55:21,0,0
4860,dwHBpykTloY,hd2160,0.9122229496,91.2,h99,2025-11-11,13:55:22,0,0
4861,dwHBpykTloY,hd2160,0.9122229496,91.2,h99,2025-11-11,13:55:23,0,0
4862,dwHBpykTloY,hd2160,0.9304674075,93.0,h99,2025-11-11,13:55:24,0,0
4863,dwHBpykTloY,hd2160,0.9304674075,93.0,h99,2025-11-11,13:55:25,0,0
4864,dwHBpykTloY,hd2160,0.9304674075,93.0,h99,2025-11-11,13:55:26,0,0
4865,dwHBpykTloY,hd2160,0.9304674075,93.0,h99,2025-11-11,13:55:27,0,0
4866,dwHBpykTloY,hd2160,0.9304674075,93.0,h99,2025-11-11,13:55:28,0,0
4867,dwHBpykTloY,hd2160,0.9487118653,94.9,h99,2025-11-11,13:55:29,0,0
4868,dwHBpykTloY,hd2160,0.9487118653,94.9,h99,2025-11-11,13:55:30,0,0
4869,dwHBpykTloY,hd2160,0.9487118653,94.9,h99,2025-11-11,13:55:31,0,0
4870,dwHBpykTloY,hd2160,0.9487118653,94.9,h99,2025-11-11,13:55:32,0,0
4871,dwHBpykTloY,hd2160,0.9487118653,94.9,h99,2025-11-11,13:55:33,0,0
4872,dwHBpykTloY,hd2160,0.9487118653,94.9,h99,2025-11-11,13:55:34,0,0
4873,dwHBpykTloY,hd2160,0.9669563268,96.7,h99,2025-11-11,13:55:35,0,0
4874,dwHBpykTloY,hd2160,0.9669563268,96.7,h99,2025-11-11,13:55:36,0,0
4875,dwHBpykTloY,hd2160,0.9669563268,96.7,h99,2025-11-11,13:55:37,0,0
4876,dwHBpykTloY,hd2160,0.9852007846,98.5,h99,2025-11-11,13:55:38,0,0
4877,dwHBpykTloY,hd2160,0.9852007846,98.5,h99,2025-11-11,13:55:39,0,0
4878,dwHBpykTloY,hd2160,0.9852007846,98.5,h99,2025-11-11,13:55:40,0,0
4879,dwHBpykTloY,hd2160,0.9852007846,98.5,h99,2025-11-11,13:55:41,0,0
4880,dwHBpykTloY,hd2160,0.9852007846,98.5,h99,2025-11-11,13:55:42,0,0
4881,dwHBpykTloY,hd2160,0.9852007846,98.5,h99,2025-11-11,13:55:43,0,0
4882,dwHBpykTloY,hd2160,1.0,100.0,h99,2025-11-11,13:55:44,0,0
4883,dwHBpykTloY,hd2160,1.0,100.0,h99,2025-11-11,13:55:45,0,0
4884,dwHBpykTloY,hd2160,1.0,100.0,h99,2025-11-11,13:55:46,0,0
4885,dwHBpykTloY,hd2160,1.0,100.0,h99,2025-11-11,13:55:47,0,0
4886,dwHBpykTloY,hd2160,1.0,100.0,h99,2025-11-11,13:55:48,0,0
4887,dwHBpykTloY,hd2160,1.0,100.0,h99,2025-11-11,13:55:49,0,0
4888,dwHBpykTloY,hd2160,1.0,100.0,h99,2025-11-11,13:55:50,0,0
4889,dwHBpykTloY,hd2160,1.0,100.0,h99,2025-11-11,13:55:51,0,0
4890,dwHBpykTloY,hd2160,1.0,100.0,h99,2025-11-11,13:55:52,0,0
4891,dwHBpykTloY,hd2160,1.0,100.0,h99,2025-11-11,13:55:53,0,0
4892,dwHBpykTloY,hd2160,1.0,100.0,h99,2025-11-11,13:55:54,0,0
4893,dwHBpykTloY,hd2160,1.0,100.0,h99,2025-11-11,13:55:55,0,0
4894,dwHBpykTloY,hd2160,1.0,100.0,h99,2025-11-11,13:55:56,0,0
4895,dwHBpykTloY,hd2160,1.0,100.0,h99,2025-11-11,13:55:57,0,0
4896,dwHBpykTloY,hd2160,1.0,100.0,h99,2025-11-11,13:55:58,0,0
4897,dwHBpykTloY,hd2160,1.0,100.0,h99,2025-11-11,13:55:59,0,0
4898,dwHBpykTloY,hd2160,1.0,100.0,h99,2025-11-11,13:56:00,0,0
4899,dwHBpykTloY,hd2160,1.0,100.0,h99,2025-11-11,13:56:01,0,0
4900,dwHBpykTloY,hd2160,1.0,100.0,h99,2025-11-11,13:56:02,0,0
4901,dwHBpykTloY,hd2160,1.0,100.0,h99,2025-11-11,13:56:03,0,0
4902,dwHBpykTloY,hd2160,1.0,100.0,h99,2025-11-11,13:56:04,0,0
4903,dwHBpykTloY,hd2160,1.0,100.0,h99,2025-11-11,13:56:05,0,0
4904,dwHBpykTloY,hd2160,1.0,100.0,h99,2025-11-11,13:56:06,0,0
4905,dwHBpykTloY,hd2160,1.0,100.0,h99,2025-11-11,13:56:07,0,0
4906,dwHBpykTloY,hd2160,1.0,100.0,h99,2025-11-11,13:56:08,0,0
4907,dwHBpykTloY,hd2160,1.0,100.0,h99,2025-11-11,13:56:09,0,0
4908,dwHBpykTloY,hd2160,1.0,100.0,h99,2025-11-11,13:56:10,0,0
4909,dwHBpykTloY,hd2160,1.0,100.0,h99,2025-11-11,13:56:11,0,0
4910,dwHBpykTloY,hd2160,1.0,100.0,h99,2025-11-11,13:56:12,0,0
4911,dwHBpykTloY,hd2160,1.0,100.0,h99,2025-11-11,13:56:13,0,0
4912,dwHBpykTloY,hd2160,1.0,100.0,h99,2025-11-11,13:56:14,0,0
4913,dwHBpykTloY,hd2160,1.0,100.0,h99,2025-11-11,13:56:15,0,0
4914,dwHBpykTloY,hd2160,1.0,100.0,h99,2025-11-11,13:56:16,0,0
4915,dwHBpykTloY,hd2160,1.0,100.0,h99,2025-11-11,13:56:17,0,0
4916,dwHBpykTloY,hd2160,1.0,100.0,h99,2025-11-11,13:56:18,0,0
4917,dwHBpykTloY,hd2160,1.0,100.0,h99,2025-11-11,13:56:19,0,0
8341,D6FRezJF3rU,hd2160,0.0,0.0,y4,2025-12-16,15:19:25,0,0
8342,D6FRezJF3rU,hd2160,0.0,0.0,y4,2025-12-16,15:19:26,0,0
8343,D6FRezJF3rU,hd2160,0.003752113569,0.4,y4,2025-12-16,15:19:27,0,0
8344,D6FRezJF3rU,hd2160,0.009778239698,1.0,y4,2025-12-16,15:19:28,0,0
8345,D6FRezJF3rU,hd2160,0.01773727684,1.8,y4,2025-12-16,15:19:29,0,0
8346,D6FRezJF3rU,hd2160,0.02376340297,2.4,y4,2025-12-16,15:19:30,0,0
8347,D6FRezJF3rU,hd2160,0.03490605566,3.5,y4,2025-12-16,15:19:31,0,0
8348,D6FRezJF3rU,hd2160,0.03490605566,3.5,y4,2025-12-16,15:19:32,0,0
8349,D6FRezJF3rU,hd2160,0.04718571122,4.7,y4,2025-12-16,15:19:33,0,0
8350,D6FRezJF3rU,hd2160,0.05741875752,5.7,y4,2025-12-16,15:19:34,0,0
8351,D6FRezJF3rU,hd2160,0.07049431441,7.0,y4,2025-12-16,15:19:35,0,0
8352,D6FRezJF3rU,hd2160,0.08334247481,8.3,y4,2025-12-16,15:19:36,0,0
8353,D6FRezJF3rU,hd2160,0.08334247481,8.3,y4,2025-12-16,15:19:37,0,0
8354,D6FRezJF3rU,hd2160,0.1113128014,11.1,y4,2025-12-16,15:19:38,0,0
8355,D6FRezJF3rU,hd2160,0.1226828505,12.3,y4,2025-12-16,15:19:39,0,0
8356,D6FRezJF3rU,hd2160,0.1226828505,12.3,y4,2025-12-16,15:19:40,0,0
8357,D6FRezJF3rU,hd2160,0.1226828505,12.3,y4,2025-12-16,15:19:41,0,0
8358,D6FRezJF3rU,hd2160,0.1226828505,12.3,y4,2025-12-16,15:19:42,0,0
8359,D6FRezJF3rU,hd2160,0.1226828505,12.3,y4,2025-12-16,15:19:43,0,0
8360,D6FRezJF3rU,hd2160,0.1333707,13.3,y4,2025-12-16,15:19:44,0,0
8361,D6FRezJF3rU,hd2160,0.1333707,13.3,y4,2025-12-16,15:19:45,0,0
8362,D6FRezJF3rU,hd2160,0.1442859494,14.4,y4,2025-12-16,15:19:46,0,0
8363,D6FRezJF3rU,hd2160,0.1442859494,14.4,y4,2025-12-16,15:19:47,0,0
8364,D6FRezJF3rU,hd2160,0.1442859494,14.4,y4,2025-12-16,15:19:48,0,0
8365,D6FRezJF3rU,hd2160,0.151903885,15.2,y4,2025-12-16,15:19:49,0,0
8366,D6FRezJF3rU,hd2160,0.155656002,15.6,y4,2025-12-16,15:19:50,0,0
8367,D6FRezJF3rU,hd2160,0.155656002,15.6,y4,2025-12-16,15:19:51,0,0
8368,D6FRezJF3rU,hd2160,0.164752042,16.5,y4,2025-12-16,15:19:52,0,0
8369,D6FRezJF3rU,hd2160,0.164752042,16.5,y4,2025-12-16,15:19:53,0,0
8370,D6FRezJF3rU,hd2160,0.164752042,16.5,y4,2025-12-16,15:19:54,0,0
8371,D6FRezJF3rU,hd2160,0.1737343838,17.4,y4,2025-12-16,15:19:55,0,0
8372,D6FRezJF3rU,hd2160,0.1737343838,17.4,y4,2025-12-16,15:19:56,0,0
8373,D6FRezJF3rU,hd2160,0.1815797193,18.2,y4,2025-12-16,15:19:57,0,0
8374,D6FRezJF3rU,hd2160,0.1815797193,18.2,y4,2025-12-16,15:19:58,0,0
8375,D6FRezJF3rU,hd2160,0.1815797193,18.2,y4,2025-12-16,15:19:59,0,0
8376,D6FRezJF3rU,hd2160,0.1815797193,18.2,y4,2025-12-16,15:20:00,0,0
8377,D6FRezJF3rU,hd2160,0.1902209561,19.0,y4,2025-12-16,15:20:01,0,0
8378,D6FRezJF3rU,hd2160,0.1976114918,19.8,y4,2025-12-16,15:20:02,0,0
8379,D6FRezJF3rU,hd2160,0.1976114918,19.8,y4,2025-12-16,15:20:03,0,0
8380,D6FRezJF3rU,hd2160,0.1976114918,19.8,y4,2025-12-16,15:20:04,0,0
8381,D6FRezJF3rU,hd2160,0.2067075318,20.7,y4,2025-12-16,15:20:05,0,0
8382,D6FRezJF3rU,hd2160,0.2067075318,20.7,y4,2025-12-16,15:20:06,0,0
8383,D6FRezJF3rU,hd2160,0.2140980641,21.4,y4,2025-12-16,15:20:07,0,0
8384,D6FRezJF3rU,hd2160,0.2140980641,21.4,y4,2025-12-16,15:20:08,0,0
8385,D6FRezJF3rU,hd2160,0.2140980641,21.4,y4,2025-12-16,15:20:09,0,0
8386,D6FRezJF3rU,hd2160,0.2234215075,22.3,y4,2025-12-16,15:20:10,0,0
8387,D6FRezJF3rU,hd2160,0.2234215075,22.3,y4,2025-12-16,15:20:11,0,0
8388,D6FRezJF3rU,hd2160,0.2305846399,23.1,y4,2025-12-16,15:20:12,0,0
8389,D6FRezJF3rU,hd2160,0.2305846399,23.1,y4,2025-12-16,15:20:13,0,0
8390,D6FRezJF3rU,hd2160,0.2379751722,23.8,y4,2025-12-16,15:20:14,0,0
8391,D6FRezJF3rU,hd2160,0.2379751722,23.8,y4,2025-12-16,15:20:15,0,0
8392,D6FRezJF3rU,hd2160,0.2470712156,24.7,y4,2025-12-16,15:20:16,0,0
8393,D6FRezJF3rU,hd2160,0.2470712156,24.7,y4,2025-12-16,15:20:17,0,0
8394,D6FRezJF3rU,hd2160,0.2470712156,24.7,y4,2025-12-16,15:20:18,0,0
8395,D6FRezJF3rU,hd2160,0.2470712156,24.7,y4,2025-12-16,15:20:19,0,0
8396,D6FRezJF3rU,hd2160,0.2562809573,25.6,y4,2025-12-16,15:20:20,0,0
8397,D6FRezJF3rU,hd2160,0.2562809573,25.6,y4,2025-12-16,15:20:21,0,0
8398,D6FRezJF3rU,hd2160,0.2649221941,26.5,y4,2025-12-16,15:20:22,0,0
8399,D6FRezJF3rU,hd2160,0.2649221941,26.5,y4,2025-12-16,15:20:23,0,0
8400,D6FRezJF3rU,hd2160,0.2649221941,26.5,y4,2025-12-16,15:20:24,0,0
8401,D6FRezJF3rU,hd2160,0.2749278405,27.5,y4,2025-12-16,15:20:25,0,0
8402,D6FRezJF3rU,hd2160,0.2882308007,28.8,y4,2025-12-16,15:20:26,0,0
8403,D6FRezJF3rU,hd2160,0.2882308007,28.8,y4,2025-12-16,15:20:27,0,0
8404,D6FRezJF3rU,hd2160,0.2882308007,28.8,y4,2025-12-16,15:20:28,0,0
8405,D6FRezJF3rU,hd2160,0.2882308007,28.8,y4,2025-12-16,15:20:29,0,0
8406,D6FRezJF3rU,hd2160,0.2882308007,28.8,y4,2025-12-16,15:20:30,0,0
8407,D6FRezJF3rU,hd2160,0.3010789577,30.1,y4,2025-12-16,15:20:31,0,0
8408,D6FRezJF3rU,hd2160,0.3010789577,30.1,y4,2025-12-16,15:20:32,0,0
8409,D6FRezJF3rU,hd2160,0.3010789577,30.1,y4,2025-12-16,15:20:33,0,0
8410,D6FRezJF3rU,hd2160,0.3066881119,30.7,y4,2025-12-16,15:20:34,0,0
8411,D6FRezJF3rU,hd2160,0.3148367211,31.5,y4,2025-12-16,15:20:35,0,0
8412,D6FRezJF3rU,hd2160,0.3148367211,31.5,y4,2025-12-16,15:20:36,0,0
8413,D6FRezJF3rU,hd2160,0.3148367211,31.5,y4,2025-12-16,15:20:37,0,0
8414,D6FRezJF3rU,hd2160,0.3299588906,33.0,y4,2025-12-16,15:20:38,0,0
8415,D6FRezJF3rU,hd2160,0.3299588906,33.0,y4,2025-12-16,15:20:39,0,0
8416,D6FRezJF3rU,hd2160,0.3299588906,33.0,y4,2025-12-16,15:20:40,0,0
8417,D6FRezJF3rU,hd2160,0.3299588906,33.0,y4,2025-12-16,15:20:41,0,0
8418,D6FRezJF3rU,hd2160,0.3299588906,33.0,y4,2025-12-16,15:20:42,0,0
8419,D6FRezJF3rU,hd2160,0.344626257,34.5,y4,2025-12-16,15:20:43,0,0
8420,D6FRezJF3rU,hd2160,0.344626257,34.5,y4,2025-12-16,15:20:44,0,0
8421,D6FRezJF3rU,hd2160,0.344626257,34.5,y4,2025-12-16,15:20:45,0,0
8422,D6FRezJF3rU,hd2160,0.344626257,34.5,y4,2025-12-16,15:20:47,0,0
8423,D6FRezJF3rU,hd2160,0.344626257,34.5,y4,2025-12-16,15:20:46,0,0
8424,D6FRezJF3rU,hd2160,0.344626257,34.5,y4,2025-12-16,15:20:48,0,0
8425,D6FRezJF3rU,hd2160,0.3629320387,36.3,y4,2025-12-16,15:20:49,0,0
8426,D6FRezJF3rU,hd2160,0.3629320387,36.3,y4,2025-12-16,15:20:50,0,0
8427,D6FRezJF3rU,hd2160,0.3629320387,36.3,y4,2025-12-16,15:20:51,0,0
8428,D6FRezJF3rU,hd2160,0.3629320387,36.3,y4,2025-12-16,15:20:52,0,0
8429,D6FRezJF3rU,hd2160,0.3629320387,36.3,y4,2025-12-16,15:20:53,0,0
8430,D6FRezJF3rU,hd2160,0.3758938973,37.6,y4,2025-12-16,15:20:54,0,0
8431,D6FRezJF3rU,hd2160,0.3758938973,37.6,y4,2025-12-16,15:20:55,0,0
8432,D6FRezJF3rU,hd2160,0.3758938973,37.6,y4,2025-12-16,15:20:56,0,0
8433,D6FRezJF3rU,hd2160,0.3758938973,37.6,y4,2025-12-16,15:20:57,0,0
8434,D6FRezJF3rU,hd2160,0.3887420543,38.9,y4,2025-12-16,15:20:58,0,0
8435,D6FRezJF3rU,hd2160,0.3924941713,39.2,y4,2025-12-16,15:20:59,0,0
8436,D6FRezJF3rU,hd2160,0.3924941713,39.2,y4,2025-12-16,15:21:00,0,0
8437,D6FRezJF3rU,hd2160,0.3924941713,39.2,y4,2025-12-16,15:21:01,0,0
8438,D6FRezJF3rU,hd2160,0.3924941713,39.2,y4,2025-12-16,15:21:02,0,0
8439,D6FRezJF3rU,hd2160,0.4044327253,40.4,y4,2025-12-16,15:21:03,0,0
8440,D6FRezJF3rU,hd2160,0.4081848423,40.8,y4,2025-12-16,15:21:04,0,0
8441,D6FRezJF3rU,hd2160,0.4081848423,40.8,y4,2025-12-16,15:21:05,0,0
8442,D6FRezJF3rU,hd2160,0.4081848423,40.8,y4,2025-12-16,15:21:06,0,0
8443,D6FRezJF3rU,hd2160,0.4154616763,41.5,y4,2025-12-16,15:21:07,0,0
8444,D6FRezJF3rU,hd2160,0.420919301,42.1,y4,2025-12-16,15:21:08,0,0
8445,D6FRezJF3rU,hd2160,0.420919301,42.1,y4,2025-12-16,15:21:09,0,0
8446,D6FRezJF3rU,hd2160,0.420919301,42.1,y4,2025-12-16,15:21:10,0,0
8447,D6FRezJF3rU,hd2160,0.4309249474,43.1,y4,2025-12-16,15:21:11,0,0
8448,D6FRezJF3rU,hd2160,0.4309249474,43.1,y4,2025-12-16,15:21:12,0,0
8449,D6FRezJF3rU,hd2160,0.4392250827,43.9,y4,2025-12-16,15:21:13,0,0
8450,D6FRezJF3rU,hd2160,0.4392250827,43.9,y4,2025-12-16,15:21:14,0,0
8451,D6FRezJF3rU,hd2160,0.4392250827,43.9,y4,2025-12-16,15:21:15,0,0
8452,D6FRezJF3rU,hd2160,0.4483211261,44.8,y4,2025-12-16,15:21:16,0,0
8453,D6FRezJF3rU,hd2160,0.4483211261,44.8,y4,2025-12-16,15:21:17,0,0
8454,D6FRezJF3rU,hd2160,0.4557116584,45.6,y4,2025-12-16,15:21:18,0,0
8455,D6FRezJF3rU,hd2160,0.4557116584,45.6,y4,2025-12-16,15:21:19,0,0
8456,D6FRezJF3rU,hd2160,0.4648076985,46.5,y4,2025-12-16,15:21:20,0,0
8457,D6FRezJF3rU,hd2160,0.4648076985,46.5,y4,2025-12-16,15:21:21,0,0
8458,D6FRezJF3rU,hd2160,0.4648076985,46.5,y4,2025-12-16,15:21:22,0,0
8459,D6FRezJF3rU,hd2160,0.4648076985,46.5,y4,2025-12-16,15:21:23,0,0
8460,D6FRezJF3rU,hd2160,0.4711749295,47.1,y4,2025-12-16,15:21:24,0,0
8461,D6FRezJF3rU,hd2160,0.4721982342,47.2,y4,2025-12-16,15:21:25,0,0
8462,D6FRezJF3rU,hd2160,0.4795887665,48.0,y4,2025-12-16,15:21:26,0,0
8463,D6FRezJF3rU,hd2160,0.4795887665,48.0,y4,2025-12-16,15:21:27,0,0
8464,D6FRezJF3rU,hd2160,0.4795887665,48.0,y4,2025-12-16,15:21:28,0,0
8465,D6FRezJF3rU,hd2160,0.4795887665,48.0,y4,2025-12-16,15:21:29,0,0
8466,D6FRezJF3rU,hd2160,0.4795887665,48.0,y4,2025-12-16,15:21:30,0,0
8467,D6FRezJF3rU,hd2160,0.4795887665,48.0,y4,2025-12-16,15:21:31,0,0
8468,D6FRezJF3rU,hd2160,0.4832271818,48.3,y4,2025-12-16,15:21:32,0,0
8469,D6FRezJF3rU,hd2160,0.4841367882,48.4,y4,2025-12-16,15:21:33,0,0
8470,D6FRezJF3rU,hd2160,0.4841367882,48.4,y4,2025-12-16,15:21:34,0,0
8471,D6FRezJF3rU,hd2160,0.4841367882,48.4,y4,2025-12-16,15:21:35,0,0
8472,D6FRezJF3rU,hd2160,0.4841367882,48.4,y4,2025-12-16,15:21:36,0,0
8473,D6FRezJF3rU,hd2160,0.490276616,49.0,y4,2025-12-16,15:21:37,0,0
8474,D6FRezJF3rU,hd2160,0.5101742037,51.0,y4,2025-12-16,15:21:38,0,0
8475,D6FRezJF3rU,hd2160,0.5139263207,51.4,y4,2025-12-16,15:21:39,0,0
8476,D6FRezJF3rU,hd2160,0.529844395,53.0,y4,2025-12-16,15:21:40,0,0
8477,D6FRezJF3rU,hd2160,0.5408733426,54.1,y4,2025-12-16,15:21:41,0,0
8478,D6FRezJF3rU,hd2160,0.5408733426,54.1,y4,2025-12-16,15:21:42,0,0
8479,D6FRezJF3rU,hd2160,0.5408733426,54.1,y4,2025-12-16,15:21:43,0,0
8480,D6FRezJF3rU,hd2160,0.5408733426,54.1,y4,2025-12-16,15:21:44,0,0
8481,D6FRezJF3rU,hd2160,0.5470131704,54.7,y4,2025-12-16,15:21:45,0,0
8482,D6FRezJF3rU,hd2160,0.5556544106,55.6,y4,2025-12-16,15:21:46,0,0
8483,D6FRezJF3rU,hd2160,0.5556544106,55.6,y4,2025-12-16,15:21:47,0,0
8484,D6FRezJF3rU,hd2160,0.5556544106,55.6,y4,2025-12-16,15:21:48,0,0
8485,D6FRezJF3rU,hd2160,0.5556544106,55.6,y4,2025-12-16,15:21:49,0,0
8486,D6FRezJF3rU,hd2160,0.5661148568,56.6,y4,2025-12-16,15:21:50,0,0
8487,D6FRezJF3rU,hd2160,0.5661148568,56.6,y4,2025-12-16,15:21:51,0,0
8488,D6FRezJF3rU,hd2160,0.5661148568,56.6,y4,2025-12-16,15:21:52,0,0
8489,D6FRezJF3rU,hd2160,0.5755520018,57.6,y4,2025-12-16,15:21:53,0,0
8490,D6FRezJF3rU,hd2160,0.5755520018,57.6,y4,2025-12-16,15:21:54,0,0
8491,D6FRezJF3rU,hd2160,0.5856713464,58.6,y4,2025-12-16,15:21:55,0,0
8492,D6FRezJF3rU,hd2160,0.5856713464,58.6,y4,2025-12-16,15:21:56,0,0
8493,D6FRezJF3rU,hd2160,0.5856713464,58.6,y4,2025-12-16,15:21:57,0,0
8494,D6FRezJF3rU,hd2160,0.5923796757,59.2,y4,2025-12-16,15:21:58,0,0
8495,D6FRezJF3rU,hd2160,0.5923796757,59.2,y4,2025-12-16,15:21:59,0,0
8496,D6FRezJF3rU,hd2160,0.6005661127,60.1,y4,2025-12-16,15:22:00,0,0
8497,D6FRezJF3rU,hd2160,0.6005661127,60.1,y4,2025-12-16,15:22:01,0,0
8498,D6FRezJF3rU,hd2160,0.6060237374,60.6,y4,2025-12-16,15:22:02,0,0
8499,D6FRezJF3rU,hd2160,0.608979953,60.9,y4,2025-12-16,15:22:03,0,0
8500,D6FRezJF3rU,hd2160,0.608979953,60.9,y4,2025-12-16,15:22:04,0,0
8501,D6FRezJF3rU,hd2160,0.608979953,60.9,y4,2025-12-16,15:22:05,0,0
8502,D6FRezJF3rU,hd2160,0.6253528271,62.5,y4,2025-12-16,15:22:06,0,0
8503,D6FRezJF3rU,hd2160,0.6253528271,62.5,y4,2025-12-16,15:22:07,0,0
8504,D6FRezJF3rU,hd2160,0.6253528271,62.5,y4,2025-12-16,15:22:08,0,0
8505,D6FRezJF3rU,hd2160,0.6253528271,62.5,y4,2025-12-16,15:22:09,0,0
8506,D6FRezJF3rU,hd2160,0.6391105871,63.9,y4,2025-12-16,15:22:10,0,0
8507,D6FRezJF3rU,hd2160,0.6391105871,63.9,y4,2025-12-16,15:22:11,0,0
8508,D6FRezJF3rU,hd2160,0.6391105871,63.9,y4,2025-12-16,15:22:12,0,0
8509,D6FRezJF3rU,hd2160,0.6391105871,63.9,y4,2025-12-16,15:22:13,0,0
8510,D6FRezJF3rU,hd2160,0.6391105871,63.9,y4,2025-12-16,15:22:14,0,0
8511,D6FRezJF3rU,hd2160,0.653209452,65.3,y4,2025-12-16,15:22:15,0,0
8512,D6FRezJF3rU,hd2160,0.653209452,65.3,y4,2025-12-16,15:22:16,0,0
8513,D6FRezJF3rU,hd2160,0.653209452,65.3,y4,2025-12-16,15:22:17,0,0
8514,D6FRezJF3rU,hd2160,0.653209452,65.3,y4,2025-12-16,15:22:18,0,0
8515,D6FRezJF3rU,hd2160,0.6652617077,66.5,y4,2025-12-16,15:22:19,0,0
8516,D6FRezJF3rU,hd2160,0.6652617077,66.5,y4,2025-12-16,15:22:20,0,0
8517,D6FRezJF3rU,hd2160,0.6652617077,66.5,y4,2025-12-16,15:22:21,0,0
8518,D6FRezJF3rU,hd2160,0.6652617077,66.5,y4,2025-12-16,15:22:22,0,0
8519,D6FRezJF3rU,hd2160,0.6652617077,66.5,y4,2025-12-16,15:22:23,0,0
8520,D6FRezJF3rU,hd2160,0.6652617077,66.5,y4,2025-12-16,15:22:25,0,0
8521,D6FRezJF3rU,hd2160,0.6652617077,66.5,y4,2025-12-16,15:22:24,0,0
8522,D6FRezJF3rU,hd2160,0.6787920678,67.9,y4,2025-12-16,15:22:26,0,0
8523,D6FRezJF3rU,hd2160,0.6880018094,68.8,y4,2025-12-16,15:22:27,0,0
8524,D6FRezJF3rU,hd2160,0.6934594341,69.3,y4,2025-12-16,15:22:28,0,0
8525,D6FRezJF3rU,hd2160,0.6934594341,69.3,y4,2025-12-16,15:22:29,0,0
8526,D6FRezJF3rU,hd2160,0.6934594341,69.3,y4,2025-12-16,15:22:30,0,0
8527,D6FRezJF3rU,hd2160,0.7072171975,70.7,y4,2025-12-16,15:22:31,0,0
8528,D6FRezJF3rU,hd2160,0.7072171975,70.7,y4,2025-12-16,15:22:32,0,0
8529,D6FRezJF3rU,hd2160,0.7072171975,70.7,y4,2025-12-16,15:22:33,0,0
8530,D6FRezJF3rU,hd2160,0.7156010509,71.6,y4,2025-12-16,15:22:34,0,0
8531,D6FRezJF3rU,hd2160,0.7226804652,72.3,y4,2025-12-16,15:22:35,0,0
8532,D6FRezJF3rU,hd2160,0.7226804652,72.3,y4,2025-12-16,15:22:36,0,0
8533,D6FRezJF3rU,hd2160,0.7226804652,72.3,y4,2025-12-16,15:22:37,0,0
8534,D6FRezJF3rU,hd2160,0.7226804652,72.3,y4,2025-12-16,15:22:38,0,0
8535,D6FRezJF3rU,hd2160,0.7359834254,73.6,y4,2025-12-16,15:22:39,0,0
8536,D6FRezJF3rU,hd2160,0.7359834254,73.6,y4,2025-12-16,15:22:40,0,0
8537,D6FRezJF3rU,hd2160,0.7359834254,73.6,y4,2025-12-16,15:22:41,0,0
8538,D6FRezJF3rU,hd2160,0.7359834254,73.6,y4,2025-12-16,15:22:42,0,0
8539,D6FRezJF3rU,hd2160,0.7447383673,74.5,y4,2025-12-16,15:22:43,0,0
8540,D6FRezJF3rU,hd2160,0.7521288996,75.2,y4,2025-12-16,15:22:44,0,0
8541,D6FRezJF3rU,hd2160,0.7521288996,75.2,y4,2025-12-16,15:22:45,0,0
8542,D6FRezJF3rU,hd2160,0.7521288996,75.2,y4,2025-12-16,15:22:46,0,0
8543,D6FRezJF3rU,hd2160,0.7631578506,76.3,y4,2025-12-16,15:22:47,0,0
8544,D6FRezJF3rU,hd2160,0.7631578506,76.3,y4,2025-12-16,15:22:48,0,0
8545,D6FRezJF3rU,hd2160,0.7669099676,76.7,y4,2025-12-16,15:22:49,0,0
8546,D6FRezJF3rU,hd2160,0.7669099676,76.7,y4,2025-12-16,15:22:50,0,0
8547,D6FRezJF3rU,hd2160,0.7669099676,76.7,y4,2025-12-16,15:22:51,0,0
8548,D6FRezJF3rU,hd2160,0.7669099676,76.7,y4,2025-12-16,15:22:52,0,0
8549,D6FRezJF3rU,hd2160,0.7833965399,78.3,y4,2025-12-16,15:22:53,0,0
8550,D6FRezJF3rU,hd2160,0.7833965399,78.3,y4,2025-12-16,15:22:54,0,0
8551,D6FRezJF3rU,hd2160,0.7833965399,78.3,y4,2025-12-16,15:22:55,0,0
8552,D6FRezJF3rU,hd2160,0.7939706878,79.4,y4,2025-12-16,15:22:56,0,0
8553,D6FRezJF3rU,hd2160,0.7939706878,79.4,y4,2025-12-16,15:22:57,0,0
8554,D6FRezJF3rU,hd2160,0.7939706878,79.4,y4,2025-12-16,15:22:58,0,0
8555,D6FRezJF3rU,hd2160,0.7939706878,79.4,y4,2025-12-16,15:22:59,0,0
8556,D6FRezJF3rU,hd2160,0.8070462481,80.7,y4,2025-12-16,15:23:00,0,0
8557,D6FRezJF3rU,hd2160,0.8070462481,80.7,y4,2025-12-16,15:23:01,0,0
8558,D6FRezJF3rU,hd2160,0.8070462481,80.7,y4,2025-12-16,15:23:02,0,0
8559,D6FRezJF3rU,hd2160,0.8180751991,81.8,y4,2025-12-16,15:23:03,0,0
8560,D6FRezJF3rU,hd2160,0.8180751991,81.8,y4,2025-12-16,15:23:04,0,0
8561,D6FRezJF3rU,hd2160,0.8180751991,81.8,y4,2025-12-16,15:23:05,0,0
8562,D6FRezJF3rU,hd2160,0.8180751991,81.8,y4,2025-12-16,15:23:06,0,0
8563,D6FRezJF3rU,hd2160,0.833083667,83.3,y4,2025-12-16,15:23:07,0,0
8564,D6FRezJF3rU,hd2160,0.833083667,83.3,y4,2025-12-16,15:23:08,0,0
8565,D6FRezJF3rU,hd2160,0.833083667,83.3,y4,2025-12-16,15:23:09,0,0
8566,D6FRezJF3rU,hd2160,0.833083667,83.3,y4,2025-12-16,15:23:10,0,0
8567,D6FRezJF3rU,hd2160,0.833083667,83.3,y4,2025-12-16,15:23:11,0,0
8568,D6FRezJF3rU,hd2160,0.833083667,83.3,y4,2025-12-16,15:23:12,0,0
8569,D6FRezJF3rU,hd2160,0.833083667,83.3,y4,2025-12-16,15:23:13,0,0
8570,D6FRezJF3rU,hd2160,0.8494565411,84.9,y4,2025-12-16,15:23:14,0,0
8571,D6FRezJF3rU,hd2160,0.8494565411,84.9,y4,2025-12-16,15:23:15,0,0
8572,D6FRezJF3rU,hd2160,0.8494565411,84.9,y4,2025-12-16,15:23:16,0,0
8573,D6FRezJF3rU,hd2160,0.8494565411,84.9,y4,2025-12-16,15:23:17,0,0
8574,D6FRezJF3rU,hd2160,0.8494565411,84.9,y4,2025-12-16,15:23:18,0,0
8575,D6FRezJF3rU,hd2160,0.8494565411,84.9,y4,2025-12-16,15:23:19,0,0
8576,D6FRezJF3rU,hd2160,0.870718535,87.1,y4,2025-12-16,15:23:20,0,0
8577,D6FRezJF3rU,hd2160,0.8905024245,89.1,y4,2025-12-16,15:23:21,0,0
8578,D6FRezJF3rU,hd2160,0.8905024245,89.1,y4,2025-12-16,15:23:22,0,0
8579,D6FRezJF3rU,hd2160,0.8905024245,89.1,y4,2025-12-16,15:23:23,0,0
8580,D6FRezJF3rU,hd2160,0.8905024245,89.1,y4,2025-12-16,15:23:24,0,0
8581,D6FRezJF3rU,hd2160,0.8905024245,89.1,y4,2025-12-16,15:23:25,0,0
8582,D6FRezJF3rU,hd2160,0.8905024245,89.1,y4,2025-12-16,15:23:26,0,0
8583,D6FRezJF3rU,hd2160,0.8905024245,89.1,y4,2025-12-16,15:23:27,0,0
8584,D6FRezJF3rU,hd2160,0.8905024245,89.1,y4,2025-12-16,15:23:28,0,0
8585,D6FRezJF3rU,hd2160,0.8905024245,89.1,y4,2025-12-16,15:23:29,0,0
8586,D6FRezJF3rU,hd2160,0.9088082096,90.9,y4,2025-12-16,15:23:30,0,0
8587,D6FRezJF3rU,hd2160,0.9088082096,90.9,y4,2025-12-16,15:23:31,0,0
8588,D6FRezJF3rU,hd2160,0.9088082096,90.9,y4,2025-12-16,15:23:32,0,0
8589,D6FRezJF3rU,hd2160,0.9088082096,90.9,y4,2025-12-16,15:23:33,0,0
8590,D6FRezJF3rU,hd2160,0.9209741635,92.1,y4,2025-12-16,15:23:34,0,0
8591,D6FRezJF3rU,hd2160,0.9209741635,92.1,y4,2025-12-16,15:23:35,0,0
8592,D6FRezJF3rU,hd2160,0.9209741635,92.1,y4,2025-12-16,15:23:36,0,0
8593,D6FRezJF3rU,hd2160,0.9209741635,92.1,y4,2025-12-16,15:23:37,0,0
8594,D6FRezJF3rU,hd2160,0.9209741635,92.1,y4,2025-12-16,15:23:38,0,0
8595,D6FRezJF3rU,hd2160,0.9227933729,92.3,y4,2025-12-16,15:23:39,0,0
8596,D6FRezJF3rU,hd2160,0.9347319269,93.5,y4,2025-12-16,15:23:40,0,0
8597,D6FRezJF3rU,hd2160,0.9347319269,93.5,y4,2025-12-16,15:23:41,0,0
8598,D6FRezJF3rU,hd2160,0.9521281056,95.2,y4,2025-12-16,15:23:42,0,0
8599,D6FRezJF3rU,hd2160,0.9521281056,95.2,y4,2025-12-16,15:23:43,0,0
8600,D6FRezJF3rU,hd2160,0.9521281056,95.2,y4,2025-12-16,15:23:45,0,0
8601,D6FRezJF3rU,hd2160,0.9521281056,95.2,y4,2025-12-16,15:23:44,0,0
8602,D6FRezJF3rU,hd2160,0.9521281056,95.2,y4,2025-12-16,15:23:46,0,0
8603,D6FRezJF3rU,hd2160,0.9595186379,96.0,y4,2025-12-16,15:23:47,0,0
8604,D6FRezJF3rU,hd2160,0.9686146779,96.9,y4,2025-12-16,15:23:48,0,0
8605,D6FRezJF3rU,hd2160,0.9686146779,96.9,y4,2025-12-16,15:23:49,0,0
8606,D6FRezJF3rU,hd2160,0.975891512,97.6,y4,2025-12-16,15:23:50,0,0
8607,D6FRezJF3rU,hd2160,0.975891512,97.6,y4,2025-12-16,15:23:51,0,0
8608,D6FRezJF3rU,hd2160,0.975891512,97.6,y4,2025-12-16,15:23:52,0,0
8609,D6FRezJF3rU,hd2160,0.975891512,97.6,y4,2025-12-16,15:23:53,0,0
8610,D6FRezJF3rU,hd2160,0.9941972937,99.4,y4,2025-12-16,15:23:54,0,0
8611,D6FRezJF3rU,hd2160,0.9941972937,99.4,y4,2025-12-16,15:23:55,0,0
8612,D6FRezJF3rU,hd2160,0.9941972937,99.4,y4,2025-12-16,15:23:56,0,0
8613,D6FRezJF3rU,hd2160,0.9941972937,99.4,y4,2025-12-16,15:23:57,0,0
8614,D6FRezJF3rU,hd2160,0.9941972937,99.4,y4,2025-12-16,15:23:58,0,0
8615,D6FRezJF3rU,hd2160,1.0,100.0,y4,2025-12-16,15:23:59,0,0
8616,D6FRezJF3rU,hd2160,1.0,100.0,y4,2025-12-16,15:24:00,0,0
8617,D6FRezJF3rU,hd2160,1.0,100.0,y4,2025-12-16,15:24:01,0,0
8618,D6FRezJF3rU,hd2160,1.0,100.0,y4,2025-12-16,15:24:02,0,0
8619,D6FRezJF3rU,hd2160,1.0,100.0,y4,2025-12-16,15:24:03,0,0
8620,D6FRezJF3rU,hd2160,1.0,100.0,y4,2025-12-16,15:24:04,0,0
8621,D6FRezJF3rU,hd2160,1.0,100.0,y4,2025-12-16,15:24:05,0,0
8622,D6FRezJF3rU,hd2160,1.0,100.0,y4,2025-12-16,15:24:06,0,0
8623,D6FRezJF3rU,hd2160,1.0,100.0,y4,2025-12-16,15:24:07,0,0
8624,D6FRezJF3rU,hd2160,1.0,100.0,y4,2025-12-16,15:24:08,0,0
8625,D6FRezJF3rU,hd2160,1.0,100.0,y4,2025-12-16,15:24:09,0,0
8626,D6FRezJF3rU,hd2160,1.0,100.0,y4,2025-12-16,15:24:10,0,0
8627,D6FRezJF3rU,hd2160,1.0,100.0,y4,2025-12-16,15:24:11,0,0
8628,D6FRezJF3rU,hd2160,1.0,100.0,y4,2025-12-16,15:24:12,0,0
8629,D6FRezJF3rU,hd2160,1.0,100.0,y4,2025-12-16,15:24:13,0,0
8630,D6FRezJF3rU,hd2160,1.0,100.0,y4,2025-12-16,15:24:14,0,0
8631,D6FRezJF3rU,hd2160,1.0,100.0,y4,2025-12-16,15:24:15,0,0
8632,D6FRezJF3rU,hd2160,1.0,100.0,y4,2025-12-16,15:24:16,0,0
8633,D6FRezJF3rU,hd2160,1.0,100.0,y4,2025-12-16,15:24:17,0,0
8634,D6FRezJF3rU,hd2160,1.0,100.0,y4,2025-12-16,15:24:18,0,0
8635,D6FRezJF3rU,hd2160,1.0,100.0,y4,2025-12-16,15:24:19,0,0
8636,D6FRezJF3rU,hd2160,1.0,100.0,y4,2025-12-16,15:24:20,0,0
8637,D6FRezJF3rU,hd2160,1.0,100.0,y4,2025-12-16,15:24:21,0,0
8638,D6FRezJF3rU,hd2160,1.0,100.0,y4,2025-12-16,15:24:22,0,0
8639,D6FRezJF3rU,hd2160,1.0,100.0,y4,2025-12-16,15:24:23,0,0
8640,D6FRezJF3rU,hd2160,1.0,100.0,y4,2025-12-16,15:24:24,0,0
8641,D6FRezJF3rU,hd2160,1.0,100.0,y4,2025-12-16,15:24:25,0,0
8642,D6FRezJF3rU,hd2160,1.0,100.0,y4,2025-12-16,15:24:26,0,0
8643,D6FRezJF3rU,hd2160,1.0,100.0,y4,2025-12-16,15:24:27,0,0
8644,D6FRezJF3rU,hd2160,1.0,100.0,y4,2025-12-16,15:24:28,0,0
10524,D6FRezJF3rU,hd2160,0.003752113569,0.4,f1,2026-01-01,6:54:24,0,0
10525,D6FRezJF3rU,hd2160,0.04081848014,4.1,f1,2026-01-01,6:54:25,0,0
10526,D6FRezJF3rU,hd2160,0.07049431441,7.0,f1,2026-01-01,6:54:26,0,0
10527,D6FRezJF3rU,hd2160,0.08334247481,8.3,f1,2026-01-01,6:54:27,0,0
10528,D6FRezJF3rU,hd2160,0.08334247481,8.3,f1,2026-01-01,6:54:28,0,0
10529,D6FRezJF3rU,hd2160,0.09869204426,9.9,f1,2026-01-01,6:54:29,0,0
10530,D6FRezJF3rU,hd2160,0.09869204426,9.9,f1,2026-01-01,6:54:30,0,0
10531,D6FRezJF3rU,hd2160,0.09869204426,9.9,f1,2026-01-01,6:54:31,0,0
10532,D6FRezJF3rU,hd2160,0.09869204426,9.9,f1,2026-01-01,6:54:32,0,0
10533,D6FRezJF3rU,hd2160,0.1113128014,11.1,f1,2026-01-01,6:54:33,0,0
10534,D6FRezJF3rU,hd2160,0.1113128014,11.1,f1,2026-01-01,6:54:34,0,0
10535,D6FRezJF3rU,hd2160,0.1113128014,11.1,f1,2026-01-01,6:54:35,0,0
10536,D6FRezJF3rU,hd2160,0.1226828505,12.3,f1,2026-01-01,6:54:36,0,0
10537,D6FRezJF3rU,hd2160,0.1226828505,12.3,f1,2026-01-01,6:54:37,0,0
10538,D6FRezJF3rU,hd2160,0.1226828505,12.3,f1,2026-01-01,6:54:38,0,0
10539,D6FRezJF3rU,hd2160,0.129618583,13.0,f1,2026-01-01,6:54:39,0,0
10540,D6FRezJF3rU,hd2160,0.129618583,13.0,f1,2026-01-01,6:54:40,0,0
10541,D6FRezJF3rU,hd2160,0.1333707,13.3,f1,2026-01-01,6:54:41,0,0
10542,D6FRezJF3rU,hd2160,0.1442859494,14.4,f1,2026-01-01,6:54:42,0,0
10543,D6FRezJF3rU,hd2160,0.1442859494,14.4,f1,2026-01-01,6:54:43,0,0
10544,D6FRezJF3rU,hd2160,0.1442859494,14.4,f1,2026-01-01,6:54:44,0,0
10545,D6FRezJF3rU,hd2160,0.151903885,15.2,f1,2026-01-01,6:54:45,0,0
10546,D6FRezJF3rU,hd2160,0.151903885,15.2,f1,2026-01-01,6:54:46,0,0
10547,D6FRezJF3rU,hd2160,0.155656002,15.6,f1,2026-01-01,6:54:47,0,0
10548,D6FRezJF3rU,hd2160,0.155656002,15.6,f1,2026-01-01,6:54:48,0,0
10549,D6FRezJF3rU,hd2160,0.164752042,16.5,f1,2026-01-01,6:54:49,0,0
10550,D6FRezJF3rU,hd2160,0.164752042,16.5,f1,2026-01-01,6:54:50,0,0
10551,D6FRezJF3rU,hd2160,0.164752042,16.5,f1,2026-01-01,6:54:51,0,0
10552,D6FRezJF3rU,hd2160,0.1737343838,17.4,f1,2026-01-01,6:54:52,0,0
10553,D6FRezJF3rU,hd2160,0.1737343838,17.4,f1,2026-01-01,6:54:53,0,0
10554,D6FRezJF3rU,hd2160,0.1815797193,18.2,f1,2026-01-01,6:54:54,0,0
10555,D6FRezJF3rU,hd2160,0.1815797193,18.2,f1,2026-01-01,6:54:55,0,0
10556,D6FRezJF3rU,hd2160,0.1902209561,19.0,f1,2026-01-01,6:54:56,0,0
10557,D6FRezJF3rU,hd2160,0.1902209561,19.0,f1,2026-01-01,6:54:57,0,0
10558,D6FRezJF3rU,hd2160,0.1976114918,19.8,f1,2026-01-01,6:54:58,0,0
10559,D6FRezJF3rU,hd2160,0.1976114918,19.8,f1,2026-01-01,6:54:59,0,0
10560,D6FRezJF3rU,hd2160,0.1976114918,19.8,f1,2026-01-01,6:55:00,0,0
10561,D6FRezJF3rU,hd2160,0.2067075318,20.7,f1,2026-01-01,6:55:01,0,0
10562,D6FRezJF3rU,hd2160,0.2067075318,20.7,f1,2026-01-01,6:55:02,0,0
10563,D6FRezJF3rU,hd2160,0.2140980641,21.4,f1,2026-01-01,6:55:03,0,0
10564,D6FRezJF3rU,hd2160,0.2140980641,21.4,f1,2026-01-01,6:55:04,0,0
10565,D6FRezJF3rU,hd2160,0.2140980641,21.4,f1,2026-01-01,6:55:05,0,0
10566,D6FRezJF3rU,hd2160,0.2234215075,22.3,f1,2026-01-01,6:55:06,0,0
10567,D6FRezJF3rU,hd2160,0.2234215075,22.3,f1,2026-01-01,6:55:07,0,0
10568,D6FRezJF3rU,hd2160,0.2234215075,22.3,f1,2026-01-01,6:55:08,0,0
10569,D6FRezJF3rU,hd2160,0.2305846399,23.1,f1,2026-01-01,6:55:09,0,0
10570,D6FRezJF3rU,hd2160,0.2379751722,23.8,f1,2026-01-01,6:55:10,0,0
10571,D6FRezJF3rU,hd2160,0.2379751722,23.8,f1,2026-01-01,6:55:11,0,0
10572,D6FRezJF3rU,hd2160,0.2379751722,23.8,f1,2026-01-01,6:55:12,0,0
10573,D6FRezJF3rU,hd2160,0.2470712156,24.7,f1,2026-01-01,6:55:13,0,0
10574,D6FRezJF3rU,hd2160,0.2470712156,24.7,f1,2026-01-01,6:55:14,0,0
10575,D6FRezJF3rU,hd2160,0.2534384433,25.3,f1,2026-01-01,6:55:15,0,0
10576,D6FRezJF3rU,hd2160,0.2534384433,25.3,f1,2026-01-01,6:55:16,0,0
10577,D6FRezJF3rU,hd2160,0.2562809573,25.6,f1,2026-01-01,6:55:17,0,0
10578,D6FRezJF3rU,hd2160,0.2649221941,26.5,f1,2026-01-01,6:55:18,0,0
10579,D6FRezJF3rU,hd2160,0.2649221941,26.5,f1,2026-01-01,6:55:19,0,0
10580,D6FRezJF3rU,hd2160,0.2749278405,27.5,f1,2026-01-01,6:55:20,0,0
10581,D6FRezJF3rU,hd2160,0.2749278405,27.5,f1,2026-01-01,6:55:21,0,0
10582,D6FRezJF3rU,hd2160,0.2749278405,27.5,f1,2026-01-01,6:55:22,0,0
10583,D6FRezJF3rU,hd2160,0.2749278405,27.5,f1,2026-01-01,6:55:23,0,0
10584,D6FRezJF3rU,hd2160,0.2882308007,28.8,f1,2026-01-01,6:55:24,0,0
10585,D6FRezJF3rU,hd2160,0.2882308007,28.8,f1,2026-01-01,6:55:25,0,0
10586,D6FRezJF3rU,hd2160,0.2882308007,28.8,f1,2026-01-01,6:55:26,0,0
10587,D6FRezJF3rU,hd2160,0.2882308007,28.8,f1,2026-01-01,6:55:27,0,0
10588,D6FRezJF3rU,hd2160,0.3010789577,30.1,f1,2026-01-01,6:55:28,0,0
10589,D6FRezJF3rU,hd2160,0.3010789577,30.1,f1,2026-01-01,6:55:29,0,0
10590,D6FRezJF3rU,hd2160,0.3010789577,30.1,f1,2026-01-01,6:55:30,0,0
10591,D6FRezJF3rU,hd2160,0.3148367211,31.5,f1,2026-01-01,6:55:31,0,0
10592,D6FRezJF3rU,hd2160,0.3148367211,31.5,f1,2026-01-01,6:55:32,0,0
10593,D6FRezJF3rU,hd2160,0.3148367211,31.5,f1,2026-01-01,6:55:33,0,0
10594,D6FRezJF3rU,hd2160,0.3148367211,31.5,f1,2026-01-01,6:55:34,0,0
10595,D6FRezJF3rU,hd2160,0.3299588906,33.0,f1,2026-01-01,6:55:35,0,0
10596,D6FRezJF3rU,hd2160,0.3299588906,33.0,f1,2026-01-01,6:55:36,0,0
10597,D6FRezJF3rU,hd2160,0.3299588906,33.0,f1,2026-01-01,6:55:37,0,0
10598,D6FRezJF3rU,hd2160,0.3299588906,33.0,f1,2026-01-01,6:55:38,0,0
10599,D6FRezJF3rU,hd2160,0.3299588906,33.0,f1,2026-01-01,6:55:39,0,0
10600,D6FRezJF3rU,hd2160,0.344626257,34.5,f1,2026-01-01,6:55:40,0,0
10601,D6FRezJF3rU,hd2160,0.344626257,34.5,f1,2026-01-01,6:55:41,0,0
10602,D6FRezJF3rU,hd2160,0.344626257,34.5,f1,2026-01-01,6:55:42,0,0
10603,D6FRezJF3rU,hd2160,0.344626257,34.5,f1,2026-01-01,6:55:43,0,0
10604,D6FRezJF3rU,hd2160,0.3530400939,35.3,f1,2026-01-01,6:55:44,0,0
10605,D6FRezJF3rU,hd2160,0.3530400939,35.3,f1,2026-01-01,6:55:45,0,0
10606,D6FRezJF3rU,hd2160,0.3629320387,36.3,f1,2026-01-01,6:55:46,0,0
10607,D6FRezJF3rU,hd2160,0.3629320387,36.3,f1,2026-01-01,6:55:47,0,0
10608,D6FRezJF3rU,hd2160,0.3629320387,36.3,f1,2026-01-01,6:55:48,0,0
10609,D6FRezJF3rU,hd2160,0.3758938973,37.6,f1,2026-01-01,6:55:49,0,0
10610,D6FRezJF3rU,hd2160,0.3758938973,37.6,f1,2026-01-01,6:55:50,0,0
10611,D6FRezJF3rU,hd2160,0.3758938973,37.6,f1,2026-01-01,6:55:51,0,0
10612,D6FRezJF3rU,hd2160,0.3758938973,37.6,f1,2026-01-01,6:55:52,0,0
10613,D6FRezJF3rU,hd2160,0.3758938973,37.6,f1,2026-01-01,6:55:53,0,0
10614,D6FRezJF3rU,hd2160,0.3887420543,38.9,f1,2026-01-01,6:55:54,0,0
10615,D6FRezJF3rU,hd2160,0.3887420543,38.9,f1,2026-01-01,6:55:55,0,0
10616,D6FRezJF3rU,hd2160,0.3924941713,39.2,f1,2026-01-01,6:55:56,0,0
10617,D6FRezJF3rU,hd2160,0.3924941713,39.2,f1,2026-01-01,6:55:57,0,0
10618,D6FRezJF3rU,hd2160,0.3924941713,39.2,f1,2026-01-01,6:55:58,0,0
10619,D6FRezJF3rU,hd2160,0.4044327253,40.4,f1,2026-01-01,6:55:59,0,0
10620,D6FRezJF3rU,hd2160,0.4044327253,40.4,f1,2026-01-01,6:56:00,0,0
10621,D6FRezJF3rU,hd2160,0.4081848423,40.8,f1,2026-01-01,6:56:01,0,0
10622,D6FRezJF3rU,hd2160,0.4081848423,40.8,f1,2026-01-01,6:56:02,0,0
10623,D6FRezJF3rU,hd2160,0.4081848423,40.8,f1,2026-01-01,6:56:03,0,0
10624,D6FRezJF3rU,hd2160,0.420919301,42.1,f1,2026-01-01,6:56:04,0,0
10625,D6FRezJF3rU,hd2160,0.420919301,42.1,f1,2026-01-01,6:56:05,0,0
10626,D6FRezJF3rU,hd2160,0.4309249474,43.1,f1,2026-01-01,6:56:06,0,0
10627,D6FRezJF3rU,hd2160,0.4309249474,43.1,f1,2026-01-01,6:56:07,0,0
10628,D6FRezJF3rU,hd2160,0.4309249474,43.1,f1,2026-01-01,6:56:08,0,0
10629,D6FRezJF3rU,hd2160,0.4392250827,43.9,f1,2026-01-01,6:56:09,0,0
10630,D6FRezJF3rU,hd2160,0.4392250827,43.9,f1,2026-01-01,6:56:10,0,0
10631,D6FRezJF3rU,hd2160,0.4429924249,44.3,f1,2026-01-01,6:56:11,0,0
10632,D6FRezJF3rU,hd2160,0.4483211261,44.8,f1,2026-01-01,6:56:12,0,0
10633,D6FRezJF3rU,hd2160,0.4483211261,44.8,f1,2026-01-01,6:56:13,0,0
10634,D6FRezJF3rU,hd2160,0.4483211261,44.8,f1,2026-01-01,6:56:14,0,0
10635,D6FRezJF3rU,hd2160,0.4557116584,45.6,f1,2026-01-01,6:56:15,0,0
10636,D6FRezJF3rU,hd2160,0.4557116584,45.6,f1,2026-01-01,6:56:16,0,0
10637,D6FRezJF3rU,hd2160,0.4648076985,46.5,f1,2026-01-01,6:56:17,0,0
10638,D6FRezJF3rU,hd2160,0.4648076985,46.5,f1,2026-01-01,6:56:18,0,0
10639,D6FRezJF3rU,hd2160,0.4648076985,46.5,f1,2026-01-01,6:56:19,0,0
10640,D6FRezJF3rU,hd2160,0.4721982342,47.2,f1,2026-01-01,6:56:20,0,0
10641,D6FRezJF3rU,hd2160,0.4795887665,48.0,f1,2026-01-01,6:56:21,0,0
10642,D6FRezJF3rU,hd2160,0.4795887665,48.0,f1,2026-01-01,6:56:22,0,0
10643,D6FRezJF3rU,hd2160,0.4795887665,48.0,f1,2026-01-01,6:56:23,0,0
10644,D6FRezJF3rU,hd2160,0.4898218128,49.0,f1,2026-01-01,6:56:24,0,0
10645,D6FRezJF3rU,hd2160,0.4898218128,49.0,f1,2026-01-01,6:56:25,0,0
10646,D6FRezJF3rU,hd2160,0.4994863576,49.9,f1,2026-01-01,6:56:26,0,0
10647,D6FRezJF3rU,hd2160,0.5013055636,50.1,f1,2026-01-01,6:56:27,0,0
10648,D6FRezJF3rU,hd2160,0.5013055636,50.1,f1,2026-01-01,6:56:28,0,0
10649,D6FRezJF3rU,hd2160,0.5013055636,50.1,f1,2026-01-01,6:56:29,0,0
10650,D6FRezJF3rU,hd2160,0.5013055636,50.1,f1,2026-01-01,6:56:30,0,0
10651,D6FRezJF3rU,hd2160,0.5139263207,51.4,f1,2026-01-01,6:56:31,0,0
10652,D6FRezJF3rU,hd2160,0.5139263207,51.4,f1,2026-01-01,6:56:32,0,0
10653,D6FRezJF3rU,hd2160,0.5139263207,51.4,f1,2026-01-01,6:56:33,0,0
10654,D6FRezJF3rU,hd2160,0.5258648747,52.6,f1,2026-01-01,6:56:34,0,0
10655,D6FRezJF3rU,hd2160,0.5258648747,52.6,f1,2026-01-01,6:56:35,0,0
10656,D6FRezJF3rU,hd2160,0.5258648747,52.6,f1,2026-01-01,6:56:36,0,0
10657,D6FRezJF3rU,hd2160,0.5258648747,52.6,f1,2026-01-01,6:56:37,0,0
10658,D6FRezJF3rU,hd2160,0.5390541367,53.9,f1,2026-01-01,6:56:38,0,0
10659,D6FRezJF3rU,hd2160,0.5390541367,53.9,f1,2026-01-01,6:56:39,0,0
10660,D6FRezJF3rU,hd2160,0.5390541367,53.9,f1,2026-01-01,6:56:40,0,0
10661,D6FRezJF3rU,hd2160,0.5470131704,54.7,f1,2026-01-01,6:56:41,0,0
10662,D6FRezJF3rU,hd2160,0.5470131704,54.7,f1,2026-01-01,6:56:42,0,0
10663,D6FRezJF3rU,hd2160,0.5523570969,55.2,f1,2026-01-01,6:56:43,0,0
10664,D6FRezJF3rU,hd2160,0.5597476292,56.0,f1,2026-01-01,6:56:44,0,0
10665,D6FRezJF3rU,hd2160,0.5617942384,56.2,f1,2026-01-01,6:56:45,0,0
10666,D6FRezJF3rU,hd2160,0.5617942384,56.2,f1,2026-01-01,6:56:46,0,0
10667,D6FRezJF3rU,hd2160,0.5617942384,56.2,f1,2026-01-01,6:56:47,0,0
10668,D6FRezJF3rU,hd2160,0.5708902784,57.1,f1,2026-01-01,6:56:48,0,0
10669,D6FRezJF3rU,hd2160,0.5708902784,57.1,f1,2026-01-01,6:56:49,0,0
10670,D6FRezJF3rU,hd2160,0.5798726202,58.0,f1,2026-01-01,6:56:50,0,0
10671,D6FRezJF3rU,hd2160,0.5798726202,58.0,f1,2026-01-01,6:56:51,0,0
10672,D6FRezJF3rU,hd2160,0.5798726202,58.0,f1,2026-01-01,6:56:52,0,0
10673,D6FRezJF3rU,hd2160,0.5890823619,58.9,f1,2026-01-01,6:56:53,0,0
10674,D6FRezJF3rU,hd2160,0.5890823619,58.9,f1,2026-01-01,6:56:54,0,0
10675,D6FRezJF3rU,hd2160,0.5890823619,58.9,f1,2026-01-01,6:56:55,0,0
10676,D6FRezJF3rU,hd2160,0.5969276974,59.7,f1,2026-01-01,6:56:56,0,0
10677,D6FRezJF3rU,hd2160,0.5969276974,59.7,f1,2026-01-01,6:56:57,0,0
10678,D6FRezJF3rU,hd2160,0.6060237374,60.6,f1,2026-01-01,6:56:58,0,0
10679,D6FRezJF3rU,hd2160,0.6060237374,60.6,f1,2026-01-01,6:56:59,0,0
10680,D6FRezJF3rU,hd2160,0.6162567837,61.6,f1,2026-01-01,6:57:00,0,0
10681,D6FRezJF3rU,hd2160,0.6162567837,61.6,f1,2026-01-01,6:57:01,0,0
10682,D6FRezJF3rU,hd2160,0.6162567837,61.6,f1,2026-01-01,6:57:02,0,0
10683,D6FRezJF3rU,hd2160,0.6162567837,61.6,f1,2026-01-01,6:57:03,0,0
10684,D6FRezJF3rU,hd2160,0.6162567837,61.6,f1,2026-01-01,6:57:04,0,0
10685,D6FRezJF3rU,hd2160,0.6299008454,63.0,f1,2026-01-01,6:57:05,0,0
10686,D6FRezJF3rU,hd2160,0.6299008454,63.0,f1,2026-01-01,6:57:06,0,0
10687,D6FRezJF3rU,hd2160,0.6299008454,63.0,f1,2026-01-01,6:57:07,0,0
10688,D6FRezJF3rU,hd2160,0.6427490058,64.3,f1,2026-01-01,6:57:08,0,0
10689,D6FRezJF3rU,hd2160,0.6427490058,64.3,f1,2026-01-01,6:57:09,0,0
10690,D6FRezJF3rU,hd2160,0.6427490058,64.3,f1,2026-01-01,6:57:10,0,0
10691,D6FRezJF3rU,hd2160,0.6427490058,64.3,f1,2026-01-01,6:57:11,0,0
10692,D6FRezJF3rU,hd2160,0.653209452,65.3,f1,2026-01-01,6:57:12,0,0
10693,D6FRezJF3rU,hd2160,0.653209452,65.3,f1,2026-01-01,6:57:13,0,0
10694,D6FRezJF3rU,hd2160,0.6603725844,66.0,f1,2026-01-01,6:57:14,0,0
10695,D6FRezJF3rU,hd2160,0.6603725844,66.0,f1,2026-01-01,6:57:15,0,0
10696,D6FRezJF3rU,hd2160,0.6714015355,67.1,f1,2026-01-01,6:57:16,0,0
10697,D6FRezJF3rU,hd2160,0.6714015355,67.1,f1,2026-01-01,6:57:17,0,0
10698,D6FRezJF3rU,hd2160,0.6714015355,67.1,f1,2026-01-01,6:57:18,0,0
10699,D6FRezJF3rU,hd2160,0.6824304831,68.2,f1,2026-01-01,6:57:19,0,0
10700,D6FRezJF3rU,hd2160,0.6824304831,68.2,f1,2026-01-01,6:57:20,0,0
10701,D6FRezJF3rU,hd2160,0.6824304831,68.2,f1,2026-01-01,6:57:21,0,0
10702,D6FRezJF3rU,hd2160,0.6824304831,68.2,f1,2026-01-01,6:57:22,0,0
10703,D6FRezJF3rU,hd2160,0.6952786435,69.5,f1,2026-01-01,6:57:23,0,0
10704,D6FRezJF3rU,hd2160,0.6952786435,69.5,f1,2026-01-01,6:57:24,0,0
10705,D6FRezJF3rU,hd2160,0.6952786435,69.5,f1,2026-01-01,6:57:25,0,0
10706,D6FRezJF3rU,hd2160,0.6952786435,69.5,f1,2026-01-01,6:57:26,0,0
10707,D6FRezJF3rU,hd2160,0.7007362682,70.1,f1,2026-01-01,6:57:27,0,0
10708,D6FRezJF3rU,hd2160,0.7083542004,70.8,f1,2026-01-01,6:57:28,0,0
10709,D6FRezJF3rU,hd2160,0.7083542004,70.8,f1,2026-01-01,6:57:29,0,0
10710,D6FRezJF3rU,hd2160,0.7083542004,70.8,f1,2026-01-01,6:57:30,0,0
10711,D6FRezJF3rU,hd2160,0.7226804652,72.3,f1,2026-01-01,6:57:31,0,0
10712,D6FRezJF3rU,hd2160,0.7226804652,72.3,f1,2026-01-01,6:57:32,0,0
10713,D6FRezJF3rU,hd2160,0.7226804652,72.3,f1,2026-01-01,6:57:33,0,0
10714,D6FRezJF3rU,hd2160,0.7359834254,73.6,f1,2026-01-01,6:57:34,0,0
10715,D6FRezJF3rU,hd2160,0.7359834254,73.6,f1,2026-01-01,6:57:35,0,0
10716,D6FRezJF3rU,hd2160,0.7359834254,73.6,f1,2026-01-01,6:57:36,0,0
10717,D6FRezJF3rU,hd2160,0.7359834254,73.6,f1,2026-01-01,6:57:37,0,0
10718,D6FRezJF3rU,hd2160,0.7359834254,73.6,f1,2026-01-01,6:57:38,0,0
10719,D6FRezJF3rU,hd2160,0.7359834254,73.6,f1,2026-01-01,6:57:39,0,0
10720,D6FRezJF3rU,hd2160,0.7521288996,75.2,f1,2026-01-01,6:57:40,0,0
10721,D6FRezJF3rU,hd2160,0.7521288996,75.2,f1,2026-01-01,6:57:41,0,0
10722,D6FRezJF3rU,hd2160,0.7521288996,75.2,f1,2026-01-01,6:57:42,0,0
10723,D6FRezJF3rU,hd2160,0.7521288996,75.2,f1,2026-01-01,6:57:43,0,0
10724,D6FRezJF3rU,hd2160,0.7631578506,76.3,f1,2026-01-01,6:57:44,0,0
10725,D6FRezJF3rU,hd2160,0.7631578506,76.3,f1,2026-01-01,6:57:45,0,0
10726,D6FRezJF3rU,hd2160,0.7631578506,76.3,f1,2026-01-01,6:57:46,0,0
10727,D6FRezJF3rU,hd2160,0.7669099676,76.7,f1,2026-01-01,6:57:47,0,0
10728,D6FRezJF3rU,hd2160,0.7833965399,78.3,f1,2026-01-01,6:57:48,0,0
10729,D6FRezJF3rU,hd2160,0.7833965399,78.3,f1,2026-01-01,6:57:49,0,0
10730,D6FRezJF3rU,hd2160,0.7833965399,78.3,f1,2026-01-01,6:57:50,0,0
10731,D6FRezJF3rU,hd2160,0.7833965399,78.3,f1,2026-01-01,6:57:51,0,0
10732,D6FRezJF3rU,hd2160,0.7939706878,79.4,f1,2026-01-01,6:57:52,0,0
10733,D6FRezJF3rU,hd2160,0.7939706878,79.4,f1,2026-01-01,6:57:53,0,0
10734,D6FRezJF3rU,hd2160,0.7939706878,79.4,f1,2026-01-01,6:57:54,0,0
10735,D6FRezJF3rU,hd2160,0.7939706878,79.4,f1,2026-01-01,6:57:55,0,0
10736,D6FRezJF3rU,hd2160,0.7939706878,79.4,f1,2026-01-01,6:57:56,0,0
10737,D6FRezJF3rU,hd2160,0.8070462481,80.7,f1,2026-01-01,6:57:57,0,0
10738,D6FRezJF3rU,hd2160,0.8070462481,80.7,f1,2026-01-01,6:57:58,0,0
10739,D6FRezJF3rU,hd2160,0.8070462481,80.7,f1,2026-01-01,6:57:59,0,0
10740,D6FRezJF3rU,hd2160,0.8180751991,81.8,f1,2026-01-01,6:58:00,0,0
10741,D6FRezJF3rU,hd2160,0.8180751991,81.8,f1,2026-01-01,6:58:01,0,0
10742,D6FRezJF3rU,hd2160,0.8180751991,81.8,f1,2026-01-01,6:58:02,0,0
10743,D6FRezJF3rU,hd2160,0.8256931313,82.6,f1,2026-01-01,6:58:03,0,0
10744,D6FRezJF3rU,hd2160,0.8256931313,82.6,f1,2026-01-01,6:58:04,0,0
10745,D6FRezJF3rU,hd2160,0.833083667,83.3,f1,2026-01-01,6:58:05,0,0
10746,D6FRezJF3rU,hd2160,0.833083667,83.3,f1,2026-01-01,6:58:06,0,0
10747,D6FRezJF3rU,hd2160,0.833083667,83.3,f1,2026-01-01,6:58:07,0,0
10748,D6FRezJF3rU,hd2160,0.8494565411,84.9,f1,2026-01-01,6:58:08,0,0
10749,D6FRezJF3rU,hd2160,0.8494565411,84.9,f1,2026-01-01,6:58:09,0,0
10750,D6FRezJF3rU,hd2160,0.8494565411,84.9,f1,2026-01-01,6:58:10,0,0
10751,D6FRezJF3rU,hd2160,0.855027864,85.5,f1,2026-01-01,6:58:11,0,0
10752,D6FRezJF3rU,hd2160,0.855027864,85.5,f1,2026-01-01,6:58:12,0,0
10753,D6FRezJF3rU,hd2160,0.855027864,85.5,f1,2026-01-01,6:58:13,0,0
10754,D6FRezJF3rU,hd2160,0.855027864,85.5,f1,2026-01-01,6:58:14,0,0
10755,D6FRezJF3rU,hd2160,0.870718535,87.1,f1,2026-01-01,6:58:15,0,0
10756,D6FRezJF3rU,hd2160,0.870718535,87.1,f1,2026-01-01,6:58:16,0,0
10757,D6FRezJF3rU,hd2160,0.870718535,87.1,f1,2026-01-01,6:58:17,0,0
10758,D6FRezJF3rU,hd2160,0.8762898613,87.6,f1,2026-01-01,6:58:18,0,0
10759,D6FRezJF3rU,hd2160,0.8762898613,87.6,f1,2026-01-01,6:58:19,0,0
10760,D6FRezJF3rU,hd2160,0.8762898613,87.6,f1,2026-01-01,6:58:20,0,0
10761,D6FRezJF3rU,hd2160,0.8905024245,89.1,f1,2026-01-01,6:58:21,0,0
10762,D6FRezJF3rU,hd2160,0.8905024245,89.1,f1,2026-01-01,6:58:22,0,0
10763,D6FRezJF3rU,hd2160,0.8905024245,89.1,f1,2026-01-01,6:58:23,0,0
10764,D6FRezJF3rU,hd2160,0.8997121662,90.0,f1,2026-01-01,6:58:24,0,0
10765,D6FRezJF3rU,hd2160,0.8997121662,90.0,f1,2026-01-01,6:58:25,0,0
10766,D6FRezJF3rU,hd2160,0.9135836312,91.4,f1,2026-01-01,6:58:26,0,0
10767,D6FRezJF3rU,hd2160,0.9135836312,91.4,f1,2026-01-01,6:58:27,0,0
10768,D6FRezJF3rU,hd2160,0.9135836312,91.4,f1,2026-01-01,6:58:28,0,0
10769,D6FRezJF3rU,hd2160,0.9135836312,91.4,f1,2026-01-01,6:58:29,0,0
10770,D6FRezJF3rU,hd2160,0.9135836312,91.4,f1,2026-01-01,6:58:30,0,0
10771,D6FRezJF3rU,hd2160,0.9300702035,93.0,f1,2026-01-01,6:58:31,0,0
10772,D6FRezJF3rU,hd2160,0.9300702035,93.0,f1,2026-01-01,6:58:32,0,0
10773,D6FRezJF3rU,hd2160,0.9300702035,93.0,f1,2026-01-01,6:58:33,0,0
10774,D6FRezJF3rU,hd2160,0.9300702035,93.0,f1,2026-01-01,6:58:34,0,0
10775,D6FRezJF3rU,hd2160,0.9300702035,93.0,f1,2026-01-01,6:58:35,0,0
10776,D6FRezJF3rU,hd2160,0.9521281056,95.2,f1,2026-01-01,6:58:36,0,0
10777,D6FRezJF3rU,hd2160,0.9521281056,95.2,f1,2026-01-01,6:58:37,0,0
10778,D6FRezJF3rU,hd2160,0.9521281056,95.2,f1,2026-01-01,6:58:38,0,0
10779,D6FRezJF3rU,hd2160,0.9521281056,95.2,f1,2026-01-01,6:58:39,0,0
10780,D6FRezJF3rU,hd2160,0.9521281056,95.2,f1,2026-01-01,6:58:40,0,0
10781,D6FRezJF3rU,hd2160,0.9521281056,95.2,f1,2026-01-01,6:58:41,0,0
10782,D6FRezJF3rU,hd2160,0.975891512,97.6,f1,2026-01-01,6:58:42,0,0
10783,D6FRezJF3rU,hd2160,0.975891512,97.6,f1,2026-01-01,6:58:43,0,0
10784,D6FRezJF3rU,hd2160,0.975891512,97.6,f1,2026-01-01,6:58:44,0,0
10785,D6FRezJF3rU,hd2160,0.975891512,97.6,f1,2026-01-01,6:58:45,0,0
10786,D6FRezJF3rU,hd2160,0.975891512,97.6,f1,2026-01-01,6:58:46,0,0
10787,D6FRezJF3rU,hd2160,0.975891512,97.6,f1,2026-01-01,6:58:47,0,0
10788,D6FRezJF3rU,hd2160,0.975891512,97.6,f1,2026-01-01,6:58:48,0,0
10789,D6FRezJF3rU,hd2160,0.9941972937,99.4,f1,2026-01-01,6:58:49,0,0
10790,D6FRezJF3rU,hd2160,0.9941972937,99.4,f1,2026-01-01,6:58:50,0,0
10791,D6FRezJF3rU,hd2160,0.9941972937,99.4,f1,2026-01-01,6:58:51,0,0
10792,D6FRezJF3rU,hd2160,0.9941972937,99.4,f1,2026-01-01,6:58:52,0,0
10793,D6FRezJF3rU,hd2160,0.9941972937,99.4,f1,2026-01-01,6:58:53,0,0
10794,D6FRezJF3rU,hd2160,1.0,100.0,f1,2026-01-01,6:58:54,0,0
10795,D6FRezJF3rU,hd2160,1.0,100.0,f1,2026-01-01,6:58:55,0,0
10796,D6FRezJF3rU,hd2160,1.0,100.0,f1,2026-01-01,6:58:56,0,0
10797,D6FRezJF3rU,hd2160,1.0,100.0,f1,2026-01-01,6:58:57,0,0
10798,D6FRezJF3rU,hd2160,1.0,100.0,f1,2026-01-01,6:58:58,0,0
10799,D6FRezJF3rU,hd2160,1.0,100.0,f1,2026-01-01,6:58:59,0,0
10800,D6FRezJF3rU,hd2160,1.0,100.0,f1,2026-01-01,6:59:00,0,0
10801,D6FRezJF3rU,hd2160,1.0,100.0,f1,2026-01-01,6:59:01,0,0
10802,D6FRezJF3rU,hd2160,1.0,100.0,f1,2026-01-01,6:59:02,0,0
10803,D6FRezJF3rU,hd2160,1.0,100.0,f1,2026-01-01,6:59:03,0,0
10804,D6FRezJF3rU,hd2160,1.0,100.0,f1,2026-01-01,6:59:04,0,0
10805,D6FRezJF3rU,hd2160,1.0,100.0,f1,2026-01-01,6:59:05,0,0
10806,D6FRezJF3rU,hd2160,1.0,100.0,f1,2026-01-01,6:59:06,0,0
10807,D6FRezJF3rU,hd2160,1.0,100.0,f1,2026-01-01,6:59:07,0,0
10808,D6FRezJF3rU,hd2160,1.0,100.0,f1,2026-01-01,6:59:08,0,0
10809,D6FRezJF3rU,hd2160,1.0,100.0,f1,2026-01-01,6:59:09,0,0
10810,D6FRezJF3rU,hd2160,1.0,100.0,f1,2026-01-01,6:59:10,0,0
10811,D6FRezJF3rU,hd2160,1.0,100.0,f1,2026-01-01,6:59:11,0,0
10812,D6FRezJF3rU,hd2160,1.0,100.0,f1,2026-01-01,6:59:12,0,0
10813,D6FRezJF3rU,hd2160,1.0,100.0,f1,2026-01-01,6:59:13,0,0
10814,D6FRezJF3rU,hd2160,1.0,100.0,f1,2026-01-01,6:59:14,0,0
10815,D6FRezJF3rU,hd2160,1.0,100.0,f1,2026-01-01,6:59:15,0,0
10816,D6FRezJF3rU,hd2160,1.0,100.0,f1,2026-01-01,6:59:16,0,0
10817,D6FRezJF3rU,hd2160,1.0,100.0,f1,2026-01-01,6:59:17,0,0
10818,D6FRezJF3rU,hd2160,1.0,100.0,f1,2026-01-01,6:59:18,0,0
10819,D6FRezJF3rU,hd2160,1.0,100.0,f1,2026-01-01,6:59:19,0,0
10820,D6FRezJF3rU,hd2160,1.0,100.0,f1,2026-01-01,6:59:20,0,0
10821,D6FRezJF3rU,hd2160,1.0,100.0,f1,2026-01-01,6:59:21,0,0
10822,D6FRezJF3rU,hd2160,1.0,100.0,f1,2026-01-01,6:59:22,0,0
10823,D6FRezJF3rU,hd2160,1.0,100.0,f1,2026-01-01,6:59:23,0,0
10824,D6FRezJF3rU,hd2160,1.0,100.0,f1,2026-01-01,6:59:24,0,0
10825,D6FRezJF3rU,hd2160,1.0,100.0,f1,2026-01-01,6:59:25,0,0
10826,D6FRezJF3rU,hd2160,1.0,100.0,f1,2026-01-01,6:59:26,0,0
10827,D6FRezJF3rU,hd2160,1.0,100.0,f1,2026-01-01,6:59:27,0,0
10828,KGerjHMa90s,hd2160,0.01021222404,1.0,f2,2026-01-01,7:00:33,0,0
10829,KGerjHMa90s,hd2160,0.03881710689,3.9,f2,2026-01-01,7:00:34,0,0
10830,KGerjHMa90s,hd2160,0.05262272804,5.3,f2,2026-01-01,7:00:35,0,0
10831,KGerjHMa90s,hd2160,0.05262272804,5.3,f2,2026-01-01,7:00:36,0,0
10832,KGerjHMa90s,hd2160,0.05262272804,5.3,f2,2026-01-01,7:00:37,0,0
10833,KGerjHMa90s,hd2160,0.06024271563,6.0,f2,2026-01-01,7:00:38,0,0
10834,KGerjHMa90s,hd2160,0.06024271563,6.0,f2,2026-01-01,7:00:39,0,0
10835,KGerjHMa90s,hd2160,0.06024271563,6.0,f2,2026-01-01,7:00:40,0,0
10836,KGerjHMa90s,hd2160,0.06526294126,6.5,f2,2026-01-01,7:00:41,0,0
10837,KGerjHMa90s,hd2160,0.06526294126,6.5,f2,2026-01-01,7:00:42,0,0
10838,KGerjHMa90s,hd2160,0.07001422887,7.0,f2,2026-01-01,7:00:43,0,0
10839,KGerjHMa90s,hd2160,0.07001422887,7.0,f2,2026-01-01,7:00:44,0,0
10840,KGerjHMa90s,hd2160,0.07673774654,7.7,f2,2026-01-01,7:00:45,0,0
10841,KGerjHMa90s,hd2160,0.08301302791,8.3,f2,2026-01-01,7:00:46,0,0
10842,KGerjHMa90s,hd2160,0.08301302791,8.3,f2,2026-01-01,7:00:47,0,0
10843,KGerjHMa90s,hd2160,0.08435773144,8.4,f2,2026-01-01,7:00:48,0,0
10844,KGerjHMa90s,hd2160,0.08749537481,8.7,f2,2026-01-01,7:00:49,0,0
10845,KGerjHMa90s,hd2160,0.09305348186,9.3,f2,2026-01-01,7:00:50,0,0
10846,KGerjHMa90s,hd2160,0.09305348186,9.3,f2,2026-01-01,7:00:51,0,0
10847,KGerjHMa90s,hd2160,0.09305348186,9.3,f2,2026-01-01,7:00:52,0,0
10848,KGerjHMa90s,hd2160,0.09816335528,9.8,f2,2026-01-01,7:00:53,0,0
10849,KGerjHMa90s,hd2160,0.09816335528,9.8,f2,2026-01-01,7:00:54,0,0
10850,KGerjHMa90s,hd2160,0.1037214623,10.4,f2,2026-01-01,7:00:55,0,0
10851,KGerjHMa90s,hd2160,0.1037214623,10.4,f2,2026-01-01,7:00:56,0,0
10852,KGerjHMa90s,hd2160,0.1091002765,10.9,f2,2026-01-01,7:00:57,0,0
10853,KGerjHMa90s,hd2160,0.1091002765,10.9,f2,2026-01-01,7:00:58,0,0
10854,KGerjHMa90s,hd2160,0.1136722685,11.4,f2,2026-01-01,7:00:59,0,0
10855,KGerjHMa90s,hd2160,0.1136722685,11.4,f2,2026-01-01,7:01:00,0,0
10856,KGerjHMa90s,hd2160,0.1194993189,11.9,f2,2026-01-01,7:01:01,0,0
10857,KGerjHMa90s,hd2160,0.1246988375,12.5,f2,2026-01-01,7:01:02,0,0
10858,KGerjHMa90s,hd2160,0.1246988375,12.5,f2,2026-01-01,7:01:03,0,0
10859,KGerjHMa90s,hd2160,0.1246988375,12.5,f2,2026-01-01,7:01:04,0,0
10860,KGerjHMa90s,hd2160,0.1304362401,13.0,f2,2026-01-01,7:01:05,0,0
10861,KGerjHMa90s,hd2160,0.1371597578,13.7,f2,2026-01-01,7:01:06,0,0
10862,KGerjHMa90s,hd2160,0.1371597578,13.7,f2,2026-01-01,7:01:07,0,0
10863,KGerjHMa90s,hd2160,0.1371597578,13.7,f2,2026-01-01,7:01:08,0,0
10864,KGerjHMa90s,hd2160,0.1402973984,14.0,f2,2026-01-01,7:01:09,0,0
10865,KGerjHMa90s,hd2160,0.1402973984,14.0,f2,2026-01-01,7:01:10,0,0
10866,KGerjHMa90s,hd2160,0.1446900976,14.5,f2,2026-01-01,7:01:11,0,0
10867,KGerjHMa90s,hd2160,0.1501585595,15.0,f2,2026-01-01,7:01:12,0,0
10868,KGerjHMa90s,hd2160,0.1501585595,15.0,f2,2026-01-01,7:01:13,0,0
10869,KGerjHMa90s,hd2160,0.1558959594,15.6,f2,2026-01-01,7:01:14,0,0
10870,KGerjHMa90s,hd2160,0.1558959594,15.6,f2,2026-01-01,7:01:15,0,0
10871,KGerjHMa90s,hd2160,0.1602886585,16.0,f2,2026-01-01,7:01:16,0,0
10872,KGerjHMa90s,hd2160,0.1602886585,16.0,f2,2026-01-01,7:01:17,0,0
10873,KGerjHMa90s,hd2160,0.1660260612,16.6,f2,2026-01-01,7:01:18,0,0
10874,KGerjHMa90s,hd2160,0.1660260612,16.6,f2,2026-01-01,7:01:19,0,0
10875,KGerjHMa90s,hd2160,0.1714945204,17.1,f2,2026-01-01,7:01:20,0,0
10876,KGerjHMa90s,hd2160,0.1714945204,17.1,f2,2026-01-01,7:01:21,0,0
10877,KGerjHMa90s,hd2160,0.1714945204,17.1,f2,2026-01-01,7:01:22,0,0
10878,KGerjHMa90s,hd2160,0.176245808,17.6,f2,2026-01-01,7:01:23,0,0
10879,KGerjHMa90s,hd2160,0.1824314443,18.2,f2,2026-01-01,7:01:24,0,0
10880,KGerjHMa90s,hd2160,0.1824314443,18.2,f2,2026-01-01,7:01:25,0,0
10881,KGerjHMa90s,hd2160,0.1870930814,18.7,f2,2026-01-01,7:01:26,0,0
10882,KGerjHMa90s,hd2160,0.1870930814,18.7,f2,2026-01-01,7:01:27,0,0
10883,KGerjHMa90s,hd2160,0.1945337761,19.5,f2,2026-01-01,7:01:28,0,0
10884,KGerjHMa90s,hd2160,0.1945337761,19.5,f2,2026-01-01,7:01:29,0,0
10885,KGerjHMa90s,hd2160,0.1945337761,19.5,f2,2026-01-01,7:01:30,0,0
10886,KGerjHMa90s,hd2160,0.2026916424,20.3,f2,2026-01-01,7:01:31,0,0
10887,KGerjHMa90s,hd2160,0.2026916424,20.3,f2,2026-01-01,7:01:32,0,0
10888,KGerjHMa90s,hd2160,0.2096841008,21.0,f2,2026-01-01,7:01:33,0,0
10889,KGerjHMa90s,hd2160,0.2096841008,21.0,f2,2026-01-01,7:01:34,0,0
10890,KGerjHMa90s,hd2160,0.2096841008,21.0,f2,2026-01-01,7:01:35,0,0
10891,KGerjHMa90s,hd2160,0.2160490326,21.6,f2,2026-01-01,7:01:36,0,0
10892,KGerjHMa90s,hd2160,0.2160490326,21.6,f2,2026-01-01,7:01:37,0,0
10893,KGerjHMa90s,hd2160,0.2182902034,21.8,f2,2026-01-01,7:01:38,0,0
10894,KGerjHMa90s,hd2160,0.2212485512,22.1,f2,2026-01-01,7:01:39,0,0
10895,KGerjHMa90s,hd2160,0.2212485512,22.1,f2,2026-01-01,7:01:40,0,0
10896,KGerjHMa90s,hd2160,0.2271652467,22.7,f2,2026-01-01,7:01:41,0,0
10897,KGerjHMa90s,hd2160,0.2271652467,22.7,f2,2026-01-01,7:01:42,0,0
10898,KGerjHMa90s,hd2160,0.2329026494,23.3,f2,2026-01-01,7:01:43,0,0
10899,KGerjHMa90s,hd2160,0.2329026494,23.3,f2,2026-01-01,7:01:44,0,0
10900,KGerjHMa90s,hd2160,0.2363092308,23.6,f2,2026-01-01,7:01:45,0,0
10901,KGerjHMa90s,hd2160,0.2363092308,23.6,f2,2026-01-01,7:01:46,0,0
10902,KGerjHMa90s,hd2160,0.2426741626,24.3,f2,2026-01-01,7:01:47,0,0
10903,KGerjHMa90s,hd2160,0.2426741626,24.3,f2,2026-01-01,7:01:48,0,0
10904,KGerjHMa90s,hd2160,0.2494873254,24.9,f2,2026-01-01,7:01:49,0,0
10905,KGerjHMa90s,hd2160,0.2494873254,24.9,f2,2026-01-01,7:01:50,0,0
10906,KGerjHMa90s,hd2160,0.2548661395,25.5,f2,2026-01-01,7:01:51,0,0
10907,KGerjHMa90s,hd2160,0.2548661395,25.5,f2,2026-01-01,7:01:52,0,0
10908,KGerjHMa90s,hd2160,0.2605138944,26.1,f2,2026-01-01,7:01:53,0,0
10909,KGerjHMa90s,hd2160,0.2605138944,26.1,f2,2026-01-01,7:01:54,0,0
10910,KGerjHMa90s,hd2160,0.2614205765,26.1,f2,2026-01-01,7:01:55,0,0
10911,KGerjHMa90s,hd2160,0.2690303519,26.9,f2,2026-01-01,7:01:56,0,0
10912,KGerjHMa90s,hd2160,0.2690303519,26.9,f2,2026-01-01,7:01:57,0,0
10913,KGerjHMa90s,hd2160,0.2690303519,26.9,f2,2026-01-01,7:01:58,0,0
10914,KGerjHMa90s,hd2160,0.2729748147,27.3,f2,2026-01-01,7:01:59,0,0
10915,KGerjHMa90s,hd2160,0.2729748147,27.3,f2,2026-01-01,7:02:00,0,0
10916,KGerjHMa90s,hd2160,0.2806844474,28.1,f2,2026-01-01,7:02:01,0,0
10917,KGerjHMa90s,hd2160,0.2806844474,28.1,f2,2026-01-01,7:02:02,0,0
10918,KGerjHMa90s,hd2160,0.2850771465,28.5,f2,2026-01-01,7:02:03,0,0
10919,KGerjHMa90s,hd2160,0.2850771465,28.5,f2,2026-01-01,7:02:04,0,0
10920,KGerjHMa90s,hd2160,0.2922488978,29.2,f2,2026-01-01,7:02:05,0,0
10921,KGerjHMa90s,hd2160,0.2922488978,29.2,f2,2026-01-01,7:02:06,0,0
10922,KGerjHMa90s,hd2160,0.2962830084,29.6,f2,2026-01-01,7:02:07,0,0
10923,KGerjHMa90s,hd2160,0.2978070075,29.8,f2,2026-01-01,7:02:08,0,0
10924,KGerjHMa90s,hd2160,0.3057855809,30.6,f2,2026-01-01,7:02:09,0,0
10925,KGerjHMa90s,hd2160,0.3057855809,30.6,f2,2026-01-01,7:02:10,0,0
10926,KGerjHMa90s,hd2160,0.3097300437,31.0,f2,2026-01-01,7:02:11,0,0
10927,KGerjHMa90s,hd2160,0.3097300437,31.0,f2,2026-01-01,7:02:12,0,0
10928,KGerjHMa90s,hd2160,0.3171707384,31.7,f2,2026-01-01,7:02:13,0,0
10929,KGerjHMa90s,hd2160,0.3171707384,31.7,f2,2026-01-01,7:02:14,0,0
10930,KGerjHMa90s,hd2160,0.3171707384,31.7,f2,2026-01-01,7:02:15,0,0
10931,KGerjHMa90s,hd2160,0.3171707384,31.7,f2,2026-01-01,7:02:16,0,0
10932,KGerjHMa90s,hd2160,0.3252389596,32.5,f2,2026-01-01,7:02:17,0,0
10933,KGerjHMa90s,hd2160,0.3252389596,32.5,f2,2026-01-01,7:02:18,0,0
10934,KGerjHMa90s,hd2160,0.3252389596,32.5,f2,2026-01-01,7:02:19,0,0
10935,KGerjHMa90s,hd2160,0.3333071808,33.3,f2,2026-01-01,7:02:20,0,0
10936,KGerjHMa90s,hd2160,0.3333071808,33.3,f2,2026-01-01,7:02:21,0,0
10937,KGerjHMa90s,hd2160,0.3419132834,34.2,f2,2026-01-01,7:02:22,0,0
10938,KGerjHMa90s,hd2160,0.3419132834,34.2,f2,2026-01-01,7:02:23,0,0
10939,KGerjHMa90s,hd2160,0.3419132834,34.2,f2,2026-01-01,7:02:24,0,0
10940,KGerjHMa90s,hd2160,0.3460370391,34.6,f2,2026-01-01,7:02:25,0,0
10941,KGerjHMa90s,hd2160,0.3460370391,34.6,f2,2026-01-01,7:02:26,0,0
10942,KGerjHMa90s,hd2160,0.3515055011,35.2,f2,2026-01-01,7:02:27,0,0
10943,KGerjHMa90s,hd2160,0.3515055011,35.2,f2,2026-01-01,7:02:28,0,0
10944,KGerjHMa90s,hd2160,0.3546431417,35.5,f2,2026-01-01,7:02:29,0,0
10945,KGerjHMa90s,hd2160,0.3575118444,35.8,f2,2026-01-01,7:02:30,0,0
10946,KGerjHMa90s,hd2160,0.3586772523,35.9,f2,2026-01-01,7:02:31,0,0
10947,KGerjHMa90s,hd2160,0.3630699515,36.3,f2,2026-01-01,7:02:32,0,0
10948,KGerjHMa90s,hd2160,0.3697934691,37.0,f2,2026-01-01,7:02:33,0,0
10949,KGerjHMa90s,hd2160,0.3697934691,37.0,f2,2026-01-01,7:02:34,0,0
10950,KGerjHMa90s,hd2160,0.3697934691,37.0,f2,2026-01-01,7:02:35,0,0
10951,KGerjHMa90s,hd2160,0.3742758133,37.4,f2,2026-01-01,7:02:36,0,0
10952,KGerjHMa90s,hd2160,0.3742758133,37.4,f2,2026-01-01,7:02:37,0,0
10953,KGerjHMa90s,hd2160,0.3815372124,38.2,f2,2026-01-01,7:02:38,0,0
10954,KGerjHMa90s,hd2160,0.3815372124,38.2,f2,2026-01-01,7:02:39,0,0
10955,KGerjHMa90s,hd2160,0.3815372124,38.2,f2,2026-01-01,7:02:40,0,0
10956,KGerjHMa90s,hd2160,0.3898743743,39.0,f2,2026-01-01,7:02:41,0,0
10957,KGerjHMa90s,hd2160,0.3898743743,39.0,f2,2026-01-01,7:02:42,0,0
10958,KGerjHMa90s,hd2160,0.3957014248,39.6,f2,2026-01-01,7:02:43,0,0
10959,KGerjHMa90s,hd2160,0.3957014248,39.6,f2,2026-01-01,7:02:44,0,0
10960,KGerjHMa90s,hd2160,0.3957014248,39.6,f2,2026-01-01,7:02:45,0,0
10961,KGerjHMa90s,hd2160,0.3957014248,39.6,f2,2026-01-01,7:02:46,0,0
10962,KGerjHMa90s,hd2160,0.4043075274,40.4,f2,2026-01-01,7:02:47,0,0
10963,KGerjHMa90s,hd2160,0.4055625831,40.6,f2,2026-01-01,7:02:48,0,0
10964,KGerjHMa90s,hd2160,0.4098656344,41.0,f2,2026-01-01,7:02:49,0,0
10965,KGerjHMa90s,hd2160,0.4098656344,41.0,f2,2026-01-01,7:02:50,0,0
10966,KGerjHMa90s,hd2160,0.4098656344,41.0,f2,2026-01-01,7:02:51,0,0
10967,KGerjHMa90s,hd2160,0.4192785592,41.9,f2,2026-01-01,7:02:52,0,0
10968,KGerjHMa90s,hd2160,0.4192785592,41.9,f2,2026-01-01,7:02:53,0,0
10969,KGerjHMa90s,hd2160,0.4192785592,41.9,f2,2026-01-01,7:02:54,0,0
10970,KGerjHMa90s,hd2160,0.4257331361,42.6,f2,2026-01-01,7:02:55,0,0
10971,KGerjHMa90s,hd2160,0.4257331361,42.6,f2,2026-01-01,7:02:56,0,0
10972,KGerjHMa90s,hd2160,0.4326359467,43.3,f2,2026-01-01,7:02:57,0,0
10973,KGerjHMa90s,hd2160,0.4326359467,43.3,f2,2026-01-01,7:02:58,0,0
10974,KGerjHMa90s,hd2160,0.4366700573,43.7,f2,2026-01-01,7:02:59,0,0
10975,KGerjHMa90s,hd2160,0.4387319379,43.9,f2,2026-01-01,7:03:00,0,0
10976,KGerjHMa90s,hd2160,0.4387319379,43.9,f2,2026-01-01,7:03:01,0,0
10977,KGerjHMa90s,hd2160,0.4439314564,44.4,f2,2026-01-01,7:03:02,0,0
10978,KGerjHMa90s,hd2160,0.4491309776,44.9,f2,2026-01-01,7:03:03,0,0
10979,KGerjHMa90s,hd2160,0.4491309776,44.9,f2,2026-01-01,7:03:04,0,0
10980,KGerjHMa90s,hd2160,0.4522686183,45.2,f2,2026-01-01,7:03:05,0,0
10981,KGerjHMa90s,hd2160,0.4539719103,45.4,f2,2026-01-01,7:03:06,0,0
10982,KGerjHMa90s,hd2160,0.4539719103,45.4,f2,2026-01-01,7:03:07,0,0
10983,KGerjHMa90s,hd2160,0.4596196652,46.0,f2,2026-01-01,7:03:08,0,0
10984,KGerjHMa90s,hd2160,0.4596196652,46.0,f2,2026-01-01,7:03:09,0,0
10985,KGerjHMa90s,hd2160,0.4659845943,46.6,f2,2026-01-01,7:03:10,0,0
10986,KGerjHMa90s,hd2160,0.4659845943,46.6,f2,2026-01-01,7:03:11,0,0
10987,KGerjHMa90s,hd2160,0.4708255271,47.1,f2,2026-01-01,7:03:12,0,0
10988,KGerjHMa90s,hd2160,0.4708255271,47.1,f2,2026-01-01,7:03:13,0,0
10989,KGerjHMa90s,hd2160,0.4765629297,47.7,f2,2026-01-01,7:03:14,0,0
10990,KGerjHMa90s,hd2160,0.4765629297,47.7,f2,2026-01-01,7:03:15,0,0
10991,KGerjHMa90s,hd2160,0.4820313916,48.2,f2,2026-01-01,7:03:16,0,0
10992,KGerjHMa90s,hd2160,0.4820313916,48.2,f2,2026-01-01,7:03:17,0,0
10993,KGerjHMa90s,hd2160,0.4882170279,48.8,f2,2026-01-01,7:03:18,0,0
10994,KGerjHMa90s,hd2160,0.4882170279,48.8,f2,2026-01-01,7:03:19,0,0
10995,KGerjHMa90s,hd2160,0.4935061942,49.4,f2,2026-01-01,7:03:20,0,0
10996,KGerjHMa90s,hd2160,0.4990643013,49.9,f2,2026-01-01,7:03:21,0,0
10997,KGerjHMa90s,hd2160,0.4990643013,49.9,f2,2026-01-01,7:03:22,0,0
10998,KGerjHMa90s,hd2160,0.4990643013,49.9,f2,2026-01-01,7:03:23,0,0
10999,KGerjHMa90s,hd2160,0.5027398261,50.3,f2,2026-01-01,7:03:24,0,0
11000,KGerjHMa90s,hd2160,0.5027398261,50.3,f2,2026-01-01,7:03:25,0,0
11001,KGerjHMa90s,hd2160,0.5058774667,50.6,f2,2026-01-01,7:03:26,0,0
11002,KGerjHMa90s,hd2160,0.5058774667,50.6,f2,2026-01-01,7:03:27,0,0
11003,KGerjHMa90s,hd2160,0.5058774667,50.6,f2,2026-01-01,7:03:28,0,0
11004,KGerjHMa90s,hd2160,0.5161868614,51.6,f2,2026-01-01,7:03:29,0,0
11005,KGerjHMa90s,hd2160,0.5161868614,51.6,f2,2026-01-01,7:03:30,0,0
11006,KGerjHMa90s,hd2160,0.5262273127,52.6,f2,2026-01-01,7:03:31,0,0
11007,KGerjHMa90s,hd2160,0.5262273127,52.6,f2,2026-01-01,7:03:32,0,0
11008,KGerjHMa90s,hd2160,0.5262273127,52.6,f2,2026-01-01,7:03:33,0,0
11009,KGerjHMa90s,hd2160,0.5302614233,53.0,f2,2026-01-01,7:03:34,0,0
11010,KGerjHMa90s,hd2160,0.5346541224,53.5,f2,2026-01-01,7:03:35,0,0
11011,KGerjHMa90s,hd2160,0.5346541224,53.5,f2,2026-01-01,7:03:36,0,0
11012,KGerjHMa90s,hd2160,0.5445152807,54.5,f2,2026-01-01,7:03:37,0,0
11013,KGerjHMa90s,hd2160,0.5445152807,54.5,f2,2026-01-01,7:03:38,0,0
11014,KGerjHMa90s,hd2160,0.5445152807,54.5,f2,2026-01-01,7:03:39,0,0
11015,KGerjHMa90s,hd2160,0.5480115099,54.8,f2,2026-01-01,7:03:40,0,0
11016,KGerjHMa90s,hd2160,0.5480115099,54.8,f2,2026-01-01,7:03:41,0,0
11017,KGerjHMa90s,hd2160,0.5480115099,54.8,f2,2026-01-01,7:03:42,0,0
11018,KGerjHMa90s,hd2160,0.5543764418,55.4,f2,2026-01-01,7:03:43,0,0
11019,KGerjHMa90s,hd2160,0.5543764418,55.4,f2,2026-01-01,7:03:44,0,0
11020,KGerjHMa90s,hd2160,0.5611896045,56.1,f2,2026-01-01,7:03:45,0,0
11021,KGerjHMa90s,hd2160,0.5611896045,56.1,f2,2026-01-01,7:03:46,0,0
11022,KGerjHMa90s,hd2160,0.5658512444,56.6,f2,2026-01-01,7:03:47,0,0
11023,KGerjHMa90s,hd2160,0.5658512444,56.6,f2,2026-01-01,7:03:48,0,0
11024,KGerjHMa90s,hd2160,0.5716782921,57.2,f2,2026-01-01,7:03:49,0,0
11025,KGerjHMa90s,hd2160,0.5716782921,57.2,f2,2026-01-01,7:03:50,0,0
11026,KGerjHMa90s,hd2160,0.5770571062,57.7,f2,2026-01-01,7:03:51,0,0
11027,KGerjHMa90s,hd2160,0.5770571062,57.7,f2,2026-01-01,7:03:52,0,0
11028,KGerjHMa90s,hd2160,0.5886215566,58.9,f2,2026-01-01,7:03:53,0,0
11029,KGerjHMa90s,hd2160,0.5886215566,58.9,f2,2026-01-01,7:03:54,0,0
11030,KGerjHMa90s,hd2160,0.5886215566,58.9,f2,2026-01-01,7:03:55,0,0
11031,KGerjHMa90s,hd2160,0.5886215566,58.9,f2,2026-01-01,7:03:56,0,0
11032,KGerjHMa90s,hd2160,0.5903248487,59.0,f2,2026-01-01,7:03:57,0,0
11033,KGerjHMa90s,hd2160,0.5949864885,59.5,f2,2026-01-01,7:03:58,0,0
11034,KGerjHMa90s,hd2160,0.5949864885,59.5,f2,2026-01-01,7:03:59,0,0
11035,KGerjHMa90s,hd2160,0.5949864885,59.5,f2,2026-01-01,7:04:00,0,0
11036,KGerjHMa90s,hd2160,0.600186007,60.0,f2,2026-01-01,7:04:01,0,0
11037,KGerjHMa90s,hd2160,0.600186007,60.0,f2,2026-01-01,7:04:02,0,0
11038,KGerjHMa90s,hd2160,0.6078059946,60.8,f2,2026-01-01,7:04:03,0,0
11039,KGerjHMa90s,hd2160,0.611212576,61.1,f2,2026-01-01,7:04:04,0,0
11040,KGerjHMa90s,hd2160,0.611212576,61.1,f2,2026-01-01,7:04:05,0,0
11041,KGerjHMa90s,hd2160,0.6170396264,61.7,f2,2026-01-01,7:04:06,0,0
11042,KGerjHMa90s,hd2160,0.6170396264,61.7,f2,2026-01-01,7:04:07,0,0
11043,KGerjHMa90s,hd2160,0.6238527892,62.4,f2,2026-01-01,7:04:08,0,0
11044,KGerjHMa90s,hd2160,0.6238527892,62.4,f2,2026-01-01,7:04:09,0,0
11045,KGerjHMa90s,hd2160,0.6273490184,62.7,f2,2026-01-01,7:04:10,0,0
11046,KGerjHMa90s,hd2160,0.6273490184,62.7,f2,2026-01-01,7:04:11,0,0
11047,KGerjHMa90s,hd2160,0.6315624246,63.2,f2,2026-01-01,7:04:12,0,0
11048,KGerjHMa90s,hd2160,0.6315624246,63.2,f2,2026-01-01,7:04:13,0,0
11049,KGerjHMa90s,hd2160,0.6394513502,63.9,f2,2026-01-01,7:04:14,0,0
11050,KGerjHMa90s,hd2160,0.6394513502,63.9,f2,2026-01-01,7:04:15,0,0
11051,KGerjHMa90s,hd2160,0.6442026378,64.4,f2,2026-01-01,7:04:16,0,0
11052,KGerjHMa90s,hd2160,0.6442026378,64.4,f2,2026-01-01,7:04:17,0,0
11053,KGerjHMa90s,hd2160,0.6442026378,64.4,f2,2026-01-01,7:04:18,0,0
11054,KGerjHMa90s,hd2160,0.6524501519,65.2,f2,2026-01-01,7:04:19,0,0
11055,KGerjHMa90s,hd2160,0.6524501519,65.2,f2,2026-01-01,7:04:20,0,0
11056,KGerjHMa90s,hd2160,0.6550499112,65.5,f2,2026-01-01,7:04:21,0,0
11057,KGerjHMa90s,hd2160,0.6594426103,65.9,f2,2026-01-01,7:04:22,0,0
11058,KGerjHMa90s,hd2160,0.6674914898,66.7,f2,2026-01-01,7:04:23,0,0
11059,KGerjHMa90s,hd2160,0.6674914898,66.7,f2,2026-01-01,7:04:24,0,0
11060,KGerjHMa90s,hd2160,0.6674914898,66.7,f2,2026-01-01,7:04:25,0,0
11061,KGerjHMa90s,hd2160,0.6706484722,67.1,f2,2026-01-01,7:04:26,0,0
11062,KGerjHMa90s,hd2160,0.6823922182,68.2,f2,2026-01-01,7:04:27,0,0
11063,KGerjHMa90s,hd2160,0.6823922182,68.2,f2,2026-01-01,7:04:28,0,0
11064,KGerjHMa90s,hd2160,0.6823922182,68.2,f2,2026-01-01,7:04:29,0,0
11065,KGerjHMa90s,hd2160,0.6823922182,68.2,f2,2026-01-01,7:04:30,0,0
11066,KGerjHMa90s,hd2160,0.6823922182,68.2,f2,2026-01-01,7:04:31,0,0
11067,KGerjHMa90s,hd2160,0.6823922182,68.2,f2,2026-01-01,7:04:32,0,0
11068,KGerjHMa90s,hd2160,0.6947634907,69.5,f2,2026-01-01,7:04:33,0,0
11069,KGerjHMa90s,hd2160,0.6947634907,69.5,f2,2026-01-01,7:04:34,0,0
11070,KGerjHMa90s,hd2160,0.6947634907,69.5,f2,2026-01-01,7:04:35,0,0
11071,KGerjHMa90s,hd2160,0.6947634907,69.5,f2,2026-01-01,7:04:36,0,0
11072,KGerjHMa90s,hd2160,0.6947634907,69.5,f2,2026-01-01,7:04:37,0,0
11073,KGerjHMa90s,hd2160,0.7018455942,70.2,f2,2026-01-01,7:04:38,0,0
11074,KGerjHMa90s,hd2160,0.7057900597,70.6,f2,2026-01-01,7:04:39,0,0
11075,KGerjHMa90s,hd2160,0.710093111,71.0,f2,2026-01-01,7:04:40,0,0
11076,KGerjHMa90s,hd2160,0.710093111,71.0,f2,2026-01-01,7:04:41,0,0
11077,KGerjHMa90s,hd2160,0.715651218,71.6,f2,2026-01-01,7:04:42,0,0
11078,KGerjHMa90s,hd2160,0.715651218,71.6,f2,2026-01-01,7:04:43,0,0
11079,KGerjHMa90s,hd2160,0.7174441552,71.7,f2,2026-01-01,7:04:44,0,0
11080,KGerjHMa90s,hd2160,0.7204025029,72.0,f2,2026-01-01,7:04:45,0,0
11081,KGerjHMa90s,hd2160,0.7261399056,72.6,f2,2026-01-01,7:04:46,0,0
11082,KGerjHMa90s,hd2160,0.7261399056,72.6,f2,2026-01-01,7:04:47,0,0
11083,KGerjHMa90s,hd2160,0.7318773082,73.2,f2,2026-01-01,7:04:48,0,0
11084,KGerjHMa90s,hd2160,0.7318773082,73.2,f2,2026-01-01,7:04:49,0,0
11085,KGerjHMa90s,hd2160,0.7318773082,73.2,f2,2026-01-01,7:04:50,0,0
11086,KGerjHMa90s,hd2160,0.7374354153,73.7,f2,2026-01-01,7:04:51,0,0
11087,KGerjHMa90s,hd2160,0.7374354153,73.7,f2,2026-01-01,7:04:52,0,0
11088,KGerjHMa90s,hd2160,0.7431728179,74.3,f2,2026-01-01,7:04:53,0,0
11089,KGerjHMa90s,hd2160,0.7431728179,74.3,f2,2026-01-01,7:04:54,0,0
11090,KGerjHMa90s,hd2160,0.7486412772,74.9,f2,2026-01-01,7:04:55,0,0
11091,KGerjHMa90s,hd2160,0.7486412772,74.9,f2,2026-01-01,7:04:56,0,0
11092,KGerjHMa90s,hd2160,0.7503445692,75.0,f2,2026-01-01,7:04:57,0,0
11093,KGerjHMa90s,hd2160,0.7503445692,75.0,f2,2026-01-01,7:04:58,0,0
11094,KGerjHMa90s,hd2160,0.7576956161,75.8,f2,2026-01-01,7:04:59,0,0
11095,KGerjHMa90s,hd2160,0.7642398382,76.4,f2,2026-01-01,7:05:00,0,0
11096,KGerjHMa90s,hd2160,0.7642398382,76.4,f2,2026-01-01,7:05:01,0,0
11097,KGerjHMa90s,hd2160,0.7642398382,76.4,f2,2026-01-01,7:05:02,0,0
11098,KGerjHMa90s,hd2160,0.7687221851,76.9,f2,2026-01-01,7:05:03,0,0
11099,KGerjHMa90s,hd2160,0.7717899737,77.2,f2,2026-01-01,7:05:04,0,0
11100,KGerjHMa90s,hd2160,0.7769696992,77.7,f2,2026-01-01,7:05:05,0,0
11101,KGerjHMa90s,hd2160,0.7769696992,77.7,f2,2026-01-01,7:05:06,0,0
11102,KGerjHMa90s,hd2160,0.7769696992,77.7,f2,2026-01-01,7:05:07,0,0
11103,KGerjHMa90s,hd2160,0.7830656876,78.3,f2,2026-01-01,7:05:08,0,0
11104,KGerjHMa90s,hd2160,0.7830656876,78.3,f2,2026-01-01,7:05:09,0,0
11105,KGerjHMa90s,hd2160,0.7882652089,78.8,f2,2026-01-01,7:05:10,0,0
11106,KGerjHMa90s,hd2160,0.7882652089,78.8,f2,2026-01-01,7:05:11,0,0
11107,KGerjHMa90s,hd2160,0.7937336708,79.4,f2,2026-01-01,7:05:12,0,0
11108,KGerjHMa90s,hd2160,0.7954369601,79.5,f2,2026-01-01,7:05:13,0,0
11109,KGerjHMa90s,hd2160,0.7983953079,79.8,f2,2026-01-01,7:05:14,0,0
11110,KGerjHMa90s,hd2160,0.7983953079,79.8,f2,2026-01-01,7:05:15,0,0
11111,KGerjHMa90s,hd2160,0.8038637698,80.4,f2,2026-01-01,7:05:16,0,0
11112,KGerjHMa90s,hd2160,0.8100494061,81.0,f2,2026-01-01,7:05:17,0,0
11113,KGerjHMa90s,hd2160,0.8100494061,81.0,f2,2026-01-01,7:05:18,0,0
11114,KGerjHMa90s,hd2160,0.8154282202,81.5,f2,2026-01-01,7:05:19,0,0
11115,KGerjHMa90s,hd2160,0.8154282202,81.5,f2,2026-01-01,7:05:20,0,0
11116,KGerjHMa90s,hd2160,0.8221517379,82.2,f2,2026-01-01,7:05:21,0,0
11117,KGerjHMa90s,hd2160,0.8221517379,82.2,f2,2026-01-01,7:05:22,0,0
11118,KGerjHMa90s,hd2160,0.8221517379,82.2,f2,2026-01-01,7:05:23,0,0
11119,KGerjHMa90s,hd2160,0.8266340821,82.7,f2,2026-01-01,7:05:24,0,0
11120,KGerjHMa90s,hd2160,0.8266340821,82.7,f2,2026-01-01,7:05:25,0,0
11121,KGerjHMa90s,hd2160,0.831116429,83.1,f2,2026-01-01,7:05:26,0,0
11122,KGerjHMa90s,hd2160,0.831116429,83.1,f2,2026-01-01,7:05:27,0,0
11123,KGerjHMa90s,hd2160,0.8374813582,83.7,f2,2026-01-01,7:05:28,0,0
11124,KGerjHMa90s,hd2160,0.8374813582,83.7,f2,2026-01-01,7:05:29,0,0
11125,KGerjHMa90s,hd2160,0.8422326431,84.2,f2,2026-01-01,7:05:30,0,0
11126,KGerjHMa90s,hd2160,0.8476114573,84.8,f2,2026-01-01,7:05:31,0,0
11127,KGerjHMa90s,hd2160,0.8476114573,84.8,f2,2026-01-01,7:05:32,0,0
11128,KGerjHMa90s,hd2160,0.8534385077,85.3,f2,2026-01-01,7:05:33,0,0
11129,KGerjHMa90s,hd2160,0.8534385077,85.3,f2,2026-01-01,7:05:34,0,0
11130,KGerjHMa90s,hd2160,0.8578312041,85.8,f2,2026-01-01,7:05:35,0,0
11131,KGerjHMa90s,hd2160,0.8578312041,85.8,f2,2026-01-01,7:05:36,0,0
11132,KGerjHMa90s,hd2160,0.8622239032,86.2,f2,2026-01-01,7:05:37,0,0
11133,KGerjHMa90s,hd2160,0.8622239032,86.2,f2,2026-01-01,7:05:38,0,0
11134,KGerjHMa90s,hd2160,0.8679613059,86.8,f2,2026-01-01,7:05:39,0,0
11135,KGerjHMa90s,hd2160,0.8679613059,86.8,f2,2026-01-01,7:05:40,0,0
11136,KGerjHMa90s,hd2160,0.8679613059,86.8,f2,2026-01-01,7:05:41,0,0
11137,KGerjHMa90s,hd2160,0.8734297651,87.3,f2,2026-01-01,7:05:42,0,0
11138,KGerjHMa90s,hd2160,0.8780017571,87.8,f2,2026-01-01,7:05:43,0,0
11139,KGerjHMa90s,hd2160,0.8780017571,87.8,f2,2026-01-01,7:05:44,0,0
11140,KGerjHMa90s,hd2160,0.8838288076,88.4,f2,2026-01-01,7:05:45,0,0
11141,KGerjHMa90s,hd2160,0.8838288076,88.4,f2,2026-01-01,7:05:46,0,0
11142,KGerjHMa90s,hd2160,0.8890283261,88.9,f2,2026-01-01,7:05:47,0,0
11143,KGerjHMa90s,hd2160,0.8890283261,88.9,f2,2026-01-01,7:05:48,0,0
11144,KGerjHMa90s,hd2160,0.8948553765,89.5,f2,2026-01-01,7:05:49,0,0
11145,KGerjHMa90s,hd2160,0.8948553765,89.5,f2,2026-01-01,7:05:50,0,0
11146,KGerjHMa90s,hd2160,0.9001445429,90.0,f2,2026-01-01,7:05:51,0,0
11147,KGerjHMa90s,hd2160,0.9001445429,90.0,f2,2026-01-01,7:05:52,0,0
11148,KGerjHMa90s,hd2160,0.9046268871,90.5,f2,2026-01-01,7:05:53,0,0
11149,KGerjHMa90s,hd2160,0.9046268871,90.5,f2,2026-01-01,7:05:54,0,0
11150,KGerjHMa90s,hd2160,0.9086609977,90.9,f2,2026-01-01,7:05:55,0,0
11151,KGerjHMa90s,hd2160,0.9094678198,90.9,f2,2026-01-01,7:05:56,0,0
11152,KGerjHMa90s,hd2160,0.9143087525,91.4,f2,2026-01-01,7:05:57,0,0
11153,KGerjHMa90s,hd2160,0.9143087525,91.4,f2,2026-01-01,7:05:58,0,0
11154,KGerjHMa90s,hd2160,0.9202254481,92.0,f2,2026-01-01,7:05:59,0,0
11155,KGerjHMa90s,hd2160,0.9246181472,92.5,f2,2026-01-01,7:06:01,0,0
11156,KGerjHMa90s,hd2160,0.9246181472,92.5,f2,2026-01-01,7:06:02,0,0
11157,KGerjHMa90s,hd2160,0.9299969613,93.0,f2,2026-01-01,7:06:03,0,0
11158,KGerjHMa90s,hd2160,0.9299969613,93.0,f2,2026-01-01,7:06:04,0,0
11159,KGerjHMa90s,hd2160,0.9358240091,93.6,f2,2026-01-01,7:06:05,0,0
11160,KGerjHMa90s,hd2160,0.9419200002,94.2,f2,2026-01-01,7:06:06,0,0
11161,KGerjHMa90s,hd2160,0.9419200002,94.2,f2,2026-01-01,7:06:07,0,0
11162,KGerjHMa90s,hd2160,0.9466712851,94.7,f2,2026-01-01,7:06:08,0,0
11163,KGerjHMa90s,hd2160,0.9466712851,94.7,f2,2026-01-01,7:06:09,0,0
11164,KGerjHMa90s,hd2160,0.9514225701,95.1,f2,2026-01-01,7:06:10,0,0
11165,KGerjHMa90s,hd2160,0.9514225701,95.1,f2,2026-01-01,7:06:11,0,0
11166,KGerjHMa90s,hd2160,0.9574289134,95.7,f2,2026-01-01,7:06:12,0,0
11167,KGerjHMa90s,hd2160,0.9574289134,95.7,f2,2026-01-01,7:06:13,0,0
11168,KGerjHMa90s,hd2160,0.9574289134,95.7,f2,2026-01-01,7:06:14,0,0
11169,KGerjHMa90s,hd2160,0.9639731382,96.4,f2,2026-01-01,7:06:15,0,0
11170,KGerjHMa90s,hd2160,0.9639731382,96.4,f2,2026-01-01,7:06:16,0,0
11171,KGerjHMa90s,hd2160,0.982619692,98.3,f2,2026-01-01,7:06:17,0,0
11172,KGerjHMa90s,hd2160,0.982619692,98.3,f2,2026-01-01,7:06:18,0,0
11173,KGerjHMa90s,hd2160,0.982619692,98.3,f2,2026-01-01,7:06:19,0,0
11174,KGerjHMa90s,hd2160,0.982619692,98.3,f2,2026-01-01,7:06:20,0,0
11175,KGerjHMa90s,hd2160,0.982619692,98.3,f2,2026-01-01,7:06:21,0,0
11176,KGerjHMa90s,hd2160,0.982619692,98.3,f2,2026-01-01,7:06:22,0,0
11177,KGerjHMa90s,hd2160,0.982619692,98.3,f2,2026-01-01,7:06:23,0,0
11178,KGerjHMa90s,hd2160,1.0,100.0,f2,2026-01-01,7:06:24,0,0
11179,KGerjHMa90s,hd2160,1.0,100.0,f2,2026-01-01,7:06:25,0,0
11180,KGerjHMa90s,hd2160,1.0,100.0,f2,2026-01-01,7:06:26,0,0
11181,KGerjHMa90s,hd2160,1.0,100.0,f2,2026-01-01,7:06:27,0,0
11182,KGerjHMa90s,hd2160,1.0,100.0,f2,2026-01-01,7:06:28,0,0
11183,KGerjHMa90s,hd2160,1.0,100.0,f2,2026-01-01,7:06:29,0,0
11184,KGerjHMa90s,hd2160,1.0,100.0,f2,2026-01-01,7:06:30,0,0
11185,KGerjHMa90s,hd2160,1.0,100.0,f2,2026-01-01,7:06:31,0,0
11186,KGerjHMa90s,hd2160,1.0,100.0,f2,2026-01-01,7:06:32,0,0
11187,KGerjHMa90s,hd2160,1.0,100.0,f2,2026-01-01,7:06:33,0,0
11188,KGerjHMa90s,hd2160,1.0,100.0,f2,2026-01-01,7:06:34,0,0
11189,KGerjHMa90s,hd2160,1.0,100.0,f2,2026-01-01,7:06:35,0,0
11190,KGerjHMa90s,hd2160,1.0,100.0,f2,2026-01-01,7:06:36,0,0
11191,KGerjHMa90s,hd2160,1.0,100.0,f2,2026-01-01,7:06:37,0,0
11192,KGerjHMa90s,hd2160,1.0,100.0,f2,2026-01-01,7:06:38,0,0
11193,KGerjHMa90s,hd2160,1.0,100.0,f2,2026-01-01,7:06:39,0,0
11194,KGerjHMa90s,hd2160,1.0,100.0,f2,2026-01-01,7:06:40,0,0
11195,KGerjHMa90s,hd2160,1.0,100.0,f2,2026-01-01,7:06:41,0,0
11196,KGerjHMa90s,hd2160,1.0,100.0,f2,2026-01-01,7:06:42,0,0
11197,KGerjHMa90s,hd2160,1.0,100.0,f2,2026-01-01,7:06:43,0,0
11198,KGerjHMa90s,hd2160,1.0,100.0,f2,2026-01-01,7:06:44,0,0
11199,KGerjHMa90s,hd2160,1.0,100.0,f2,2026-01-01,7:06:45,0,0
11200,KGerjHMa90s,hd2160,1.0,100.0,f2,2026-01-01,7:06:46,0,0
11201,KGerjHMa90s,hd2160,1.0,100.0,f2,2026-01-01,7:06:47,0,0
11202,KGerjHMa90s,hd2160,1.0,100.0,f2,2026-01-01,7:06:48,0,0
11203,KGerjHMa90s,hd2160,1.0,100.0,f2,2026-01-01,7:06:49,0,0
11204,KGerjHMa90s,hd2160,1.0,100.0,f2,2026-01-01,7:06:50,0,0
11205,KGerjHMa90s,hd2160,1.0,100.0,f2,2026-01-01,7:06:51,0,0
11206,KGerjHMa90s,hd2160,1.0,100.0,f2,2026-01-01,7:06:52,0,0
11207,KGerjHMa90s,hd2160,1.0,100.0,f2,2026-01-01,7:06:53,0,0
11208,KGerjHMa90s,hd2160,1.0,100.0,f2,2026-01-01,7:06:54,0,0
11209,KGerjHMa90s,hd2160,1.0,100.0,f2,2026-01-01,7:06:55,0,0
11210,KGerjHMa90s,hd2160,1.0,100.0,f2,2026-01-01,7:06:56,0,0
11211,KGerjHMa90s,hd2160,1.0,100.0,f2,2026-01-01,7:06:57,0,0
11212,A6aRkhlqWuE,hd2160,0.0194187405,1.9,f3,2026-01-01,7:08:01,0,0
11213,A6aRkhlqWuE,hd2160,0.09373956816,9.4,f3,2026-01-01,7:08:02,0,0
11214,A6aRkhlqWuE,hd2160,0.105925718,10.6,f3,2026-01-01,7:08:03,0,0
11215,A6aRkhlqWuE,hd2160,0.105925718,10.6,f3,2026-01-01,7:08:04,0,0
11216,A6aRkhlqWuE,hd2160,0.1165124589,11.7,f3,2026-01-01,7:08:05,0,0
11217,A6aRkhlqWuE,hd2160,0.21184614,21.2,f3,2026-01-01,7:08:06,0,0
11218,A6aRkhlqWuE,hd2160,0.21184614,21.2,f3,2026-01-01,7:08:07,0,0
11219,A6aRkhlqWuE,hd2160,0.21184614,21.2,f3,2026-01-01,7:08:08,0,0
11220,A6aRkhlqWuE,hd2160,0.21184614,21.2,f3,2026-01-01,7:08:09,0,0
11221,A6aRkhlqWuE,hd2160,0.21184614,21.2,f3,2026-01-01,7:08:10,0,0
11222,A6aRkhlqWuE,hd2160,0.21184614,21.2,f3,2026-01-01,7:08:11,0,0
11223,A6aRkhlqWuE,hd2160,0.21184614,21.2,f3,2026-01-01,7:08:12,0,0
11224,A6aRkhlqWuE,hd2160,0.21184614,21.2,f3,2026-01-01,7:08:13,0,0
11225,A6aRkhlqWuE,hd2160,0.2907515531,29.1,f3,2026-01-01,7:08:14,0,0
11226,A6aRkhlqWuE,hd2160,0.2907515531,29.1,f3,2026-01-01,7:08:15,0,0
11227,A6aRkhlqWuE,hd2160,0.2907515531,29.1,f3,2026-01-01,7:08:16,0,0
11228,A6aRkhlqWuE,hd2160,0.2907515531,29.1,f3,2026-01-01,7:08:17,0,0
11229,A6aRkhlqWuE,hd2160,0.2907515531,29.1,f3,2026-01-01,7:08:18,0,0
11230,A6aRkhlqWuE,hd2160,0.2907515531,29.1,f3,2026-01-01,7:08:19,0,0
11231,A6aRkhlqWuE,hd2160,0.2907515531,29.1,f3,2026-01-01,7:08:20,0,0
11232,A6aRkhlqWuE,hd2160,0.2907515531,29.1,f3,2026-01-01,7:08:21,0,0
11233,A6aRkhlqWuE,hd2160,0.370726773,37.1,f3,2026-01-01,7:08:22,0,0
11234,A6aRkhlqWuE,hd2160,0.370726773,37.1,f3,2026-01-01,7:08:23,0,0
11235,A6aRkhlqWuE,hd2160,0.370726773,37.1,f3,2026-01-01,7:08:24,0,0
11236,A6aRkhlqWuE,hd2160,0.370726773,37.1,f3,2026-01-01,7:08:25,0,0
11237,A6aRkhlqWuE,hd2160,0.370726773,37.1,f3,2026-01-01,7:08:26,0,0
11238,A6aRkhlqWuE,hd2160,0.370726773,37.1,f3,2026-01-01,7:08:27,0,0
11239,A6aRkhlqWuE,hd2160,0.370726773,37.1,f3,2026-01-01,7:08:28,0,0
11240,A6aRkhlqWuE,hd2160,0.4388636116,43.9,f3,2026-01-01,7:08:29,0,0
11241,A6aRkhlqWuE,hd2160,0.4388636116,43.9,f3,2026-01-01,7:08:30,0,0
11242,A6aRkhlqWuE,hd2160,0.4388636116,43.9,f3,2026-01-01,7:08:31,0,0
11243,A6aRkhlqWuE,hd2160,0.4388636116,43.9,f3,2026-01-01,7:08:32,0,0
11244,A6aRkhlqWuE,hd2160,0.4388636116,43.9,f3,2026-01-01,7:08:33,0,0
11245,A6aRkhlqWuE,hd2160,0.4388636116,43.9,f3,2026-01-01,7:08:34,0,0
11246,A6aRkhlqWuE,hd2160,0.4388636116,43.9,f3,2026-01-01,7:08:35,0,0
11247,A6aRkhlqWuE,hd2160,0.5114191006,51.1,f3,2026-01-01,7:08:36,0,0
11248,A6aRkhlqWuE,hd2160,0.5114191006,51.1,f3,2026-01-01,7:08:37,0,0
11249,A6aRkhlqWuE,hd2160,0.5114191006,51.1,f3,2026-01-01,7:08:38,0,0
11250,A6aRkhlqWuE,hd2160,0.5114191006,51.1,f3,2026-01-01,7:08:39,0,0
11251,A6aRkhlqWuE,hd2160,0.5114191006,51.1,f3,2026-01-01,7:08:40,0,0
11252,A6aRkhlqWuE,hd2160,0.5114191006,51.1,f3,2026-01-01,7:08:41,0,0
11253,A6aRkhlqWuE,hd2160,0.5114191006,51.1,f3,2026-01-01,7:08:42,0,0
11254,A6aRkhlqWuE,hd2160,0.5114191006,51.1,f3,2026-01-01,7:08:43,0,0
11255,A6aRkhlqWuE,hd2160,0.53595733,53.6,f3,2026-01-01,7:08:44,0,0
11256,A6aRkhlqWuE,hd2160,0.53595733,53.6,f3,2026-01-01,7:08:45,0,0
11257,A6aRkhlqWuE,hd2160,0.53595733,53.6,f3,2026-01-01,7:08:46,0,0
11258,A6aRkhlqWuE,hd2160,0.53595733,53.6,f3,2026-01-01,7:08:47,0,0
11259,A6aRkhlqWuE,hd2160,0.5700284026,57.0,f3,2026-01-01,7:08:48,0,0
11260,A6aRkhlqWuE,hd2160,0.5700284026,57.0,f3,2026-01-01,7:08:49,0,0
11261,A6aRkhlqWuE,hd2160,0.5700284026,57.0,f3,2026-01-01,7:08:50,0,0
11262,A6aRkhlqWuE,hd2160,0.5700284026,57.0,f3,2026-01-01,7:08:51,0,0
11263,A6aRkhlqWuE,hd2160,0.5700284026,57.0,f3,2026-01-01,7:08:52,0,0
11264,A6aRkhlqWuE,hd2160,0.5700284026,57.0,f3,2026-01-01,7:08:53,0,0
11265,A6aRkhlqWuE,hd2160,0.6069240127,60.7,f3,2026-01-01,7:08:54,0,0
11266,A6aRkhlqWuE,hd2160,0.6069240127,60.7,f3,2026-01-01,7:08:55,0,0
11267,A6aRkhlqWuE,hd2160,0.6069240127,60.7,f3,2026-01-01,7:08:56,0,0
11268,A6aRkhlqWuE,hd2160,0.6069240127,60.7,f3,2026-01-01,7:08:57,0,0
11269,A6aRkhlqWuE,hd2160,0.6069240127,60.7,f3,2026-01-01,7:08:58,0,0
11270,A6aRkhlqWuE,hd2160,0.6069240127,60.7,f3,2026-01-01,7:08:59,0,0
11271,A6aRkhlqWuE,hd2160,0.6069240127,60.7,f3,2026-01-01,7:09:00,0,0
11272,A6aRkhlqWuE,hd2160,0.6069240127,60.7,f3,2026-01-01,7:09:01,0,0
11273,A6aRkhlqWuE,hd2160,0.6438196281,64.4,f3,2026-01-01,7:09:02,0,0
11274,A6aRkhlqWuE,hd2160,0.6438196281,64.4,f3,2026-01-01,7:09:03,0,0
11275,A6aRkhlqWuE,hd2160,0.6438196281,64.4,f3,2026-01-01,7:09:04,0,0
11276,A6aRkhlqWuE,hd2160,0.6438196281,64.4,f3,2026-01-01,7:09:05,0,0
11277,A6aRkhlqWuE,hd2160,0.6438196281,64.4,f3,2026-01-01,7:09:06,0,0
11278,A6aRkhlqWuE,hd2160,0.6438196281,64.4,f3,2026-01-01,7:09:07,0,0
11279,A6aRkhlqWuE,hd2160,0.6722416098,67.2,f3,2026-01-01,7:09:08,0,0
11280,A6aRkhlqWuE,hd2160,0.6722416098,67.2,f3,2026-01-01,7:09:09,0,0
11281,A6aRkhlqWuE,hd2160,0.6722416098,67.2,f3,2026-01-01,7:09:10,0,0
11282,A6aRkhlqWuE,hd2160,0.6722416098,67.2,f3,2026-01-01,7:09:11,0,0
11283,A6aRkhlqWuE,hd2160,0.6722416098,67.2,f3,2026-01-01,7:09:12,0,0
11284,A6aRkhlqWuE,hd2160,0.6722416098,67.2,f3,2026-01-01,7:09:13,0,0
11285,A6aRkhlqWuE,hd2160,0.680538706,68.1,f3,2026-01-01,7:09:14,0,0
11286,A6aRkhlqWuE,hd2160,0.680538706,68.1,f3,2026-01-01,7:09:15,0,0
11287,A6aRkhlqWuE,hd2160,0.6891888773,68.9,f3,2026-01-01,7:09:16,0,0
11288,A6aRkhlqWuE,hd2160,0.6891888773,68.9,f3,2026-01-01,7:09:17,0,0
11289,A6aRkhlqWuE,hd2160,0.6891888773,68.9,f3,2026-01-01,7:09:18,0,0
11290,A6aRkhlqWuE,hd2160,0.6891888773,68.9,f3,2026-01-01,7:09:19,0,0
11291,A6aRkhlqWuE,hd2160,0.6891888773,68.9,f3,2026-01-01,7:09:20,0,0
11292,A6aRkhlqWuE,hd2160,0.7271436916,72.7,f3,2026-01-01,7:09:21,0,0
11293,A6aRkhlqWuE,hd2160,0.7271436916,72.7,f3,2026-01-01,7:09:22,0,0
11294,A6aRkhlqWuE,hd2160,0.7271436916,72.7,f3,2026-01-01,7:09:23,0,0
11295,A6aRkhlqWuE,hd2160,0.7617443664,76.2,f3,2026-01-01,7:09:24,0,0
11296,A6aRkhlqWuE,hd2160,0.7617443664,76.2,f3,2026-01-01,7:09:25,0,0
11297,A6aRkhlqWuE,hd2160,0.7617443664,76.2,f3,2026-01-01,7:09:26,0,0
11298,A6aRkhlqWuE,hd2160,0.7617443664,76.2,f3,2026-01-01,7:09:27,0,0
11299,A6aRkhlqWuE,hd2160,0.7617443664,76.2,f3,2026-01-01,7:09:28,0,0
11300,A6aRkhlqWuE,hd2160,0.7617443664,76.2,f3,2026-01-01,7:09:29,0,0
11301,A6aRkhlqWuE,hd2160,0.7617443664,76.2,f3,2026-01-01,7:09:30,0,0
11302,A6aRkhlqWuE,hd2160,0.7975807723,79.8,f3,2026-01-01,7:09:31,0,0
11303,A6aRkhlqWuE,hd2160,0.7975807723,79.8,f3,2026-01-01,7:09:32,0,0
11304,A6aRkhlqWuE,hd2160,0.7975807723,79.8,f3,2026-01-01,7:09:33,0,0
11305,A6aRkhlqWuE,hd2160,0.7975807723,79.8,f3,2026-01-01,7:09:34,0,0
11306,A6aRkhlqWuE,hd2160,0.7975807723,79.8,f3,2026-01-01,7:09:35,0,0
11307,A6aRkhlqWuE,hd2160,0.7975807723,79.8,f3,2026-01-01,7:09:36,0,0
11308,A6aRkhlqWuE,hd2160,0.7975807723,79.8,f3,2026-01-01,7:09:37,0,0
11309,A6aRkhlqWuE,hd2160,0.8316518449,83.2,f3,2026-01-01,7:09:38,0,0
11310,A6aRkhlqWuE,hd2160,0.8316518449,83.2,f3,2026-01-01,7:09:39,0,0
11311,A6aRkhlqWuE,hd2160,0.8316518449,83.2,f3,2026-01-01,7:09:40,0,0
11312,A6aRkhlqWuE,hd2160,0.8316518449,83.2,f3,2026-01-01,7:09:41,0,0
11313,A6aRkhlqWuE,hd2160,0.8316518449,83.2,f3,2026-01-01,7:09:42,0,0
11314,A6aRkhlqWuE,hd2160,0.8316518449,83.2,f3,2026-01-01,7:09:43,0,0
11315,A6aRkhlqWuE,hd2160,0.8549543377,85.5,f3,2026-01-01,7:09:44,0,0
11316,A6aRkhlqWuE,hd2160,0.8549543377,85.5,f3,2026-01-01,7:09:45,0,0
11317,A6aRkhlqWuE,hd2160,0.8549543377,85.5,f3,2026-01-01,7:09:46,0,0
11318,A6aRkhlqWuE,hd2160,0.8549543377,85.5,f3,2026-01-01,7:09:47,0,0
11319,A6aRkhlqWuE,hd2160,0.8549543377,85.5,f3,2026-01-01,7:09:48,0,0
11320,A6aRkhlqWuE,hd2160,0.8801987014,88.0,f3,2026-01-01,7:09:49,0,0
11321,A6aRkhlqWuE,hd2160,0.8801987014,88.0,f3,2026-01-01,7:09:50,0,0
11322,A6aRkhlqWuE,hd2160,0.8801987014,88.0,f3,2026-01-01,7:09:51,0,0
11323,A6aRkhlqWuE,hd2160,0.8801987014,88.0,f3,2026-01-01,7:09:52,0,0
11324,A6aRkhlqWuE,hd2160,0.9125044301,91.3,f3,2026-01-01,7:09:53,0,0
11325,A6aRkhlqWuE,hd2160,0.9125044301,91.3,f3,2026-01-01,7:09:54,0,0
11326,A6aRkhlqWuE,hd2160,0.9125044301,91.3,f3,2026-01-01,7:09:55,0,0
11327,A6aRkhlqWuE,hd2160,0.9125044301,91.3,f3,2026-01-01,7:09:56,0,0
11328,A6aRkhlqWuE,hd2160,0.9125044301,91.3,f3,2026-01-01,7:09:57,0,0
11329,A6aRkhlqWuE,hd2160,0.9125044301,91.3,f3,2026-01-01,7:09:58,0,0
11330,A6aRkhlqWuE,hd2160,0.9340415844,93.4,f3,2026-01-01,7:09:59,0,0
11331,A6aRkhlqWuE,hd2160,0.9340415844,93.4,f3,2026-01-01,7:10:00,0,0
11332,A6aRkhlqWuE,hd2160,0.9340415844,93.4,f3,2026-01-01,7:10:01,0,0
11333,A6aRkhlqWuE,hd2160,0.9340415844,93.4,f3,2026-01-01,7:10:02,0,0
11334,A6aRkhlqWuE,hd2160,0.9702310601,97.0,f3,2026-01-01,7:10:03,0,0
11335,A6aRkhlqWuE,hd2160,0.9702310601,97.0,f3,2026-01-01,7:10:04,0,0
11336,A6aRkhlqWuE,hd2160,0.9702310601,97.0,f3,2026-01-01,7:10:05,0,0
11337,A6aRkhlqWuE,hd2160,0.9702310601,97.0,f3,2026-01-01,7:10:06,0,0
11338,A6aRkhlqWuE,hd2160,0.9702310601,97.0,f3,2026-01-01,7:10:07,0,0
11339,A6aRkhlqWuE,hd2160,0.9702310601,97.0,f3,2026-01-01,7:10:08,0,0
11340,A6aRkhlqWuE,hd2160,0.9702310601,97.0,f3,2026-01-01,7:10:09,0,0
11341,A6aRkhlqWuE,hd2160,1.0,100.0,f3,2026-01-01,7:10:10,0,0
11342,A6aRkhlqWuE,hd2160,1.0,100.0,f3,2026-01-01,7:10:11,0,0
11343,A6aRkhlqWuE,hd2160,1.0,100.0,f3,2026-01-01,7:10:12,0,0
11344,A6aRkhlqWuE,hd2160,1.0,100.0,f3,2026-01-01,7:10:13,0,0
11345,A6aRkhlqWuE,hd2160,1.0,100.0,f3,2026-01-01,7:10:14,0,0
11346,A6aRkhlqWuE,hd2160,1.0,100.0,f3,2026-01-01,7:10:15,0,0
11347,A6aRkhlqWuE,hd2160,1.0,100.0,f3,2026-01-01,7:10:16,0,0
11348,A6aRkhlqWuE,hd2160,1.0,100.0,f3,2026-01-01,7:10:17,0,0
11349,A6aRkhlqWuE,hd2160,1.0,100.0,f3,2026-01-01,7:10:18,0,0
11350,A6aRkhlqWuE,hd2160,1.0,100.0,f3,2026-01-01,7:10:19,0,0
11351,A6aRkhlqWuE,hd2160,1.0,100.0,f3,2026-01-01,7:10:20,0,0
11352,A6aRkhlqWuE,hd2160,1.0,100.0,f3,2026-01-01,7:10:21,0,0
11353,A6aRkhlqWuE,hd2160,1.0,100.0,f3,2026-01-01,7:10:22,0,0
11354,A6aRkhlqWuE,hd2160,1.0,100.0,f3,2026-01-01,7:10:23,0,0
11355,A6aRkhlqWuE,hd2160,1.0,100.0,f3,2026-01-01,7:10:24,0,0
11356,A6aRkhlqWuE,hd2160,1.0,100.0,f3,2026-01-01,7:10:25,0,0
11357,A6aRkhlqWuE,hd2160,1.0,100.0,f3,2026-01-01,7:10:26,0,0
11358,A6aRkhlqWuE,hd2160,1.0,100.0,f3,2026-01-01,7:10:27,0,0
11359,A6aRkhlqWuE,hd2160,1.0,100.0,f3,2026-01-01,7:10:28,0,0
11360,A6aRkhlqWuE,hd2160,1.0,100.0,f3,2026-01-01,7:10:29,0,0
11361,A6aRkhlqWuE,hd2160,1.0,100.0,f3,2026-01-01,7:10:30,0,0
11362,A6aRkhlqWuE,hd2160,1.0,100.0,f3,2026-01-01,7:10:31,0,0
11363,A6aRkhlqWuE,hd2160,1.0,100.0,f3,2026-01-01,7:10:32,0,0
11364,A6aRkhlqWuE,hd2160,1.0,100.0,f3,2026-01-01,7:10:33,0,0
11365,A6aRkhlqWuE,hd2160,1.0,100.0,f3,2026-01-01,7:10:34,0,0
11366,A6aRkhlqWuE,hd2160,1.0,100.0,f3,2026-01-01,7:10:35,0,0
11367,A6aRkhlqWuE,hd2160,1.0,100.0,f3,2026-01-01,7:10:36,0,0
11368,A6aRkhlqWuE,hd2160,1.0,100.0,f3,2026-01-01,7:10:37,0,0
11369,A6aRkhlqWuE,hd2160,1.0,100.0,f3,2026-01-01,7:10:38,0,0
11370,A6aRkhlqWuE,hd2160,1.0,100.0,f3,2026-01-01,7:10:39,0,0
11371,A6aRkhlqWuE,hd2160,1.0,100.0,f3,2026-01-01,7:10:40,0,0
11372,A6aRkhlqWuE,hd2160,1.0,100.0,f3,2026-01-01,7:10:41,0,0
11373,A6aRkhlqWuE,hd2160,1.0,100.0,f3,2026-01-01,7:10:42,0,0
11374,A6aRkhlqWuE,hd2160,1.0,100.0,f3,2026-01-01,7:10:43,0,0
11375,A6aRkhlqWuE,hd2160,1.0,100.0,f3,2026-01-01,7:10:44,0,0
11376,A6aRkhlqWuE,hd2160,1.0,100.0,f3,2026-01-01,7:10:45,0,0
11377,A6aRkhlqWuE,hd2160,1.0,100.0,f3,2026-01-01,7:10:46,0,0
11378,A6aRkhlqWuE,hd2160,1.0,100.0,f3,2026-01-01,7:10:47,0,0
11379,A6aRkhlqWuE,hd2160,1.0,100.0,f3,2026-01-01,7:10:48,0,0
11380,A6aRkhlqWuE,hd2160,1.0,100.0,f3,2026-01-01,7:10:49,0,0
11381,A6aRkhlqWuE,hd2160,1.0,100.0,f3,2026-01-01,7:10:50,0,0
11382,A6aRkhlqWuE,hd2160,1.0,100.0,f3,2026-01-01,7:10:51,0,0
11383,A6aRkhlqWuE,hd2160,1.0,100.0,f3,2026-01-01,7:10:52,0,0
11384,A6aRkhlqWuE,hd2160,1.0,100.0,f3,2026-01-01,7:10:53,0,0
11385,A6aRkhlqWuE,hd2160,1.0,100.0,f3,2026-01-01,7:10:54,0,0
11386,A6aRkhlqWuE,hd2160,1.0,100.0,f3,2026-01-01,7:10:55,0,0
11387,A6aRkhlqWuE,hd2160,1.0,100.0,f3,2026-01-01,7:10:56,0,0
11388,A6aRkhlqWuE,hd2160,1.0,100.0,f3,2026-01-01,7:10:57,0,0
11389,A6aRkhlqWuE,hd2160,1.0,100.0,f3,2026-01-01,7:10:58,0,0
11390,A6aRkhlqWuE,hd2160,1.0,100.0,f3,2026-01-01,7:10:59,0,0
11391,A6aRkhlqWuE,hd2160,1.0,100.0,f3,2026-01-01,7:11:00,0,0
11392,A6aRkhlqWuE,hd2160,1.0,100.0,f3,2026-01-01,7:11:01,0,0
11393,A6aRkhlqWuE,hd2160,1.0,100.0,f3,2026-01-01,7:11:02,0,0
11394,A6aRkhlqWuE,hd2160,1.0,100.0,f3,2026-01-01,7:11:03,0,0
11395,A6aRkhlqWuE,hd2160,1.0,100.0,f3,2026-01-01,7:11:04,0,0
11396,A6aRkhlqWuE,hd2160,1.0,100.0,f3,2026-01-01,7:11:05,0,0
11397,A6aRkhlqWuE,hd2160,1.0,100.0,f3,2026-01-01,7:11:06,0,0
11398,A6aRkhlqWuE,hd2160,1.0,100.0,f3,2026-01-01,7:11:07,0,0
11399,A6aRkhlqWuE,hd2160,1.0,100.0,f3,2026-01-01,7:11:08,0,0
11400,A6aRkhlqWuE,hd2160,1.0,100.0,f3,2026-01-01,7:11:09,0,0
11401,A6aRkhlqWuE,hd2160,1.0,100.0,f3,2026-01-01,7:11:10,0,0
11402,A6aRkhlqWuE,hd2160,1.0,100.0,f3,2026-01-01,7:11:11,0,0
11403,A6aRkhlqWuE,hd2160,1.0,100.0,f3,2026-01-01,7:11:12,0,0
11404,A6aRkhlqWuE,hd2160,1.0,100.0,f3,2026-01-01,7:11:13,0,0
11405,A6aRkhlqWuE,hd2160,1.0,100.0,f3,2026-01-01,7:11:14,0,0
11406,A6aRkhlqWuE,hd2160,1.0,100.0,f3,2026-01-01,7:11:15,0,0
11407,A6aRkhlqWuE,hd2160,1.0,100.0,f3,2026-01-01,7:11:16,0,0
11408,A6aRkhlqWuE,hd2160,1.0,100.0,f3,2026-01-01,7:11:17,0,0
11409,A6aRkhlqWuE,hd2160,1.0,100.0,f3,2026-01-01,7:11:18,0,0
11410,A6aRkhlqWuE,hd2160,1.0,100.0,f3,2026-01-01,7:11:19,0,0
11411,LJyclVpwAio,hd2160,0.0149551703,1.5,f4,2026-01-01,7:15:02,0,0
11412,LJyclVpwAio,hd2160,0.01686056016,1.7,f4,2026-01-01,7:15:03,0,0
11413,LJyclVpwAio,hd2160,0.04401651291,4.4,f4,2026-01-01,7:15:04,0,0
11414,LJyclVpwAio,hd2160,0.06102628457,6.1,f4,2026-01-01,7:15:05,0,0
11415,LJyclVpwAio,hd2160,0.09952208361,10.0,f4,2026-01-01,7:15:06,0,0
11416,LJyclVpwAio,hd2160,0.114741353,11.5,f4,2026-01-01,7:15:07,0,0
11417,LJyclVpwAio,hd2160,0.1263796178,12.6,f4,2026-01-01,7:15:08,0,0
11418,LJyclVpwAio,hd2160,0.1263796178,12.6,f4,2026-01-01,7:15:09,0,0
11419,LJyclVpwAio,hd2160,0.1342876666,13.4,f4,2026-01-01,7:15:10,0,0
11420,LJyclVpwAio,hd2160,0.1342876666,13.4,f4,2026-01-01,7:15:11,0,0
11421,LJyclVpwAio,hd2160,0.1442846406,14.4,f4,2026-01-01,7:15:12,0,0
11422,LJyclVpwAio,hd2160,0.1442846406,14.4,f4,2026-01-01,7:15:13,0,0
11423,LJyclVpwAio,hd2160,0.1442846406,14.4,f4,2026-01-01,7:15:14,0,0
11424,LJyclVpwAio,hd2160,0.1611452008,16.1,f4,2026-01-01,7:15:15,0,0
11425,LJyclVpwAio,hd2160,0.1611452008,16.1,f4,2026-01-01,7:15:16,0,0
11426,LJyclVpwAio,hd2160,0.1611452008,16.1,f4,2026-01-01,7:15:17,0,0
11427,LJyclVpwAio,hd2160,0.1778565584,17.8,f4,2026-01-01,7:15:18,0,0
11428,LJyclVpwAio,hd2160,0.1778565584,17.8,f4,2026-01-01,7:15:19,0,0
11429,LJyclVpwAio,hd2160,0.1778565584,17.8,f4,2026-01-01,7:15:20,0,0
11430,LJyclVpwAio,hd2160,0.1778565584,17.8,f4,2026-01-01,7:15:21,0,0
11431,LJyclVpwAio,hd2160,0.188002735,18.8,f4,2026-01-01,7:15:22,0,0
11432,LJyclVpwAio,hd2160,0.1962092068,19.6,f4,2026-01-01,7:15:23,0,0
11433,LJyclVpwAio,hd2160,0.1962092068,19.6,f4,2026-01-01,7:15:24,0,0
11434,LJyclVpwAio,hd2160,0.1962092068,19.6,f4,2026-01-01,7:15:25,0,0
11435,LJyclVpwAio,hd2160,0.1962092068,19.6,f4,2026-01-01,7:15:26,0,0
11436,LJyclVpwAio,hd2160,0.2148602692,21.5,f4,2026-01-01,7:15:27,0,0
11437,LJyclVpwAio,hd2160,0.2148602692,21.5,f4,2026-01-01,7:15:28,0,0
11438,LJyclVpwAio,hd2160,0.2148602692,21.5,f4,2026-01-01,7:15:29,0,0
11439,LJyclVpwAio,hd2160,0.2287366619,22.9,f4,2026-01-01,7:15:30,0,0
11440,LJyclVpwAio,hd2160,0.2287366619,22.9,f4,2026-01-01,7:15:31,0,0
11441,LJyclVpwAio,hd2160,0.2287366619,22.9,f4,2026-01-01,7:15:32,0,0
11442,LJyclVpwAio,hd2160,0.2417178034,24.2,f4,2026-01-01,7:15:33,0,0
11443,LJyclVpwAio,hd2160,0.2417178034,24.2,f4,2026-01-01,7:15:34,0,0
11444,LJyclVpwAio,hd2160,0.2417178034,24.2,f4,2026-01-01,7:15:35,0,0
11445,LJyclVpwAio,hd2160,0.2417178034,24.2,f4,2026-01-01,7:15:36,0,0
11446,LJyclVpwAio,hd2160,0.2499242752,25.0,f4,2026-01-01,7:15:37,0,0
11447,LJyclVpwAio,hd2160,0.2499242752,25.0,f4,2026-01-01,7:15:38,0,0
11448,LJyclVpwAio,hd2160,0.2499242752,25.0,f4,2026-01-01,7:15:39,0,0
11449,LJyclVpwAio,hd2160,0.2685753376,26.9,f4,2026-01-01,7:15:40,0,0
11450,LJyclVpwAio,hd2160,0.2685753376,26.9,f4,2026-01-01,7:15:41,0,0
11451,LJyclVpwAio,hd2160,0.2808104395,28.1,f4,2026-01-01,7:15:42,0,0
11452,LJyclVpwAio,hd2160,0.2808104395,28.1,f4,2026-01-01,7:15:43,0,0
11453,LJyclVpwAio,hd2160,0.2808104395,28.1,f4,2026-01-01,7:15:44,0,0
11454,LJyclVpwAio,hd2160,0.2937915811,29.4,f4,2026-01-01,7:15:45,0,0
11455,LJyclVpwAio,hd2160,0.2937915811,29.4,f4,2026-01-01,7:15:46,0,0
11456,LJyclVpwAio,hd2160,0.2937915811,29.4,f4,2026-01-01,7:15:47,0,0
11457,LJyclVpwAio,hd2160,0.3027440925,30.3,f4,2026-01-01,7:15:48,0,0
11458,LJyclVpwAio,hd2160,0.3027440925,30.3,f4,2026-01-01,7:15:49,0,0
11459,LJyclVpwAio,hd2160,0.3146807713,31.5,f4,2026-01-01,7:15:50,0,0
11460,LJyclVpwAio,hd2160,0.3146807713,31.5,f4,2026-01-01,7:15:51,0,0
11461,LJyclVpwAio,hd2160,0.3146807713,31.5,f4,2026-01-01,7:15:52,0,0
11462,LJyclVpwAio,hd2160,0.3146807713,31.5,f4,2026-01-01,7:15:53,0,0
11463,LJyclVpwAio,hd2160,0.3293032081,32.9,f4,2026-01-01,7:15:54,0,0
11464,LJyclVpwAio,hd2160,0.3293032081,32.9,f4,2026-01-01,7:15:55,0,0
11465,LJyclVpwAio,hd2160,0.3293032081,32.9,f4,2026-01-01,7:15:56,0,0
11466,LJyclVpwAio,hd2160,0.3400462218,34.0,f4,2026-01-01,7:15:57,0,0
11467,LJyclVpwAio,hd2160,0.3400462218,34.0,f4,2026-01-01,7:15:58,0,0
11468,LJyclVpwAio,hd2160,0.3400462218,34.0,f4,2026-01-01,7:15:59,0,0
11469,LJyclVpwAio,hd2160,0.3645164211,36.5,f4,2026-01-01,7:16:00,0,0
11470,LJyclVpwAio,hd2160,0.3645164211,36.5,f4,2026-01-01,7:16:01,0,0
11471,LJyclVpwAio,hd2160,0.3645164211,36.5,f4,2026-01-01,7:16:02,0,0
11472,LJyclVpwAio,hd2160,0.3645164211,36.5,f4,2026-01-01,7:16:03,0,0
11473,LJyclVpwAio,hd2160,0.3645164211,36.5,f4,2026-01-01,7:16:04,0,0
11474,LJyclVpwAio,hd2160,0.3760054745,37.6,f4,2026-01-01,7:16:05,0,0
11475,LJyclVpwAio,hd2160,0.3833166951,38.3,f4,2026-01-01,7:16:06,0,0
11476,LJyclVpwAio,hd2160,0.3833166951,38.3,f4,2026-01-01,7:16:07,0,0
11477,LJyclVpwAio,hd2160,0.3922692065,39.2,f4,2026-01-01,7:16:08,0,0
11478,LJyclVpwAio,hd2160,0.3922692065,39.2,f4,2026-01-01,7:16:09,0,0
11479,LJyclVpwAio,hd2160,0.3922692065,39.2,f4,2026-01-01,7:16:10,0,0
11480,LJyclVpwAio,hd2160,0.4028630087,40.3,f4,2026-01-01,7:16:11,0,0
11481,LJyclVpwAio,hd2160,0.4101742293,41.0,f4,2026-01-01,7:16:12,0,0
11482,LJyclVpwAio,hd2160,0.4101742293,41.0,f4,2026-01-01,7:16:13,0,0
11483,LJyclVpwAio,hd2160,0.4101742293,41.0,f4,2026-01-01,7:16:14,0,0
11484,LJyclVpwAio,hd2160,0.4215140756,42.2,f4,2026-01-01,7:16:15,0,0
11485,LJyclVpwAio,hd2160,0.4215140756,42.2,f4,2026-01-01,7:16:16,0,0
11486,LJyclVpwAio,hd2160,0.4297205429,43.0,f4,2026-01-01,7:16:17,0,0
11487,LJyclVpwAio,hd2160,0.4331523404,43.3,f4,2026-01-01,7:16:18,0,0
11488,LJyclVpwAio,hd2160,0.4331523404,43.3,f4,2026-01-01,7:16:19,0,0
11489,LJyclVpwAio,hd2160,0.4565780771,45.7,f4,2026-01-01,7:16:20,0,0
11490,LJyclVpwAio,hd2160,0.4565780771,45.7,f4,2026-01-01,7:16:21,0,0
11491,LJyclVpwAio,hd2160,0.4565780771,45.7,f4,2026-01-01,7:16:22,0,0
11492,LJyclVpwAio,hd2160,0.4565780771,45.7,f4,2026-01-01,7:16:23,0,0
11493,LJyclVpwAio,hd2160,0.4834356113,48.3,f4,2026-01-01,7:16:24,0,0
11494,LJyclVpwAio,hd2160,0.4834356113,48.3,f4,2026-01-01,7:16:25,0,0
11495,LJyclVpwAio,hd2160,0.4834356113,48.3,f4,2026-01-01,7:16:26,0,0
11496,LJyclVpwAio,hd2160,0.4834356113,48.3,f4,2026-01-01,7:16:27,0,0
11497,LJyclVpwAio,hd2160,0.4834356113,48.3,f4,2026-01-01,7:16:28,0,0
11498,LJyclVpwAio,hd2160,0.4834356113,48.3,f4,2026-01-01,7:16:29,0,0
11499,LJyclVpwAio,hd2160,0.4907468319,49.1,f4,2026-01-01,7:16:30,0,0
11500,LJyclVpwAio,hd2160,0.4907468319,49.1,f4,2026-01-01,7:16:31,0,0
11501,LJyclVpwAio,hd2160,0.4991025063,49.9,f4,2026-01-01,7:16:32,0,0
11502,LJyclVpwAio,hd2160,0.4991025063,49.9,f4,2026-01-01,7:16:33,0,0
11503,LJyclVpwAio,hd2160,0.5102931455,51.0,f4,2026-01-01,7:16:34,0,0
11504,LJyclVpwAio,hd2160,0.5102931455,51.0,f4,2026-01-01,7:16:35,0,0
11505,LJyclVpwAio,hd2160,0.5247663753,52.5,f4,2026-01-01,7:16:36,0,0
11506,LJyclVpwAio,hd2160,0.5247663753,52.5,f4,2026-01-01,7:16:37,0,0
11507,LJyclVpwAio,hd2160,0.5247663753,52.5,f4,2026-01-01,7:16:38,0,0
11508,LJyclVpwAio,hd2160,0.5355093889,53.6,f4,2026-01-01,7:16:39,0,0
11509,LJyclVpwAio,hd2160,0.5355093889,53.6,f4,2026-01-01,7:16:40,0,0
11510,LJyclVpwAio,hd2160,0.5355093889,53.6,f4,2026-01-01,7:16:41,0,0
11511,LJyclVpwAio,hd2160,0.5489381561,54.9,f4,2026-01-01,7:16:42,0,0
11512,LJyclVpwAio,hd2160,0.5489381561,54.9,f4,2026-01-01,7:16:43,0,0
11513,LJyclVpwAio,hd2160,0.5489381561,54.9,f4,2026-01-01,7:16:44,0,0
11514,LJyclVpwAio,hd2160,0.5489381561,54.9,f4,2026-01-01,7:16:45,0,0
11515,LJyclVpwAio,hd2160,0.5640082139,56.4,f4,2026-01-01,7:16:46,0,0
11516,LJyclVpwAio,hd2160,0.5640082139,56.4,f4,2026-01-01,7:16:47,0,0
11517,LJyclVpwAio,hd2160,0.5640082139,56.4,f4,2026-01-01,7:16:48,0,0
11518,LJyclVpwAio,hd2160,0.571021016,57.1,f4,2026-01-01,7:16:49,0,0
11519,LJyclVpwAio,hd2160,0.571021016,57.1,f4,2026-01-01,7:16:50,0,0
11520,LJyclVpwAio,hd2160,0.5901197085,59.0,f4,2026-01-01,7:16:51,0,0
11521,LJyclVpwAio,hd2160,0.5901197085,59.0,f4,2026-01-01,7:16:52,0,0
11522,LJyclVpwAio,hd2160,0.5901197085,59.0,f4,2026-01-01,7:16:53,0,0
11523,LJyclVpwAio,hd2160,0.5998182595,60.0,f4,2026-01-01,7:16:54,0,0
11524,LJyclVpwAio,hd2160,0.5998182595,60.0,f4,2026-01-01,7:16:55,0,0
11525,LJyclVpwAio,hd2160,0.5998182595,60.0,f4,2026-01-01,7:16:56,0,0
11526,LJyclVpwAio,hd2160,0.6177232823,61.8,f4,2026-01-01,7:16:57,0,0
11527,LJyclVpwAio,hd2160,0.6177232823,61.8,f4,2026-01-01,7:16:58,0,0
11528,LJyclVpwAio,hd2160,0.6177232823,61.8,f4,2026-01-01,7:16:59,0,0
11529,LJyclVpwAio,hd2160,0.6293615472,62.9,f4,2026-01-01,7:17:00,0,0
11530,LJyclVpwAio,hd2160,0.6293615472,62.9,f4,2026-01-01,7:17:01,0,0
11531,LJyclVpwAio,hd2160,0.6293615472,62.9,f4,2026-01-01,7:17:02,0,0
11532,LJyclVpwAio,hd2160,0.6389108957,63.9,f4,2026-01-01,7:17:03,0,0
11533,LJyclVpwAio,hd2160,0.6389108957,63.9,f4,2026-01-01,7:17:04,0,0
11534,LJyclVpwAio,hd2160,0.6471173629,64.7,f4,2026-01-01,7:17:05,0,0
11535,LJyclVpwAio,hd2160,0.6471173629,64.7,f4,2026-01-01,7:17:06,0,0
11536,LJyclVpwAio,hd2160,0.6471173629,64.7,f4,2026-01-01,7:17:07,0,0
11537,LJyclVpwAio,hd2160,0.656666707,65.7,f4,2026-01-01,7:17:08,0,0
11538,LJyclVpwAio,hd2160,0.656666707,65.7,f4,2026-01-01,7:17:09,0,0
11539,LJyclVpwAio,hd2160,0.656666707,65.7,f4,2026-01-01,7:17:10,0,0
11540,LJyclVpwAio,hd2160,0.6714383508,67.1,f4,2026-01-01,7:17:11,0,0
11541,LJyclVpwAio,hd2160,0.6799432366,68.0,f4,2026-01-01,7:17:12,0,0
11542,LJyclVpwAio,hd2160,0.6799432366,68.0,f4,2026-01-01,7:17:13,0,0
11543,LJyclVpwAio,hd2160,0.6903878362,69.0,f4,2026-01-01,7:17:14,0,0
11544,LJyclVpwAio,hd2160,0.6903878362,69.0,f4,2026-01-01,7:17:15,0,0
11545,LJyclVpwAio,hd2160,0.698295885,69.8,f4,2026-01-01,7:17:16,0,0
11546,LJyclVpwAio,hd2160,0.698295885,69.8,f4,2026-01-01,7:17:17,0,0
11547,LJyclVpwAio,hd2160,0.698295885,69.8,f4,2026-01-01,7:17:18,0,0
11548,LJyclVpwAio,hd2160,0.7070991894,70.7,f4,2026-01-01,7:17:19,0,0
11549,LJyclVpwAio,hd2160,0.7070991894,70.7,f4,2026-01-01,7:17:20,0,0
11550,LJyclVpwAio,hd2160,0.7193342868,71.9,f4,2026-01-01,7:17:21,0,0
11551,LJyclVpwAio,hd2160,0.7193342868,71.9,f4,2026-01-01,7:17:22,0,0
11552,LJyclVpwAio,hd2160,0.7251534192,72.5,f4,2026-01-01,7:17:23,0,0
11553,LJyclVpwAio,hd2160,0.7294804679,72.9,f4,2026-01-01,7:17:24,0,0
11554,LJyclVpwAio,hd2160,0.7294804679,72.9,f4,2026-01-01,7:17:25,0,0
11555,LJyclVpwAio,hd2160,0.7426108164,74.3,f4,2026-01-01,7:17:26,0,0
11556,LJyclVpwAio,hd2160,0.7426108164,74.3,f4,2026-01-01,7:17:27,0,0
11557,LJyclVpwAio,hd2160,0.7520109534,75.2,f4,2026-01-01,7:17:28,0,0
11558,LJyclVpwAio,hd2160,0.7520109534,75.2,f4,2026-01-01,7:17:29,0,0
11559,LJyclVpwAio,hd2160,0.7788684876,77.9,f4,2026-01-01,7:17:30,0,0
11560,LJyclVpwAio,hd2160,0.7788684876,77.9,f4,2026-01-01,7:17:31,0,0
11561,LJyclVpwAio,hd2160,0.7788684876,77.9,f4,2026-01-01,7:17:32,0,0
11562,LJyclVpwAio,hd2160,0.7788684876,77.9,f4,2026-01-01,7:17:33,0,0
11563,LJyclVpwAio,hd2160,0.7788684876,77.9,f4,2026-01-01,7:17:34,0,0
11564,LJyclVpwAio,hd2160,0.7788684876,77.9,f4,2026-01-01,7:17:35,0,0
11565,LJyclVpwAio,hd2160,0.8057260218,80.6,f4,2026-01-01,7:17:36,0,0
11566,LJyclVpwAio,hd2160,0.8057260218,80.6,f4,2026-01-01,7:17:37,0,0
11567,LJyclVpwAio,hd2160,0.8057260218,80.6,f4,2026-01-01,7:17:38,0,0
11568,LJyclVpwAio,hd2160,0.8057260218,80.6,f4,2026-01-01,7:17:39,0,0
11569,LJyclVpwAio,hd2160,0.8057260218,80.6,f4,2026-01-01,7:17:40,0,0
11570,LJyclVpwAio,hd2160,0.8057260218,80.6,f4,2026-01-01,7:17:41,0,0
11571,LJyclVpwAio,hd2160,0.8178119122,81.8,f4,2026-01-01,7:17:42,0,0
11572,LJyclVpwAio,hd2160,0.8178119122,81.8,f4,2026-01-01,7:17:43,0,0
11573,LJyclVpwAio,hd2160,0.8178119122,81.8,f4,2026-01-01,7:17:44,0,0
11574,LJyclVpwAio,hd2160,0.8178119122,81.8,f4,2026-01-01,7:17:45,0,0
11575,LJyclVpwAio,hd2160,0.832583556,83.3,f4,2026-01-01,7:17:46,0,0
11576,LJyclVpwAio,hd2160,0.832583556,83.3,f4,2026-01-01,7:17:47,0,0
11577,LJyclVpwAio,hd2160,0.8464599487,84.6,f4,2026-01-01,7:17:48,0,0
11578,LJyclVpwAio,hd2160,0.8464599487,84.6,f4,2026-01-01,7:17:49,0,0
11579,LJyclVpwAio,hd2160,0.8464599487,84.6,f4,2026-01-01,7:17:50,0,0
11580,LJyclVpwAio,hd2160,0.8504930596,85.0,f4,2026-01-01,7:17:51,0,0
11581,LJyclVpwAio,hd2160,0.8594410902,85.9,f4,2026-01-01,7:17:52,0,0
11582,LJyclVpwAio,hd2160,0.8594410902,85.9,f4,2026-01-01,7:17:53,0,0
11583,LJyclVpwAio,hd2160,0.8651110156,86.5,f4,2026-01-01,7:17:54,0,0
11584,LJyclVpwAio,hd2160,0.8651110156,86.5,f4,2026-01-01,7:17:55,0,0
11585,LJyclVpwAio,hd2160,0.8651110156,86.5,f4,2026-01-01,7:17:56,0,0
11586,LJyclVpwAio,hd2160,0.8651110156,86.5,f4,2026-01-01,7:17:57,0,0
11587,LJyclVpwAio,hd2160,0.8651110156,86.5,f4,2026-01-01,7:17:58,0,0
11588,LJyclVpwAio,hd2160,0.8862986244,88.6,f4,2026-01-01,7:17:59,0,0
11589,LJyclVpwAio,hd2160,0.9025623565,90.3,f4,2026-01-01,7:18:00,0,0
11590,LJyclVpwAio,hd2160,0.9025623565,90.3,f4,2026-01-01,7:18:01,0,0
11591,LJyclVpwAio,hd2160,0.9025623565,90.3,f4,2026-01-01,7:18:02,0,0
11592,LJyclVpwAio,hd2160,0.9025623565,90.3,f4,2026-01-01,7:18:03,0,0
11593,LJyclVpwAio,hd2160,0.9131561587,91.3,f4,2026-01-01,7:18:04,0,0
11594,LJyclVpwAio,hd2160,0.9131561587,91.3,f4,2026-01-01,7:18:05,0,0
11595,LJyclVpwAio,hd2160,0.9191245026,91.9,f4,2026-01-01,7:18:06,0,0
11596,LJyclVpwAio,hd2160,0.9191245026,91.9,f4,2026-01-01,7:18:07,0,0
11597,LJyclVpwAio,hd2160,0.9191245026,91.9,f4,2026-01-01,7:18:08,0,0
11598,LJyclVpwAio,hd2160,0.9400136929,94.0,f4,2026-01-01,7:18:09,0,0
11599,LJyclVpwAio,hd2160,0.9400136929,94.0,f4,2026-01-01,7:18:10,0,0
11600,LJyclVpwAio,hd2160,0.9400136929,94.0,f4,2026-01-01,7:18:11,0,0
11601,LJyclVpwAio,hd2160,0.9668712271,96.7,f4,2026-01-01,7:18:12,0,0
11602,LJyclVpwAio,hd2160,0.9668712271,96.7,f4,2026-01-01,7:18:13,0,0
11603,LJyclVpwAio,hd2160,0.9668712271,96.7,f4,2026-01-01,7:18:14,0,0
11604,LJyclVpwAio,hd2160,0.9668712271,96.7,f4,2026-01-01,7:18:15,0,0
11605,LJyclVpwAio,hd2160,0.9668712271,96.7,f4,2026-01-01,7:18:16,0,0
11606,LJyclVpwAio,hd2160,0.9668712271,96.7,f4,2026-01-01,7:18:17,0,0
11607,LJyclVpwAio,hd2160,0.99805581,99.8,f4,2026-01-01,7:18:18,0,0
11608,LJyclVpwAio,hd2160,0.99805581,99.8,f4,2026-01-01,7:18:19,0,0
11609,LJyclVpwAio,hd2160,0.99805581,99.8,f4,2026-01-01,7:18:20,0,0
11610,LJyclVpwAio,hd2160,0.99805581,99.8,f4,2026-01-01,7:18:21,0,0
11611,LJyclVpwAio,hd2160,0.99805581,99.8,f4,2026-01-01,7:18:22,0,0
11612,LJyclVpwAio,hd2160,0.99805581,99.8,f4,2026-01-01,7:18:23,0,0
11613,LJyclVpwAio,hd2160,0.99805581,99.8,f4,2026-01-01,7:18:24,0,0
11614,LJyclVpwAio,hd2160,1.0,100.0,f4,2026-01-01,7:18:25,0,0
11615,LJyclVpwAio,hd2160,1.0,100.0,f4,2026-01-01,7:18:26,0,0
11616,LJyclVpwAio,hd2160,1.0,100.0,f4,2026-01-01,7:18:27,0,0
11617,LJyclVpwAio,hd2160,1.0,100.0,f4,2026-01-01,7:18:28,0,0
11618,LJyclVpwAio,hd2160,1.0,100.0,f4,2026-01-01,7:18:29,0,0
11619,LJyclVpwAio,hd2160,1.0,100.0,f4,2026-01-01,7:18:30,0,0
11620,LJyclVpwAio,hd2160,1.0,100.0,f4,2026-01-01,7:18:31,0,0
11621,LJyclVpwAio,hd2160,1.0,100.0,f4,2026-01-01,7:18:32,0,0
11622,LJyclVpwAio,hd2160,1.0,100.0,f4,2026-01-01,7:18:33,0,0
11623,LJyclVpwAio,hd2160,1.0,100.0,f4,2026-01-01,7:18:34,0,0
11624,LJyclVpwAio,hd2160,1.0,100.0,f4,2026-01-01,7:18:35,0,0
11625,LJyclVpwAio,hd2160,1.0,100.0,f4,2026-01-01,7:18:36,0,0
11626,LJyclVpwAio,hd2160,1.0,100.0,f4,2026-01-01,7:18:37,0,0
11627,LJyclVpwAio,hd2160,1.0,100.0,f4,2026-01-01,7:18:38,0,0
11628,LJyclVpwAio,hd2160,1.0,100.0,f4,2026-01-01,7:18:39,0,0
11629,LJyclVpwAio,hd2160,1.0,100.0,f4,2026-01-01,7:18:40,0,0
11630,LJyclVpwAio,hd2160,1.0,100.0,f4,2026-01-01,7:18:41,0,0
11631,LJyclVpwAio,hd2160,1.0,100.0,f4,2026-01-01,7:18:42,0,0
11632,LJyclVpwAio,hd2160,1.0,100.0,f4,2026-01-01,7:18:43,0,0
11633,LJyclVpwAio,hd2160,1.0,100.0,f4,2026-01-01,7:18:44,0,0
11634,LJyclVpwAio,hd2160,1.0,100.0,f4,2026-01-01,7:18:45,0,0
11635,LJyclVpwAio,hd2160,1.0,100.0,f4,2026-01-01,7:18:46,0,0
11636,LJyclVpwAio,hd2160,1.0,100.0,f4,2026-01-01,7:18:47,0,0
11637,LJyclVpwAio,hd2160,1.0,100.0,f4,2026-01-01,7:18:48,0,0
11638,LJyclVpwAio,hd2160,1.0,100.0,f4,2026-01-01,7:18:49,0,0
11639,LJyclVpwAio,hd2160,1.0,100.0,f4,2026-01-01,7:18:50,0,0
11640,LJyclVpwAio,hd2160,1.0,100.0,f4,2026-01-01,7:18:51,0,0
11641,LJyclVpwAio,hd2160,1.0,100.0,f4,2026-01-01,7:18:52,0,0
11642,LJyclVpwAio,hd2160,1.0,100.0,f4,2026-01-01,7:18:53,0,0
11643,LJyclVpwAio,hd2160,1.0,100.0,f4,2026-01-01,7:18:54,0,0
11644,LJyclVpwAio,hd2160,1.0,100.0,f4,2026-01-01,7:18:55,0,0
11645,LJyclVpwAio,hd2160,1.0,100.0,f4,2026-01-01,7:18:56,0,0
4918,DhE9J_XbeK4,hd2160,0.0,0.0,h00,2025-11-11,13:57:08,0,0
4919,DhE9J_XbeK4,hd2160,0.01885215753,1.9,h00,2025-11-11,13:57:09,0,0
4920,DhE9J_XbeK4,hd2160,0.02396940199,2.4,h00,2025-11-11,13:57:10,0,0
4921,DhE9J_XbeK4,hd2160,0.06892700859,6.9,h00,2025-11-11,13:57:11,0,0
4922,DhE9J_XbeK4,hd2160,0.1102371969,11.0,h00,2025-11-11,13:57:12,0,0
4923,DhE9J_XbeK4,hd2160,0.1102371969,11.0,h00,2025-11-11,13:57:13,0,0
4924,DhE9J_XbeK4,hd2160,0.1102371969,11.0,h00,2025-11-11,13:57:14,0,0
4925,DhE9J_XbeK4,hd2160,0.1150301187,11.5,h00,2025-11-11,13:57:15,0,0
4926,DhE9J_XbeK4,hd2160,0.1150301187,11.5,h00,2025-11-11,13:57:16,0,0
4927,DhE9J_XbeK4,hd2160,0.1150301187,11.5,h00,2025-11-11,13:57:17,0,0
4928,DhE9J_XbeK4,hd2160,0.1437876496,14.4,h00,2025-11-11,13:57:18,0,0
4929,DhE9J_XbeK4,hd2160,0.1437876496,14.4,h00,2025-11-11,13:57:19,0,0
4930,DhE9J_XbeK4,hd2160,0.1437876496,14.4,h00,2025-11-11,13:57:20,0,0
4931,DhE9J_XbeK4,hd2160,0.1437876496,14.4,h00,2025-11-11,13:57:21,0,0
4932,DhE9J_XbeK4,hd2160,0.1632788666,16.3,h00,2025-11-11,13:57:22,0,0
4933,DhE9J_XbeK4,hd2160,0.1632788666,16.3,h00,2025-11-11,13:57:23,0,0
4934,DhE9J_XbeK4,hd2160,0.1632788666,16.3,h00,2025-11-11,13:57:24,0,0
4935,DhE9J_XbeK4,hd2160,0.1632788666,16.3,h00,2025-11-11,13:57:25,0,0
4936,DhE9J_XbeK4,hd2160,0.1632788666,16.3,h00,2025-11-11,13:57:26,0,0
4937,DhE9J_XbeK4,hd2160,0.1725451805,17.3,h00,2025-11-11,13:57:27,0,0
4938,DhE9J_XbeK4,hd2160,0.1893204068,18.9,h00,2025-11-11,13:57:28,0,0
4939,DhE9J_XbeK4,hd2160,0.1893204068,18.9,h00,2025-11-11,13:57:29,0,0
4940,DhE9J_XbeK4,hd2160,0.1893204068,18.9,h00,2025-11-11,13:57:30,0,0
4941,DhE9J_XbeK4,hd2160,0.1893204068,18.9,h00,2025-11-11,13:57:31,0,0
4942,DhE9J_XbeK4,hd2160,0.1893204068,18.9,h00,2025-11-11,13:57:32,0,0
4943,DhE9J_XbeK4,hd2160,0.2013027114,20.1,h00,2025-11-11,13:57:33,0,0
4944,DhE9J_XbeK4,hd2160,0.2013027114,20.1,h00,2025-11-11,13:57:34,0,0
4945,DhE9J_XbeK4,hd2160,0.2096104457,21.0,h00,2025-11-11,13:57:35,0,0
4946,DhE9J_XbeK4,hd2160,0.2191962893,21.9,h00,2025-11-11,13:57:36,0,0
4947,DhE9J_XbeK4,hd2160,0.2191962893,21.9,h00,2025-11-11,13:57:37,0,0
4948,DhE9J_XbeK4,hd2160,0.2191962893,21.9,h00,2025-11-11,13:57:38,0,0
4949,DhE9J_XbeK4,hd2160,0.2300602422,23.0,h00,2025-11-11,13:57:39,0,0
4950,DhE9J_XbeK4,hd2160,0.2393265609,23.9,h00,2025-11-11,13:57:40,0,0
4951,DhE9J_XbeK4,hd2160,0.2393265609,23.9,h00,2025-11-11,13:57:41,0,0
4952,DhE9J_XbeK4,hd2160,0.2393265609,23.9,h00,2025-11-11,13:57:42,0,0
4953,DhE9J_XbeK4,hd2160,0.2393265609,23.9,h00,2025-11-11,13:57:43,0,0
4954,DhE9J_XbeK4,hd2160,0.2588177731,25.9,h00,2025-11-11,13:57:44,0,0
4955,DhE9J_XbeK4,hd2160,0.2588177731,25.9,h00,2025-11-11,13:57:45,0,0
4956,DhE9J_XbeK4,hd2160,0.2588177731,25.9,h00,2025-11-11,13:57:46,0,0
4957,DhE9J_XbeK4,hd2160,0.2695219684,27.0,h00,2025-11-11,13:57:47,0,0
4958,DhE9J_XbeK4,hd2160,0.2695219684,27.0,h00,2025-11-11,13:57:48,0,0
4959,DhE9J_XbeK4,hd2160,0.2835812041,28.4,h00,2025-11-11,13:57:49,0,0
4960,DhE9J_XbeK4,hd2160,0.2835812041,28.4,h00,2025-11-11,13:57:50,0,0
4961,DhE9J_XbeK4,hd2160,0.2835812041,28.4,h00,2025-11-11,13:57:51,0,0
4962,DhE9J_XbeK4,hd2160,0.3048298225,30.5,h00,2025-11-11,13:57:52,0,0
4963,DhE9J_XbeK4,hd2160,0.3048298225,30.5,h00,2025-11-11,13:57:53,0,0
4964,DhE9J_XbeK4,hd2160,0.3048298225,30.5,h00,2025-11-11,13:57:54,0,0
4965,DhE9J_XbeK4,hd2160,0.3048298225,30.5,h00,2025-11-11,13:57:55,0,0
4966,DhE9J_XbeK4,hd2160,0.3163328349,31.6,h00,2025-11-11,13:57:56,0,0
4967,DhE9J_XbeK4,hd2160,0.3163328349,31.6,h00,2025-11-11,13:57:57,0,0
4968,DhE9J_XbeK4,hd2160,0.324480802,32.4,h00,2025-11-11,13:57:58,0,0
4969,DhE9J_XbeK4,hd2160,0.324480802,32.4,h00,2025-11-11,13:57:59,0,0
4970,DhE9J_XbeK4,hd2160,0.324480802,32.4,h00,2025-11-11,13:58:00,0,0
4971,DhE9J_XbeK4,hd2160,0.324480802,32.4,h00,2025-11-11,13:58:01,0,0
4972,DhE9J_XbeK4,hd2160,0.3450903657,34.5,h00,2025-11-11,13:58:02,0,0
4973,DhE9J_XbeK4,hd2160,0.3450903657,34.5,h00,2025-11-11,13:58:03,0,0
4974,DhE9J_XbeK4,hd2160,0.3450903657,34.5,h00,2025-11-11,13:58:04,0,0
4975,DhE9J_XbeK4,hd2160,0.3704928514,37.0,h00,2025-11-11,13:58:05,0,0
4976,DhE9J_XbeK4,hd2160,0.3704928514,37.0,h00,2025-11-11,13:58:06,0,0
4977,DhE9J_XbeK4,hd2160,0.3704928514,37.0,h00,2025-11-11,13:58:07,0,0
4978,DhE9J_XbeK4,hd2160,0.3704928514,37.0,h00,2025-11-11,13:58:08,0,0
4979,DhE9J_XbeK4,hd2160,0.3704928514,37.0,h00,2025-11-11,13:58:09,0,0
4980,DhE9J_XbeK4,hd2160,0.3893450137,38.9,h00,2025-11-11,13:58:10,0,0
4981,DhE9J_XbeK4,hd2160,0.3893450137,38.9,h00,2025-11-11,13:58:11,0,0
4982,DhE9J_XbeK4,hd2160,0.3893450137,38.9,h00,2025-11-11,13:58:12,0,0
4983,DhE9J_XbeK4,hd2160,0.3893450137,38.9,h00,2025-11-11,13:58:13,0,0
4984,DhE9J_XbeK4,hd2160,0.3893450137,38.9,h00,2025-11-11,13:58:14,0,0
4985,DhE9J_XbeK4,hd2160,0.4026054275,40.3,h00,2025-11-11,13:58:15,0,0
4986,DhE9J_XbeK4,hd2160,0.4026054275,40.3,h00,2025-11-11,13:58:16,0,0
4987,DhE9J_XbeK4,hd2160,0.4177830148,41.8,h00,2025-11-11,13:58:17,0,0
4988,DhE9J_XbeK4,hd2160,0.4177830148,41.8,h00,2025-11-11,13:58:18,0,0
4989,DhE9J_XbeK4,hd2160,0.4313629584,43.1,h00,2025-11-11,13:58:19,0,0
4990,DhE9J_XbeK4,hd2160,0.4313629584,43.1,h00,2025-11-11,13:58:20,0,0
4991,DhE9J_XbeK4,hd2160,0.4313629584,43.1,h00,2025-11-11,13:58:21,0,0
4992,DhE9J_XbeK4,hd2160,0.4313629584,43.1,h00,2025-11-11,13:58:22,0,0
4993,DhE9J_XbeK4,hd2160,0.4443038473,44.4,h00,2025-11-11,13:58:23,0,0
4994,DhE9J_XbeK4,hd2160,0.4443038473,44.4,h00,2025-11-11,13:58:24,0,0
4995,DhE9J_XbeK4,hd2160,0.4443038473,44.4,h00,2025-11-11,13:58:25,0,0
4996,DhE9J_XbeK4,hd2160,0.4591619049,45.9,h00,2025-11-11,13:58:26,0,0
4997,DhE9J_XbeK4,hd2160,0.4591619049,45.9,h00,2025-11-11,13:58:27,0,0
4998,DhE9J_XbeK4,hd2160,0.4591619049,45.9,h00,2025-11-11,13:58:28,0,0
4999,DhE9J_XbeK4,hd2160,0.4591619049,45.9,h00,2025-11-11,13:58:29,0,0
5000,DhE9J_XbeK4,hd2160,0.4730613782,47.3,h00,2025-11-11,13:58:30,0,0
5001,DhE9J_XbeK4,hd2160,0.4832862812,48.3,h00,2025-11-11,13:58:31,0,0
5002,DhE9J_XbeK4,hd2160,0.4832862812,48.3,h00,2025-11-11,13:58:32,0,0
5003,DhE9J_XbeK4,hd2160,0.4832862812,48.3,h00,2025-11-11,13:58:33,0,0
5004,DhE9J_XbeK4,hd2160,0.4832862812,48.3,h00,2025-11-11,13:58:34,0,0
5005,DhE9J_XbeK4,hd2160,0.4997419778,50.0,h00,2025-11-11,13:58:35,0,0
5006,DhE9J_XbeK4,hd2160,0.4997419778,50.0,h00,2025-11-11,13:58:36,0,0
5007,DhE9J_XbeK4,hd2160,0.4997419778,50.0,h00,2025-11-11,13:58:37,0,0
5008,DhE9J_XbeK4,hd2160,0.5173160261,51.7,h00,2025-11-11,13:58:38,0,0
5009,DhE9J_XbeK4,hd2160,0.5173160261,51.7,h00,2025-11-11,13:58:39,0,0
5010,DhE9J_XbeK4,hd2160,0.5173160261,51.7,h00,2025-11-11,13:58:40,0,0
5011,DhE9J_XbeK4,hd2160,0.5403220508,54.0,h00,2025-11-11,13:58:41,0,0
5012,DhE9J_XbeK4,hd2160,0.5403220508,54.0,h00,2025-11-11,13:58:42,0,0
5013,DhE9J_XbeK4,hd2160,0.5403220508,54.0,h00,2025-11-11,13:58:43,0,0
5014,DhE9J_XbeK4,hd2160,0.5403220508,54.0,h00,2025-11-11,13:58:44,0,0
5015,DhE9J_XbeK4,hd2160,0.5403220508,54.0,h00,2025-11-11,13:58:45,0,0
5016,DhE9J_XbeK4,hd2160,0.5588546786,55.9,h00,2025-11-11,13:58:46,0,0
5017,DhE9J_XbeK4,hd2160,0.5588546786,55.9,h00,2025-11-11,13:58:47,0,0
5018,DhE9J_XbeK4,hd2160,0.5588546786,55.9,h00,2025-11-11,13:58:48,0,0
5019,DhE9J_XbeK4,hd2160,0.5588546786,55.9,h00,2025-11-11,13:58:49,0,0
5020,DhE9J_XbeK4,hd2160,0.5751506128,57.5,h00,2025-11-11,13:58:50,0,0
5021,DhE9J_XbeK4,hd2160,0.5751506128,57.5,h00,2025-11-11,13:58:51,0,0
5022,DhE9J_XbeK4,hd2160,0.6015116827,60.2,h00,2025-11-11,13:58:52,0,0
5023,DhE9J_XbeK4,hd2160,0.6015116827,60.2,h00,2025-11-11,13:58:53,0,0
5024,DhE9J_XbeK4,hd2160,0.6015116827,60.2,h00,2025-11-11,13:58:54,0,0
5025,DhE9J_XbeK4,hd2160,0.6015116827,60.2,h00,2025-11-11,13:58:55,0,0
5026,DhE9J_XbeK4,hd2160,0.6015116827,60.2,h00,2025-11-11,13:58:56,0,0
5027,DhE9J_XbeK4,hd2160,0.6015116827,60.2,h00,2025-11-11,13:58:57,0,0
5028,DhE9J_XbeK4,hd2160,0.6015116827,60.2,h00,2025-11-11,13:58:58,0,0
5029,DhE9J_XbeK4,hd2160,0.6015116827,60.2,h00,2025-11-11,13:58:59,0,0
5030,DhE9J_XbeK4,hd2160,0.6288313371,62.9,h00,2025-11-11,13:59:00,0,0
5031,DhE9J_XbeK4,hd2160,0.6288313371,62.9,h00,2025-11-11,13:59:01,0,0
5032,DhE9J_XbeK4,hd2160,0.6288313371,62.9,h00,2025-11-11,13:59:02,0,0
5033,DhE9J_XbeK4,hd2160,0.6288313371,62.9,h00,2025-11-11,13:59:03,0,0
5034,DhE9J_XbeK4,hd2160,0.64704444,64.7,h00,2025-11-11,13:59:04,0,0
5035,DhE9J_XbeK4,hd2160,0.64704444,64.7,h00,2025-11-11,13:59:05,0,0
5036,DhE9J_XbeK4,hd2160,0.64704444,64.7,h00,2025-11-11,13:59:06,0,0
5037,DhE9J_XbeK4,hd2160,0.64704444,64.7,h00,2025-11-11,13:59:07,0,0
5038,DhE9J_XbeK4,hd2160,0.6614232054,66.1,h00,2025-11-11,13:59:08,0,0
5039,DhE9J_XbeK4,hd2160,0.6614232054,66.1,h00,2025-11-11,13:59:09,0,0
5040,DhE9J_XbeK4,hd2160,0.6614232054,66.1,h00,2025-11-11,13:59:10,0,0
5041,DhE9J_XbeK4,hd2160,0.6722871631,67.2,h00,2025-11-11,13:59:11,0,0
5042,DhE9J_XbeK4,hd2160,0.6794765458,67.9,h00,2025-11-11,13:59:12,0,0
5043,DhE9J_XbeK4,hd2160,0.6794765458,67.9,h00,2025-11-11,13:59:13,0,0
5044,DhE9J_XbeK4,hd2160,0.6794765458,67.9,h00,2025-11-11,13:59:14,0,0
5045,DhE9J_XbeK4,hd2160,0.6930564894,69.3,h00,2025-11-11,13:59:15,0,0
5046,DhE9J_XbeK4,hd2160,0.6930564894,69.3,h00,2025-11-11,13:59:16,0,0
5047,DhE9J_XbeK4,hd2160,0.6930564894,69.3,h00,2025-11-11,13:59:17,0,0
5048,DhE9J_XbeK4,hd2160,0.7015239862,70.2,h00,2025-11-11,13:59:18,0,0
5049,DhE9J_XbeK4,hd2160,0.7133465282,71.3,h00,2025-11-11,13:59:19,0,0
5050,DhE9J_XbeK4,hd2160,0.7133465282,71.3,h00,2025-11-11,13:59:20,0,0
5051,DhE9J_XbeK4,hd2160,0.7133465282,71.3,h00,2025-11-11,13:59:21,0,0
5052,DhE9J_XbeK4,hd2160,0.7189430649,71.9,h00,2025-11-11,13:59:22,0,0
5053,DhE9J_XbeK4,hd2160,0.7349146764,73.5,h00,2025-11-11,13:59:23,0,0
5054,DhE9J_XbeK4,hd2160,0.7349146764,73.5,h00,2025-11-11,13:59:24,0,0
5055,DhE9J_XbeK4,hd2160,0.7349146764,73.5,h00,2025-11-11,13:59:25,0,0
5056,DhE9J_XbeK4,hd2160,0.7349146764,73.5,h00,2025-11-11,13:59:26,0,0
5057,DhE9J_XbeK4,hd2160,0.7435419357,74.4,h00,2025-11-11,13:59:27,0,0
5058,DhE9J_XbeK4,hd2160,0.7494532043,74.9,h00,2025-11-11,13:59:28,0,0
5059,DhE9J_XbeK4,hd2160,0.7494532043,74.9,h00,2025-11-11,13:59:29,0,0
5060,DhE9J_XbeK4,hd2160,0.7609562167,76.1,h00,2025-11-11,13:59:30,0,0
5061,DhE9J_XbeK4,hd2160,0.7711811149,77.1,h00,2025-11-11,13:59:31,0,0
5062,DhE9J_XbeK4,hd2160,0.7711811149,77.1,h00,2025-11-11,13:59:32,0,0
5063,DhE9J_XbeK4,hd2160,0.7711811149,77.1,h00,2025-11-11,13:59:33,0,0
5064,DhE9J_XbeK4,hd2160,0.7711811149,77.1,h00,2025-11-11,13:59:34,0,0
5065,DhE9J_XbeK4,hd2160,0.7711811149,77.1,h00,2025-11-11,13:59:35,0,0
5066,DhE9J_XbeK4,hd2160,0.7893942178,78.9,h00,2025-11-11,13:59:36,0,0
5067,DhE9J_XbeK4,hd2160,0.7991398287,79.9,h00,2025-11-11,13:59:37,0,0
5068,DhE9J_XbeK4,hd2160,0.7991398287,79.9,h00,2025-11-11,13:59:38,0,0
5069,DhE9J_XbeK4,hd2160,0.7991398287,79.9,h00,2025-11-11,13:59:39,0,0
5070,DhE9J_XbeK4,hd2160,0.8278973596,82.8,h00,2025-11-11,13:59:40,0,0
5071,DhE9J_XbeK4,hd2160,0.8278973596,82.8,h00,2025-11-11,13:59:41,0,0
5072,DhE9J_XbeK4,hd2160,0.8278973596,82.8,h00,2025-11-11,13:59:42,0,0
5073,DhE9J_XbeK4,hd2160,0.8278973596,82.8,h00,2025-11-11,13:59:43,0,0
5074,DhE9J_XbeK4,hd2160,0.8278973596,82.8,h00,2025-11-11,13:59:44,0,0
5075,DhE9J_XbeK4,hd2160,0.8278973596,82.8,h00,2025-11-11,13:59:45,0,0
5076,DhE9J_XbeK4,hd2160,0.8566548905,85.7,h00,2025-11-11,13:59:46,0,0
5077,DhE9J_XbeK4,hd2160,0.8566548905,85.7,h00,2025-11-11,13:59:47,0,0
5078,DhE9J_XbeK4,hd2160,0.8566548905,85.7,h00,2025-11-11,13:59:48,0,0
5079,DhE9J_XbeK4,hd2160,0.8566548905,85.7,h00,2025-11-11,13:59:49,0,0
5080,DhE9J_XbeK4,hd2160,0.8566548905,85.7,h00,2025-11-11,13:59:50,0,0
5081,DhE9J_XbeK4,hd2160,0.8854124213,88.5,h00,2025-11-11,13:59:51,0,0
5082,DhE9J_XbeK4,hd2160,0.8854124213,88.5,h00,2025-11-11,13:59:52,0,0
5083,DhE9J_XbeK4,hd2160,0.8854124213,88.5,h00,2025-11-11,13:59:53,0,0
5084,DhE9J_XbeK4,hd2160,0.8854124213,88.5,h00,2025-11-11,13:59:54,0,0
5085,DhE9J_XbeK4,hd2160,0.8854124213,88.5,h00,2025-11-11,13:59:55,0,0
5086,DhE9J_XbeK4,hd2160,0.8854124213,88.5,h00,2025-11-11,13:59:56,0,0
5087,DhE9J_XbeK4,hd2160,0.9141699522,91.4,h00,2025-11-11,13:59:57,0,0
5088,DhE9J_XbeK4,hd2160,0.9141699522,91.4,h00,2025-11-11,13:59:58,0,0
5089,DhE9J_XbeK4,hd2160,0.9141699522,91.4,h00,2025-11-11,13:59:59,0,0
5090,DhE9J_XbeK4,hd2160,0.9141699522,91.4,h00,2025-11-11,14:00:00,0,0
5091,DhE9J_XbeK4,hd2160,0.9141699522,91.4,h00,2025-11-11,14:00:01,0,0
5092,DhE9J_XbeK4,hd2160,0.9429274831,94.3,h00,2025-11-11,14:00:02,0,0
5093,DhE9J_XbeK4,hd2160,0.9429274831,94.3,h00,2025-11-11,14:00:03,0,0
5094,DhE9J_XbeK4,hd2160,0.9429274831,94.3,h00,2025-11-11,14:00:04,0,0
5095,DhE9J_XbeK4,hd2160,0.9429274831,94.3,h00,2025-11-11,14:00:05,0,0
5096,DhE9J_XbeK4,hd2160,0.9429274831,94.3,h00,2025-11-11,14:00:06,0,0
5097,DhE9J_XbeK4,hd2160,0.9429274831,94.3,h00,2025-11-11,14:00:07,0,0
5098,DhE9J_XbeK4,hd2160,0.971685014,97.2,h00,2025-11-11,14:00:08,0,0
5099,DhE9J_XbeK4,hd2160,0.971685014,97.2,h00,2025-11-11,14:00:09,0,0
5100,DhE9J_XbeK4,hd2160,0.971685014,97.2,h00,2025-11-11,14:00:10,0,0
5101,DhE9J_XbeK4,hd2160,0.971685014,97.2,h00,2025-11-11,14:00:11,0,0
5102,DhE9J_XbeK4,hd2160,0.971685014,97.2,h00,2025-11-11,14:00:12,0,0
5103,DhE9J_XbeK4,hd2160,0.971685014,97.2,h00,2025-11-11,14:00:13,0,0
5104,DhE9J_XbeK4,hd2160,1.0,100.0,h00,2025-11-11,14:00:14,0,0
5105,DhE9J_XbeK4,hd2160,1.0,100.0,h00,2025-11-11,14:00:15,0,0
5106,DhE9J_XbeK4,hd2160,1.0,100.0,h00,2025-11-11,14:00:16,0,0
5107,DhE9J_XbeK4,hd2160,1.0,100.0,h00,2025-11-11,14:00:17,0,0
5108,DhE9J_XbeK4,hd2160,1.0,100.0,h00,2025-11-11,14:00:18,0,0
5109,DhE9J_XbeK4,hd2160,1.0,100.0,h00,2025-11-11,14:00:19,0,0
5110,DhE9J_XbeK4,hd2160,1.0,100.0,h00,2025-11-11,14:00:20,0,0
5111,DhE9J_XbeK4,hd2160,1.0,100.0,h00,2025-11-11,14:00:21,0,0
5112,DhE9J_XbeK4,hd2160,1.0,100.0,h00,2025-11-11,14:00:22,0,0
5113,DhE9J_XbeK4,hd2160,1.0,100.0,h00,2025-11-11,14:00:23,0,0
5114,DhE9J_XbeK4,hd2160,1.0,100.0,h00,2025-11-11,14:00:24,0,0
5115,DhE9J_XbeK4,hd2160,1.0,100.0,h00,2025-11-11,14:00:25,0,0
5116,DhE9J_XbeK4,hd2160,1.0,100.0,h00,2025-11-11,14:00:26,0,0
5117,DhE9J_XbeK4,hd2160,1.0,100.0,h00,2025-11-11,14:00:27,0,0
5118,DhE9J_XbeK4,hd2160,1.0,100.0,h00,2025-11-11,14:00:28,0,0
5119,DhE9J_XbeK4,hd2160,1.0,100.0,h00,2025-11-11,14:00:29,0,0
5120,DhE9J_XbeK4,hd2160,1.0,100.0,h00,2025-11-11,14:00:30,0,0
5121,DhE9J_XbeK4,hd2160,1.0,100.0,h00,2025-11-11,14:00:31,0,0
5122,DhE9J_XbeK4,hd2160,1.0,100.0,h00,2025-11-11,14:00:32,0,0
5123,DhE9J_XbeK4,hd2160,1.0,100.0,h00,2025-11-11,14:00:33,0,0
5124,DhE9J_XbeK4,hd2160,1.0,100.0,h00,2025-11-11,14:00:34,0,0
5125,DhE9J_XbeK4,hd2160,1.0,100.0,h00,2025-11-11,14:00:35,0,0
5126,DhE9J_XbeK4,hd2160,1.0,100.0,h00,2025-11-11,14:00:36,0,0
5127,DhE9J_XbeK4,hd2160,1.0,100.0,h00,2025-11-11,14:00:37,0,0
5128,DhE9J_XbeK4,hd2160,1.0,100.0,h00,2025-11-11,14:00:38,0,0
5129,DhE9J_XbeK4,hd2160,1.0,100.0,h00,2025-11-11,14:00:39,0,0
5130,DhE9J_XbeK4,hd2160,1.0,100.0,h00,2025-11-11,14:00:40,0,0
4412,jMB7-v50hck,hd2160,0.0,0.0,h88,2025-11-11,11:33:45,0,0
4413,jMB7-v50hck,hd2160,0.01772377873,1.8,h88,2025-11-11,11:33:46,0,0
4414,jMB7-v50hck,hd2160,0.06203559949,6.2,h88,2025-11-11,11:33:47,0,0
4415,jMB7-v50hck,hd2160,0.07802165976,7.8,h88,2025-11-11,11:33:48,0,0
4416,jMB7-v50hck,hd2160,0.09764933221,9.8,h88,2025-11-11,11:33:49,0,0
4417,jMB7-v50hck,hd2160,0.09764933221,9.8,h88,2025-11-11,11:33:50,0,0
4418,jMB7-v50hck,hd2160,0.1077765275,10.8,h88,2025-11-11,11:33:51,0,0
4419,jMB7-v50hck,hd2160,0.1077765275,10.8,h88,2025-11-11,11:33:52,0,0
4420,jMB7-v50hck,hd2160,0.1198028687,12.0,h88,2025-11-11,11:33:53,0,0
4421,jMB7-v50hck,hd2160,0.1198028687,12.0,h88,2025-11-11,11:33:54,0,0
4422,jMB7-v50hck,hd2160,0.1266065587,12.7,h88,2025-11-11,11:33:55,0,0
4423,jMB7-v50hck,hd2160,0.1266065587,12.7,h88,2025-11-11,11:33:56,0,0
4424,jMB7-v50hck,hd2160,0.1381581134,13.8,h88,2025-11-11,11:33:57,0,0
4425,jMB7-v50hck,hd2160,0.1381581134,13.8,h88,2025-11-11,11:33:58,0,0
4426,jMB7-v50hck,hd2160,0.1381581134,13.8,h88,2025-11-11,11:33:59,0,0
4427,jMB7-v50hck,hd2160,0.1482900565,14.8,h88,2025-11-11,11:34:00,0,0
4428,jMB7-v50hck,hd2160,0.1577857858,15.8,h88,2025-11-11,11:34:01,0,0
4429,jMB7-v50hck,hd2160,0.1577857858,15.8,h88,2025-11-11,11:34:02,0,0
4430,jMB7-v50hck,hd2160,0.1577857858,15.8,h88,2025-11-11,11:34:03,0,0
4431,jMB7-v50hck,hd2160,0.1683877676,16.8,h88,2025-11-11,11:34:04,0,0
4432,jMB7-v50hck,hd2160,0.1761457784,17.6,h88,2025-11-11,11:34:05,0,0
4433,jMB7-v50hck,hd2160,0.1761457784,17.6,h88,2025-11-11,11:34:06,0,0
4434,jMB7-v50hck,hd2160,0.1856415077,18.6,h88,2025-11-11,11:34:07,0,0
4435,jMB7-v50hck,hd2160,0.1856415077,18.6,h88,2025-11-11,11:34:08,0,0
4436,jMB7-v50hck,hd2160,0.1924451978,19.2,h88,2025-11-11,11:34:09,0,0
4437,jMB7-v50hck,hd2160,0.1945010232,19.5,h88,2025-11-11,11:34:10,0,0
4438,jMB7-v50hck,hd2160,0.2051030049,20.5,h88,2025-11-11,11:34:11,0,0
4439,jMB7-v50hck,hd2160,0.2051030049,20.5,h88,2025-11-11,11:34:12,0,0
4440,jMB7-v50hck,hd2160,0.2164978801,21.6,h88,2025-11-11,11:34:13,0,0
4441,jMB7-v50hck,hd2160,0.2164978801,21.6,h88,2025-11-11,11:34:14,0,0
4442,jMB7-v50hck,hd2160,0.2164978801,21.6,h88,2025-11-11,11:34:15,0,0
4443,jMB7-v50hck,hd2160,0.2236244249,22.4,h88,2025-11-11,11:34:16,0,0
4444,jMB7-v50hck,hd2160,0.2236244249,22.4,h88,2025-11-11,11:34:17,0,0
4445,jMB7-v50hck,hd2160,0.2339082997,23.4,h88,2025-11-11,11:34:18,0,0
4446,jMB7-v50hck,hd2160,0.2339082997,23.4,h88,2025-11-11,11:34:19,0,0
4447,jMB7-v50hck,hd2160,0.2426158835,24.3,h88,2025-11-11,11:34:20,0,0
4448,jMB7-v50hck,hd2160,0.2426158835,24.3,h88,2025-11-11,11:34:21,0,0
4449,jMB7-v50hck,hd2160,0.2530611857,25.3,h88,2025-11-11,11:34:22,0,0
4450,jMB7-v50hck,hd2160,0.2530611857,25.3,h88,2025-11-11,11:34:23,0,0
4451,jMB7-v50hck,hd2160,0.2646127404,26.5,h88,2025-11-11,11:34:24,0,0
4452,jMB7-v50hck,hd2160,0.2646127404,26.5,h88,2025-11-11,11:34:25,0,0
4453,jMB7-v50hck,hd2160,0.2723660034,27.2,h88,2025-11-11,11:34:26,0,0
4454,jMB7-v50hck,hd2160,0.2723660034,27.2,h88,2025-11-11,11:34:27,0,0
4455,jMB7-v50hck,hd2160,0.2818617327,28.2,h88,2025-11-11,11:34:28,0,0
4456,jMB7-v50hck,hd2160,0.2886654227,28.9,h88,2025-11-11,11:34:29,0,0
4457,jMB7-v50hck,hd2160,0.2916755689,29.2,h88,2025-11-11,11:34:30,0,0
4458,jMB7-v50hck,hd2160,0.3018027642,30.2,h88,2025-11-11,11:34:31,0,0
4459,jMB7-v50hck,hd2160,0.3018027642,30.2,h88,2025-11-11,11:34:32,0,0
4460,jMB7-v50hck,hd2160,0.3018027642,30.2,h88,2025-11-11,11:34:33,0,0
4461,jMB7-v50hck,hd2160,0.3127228529,31.3,h88,2025-11-11,11:34:34,0,0
4462,jMB7-v50hck,hd2160,0.3127228529,31.3,h88,2025-11-11,11:34:35,0,0
4463,jMB7-v50hck,hd2160,0.3204808637,32.0,h88,2025-11-11,11:34:36,0,0
4464,jMB7-v50hck,hd2160,0.3204808637,32.0,h88,2025-11-11,11:34:37,0,0
4465,jMB7-v50hck,hd2160,0.329976593,33.0,h88,2025-11-11,11:34:38,0,0
4466,jMB7-v50hck,hd2160,0.329976593,33.0,h88,2025-11-11,11:34:39,0,0
4467,jMB7-v50hck,hd2160,0.3402604679,34.0,h88,2025-11-11,11:34:40,0,0
4468,jMB7-v50hck,hd2160,0.3402604679,34.0,h88,2025-11-11,11:34:41,0,0
4469,jMB7-v50hck,hd2160,0.3502309836,35.0,h88,2025-11-11,11:34:42,0,0
4470,jMB7-v50hck,hd2160,0.3502309836,35.0,h88,2025-11-11,11:34:43,0,0
4471,jMB7-v50hck,hd2160,0.3608329654,36.1,h88,2025-11-11,11:34:44,0,0
4472,jMB7-v50hck,hd2160,0.3608329654,36.1,h88,2025-11-11,11:34:45,0,0
4473,jMB7-v50hck,hd2160,0.3685909762,36.9,h88,2025-11-11,11:34:46,0,0
4474,jMB7-v50hck,hd2160,0.3685909762,36.9,h88,2025-11-11,11:34:47,0,0
4475,jMB7-v50hck,hd2160,0.3790362784,37.9,h88,2025-11-11,11:34:48,0,0
4476,jMB7-v50hck,hd2160,0.3790362784,37.9,h88,2025-11-11,11:34:49,0,0
4477,jMB7-v50hck,hd2160,0.3790362784,37.9,h88,2025-11-11,11:34:50,0,0
4478,jMB7-v50hck,hd2160,0.3886934351,38.9,h88,2025-11-11,11:34:51,0,0
4479,jMB7-v50hck,hd2160,0.39897731,39.9,h88,2025-11-11,11:34:52,0,0
4480,jMB7-v50hck,hd2160,0.39897731,39.9,h88,2025-11-11,11:34:53,0,0
4481,jMB7-v50hck,hd2160,0.4089478257,40.9,h88,2025-11-11,11:34:54,0,0
4482,jMB7-v50hck,hd2160,0.4089478257,40.9,h88,2025-11-11,11:34:55,0,0
4483,jMB7-v50hck,hd2160,0.4167010887,41.7,h88,2025-11-11,11:34:56,0,0
4484,jMB7-v50hck,hd2160,0.4167010887,41.7,h88,2025-11-11,11:34:57,0,0
4485,jMB7-v50hck,hd2160,0.4274644978,42.7,h88,2025-11-11,11:34:58,0,0
4486,jMB7-v50hck,hd2160,0.4274644978,42.7,h88,2025-11-11,11:34:59,0,0
4487,jMB7-v50hck,hd2160,0.4358539747,43.6,h88,2025-11-11,11:35:00,0,0
4488,jMB7-v50hck,hd2160,0.4358539747,43.6,h88,2025-11-11,11:35:01,0,0
4489,jMB7-v50hck,hd2160,0.4458244904,44.6,h88,2025-11-11,11:35:02,0,0
4490,jMB7-v50hck,hd2160,0.4458244904,44.6,h88,2025-11-11,11:35:03,0,0
4491,jMB7-v50hck,hd2160,0.4570579382,45.7,h88,2025-11-11,11:35:04,0,0
4492,jMB7-v50hck,hd2160,0.4570579382,45.7,h88,2025-11-11,11:35:05,0,0
4493,jMB7-v50hck,hd2160,0.4659222015,46.6,h88,2025-11-11,11:35:06,0,0
4494,jMB7-v50hck,hd2160,0.4659222015,46.6,h88,2025-11-11,11:35:07,0,0
4495,jMB7-v50hck,hd2160,0.4659222015,46.6,h88,2025-11-11,11:35:08,0,0
4496,jMB7-v50hck,hd2160,0.4757360377,47.6,h88,2025-11-11,11:35:09,0,0
4497,jMB7-v50hck,hd2160,0.4757360377,47.6,h88,2025-11-11,11:35:10,0,0
4498,jMB7-v50hck,hd2160,0.4850703396,48.5,h88,2025-11-11,11:35:11,0,0
4499,jMB7-v50hck,hd2160,0.4945660689,49.5,h88,2025-11-11,11:35:12,0,0
4500,jMB7-v50hck,hd2160,0.4945660689,49.5,h88,2025-11-11,11:35:13,0,0
4501,jMB7-v50hck,hd2160,0.5051680507,50.5,h88,2025-11-11,11:35:14,0,0
4502,jMB7-v50hck,hd2160,0.5051680507,50.5,h88,2025-11-11,11:35:15,0,0
4503,jMB7-v50hck,hd2160,0.5122945955,51.2,h88,2025-11-11,11:35:16,0,0
4504,jMB7-v50hck,hd2160,0.5122945955,51.2,h88,2025-11-11,11:35:17,0,0
4505,jMB7-v50hck,hd2160,0.5224217908,52.2,h88,2025-11-11,11:35:18,0,0
4506,jMB7-v50hck,hd2160,0.5224217908,52.2,h88,2025-11-11,11:35:19,0,0
4507,jMB7-v50hck,hd2160,0.5292254808,52.9,h88,2025-11-11,11:35:20,0,0
4508,jMB7-v50hck,hd2160,0.532553734,53.3,h88,2025-11-11,11:35:21,0,0
4509,jMB7-v50hck,hd2160,0.5420494633,54.2,h88,2025-11-11,11:35:22,0,0
4510,jMB7-v50hck,hd2160,0.5420494633,54.2,h88,2025-11-11,11:35:23,0,0
4511,jMB7-v50hck,hd2160,0.5420494633,54.2,h88,2025-11-11,11:35:24,0,0
4512,jMB7-v50hck,hd2160,0.5531262315,55.3,h88,2025-11-11,11:35:25,0,0
4513,jMB7-v50hck,hd2160,0.5531262315,55.3,h88,2025-11-11,11:35:26,0,0
4514,jMB7-v50hck,hd2160,0.561036174,56.1,h88,2025-11-11,11:35:27,0,0
4515,jMB7-v50hck,hd2160,0.561036174,56.1,h88,2025-11-11,11:35:28,0,0
4516,jMB7-v50hck,hd2160,0.5727491561,57.3,h88,2025-11-11,11:35:29,0,0
4517,jMB7-v50hck,hd2160,0.5727491561,57.3,h88,2025-11-11,11:35:30,0,0
4518,jMB7-v50hck,hd2160,0.5793961666,57.9,h88,2025-11-11,11:35:31,0,0
4519,jMB7-v50hck,hd2160,0.5793961666,57.9,h88,2025-11-11,11:35:32,0,0
4520,jMB7-v50hck,hd2160,0.5936397605,59.4,h88,2025-11-11,11:35:33,0,0
4521,jMB7-v50hck,hd2160,0.5936397605,59.4,h88,2025-11-11,11:35:34,0,0
4522,jMB7-v50hck,hd2160,0.6013930235,60.1,h88,2025-11-11,11:35:35,0,0
4523,jMB7-v50hck,hd2160,0.6097825003,61.0,h88,2025-11-11,11:35:36,0,0
4524,jMB7-v50hck,hd2160,0.6097825003,61.0,h88,2025-11-11,11:35:37,0,0
4525,jMB7-v50hck,hd2160,0.619439657,61.9,h88,2025-11-11,11:35:38,0,0
4526,jMB7-v50hck,hd2160,0.619439657,61.9,h88,2025-11-11,11:35:39,0,0
4527,jMB7-v50hck,hd2160,0.619439657,61.9,h88,2025-11-11,11:35:40,0,0
4528,jMB7-v50hck,hd2160,0.6292487454,62.9,h88,2025-11-11,11:35:41,0,0
4529,jMB7-v50hck,hd2160,0.6292487454,62.9,h88,2025-11-11,11:35:42,0,0
4530,jMB7-v50hck,hd2160,0.6389011542,63.9,h88,2025-11-11,11:35:43,0,0
4531,jMB7-v50hck,hd2160,0.6389011542,63.9,h88,2025-11-11,11:35:44,0,0
4532,jMB7-v50hck,hd2160,0.649503136,65.0,h88,2025-11-11,11:35:45,0,0
4533,jMB7-v50hck,hd2160,0.649503136,65.0,h88,2025-11-11,11:35:46,0,0
4534,jMB7-v50hck,hd2160,0.6574178263,65.7,h88,2025-11-11,11:35:47,0,0
4535,jMB7-v50hck,hd2160,0.6574178263,65.7,h88,2025-11-11,11:35:48,0,0
4536,jMB7-v50hck,hd2160,0.667706449,66.8,h88,2025-11-11,11:35:49,0,0
4537,jMB7-v50hck,hd2160,0.667706449,66.8,h88,2025-11-11,11:35:50,0,0
4538,jMB7-v50hck,hd2160,0.6756211394,67.6,h88,2025-11-11,11:35:51,0,0
4539,jMB7-v50hck,hd2160,0.6756211394,67.6,h88,2025-11-11,11:35:52,0,0
4540,jMB7-v50hck,hd2160,0.6854349756,68.5,h88,2025-11-11,11:35:53,0,0
4541,jMB7-v50hck,hd2160,0.6854349756,68.5,h88,2025-11-11,11:35:54,0,0
4542,jMB7-v50hck,hd2160,0.6976179963,69.8,h88,2025-11-11,11:35:55,0,0
4543,jMB7-v50hck,hd2160,0.7053712593,70.5,h88,2025-11-11,11:35:56,0,0
4544,jMB7-v50hck,hd2160,0.7053712593,70.5,h88,2025-11-11,11:35:57,0,0
4545,jMB7-v50hck,hd2160,0.7053712593,70.5,h88,2025-11-11,11:35:58,0,0
4546,jMB7-v50hck,hd2160,0.716291348,71.6,h88,2025-11-11,11:35:59,0,0
4547,jMB7-v50hck,hd2160,0.716291348,71.6,h88,2025-11-11,11:36:00,0,0
4548,jMB7-v50hck,hd2160,0.7237312519,72.4,h88,2025-11-11,11:36:01,0,0
4549,jMB7-v50hck,hd2160,0.7237312519,72.4,h88,2025-11-11,11:36:02,0,0
4550,jMB7-v50hck,hd2160,0.7340198746,73.4,h88,2025-11-11,11:36:03,0,0
4551,jMB7-v50hck,hd2160,0.7340198746,73.4,h88,2025-11-11,11:36:04,0,0
4552,jMB7-v50hck,hd2160,0.7457281088,74.6,h88,2025-11-11,11:36:05,0,0
4553,jMB7-v50hck,hd2160,0.7457281088,74.6,h88,2025-11-11,11:36:06,0,0
4554,jMB7-v50hck,hd2160,0.7534861196,75.3,h88,2025-11-11,11:36:07,0,0
4555,jMB7-v50hck,hd2160,0.7534861196,75.3,h88,2025-11-11,11:36:08,0,0
4556,jMB7-v50hck,hd2160,0.7645628878,76.5,h88,2025-11-11,11:36:09,0,0
4557,jMB7-v50hck,hd2160,0.7645628878,76.5,h88,2025-11-11,11:36:10,0,0
4558,jMB7-v50hck,hd2160,0.7737405102,77.4,h88,2025-11-11,11:36:11,0,0
4559,jMB7-v50hck,hd2160,0.7737405102,77.4,h88,2025-11-11,11:36:12,0,0
4560,jMB7-v50hck,hd2160,0.7841858124,78.4,h88,2025-11-11,11:36:13,0,0
4561,jMB7-v50hck,hd2160,0.7841858124,78.4,h88,2025-11-11,11:36:14,0,0
4562,jMB7-v50hck,hd2160,0.7938382213,79.4,h88,2025-11-11,11:36:15,0,0
4563,jMB7-v50hck,hd2160,0.7938382213,79.4,h88,2025-11-11,11:36:16,0,0
4564,jMB7-v50hck,hd2160,0.8015962321,80.2,h88,2025-11-11,11:36:17,0,0
4565,jMB7-v50hck,hd2160,0.8015962321,80.2,h88,2025-11-11,11:36:18,0,0
4566,jMB7-v50hck,hd2160,0.8117234274,81.2,h88,2025-11-11,11:36:19,0,0
4567,jMB7-v50hck,hd2160,0.8117234274,81.2,h88,2025-11-11,11:36:20,0,0
4568,jMB7-v50hck,hd2160,0.8210624772,82.1,h88,2025-11-11,11:36:21,0,0
4569,jMB7-v50hck,hd2160,0.8210624772,82.1,h88,2025-11-11,11:36:22,0,0
4570,jMB7-v50hck,hd2160,0.8210624772,82.1,h88,2025-11-11,11:36:23,0,0
4571,jMB7-v50hck,hd2160,0.8310329929,83.1,h88,2025-11-11,11:36:24,0,0
4572,jMB7-v50hck,hd2160,0.8419530816,84.2,h88,2025-11-11,11:36:25,0,0
4573,jMB7-v50hck,hd2160,0.8419530816,84.2,h88,2025-11-11,11:36:26,0,0
4574,jMB7-v50hck,hd2160,0.8419530816,84.2,h88,2025-11-11,11:36:27,0,0
4575,jMB7-v50hck,hd2160,0.8497063446,85.0,h88,2025-11-11,11:36:28,0,0
4576,jMB7-v50hck,hd2160,0.8592020739,85.9,h88,2025-11-11,11:36:29,0,0
4577,jMB7-v50hck,hd2160,0.8592020739,85.9,h88,2025-11-11,11:36:30,0,0
4578,jMB7-v50hck,hd2160,0.8598335399,86.0,h88,2025-11-11,11:36:31,0,0
4579,jMB7-v50hck,hd2160,0.8680663372,86.8,h88,2025-11-11,11:36:32,0,0
4580,jMB7-v50hck,hd2160,0.8694906966,86.9,h88,2025-11-11,11:36:33,0,0
4581,jMB7-v50hck,hd2160,0.8778801734,87.8,h88,2025-11-11,11:36:34,0,0
4582,jMB7-v50hck,hd2160,0.8900631941,89.0,h88,2025-11-11,11:36:35,0,0
4583,jMB7-v50hck,hd2160,0.8900631941,89.0,h88,2025-11-11,11:36:36,0,0
4584,jMB7-v50hck,hd2160,0.8900631941,89.0,h88,2025-11-11,11:36:37,0,0
4585,jMB7-v50hck,hd2160,0.8978212049,89.8,h88,2025-11-11,11:36:38,0,0
4586,jMB7-v50hck,hd2160,0.8978212049,89.8,h88,2025-11-11,11:36:39,0,0
4587,jMB7-v50hck,hd2160,0.9073169342,90.7,h88,2025-11-11,11:36:40,0,0
4588,jMB7-v50hck,hd2160,0.9141206242,91.4,h88,2025-11-11,11:36:41,0,0
4589,jMB7-v50hck,hd2160,0.9161764496,91.6,h88,2025-11-11,11:36:42,0,0
4590,jMB7-v50hck,hd2160,0.9277280043,92.8,h88,2025-11-11,11:36:43,0,0
4591,jMB7-v50hck,hd2160,0.9277280043,92.8,h88,2025-11-11,11:36:44,0,0
4592,jMB7-v50hck,hd2160,0.9381733066,93.8,h88,2025-11-11,11:36:45,0,0
4593,jMB7-v50hck,hd2160,0.9381733066,93.8,h88,2025-11-11,11:36:46,0,0
4594,jMB7-v50hck,hd2160,0.9449817445,94.5,h88,2025-11-11,11:36:47,0,0
4595,jMB7-v50hck,hd2160,0.9449817445,94.5,h88,2025-11-11,11:36:48,0,0
4596,jMB7-v50hck,hd2160,0.9449817445,94.5,h88,2025-11-11,11:36:49,0,0
4597,jMB7-v50hck,hd2160,0.9555837262,95.6,h88,2025-11-11,11:36:50,0,0
4598,jMB7-v50hck,hd2160,0.9555837262,95.6,h88,2025-11-11,11:36:51,0,0
4599,jMB7-v50hck,hd2160,0.96429131,96.4,h88,2025-11-11,11:36:52,0,0
4600,jMB7-v50hck,hd2160,0.96429131,96.4,h88,2025-11-11,11:36:53,0,0
4601,jMB7-v50hck,hd2160,0.9756861851,97.6,h88,2025-11-11,11:36:54,0,0
4602,jMB7-v50hck,hd2160,0.9756861851,97.6,h88,2025-11-11,11:36:55,0,0
4603,jMB7-v50hck,hd2160,0.9862881669,98.6,h88,2025-11-11,11:36:56,0,0
4604,jMB7-v50hck,hd2160,0.9862881669,98.6,h88,2025-11-11,11:36:57,0,0
4605,jMB7-v50hck,hd2160,0.9940414299,99.4,h88,2025-11-11,11:36:58,0,0
4606,jMB7-v50hck,hd2160,0.9940414299,99.4,h88,2025-11-11,11:36:59,0,0
4607,jMB7-v50hck,hd2160,1.0,100.0,h88,2025-11-11,11:37:00,0,0
4608,jMB7-v50hck,hd2160,1.0,100.0,h88,2025-11-11,11:37:01,0,0
4609,jMB7-v50hck,hd2160,1.0,100.0,h88,2025-11-11,11:37:02,0,0
4610,jMB7-v50hck,hd2160,1.0,100.0,h88,2025-11-11,11:37:03,0,0
4611,jMB7-v50hck,hd2160,1.0,100.0,h88,2025-11-11,11:37:04,0,0
4612,jMB7-v50hck,hd2160,1.0,100.0,h88,2025-11-11,11:37:05,0,0
4613,jMB7-v50hck,hd2160,1.0,100.0,h88,2025-11-11,11:37:06,0,0
4614,jMB7-v50hck,hd2160,1.0,100.0,h88,2025-11-11,11:37:07,0,0
4615,jMB7-v50hck,hd2160,1.0,100.0,h88,2025-11-11,11:37:08,0,0
4616,jMB7-v50hck,hd2160,1.0,100.0,h88,2025-11-11,11:37:09,0,0
4617,jMB7-v50hck,hd2160,1.0,100.0,h88,2025-11-11,11:37:10,0,0
4618,jMB7-v50hck,hd2160,1.0,100.0,h88,2025-11-11,11:37:11,0,0
4619,jMB7-v50hck,hd2160,1.0,100.0,h88,2025-11-11,11:37:12,0,0
4620,jMB7-v50hck,hd2160,1.0,100.0,h88,2025-11-11,11:37:13,0,0
4621,jMB7-v50hck,hd2160,1.0,100.0,h88,2025-11-11,11:37:14,0,0
4622,jMB7-v50hck,hd2160,1.0,100.0,h88,2025-11-11,11:37:15,0,0
4623,jMB7-v50hck,hd2160,1.0,100.0,h88,2025-11-11,11:37:16,0,0
4624,jMB7-v50hck,hd2160,1.0,100.0,h88,2025-11-11,11:37:17,0,0
4625,jMB7-v50hck,hd2160,1.0,100.0,h88,2025-11-11,11:37:18,0,0
4626,jMB7-v50hck,hd2160,1.0,100.0,h88,2025-11-11,11:37:19,0,0
4627,jMB7-v50hck,hd2160,1.0,100.0,h88,2025-11-11,11:37:20,0,0
4628,jMB7-v50hck,hd2160,1.0,100.0,h88,2025-11-11,11:37:21,0,0
4629,jMB7-v50hck,hd2160,1.0,100.0,h88,2025-11-11,11:37:22,0,0
4630,jMB7-v50hck,hd2160,1.0,100.0,h88,2025-11-11,11:37:23,0,0
5665,nV_hd6bLXmw,hd2160,0.0,0.0,h223,2025-11-11,14:26:58,0,0
5666,nV_hd6bLXmw,hd2160,0.0,0.0,h223,2025-11-11,14:26:59,0,0
5667,nV_hd6bLXmw,hd2160,0.0,0.0,h223,2025-11-11,14:27:00,0,0
5668,nV_hd6bLXmw,hd2160,0.0,0.0,h223,2025-11-11,14:27:01,0,0
5669,nV_hd6bLXmw,hd2160,0.0,0.0,h223,2025-11-11,14:27:02,0,0
5670,nV_hd6bLXmw,hd2160,0.05451436663,5.5,h223,2025-11-11,14:27:03,0,0
5671,nV_hd6bLXmw,hd2160,0.08014852861,8.0,h223,2025-11-11,14:27:04,0,0
5672,nV_hd6bLXmw,hd2160,0.1132899641,11.3,h223,2025-11-11,14:27:05,0,0
5673,nV_hd6bLXmw,hd2160,0.1197775344,12.0,h223,2025-11-11,14:27:06,0,0
5674,nV_hd6bLXmw,hd2160,0.1197775344,12.0,h223,2025-11-11,14:27:07,0,0
5675,nV_hd6bLXmw,hd2160,0.1607423492,16.1,h223,2025-11-11,14:27:08,0,0
5676,nV_hd6bLXmw,hd2160,0.1963639145,19.6,h223,2025-11-11,14:27:09,0,0
5677,nV_hd6bLXmw,hd2160,0.2279023791,22.8,h223,2025-11-11,14:27:10,0,0
5678,nV_hd6bLXmw,hd2160,0.2587016738,25.9,h223,2025-11-11,14:27:11,0,0
5679,nV_hd6bLXmw,hd2160,0.2587016738,25.9,h223,2025-11-11,14:27:12,0,0
5680,nV_hd6bLXmw,hd2160,0.2587016738,25.9,h223,2025-11-11,14:27:13,0,0
5681,nV_hd6bLXmw,hd2160,0.3205941545,32.1,h223,2025-11-11,14:27:14,0,0
5682,nV_hd6bLXmw,hd2160,0.3205941545,32.1,h223,2025-11-11,14:27:15,0,0
5683,nV_hd6bLXmw,hd2160,0.3205941545,32.1,h223,2025-11-11,14:27:16,0,0
5684,nV_hd6bLXmw,hd2160,0.3205941545,32.1,h223,2025-11-11,14:27:17,0,0
5685,nV_hd6bLXmw,hd2160,0.3766981339,37.7,h223,2025-11-11,14:27:18,0,0
5686,nV_hd6bLXmw,hd2160,0.3766981339,37.7,h223,2025-11-11,14:27:19,0,0
5687,nV_hd6bLXmw,hd2160,0.3766981339,37.7,h223,2025-11-11,14:27:20,0,0
5688,nV_hd6bLXmw,hd2160,0.3766981339,37.7,h223,2025-11-11,14:27:21,0,0
5689,nV_hd6bLXmw,hd2160,0.3766981339,37.7,h223,2025-11-11,14:27:22,0,0
5690,nV_hd6bLXmw,hd2160,0.4212251105,42.1,h223,2025-11-11,14:27:23,0,0
5691,nV_hd6bLXmw,hd2160,0.4212251105,42.1,h223,2025-11-11,14:27:24,0,0
5692,nV_hd6bLXmw,hd2160,0.4212251105,42.1,h223,2025-11-11,14:27:25,0,0
5693,nV_hd6bLXmw,hd2160,0.4719858538,47.2,h223,2025-11-11,14:27:26,0,0
5694,nV_hd6bLXmw,hd2160,0.4719858538,47.2,h223,2025-11-11,14:27:27,0,0
5695,nV_hd6bLXmw,hd2160,0.4719858538,47.2,h223,2025-11-11,14:27:28,0,0
5696,nV_hd6bLXmw,hd2160,0.4719858538,47.2,h223,2025-11-11,14:27:29,0,0
5697,nV_hd6bLXmw,hd2160,0.5058263448,50.6,h223,2025-11-11,14:27:30,0,0
5698,nV_hd6bLXmw,hd2160,0.5058263448,50.6,h223,2025-11-11,14:27:31,0,0
5699,nV_hd6bLXmw,hd2160,0.5058263448,50.6,h223,2025-11-11,14:27:32,0,0
5700,nV_hd6bLXmw,hd2160,0.5058263448,50.6,h223,2025-11-11,14:27:33,0,0
5701,nV_hd6bLXmw,hd2160,0.5610397804,56.1,h223,2025-11-11,14:27:34,0,0
5702,nV_hd6bLXmw,hd2160,0.5610397804,56.1,h223,2025-11-11,14:27:35,0,0
5703,nV_hd6bLXmw,hd2160,0.5833032687,58.3,h223,2025-11-11,14:27:36,0,0
5704,nV_hd6bLXmw,hd2160,0.5833032687,58.3,h223,2025-11-11,14:27:37,0,0
5705,nV_hd6bLXmw,hd2160,0.5833032687,58.3,h223,2025-11-11,14:27:38,0,0
5706,nV_hd6bLXmw,hd2160,0.6207059216,62.1,h223,2025-11-11,14:27:39,0,0
5707,nV_hd6bLXmw,hd2160,0.6207059216,62.1,h223,2025-11-11,14:27:40,0,0
5708,nV_hd6bLXmw,hd2160,0.6745835482,67.5,h223,2025-11-11,14:27:41,0,0
5709,nV_hd6bLXmw,hd2160,0.6745835482,67.5,h223,2025-11-11,14:27:42,0,0
5710,nV_hd6bLXmw,hd2160,0.6745835482,67.5,h223,2025-11-11,14:27:43,0,0
5711,nV_hd6bLXmw,hd2160,0.7213368643,72.1,h223,2025-11-11,14:27:44,0,0
5712,nV_hd6bLXmw,hd2160,0.7213368643,72.1,h223,2025-11-11,14:27:45,0,0
5713,nV_hd6bLXmw,hd2160,0.7213368643,72.1,h223,2025-11-11,14:27:46,0,0
5714,nV_hd6bLXmw,hd2160,0.7213368643,72.1,h223,2025-11-11,14:27:47,0,0
5715,nV_hd6bLXmw,hd2160,0.756958443,75.7,h223,2025-11-11,14:27:48,0,0
5716,nV_hd6bLXmw,hd2160,0.756958443,75.7,h223,2025-11-11,14:27:49,0,0
5717,nV_hd6bLXmw,hd2160,0.756958443,75.7,h223,2025-11-11,14:27:50,0,0
5718,nV_hd6bLXmw,hd2160,0.790798934,79.1,h223,2025-11-11,14:27:51,0,0
5719,nV_hd6bLXmw,hd2160,0.8077191862,80.8,h223,2025-11-11,14:27:52,0,0
5720,nV_hd6bLXmw,hd2160,0.8077191862,80.8,h223,2025-11-11,14:27:53,0,0
5721,nV_hd6bLXmw,hd2160,0.8077191862,80.8,h223,2025-11-11,14:27:54,0,0
5722,nV_hd6bLXmw,hd2160,0.8077191862,80.8,h223,2025-11-11,14:27:55,0,0
5723,nV_hd6bLXmw,hd2160,0.8371069849,83.7,h223,2025-11-11,14:27:56,0,0
5724,nV_hd6bLXmw,hd2160,0.8727285636,87.3,h223,2025-11-11,14:27:57,0,0
5725,nV_hd6bLXmw,hd2160,0.8727285636,87.3,h223,2025-11-11,14:27:58,0,0
5726,nV_hd6bLXmw,hd2160,0.8932109643,89.3,h223,2025-11-11,14:27:59,0,0
5727,nV_hd6bLXmw,hd2160,0.9172555269,91.7,h223,2025-11-11,14:28:00,0,0
5728,nV_hd6bLXmw,hd2160,0.9172555269,91.7,h223,2025-11-11,14:28:01,0,0
5729,nV_hd6bLXmw,hd2160,0.9172555269,91.7,h223,2025-11-11,14:28:02,0,0
5730,nV_hd6bLXmw,hd2160,0.935079681,93.5,h223,2025-11-11,14:28:03,0,0
5731,nV_hd6bLXmw,hd2160,1.0,100.0,h223,2025-11-11,14:28:04,0,0
5732,nV_hd6bLXmw,hd2160,1.0,100.0,h223,2025-11-11,14:28:05,0,0
5733,nV_hd6bLXmw,hd2160,1.0,100.0,h223,2025-11-11,14:28:06,0,0
5734,nV_hd6bLXmw,hd2160,1.0,100.0,h223,2025-11-11,14:28:07,0,0
5735,nV_hd6bLXmw,hd2160,1.0,100.0,h223,2025-11-11,14:28:08,0,0
5736,nV_hd6bLXmw,hd2160,1.0,100.0,h223,2025-11-11,14:28:09,0,0
5737,nV_hd6bLXmw,hd2160,1.0,100.0,h223,2025-11-11,14:28:10,0,0
5738,nV_hd6bLXmw,hd2160,1.0,100.0,h223,2025-11-11,14:28:11,0,0
5739,nV_hd6bLXmw,hd2160,1.0,100.0,h223,2025-11-11,14:28:12,0,0
5740,nV_hd6bLXmw,hd2160,1.0,100.0,h223,2025-11-11,14:28:13,0,0
5741,nV_hd6bLXmw,hd2160,1.0,100.0,h223,2025-11-11,14:28:14,0,0
5742,nV_hd6bLXmw,hd2160,1.0,100.0,h223,2025-11-11,14:28:15,0,0
5743,nV_hd6bLXmw,hd2160,1.0,100.0,h223,2025-11-11,14:28:16,0,0
5744,nV_hd6bLXmw,hd2160,1.0,100.0,h223,2025-11-11,14:28:17,0,0
5745,nV_hd6bLXmw,hd2160,1.0,100.0,h223,2025-11-11,14:28:18,0,0
5746,nV_hd6bLXmw,hd2160,1.0,100.0,h223,2025-11-11,14:28:19,0,0
5747,nV_hd6bLXmw,hd2160,1.0,100.0,h223,2025-11-11,14:28:20,0,0
5748,nV_hd6bLXmw,hd2160,1.0,100.0,h223,2025-11-11,14:28:21,0,0
5749,nV_hd6bLXmw,hd2160,1.0,100.0,h223,2025-11-11,14:28:22,0,0
5750,nV_hd6bLXmw,hd2160,1.0,100.0,h223,2025-11-11,14:28:23,0,0
5751,nV_hd6bLXmw,hd2160,1.0,100.0,h223,2025-11-11,14:28:24,0,0
5752,nV_hd6bLXmw,hd2160,1.0,100.0,h223,2025-11-11,14:28:25,0,0
5753,nV_hd6bLXmw,hd2160,1.0,100.0,h223,2025-11-11,14:28:26,0,0
5754,nV_hd6bLXmw,hd2160,1.0,100.0,h223,2025-11-11,14:28:27,0,0
5755,nV_hd6bLXmw,hd2160,1.0,100.0,h223,2025-11-11,14:28:28,0,0
5756,nV_hd6bLXmw,hd2160,1.0,100.0,h223,2025-11-11,14:28:29,0,0
5757,nV_hd6bLXmw,hd2160,1.0,100.0,h223,2025-11-11,14:28:30,0,0
5758,nV_hd6bLXmw,hd2160,1.0,100.0,h223,2025-11-11,14:28:31,0,0
5759,nV_hd6bLXmw,hd2160,1.0,100.0,h223,2025-11-11,14:28:32,0,0
4002,nF8UTFHpmjE,hd2160,0.006759096286,0.7,h77,2025-11-11,11:26:08,0,0
4003,nF8UTFHpmjE,hd2160,0.02469991322,2.5,h77,2025-11-11,11:26:09,0,0
4004,nF8UTFHpmjE,hd2160,0.03279414346,3.3,h77,2025-11-11,11:26:10,0,0
4005,nF8UTFHpmjE,hd2160,0.03279414346,3.3,h77,2025-11-11,11:26:11,0,0
4006,nF8UTFHpmjE,hd2160,0.03279414346,3.3,h77,2025-11-11,11:26:12,0,0
4007,nF8UTFHpmjE,hd2160,0.03801571046,3.8,h77,2025-11-11,11:26:13,0,0
4008,nF8UTFHpmjE,hd2160,0.04647923153,4.6,h77,2025-11-11,11:26:14,0,0
4009,nF8UTFHpmjE,hd2160,0.04647923153,4.6,h77,2025-11-11,11:26:15,0,0
4010,nF8UTFHpmjE,hd2160,0.04647923153,4.6,h77,2025-11-11,11:26:16,0,0
4011,nF8UTFHpmjE,hd2160,0.0539893413,5.4,h77,2025-11-11,11:26:17,0,0
4012,nF8UTFHpmjE,hd2160,0.0539893413,5.4,h77,2025-11-11,11:26:18,0,0
4013,nF8UTFHpmjE,hd2160,0.0539893413,5.4,h77,2025-11-11,11:26:19,0,0
4014,nF8UTFHpmjE,hd2160,0.0539893413,5.4,h77,2025-11-11,11:26:20,0,0
4015,nF8UTFHpmjE,hd2160,0.06174978805,6.2,h77,2025-11-11,11:26:21,0,0
4016,nF8UTFHpmjE,hd2160,0.06174978805,6.2,h77,2025-11-11,11:26:22,0,0
4017,nF8UTFHpmjE,hd2160,0.06717375788,6.7,h77,2025-11-11,11:26:23,0,0
4018,nF8UTFHpmjE,hd2160,0.06717375788,6.7,h77,2025-11-11,11:26:24,0,0
4019,nF8UTFHpmjE,hd2160,0.06717375788,6.7,h77,2025-11-11,11:26:25,0,0
4020,nF8UTFHpmjE,hd2160,0.06717375788,6.7,h77,2025-11-11,11:26:26,0,0
4021,nF8UTFHpmjE,hd2160,0.07409974716,7.4,h77,2025-11-11,11:26:27,0,0
4022,nF8UTFHpmjE,hd2160,0.07485075814,7.5,h77,2025-11-11,11:26:28,0,0
4023,nF8UTFHpmjE,hd2160,0.07485075814,7.5,h77,2025-11-11,11:26:29,0,0
4024,nF8UTFHpmjE,hd2160,0.08644970627,8.6,h77,2025-11-11,11:26:30,0,0
4025,nF8UTFHpmjE,hd2160,0.08644970627,8.6,h77,2025-11-11,11:26:31,0,0
4026,nF8UTFHpmjE,hd2160,0.08644970627,8.6,h77,2025-11-11,11:26:32,0,0
4027,nF8UTFHpmjE,hd2160,0.0918736736,9.2,h77,2025-11-11,11:26:33,0,0
4028,nF8UTFHpmjE,hd2160,0.0918736736,9.2,h77,2025-11-11,11:26:34,0,0
4029,nF8UTFHpmjE,hd2160,0.0918736736,9.2,h77,2025-11-11,11:26:35,0,0
4030,nF8UTFHpmjE,hd2160,0.0918736736,9.2,h77,2025-11-11,11:26:36,0,0
4031,nF8UTFHpmjE,hd2160,0.1002182408,10.0,h77,2025-11-11,11:26:37,0,0
4032,nF8UTFHpmjE,hd2160,0.1002182408,10.0,h77,2025-11-11,11:26:38,0,0
4033,nF8UTFHpmjE,hd2160,0.1002182408,10.0,h77,2025-11-11,11:26:39,0,0
4034,nF8UTFHpmjE,hd2160,0.111149622,11.1,h77,2025-11-11,11:26:40,0,0
4035,nF8UTFHpmjE,hd2160,0.111149622,11.1,h77,2025-11-11,11:26:41,0,0
4036,nF8UTFHpmjE,hd2160,0.111149622,11.1,h77,2025-11-11,11:26:42,0,0
4037,nF8UTFHpmjE,hd2160,0.1165735893,11.7,h77,2025-11-11,11:26:43,0,0
4038,nF8UTFHpmjE,hd2160,0.1165735893,11.7,h77,2025-11-11,11:26:44,0,0
4039,nF8UTFHpmjE,hd2160,0.1165735893,11.7,h77,2025-11-11,11:26:45,0,0
4040,nF8UTFHpmjE,hd2160,0.1234995811,12.3,h77,2025-11-11,11:26:46,0,0
4041,nF8UTFHpmjE,hd2160,0.1234995811,12.3,h77,2025-11-11,11:26:47,0,0
4042,nF8UTFHpmjE,hd2160,0.1249181566,12.5,h77,2025-11-11,11:26:48,0,0
4043,nF8UTFHpmjE,hd2160,0.1249181566,12.5,h77,2025-11-11,11:26:49,0,0
4044,nF8UTFHpmjE,hd2160,0.1249181566,12.5,h77,2025-11-11,11:26:50,0,0
4045,nF8UTFHpmjE,hd2160,0.1358495377,13.6,h77,2025-11-11,11:26:51,0,0
4046,nF8UTFHpmjE,hd2160,0.1358495377,13.6,h77,2025-11-11,11:26:52,0,0
4047,nF8UTFHpmjE,hd2160,0.1422748555,14.2,h77,2025-11-11,11:26:53,0,0
4048,nF8UTFHpmjE,hd2160,0.1422748555,14.2,h77,2025-11-11,11:26:54,0,0
4049,nF8UTFHpmjE,hd2160,0.1422748555,14.2,h77,2025-11-11,11:26:55,0,0
4050,nF8UTFHpmjE,hd2160,0.1422748555,14.2,h77,2025-11-11,11:26:56,0,0
4051,nF8UTFHpmjE,hd2160,0.1496180723,15.0,h77,2025-11-11,11:26:57,0,0
4052,nF8UTFHpmjE,hd2160,0.1496180723,15.0,h77,2025-11-11,11:26:58,0,0
4053,nF8UTFHpmjE,hd2160,0.1496180723,15.0,h77,2025-11-11,11:26:59,0,0
4054,nF8UTFHpmjE,hd2160,0.1605494559,16.1,h77,2025-11-11,11:27:00,0,0
4055,nF8UTFHpmjE,hd2160,0.1605494559,16.1,h77,2025-11-11,11:27:01,0,0
4056,nF8UTFHpmjE,hd2160,0.1605494559,16.1,h77,2025-11-11,11:27:02,0,0
4057,nF8UTFHpmjE,hd2160,0.1659734233,16.6,h77,2025-11-11,11:27:03,0,0
4058,nF8UTFHpmjE,hd2160,0.1659734233,16.6,h77,2025-11-11,11:27:04,0,0
4059,nF8UTFHpmjE,hd2160,0.1659734233,16.6,h77,2025-11-11,11:27:05,0,0
4060,nF8UTFHpmjE,hd2160,0.1728994125,17.3,h77,2025-11-11,11:27:06,0,0
4061,nF8UTFHpmjE,hd2160,0.1743179905,17.4,h77,2025-11-11,11:27:07,0,0
4062,nF8UTFHpmjE,hd2160,0.1743179905,17.4,h77,2025-11-11,11:27:08,0,0
4063,nF8UTFHpmjE,hd2160,0.1743179905,17.4,h77,2025-11-11,11:27:09,0,0
4064,nF8UTFHpmjE,hd2160,0.1813274263,18.1,h77,2025-11-11,11:27:10,0,0
4065,nF8UTFHpmjE,hd2160,0.1813274263,18.1,h77,2025-11-11,11:27:11,0,0
4066,nF8UTFHpmjE,hd2160,0.1813274263,18.1,h77,2025-11-11,11:27:12,0,0
4067,nF8UTFHpmjE,hd2160,0.18933821,18.9,h77,2025-11-11,11:27:13,0,0
4068,nF8UTFHpmjE,hd2160,0.18933821,18.9,h77,2025-11-11,11:27:14,0,0
4069,nF8UTFHpmjE,hd2160,0.18933821,18.9,h77,2025-11-11,11:27:15,0,0
4070,nF8UTFHpmjE,hd2160,0.1975993308,19.8,h77,2025-11-11,11:27:16,0,0
4071,nF8UTFHpmjE,hd2160,0.1975993308,19.8,h77,2025-11-11,11:27:17,0,0
4072,nF8UTFHpmjE,hd2160,0.200072025,20.0,h77,2025-11-11,11:27:18,0,0
4073,nF8UTFHpmjE,hd2160,0.2030232981,20.3,h77,2025-11-11,11:27:19,0,0
4074,nF8UTFHpmjE,hd2160,0.2030232981,20.3,h77,2025-11-11,11:27:20,0,0
4075,nF8UTFHpmjE,hd2160,0.2099492874,21.0,h77,2025-11-11,11:27:21,0,0
4076,nF8UTFHpmjE,hd2160,0.2107002984,21.1,h77,2025-11-11,11:27:22,0,0
4077,nF8UTFHpmjE,hd2160,0.2107002984,21.1,h77,2025-11-11,11:27:23,0,0
4078,nF8UTFHpmjE,hd2160,0.2107002984,21.1,h77,2025-11-11,11:27:24,0,0
4079,nF8UTFHpmjE,hd2160,0.2222992465,22.2,h77,2025-11-11,11:27:25,0,0
4080,nF8UTFHpmjE,hd2160,0.2222992465,22.2,h77,2025-11-11,11:27:26,0,0
4081,nF8UTFHpmjE,hd2160,0.2222992465,22.2,h77,2025-11-11,11:27:27,0,0
4082,nF8UTFHpmjE,hd2160,0.2277232138,22.8,h77,2025-11-11,11:27:28,0,0
4083,nF8UTFHpmjE,hd2160,0.2277232138,22.8,h77,2025-11-11,11:27:29,0,0
4084,nF8UTFHpmjE,hd2160,0.2277232138,22.8,h77,2025-11-11,11:27:30,0,0
4085,nF8UTFHpmjE,hd2160,0.2346492056,23.5,h77,2025-11-11,11:27:31,0,0
4086,nF8UTFHpmjE,hd2160,0.2354002166,23.5,h77,2025-11-11,11:27:32,0,0
4087,nF8UTFHpmjE,hd2160,0.2354002166,23.5,h77,2025-11-11,11:27:33,0,0
4088,nF8UTFHpmjE,hd2160,0.2469991622,24.7,h77,2025-11-11,11:27:34,0,0
4089,nF8UTFHpmjE,hd2160,0.2469991622,24.7,h77,2025-11-11,11:27:35,0,0
4090,nF8UTFHpmjE,hd2160,0.2469991622,24.7,h77,2025-11-11,11:27:36,0,0
4091,nF8UTFHpmjE,hd2160,0.2510880006,25.1,h77,2025-11-11,11:27:37,0,0
4092,nF8UTFHpmjE,hd2160,0.2510880006,25.1,h77,2025-11-11,11:27:38,0,0
4093,nF8UTFHpmjE,hd2160,0.2510880006,25.1,h77,2025-11-11,11:27:39,0,0
4094,nF8UTFHpmjE,hd2160,0.2593491213,25.9,h77,2025-11-11,11:27:40,0,0
4095,nF8UTFHpmjE,hd2160,0.2593491213,25.9,h77,2025-11-11,11:27:41,0,0
4096,nF8UTFHpmjE,hd2160,0.2594325678,25.9,h77,2025-11-11,11:27:42,0,0
4097,nF8UTFHpmjE,hd2160,0.2594325678,25.9,h77,2025-11-11,11:27:43,0,0
4098,nF8UTFHpmjE,hd2160,0.2594325678,25.9,h77,2025-11-11,11:27:44,0,0
4099,nF8UTFHpmjE,hd2160,0.2716990804,27.2,h77,2025-11-11,11:27:45,0,0
4100,nF8UTFHpmjE,hd2160,0.2716990804,27.2,h77,2025-11-11,11:27:46,0,0
4101,nF8UTFHpmjE,hd2160,0.2716990804,27.2,h77,2025-11-11,11:27:47,0,0
4102,nF8UTFHpmjE,hd2160,0.2764554833,27.6,h77,2025-11-11,11:27:48,0,0
4103,nF8UTFHpmjE,hd2160,0.2764554833,27.6,h77,2025-11-11,11:27:49,0,0
4104,nF8UTFHpmjE,hd2160,0.2764554833,27.6,h77,2025-11-11,11:27:50,0,0
4105,nF8UTFHpmjE,hd2160,0.285467615,28.5,h77,2025-11-11,11:27:51,0,0
4106,nF8UTFHpmjE,hd2160,0.285467615,28.5,h77,2025-11-11,11:27:52,0,0
4107,nF8UTFHpmjE,hd2160,0.285467615,28.5,h77,2025-11-11,11:27:53,0,0
4108,nF8UTFHpmjE,hd2160,0.2934783987,29.3,h77,2025-11-11,11:27:54,0,0
4109,nF8UTFHpmjE,hd2160,0.2934783987,29.3,h77,2025-11-11,11:27:55,0,0
4110,nF8UTFHpmjE,hd2160,0.3018229635,30.2,h77,2025-11-11,11:27:56,0,0
4111,nF8UTFHpmjE,hd2160,0.3018229635,30.2,h77,2025-11-11,11:27:57,0,0
4112,nF8UTFHpmjE,hd2160,0.3018229635,30.2,h77,2025-11-11,11:27:58,0,0
4113,nF8UTFHpmjE,hd2160,0.3018229635,30.2,h77,2025-11-11,11:27:59,0,0
4114,nF8UTFHpmjE,hd2160,0.3087489553,30.9,h77,2025-11-11,11:28:00,0,0
4115,nF8UTFHpmjE,hd2160,0.3101675307,31.0,h77,2025-11-11,11:28:01,0,0
4116,nF8UTFHpmjE,hd2160,0.3101675307,31.0,h77,2025-11-11,11:28:02,0,0
4117,nF8UTFHpmjE,hd2160,0.3101675307,31.0,h77,2025-11-11,11:28:03,0,0
4118,nF8UTFHpmjE,hd2160,0.3101675307,31.0,h77,2025-11-11,11:28:04,0,0
4119,nF8UTFHpmjE,hd2160,0.3210989119,32.1,h77,2025-11-11,11:28:05,0,0
4120,nF8UTFHpmjE,hd2160,0.3210989119,32.1,h77,2025-11-11,11:28:06,0,0
4121,nF8UTFHpmjE,hd2160,0.3225174898,32.3,h77,2025-11-11,11:28:07,0,0
4122,nF8UTFHpmjE,hd2160,0.3225174898,32.3,h77,2025-11-11,11:28:08,0,0
4123,nF8UTFHpmjE,hd2160,0.3291931421,32.9,h77,2025-11-11,11:28:09,0,0
4124,nF8UTFHpmjE,hd2160,0.3291931421,32.9,h77,2025-11-11,11:28:10,0,0
4125,nF8UTFHpmjE,hd2160,0.3335323175,33.4,h77,2025-11-11,11:28:11,0,0
4126,nF8UTFHpmjE,hd2160,0.3335323175,33.4,h77,2025-11-11,11:28:12,0,0
4127,nF8UTFHpmjE,hd2160,0.3402079698,34.0,h77,2025-11-11,11:28:13,0,0
4128,nF8UTFHpmjE,hd2160,0.3402079698,34.0,h77,2025-11-11,11:28:14,0,0
4129,nF8UTFHpmjE,hd2160,0.3457988301,34.6,h77,2025-11-11,11:28:15,0,0
4130,nF8UTFHpmjE,hd2160,0.3472174055,34.7,h77,2025-11-11,11:28:16,0,0
4131,nF8UTFHpmjE,hd2160,0.3472174055,34.7,h77,2025-11-11,11:28:17,0,0
4132,nF8UTFHpmjE,hd2160,0.3472174055,34.7,h77,2025-11-11,11:28:18,0,0
4133,nF8UTFHpmjE,hd2160,0.3581487867,35.8,h77,2025-11-11,11:28:19,0,0
4134,nF8UTFHpmjE,hd2160,0.3581487867,35.8,h77,2025-11-11,11:28:20,0,0
4135,nF8UTFHpmjE,hd2160,0.3581487867,35.8,h77,2025-11-11,11:28:21,0,0
4136,nF8UTFHpmjE,hd2160,0.3635727565,36.4,h77,2025-11-11,11:28:22,0,0
4137,nF8UTFHpmjE,hd2160,0.3635727565,36.4,h77,2025-11-11,11:28:23,0,0
4138,nF8UTFHpmjE,hd2160,0.3635727565,36.4,h77,2025-11-11,11:28:24,0,0
4139,nF8UTFHpmjE,hd2160,0.3704987458,37.0,h77,2025-11-11,11:28:25,0,0
4140,nF8UTFHpmjE,hd2160,0.3704987458,37.0,h77,2025-11-11,11:28:26,0,0
4141,nF8UTFHpmjE,hd2160,0.3719173213,37.2,h77,2025-11-11,11:28:27,0,0
4142,nF8UTFHpmjE,hd2160,0.3828487049,38.3,h77,2025-11-11,11:28:28,0,0
4143,nF8UTFHpmjE,hd2160,0.3828487049,38.3,h77,2025-11-11,11:28:29,0,0
4144,nF8UTFHpmjE,hd2160,0.3828487049,38.3,h77,2025-11-11,11:28:30,0,0
4145,nF8UTFHpmjE,hd2160,0.3882726723,38.8,h77,2025-11-11,11:28:31,0,0
4146,nF8UTFHpmjE,hd2160,0.3882726723,38.8,h77,2025-11-11,11:28:32,0,0
4147,nF8UTFHpmjE,hd2160,0.3882726723,38.8,h77,2025-11-11,11:28:33,0,0
4148,nF8UTFHpmjE,hd2160,0.3882726723,38.8,h77,2025-11-11,11:28:34,0,0
4149,nF8UTFHpmjE,hd2160,0.3882726723,38.8,h77,2025-11-11,11:28:35,0,0
4150,nF8UTFHpmjE,hd2160,0.3966172395,39.7,h77,2025-11-11,11:28:36,0,0
4151,nF8UTFHpmjE,hd2160,0.3966172395,39.7,h77,2025-11-11,11:28:37,0,0
4152,nF8UTFHpmjE,hd2160,0.3966172395,39.7,h77,2025-11-11,11:28:38,0,0
4153,nF8UTFHpmjE,hd2160,0.4075486206,40.8,h77,2025-11-11,11:28:39,0,0
4154,nF8UTFHpmjE,hd2160,0.4075486206,40.8,h77,2025-11-11,11:28:40,0,0
4155,nF8UTFHpmjE,hd2160,0.4075486206,40.8,h77,2025-11-11,11:28:41,0,0
4156,nF8UTFHpmjE,hd2160,0.4139739359,41.4,h77,2025-11-11,11:28:42,0,0
4157,nF8UTFHpmjE,hd2160,0.4139739359,41.4,h77,2025-11-11,11:28:43,0,0
4158,nF8UTFHpmjE,hd2160,0.4139739359,41.4,h77,2025-11-11,11:28:44,0,0
4159,nF8UTFHpmjE,hd2160,0.4156428509,41.6,h77,2025-11-11,11:28:45,0,0
4160,nF8UTFHpmjE,hd2160,0.4213171552,42.1,h77,2025-11-11,11:28:46,0,0
4161,nF8UTFHpmjE,hd2160,0.4213171552,42.1,h77,2025-11-11,11:28:47,0,0
4162,nF8UTFHpmjE,hd2160,0.4322485364,43.2,h77,2025-11-11,11:28:48,0,0
4163,nF8UTFHpmjE,hd2160,0.4322485364,43.2,h77,2025-11-11,11:28:49,0,0
4164,nF8UTFHpmjE,hd2160,0.4322485364,43.2,h77,2025-11-11,11:28:50,0,0
4165,nF8UTFHpmjE,hd2160,0.4322485364,43.2,h77,2025-11-11,11:28:51,0,0
4166,nF8UTFHpmjE,hd2160,0.4376725062,43.8,h77,2025-11-11,11:28:52,0,0
4167,nF8UTFHpmjE,hd2160,0.4376725062,43.8,h77,2025-11-11,11:28:53,0,0
4168,nF8UTFHpmjE,hd2160,0.4376725062,43.8,h77,2025-11-11,11:28:54,0,0
4169,nF8UTFHpmjE,hd2160,0.4445984955,44.5,h77,2025-11-11,11:28:55,0,0
4170,nF8UTFHpmjE,hd2160,0.4460170709,44.6,h77,2025-11-11,11:28:56,0,0
4171,nF8UTFHpmjE,hd2160,0.4460170709,44.6,h77,2025-11-11,11:28:57,0,0
4172,nF8UTFHpmjE,hd2160,0.4569484546,45.7,h77,2025-11-11,11:28:58,0,0
4173,nF8UTFHpmjE,hd2160,0.4569484546,45.7,h77,2025-11-11,11:28:59,0,0
4174,nF8UTFHpmjE,hd2160,0.4569484546,45.7,h77,2025-11-11,11:29:00,0,0
4175,nF8UTFHpmjE,hd2160,0.4623724219,46.2,h77,2025-11-11,11:29:01,0,0
4176,nF8UTFHpmjE,hd2160,0.4623724219,46.2,h77,2025-11-11,11:29:02,0,0
4177,nF8UTFHpmjE,hd2160,0.4623724219,46.2,h77,2025-11-11,11:29:03,0,0
4178,nF8UTFHpmjE,hd2160,0.4692984112,46.9,h77,2025-11-11,11:29:04,0,0
4179,nF8UTFHpmjE,hd2160,0.4692984112,46.9,h77,2025-11-11,11:29:05,0,0
4180,nF8UTFHpmjE,hd2160,0.4700494222,47.0,h77,2025-11-11,11:29:06,0,0
4181,nF8UTFHpmjE,hd2160,0.4700494222,47.0,h77,2025-11-11,11:29:07,0,0
4182,nF8UTFHpmjE,hd2160,0.4816483703,48.2,h77,2025-11-11,11:29:08,0,0
4183,nF8UTFHpmjE,hd2160,0.4816483703,48.2,h77,2025-11-11,11:29:09,0,0
4184,nF8UTFHpmjE,hd2160,0.4816483703,48.2,h77,2025-11-11,11:29:10,0,0
4185,nF8UTFHpmjE,hd2160,0.4816483703,48.2,h77,2025-11-11,11:29:11,0,0
4186,nF8UTFHpmjE,hd2160,0.4844020772,48.4,h77,2025-11-11,11:29:12,0,0
4187,nF8UTFHpmjE,hd2160,0.4844020772,48.4,h77,2025-11-11,11:29:13,0,0
4188,nF8UTFHpmjE,hd2160,0.4939983294,49.4,h77,2025-11-11,11:29:14,0,0
4189,nF8UTFHpmjE,hd2160,0.4939983294,49.4,h77,2025-11-11,11:29:15,0,0
4190,nF8UTFHpmjE,hd2160,0.4994222967,49.9,h77,2025-11-11,11:29:16,0,0
4191,nF8UTFHpmjE,hd2160,0.4994222967,49.9,h77,2025-11-11,11:29:17,0,0
4192,nF8UTFHpmjE,hd2160,0.4994222967,49.9,h77,2025-11-11,11:29:18,0,0
4193,nF8UTFHpmjE,hd2160,0.506348286,50.6,h77,2025-11-11,11:29:19,0,0
4194,nF8UTFHpmjE,hd2160,0.506348286,50.6,h77,2025-11-11,11:29:20,0,0
4195,nF8UTFHpmjE,hd2160,0.5131073848,51.3,h77,2025-11-11,11:29:21,0,0
4196,nF8UTFHpmjE,hd2160,0.5131073848,51.3,h77,2025-11-11,11:29:22,0,0
4197,nF8UTFHpmjE,hd2160,0.5131073848,51.3,h77,2025-11-11,11:29:23,0,0
4198,nF8UTFHpmjE,hd2160,0.5186982451,51.9,h77,2025-11-11,11:29:24,0,0
4199,nF8UTFHpmjE,hd2160,0.5201168206,52.0,h77,2025-11-11,11:29:25,0,0
4200,nF8UTFHpmjE,hd2160,0.5201168206,52.0,h77,2025-11-11,11:29:26,0,0
4201,nF8UTFHpmjE,hd2160,0.5201168206,52.0,h77,2025-11-11,11:29:27,0,0
4202,nF8UTFHpmjE,hd2160,0.5310482043,53.1,h77,2025-11-11,11:29:28,0,0
4203,nF8UTFHpmjE,hd2160,0.5310482043,53.1,h77,2025-11-11,11:29:29,0,0
4204,nF8UTFHpmjE,hd2160,0.5310482043,53.1,h77,2025-11-11,11:29:30,0,0
4205,nF8UTFHpmjE,hd2160,0.53764041,53.8,h77,2025-11-11,11:29:31,0,0
4206,nF8UTFHpmjE,hd2160,0.53764041,53.8,h77,2025-11-11,11:29:32,0,0
4207,nF8UTFHpmjE,hd2160,0.53764041,53.8,h77,2025-11-11,11:29:33,0,0
4208,nF8UTFHpmjE,hd2160,0.5433981609,54.3,h77,2025-11-11,11:29:34,0,0
4209,nF8UTFHpmjE,hd2160,0.5433981609,54.3,h77,2025-11-11,11:29:35,0,0
4210,nF8UTFHpmjE,hd2160,0.5448167388,54.5,h77,2025-11-11,11:29:36,0,0
4211,nF8UTFHpmjE,hd2160,0.555497783,55.5,h77,2025-11-11,11:29:37,0,0
4212,nF8UTFHpmjE,hd2160,0.555497783,55.5,h77,2025-11-11,11:29:38,0,0
4213,nF8UTFHpmjE,hd2160,0.555497783,55.5,h77,2025-11-11,11:29:39,0,0
4214,nF8UTFHpmjE,hd2160,0.555497783,55.5,h77,2025-11-11,11:29:40,0,0
4215,nF8UTFHpmjE,hd2160,0.5611720873,56.1,h77,2025-11-11,11:29:41,0,0
4216,nF8UTFHpmjE,hd2160,0.5611720873,56.1,h77,2025-11-11,11:29:42,0,0
4217,nF8UTFHpmjE,hd2160,0.5611720873,56.1,h77,2025-11-11,11:29:43,0,0
4218,nF8UTFHpmjE,hd2160,0.5611720873,56.1,h77,2025-11-11,11:29:44,0,0
4219,nF8UTFHpmjE,hd2160,0.5681815231,56.8,h77,2025-11-11,11:29:45,0,0
4220,nF8UTFHpmjE,hd2160,0.5681815231,56.8,h77,2025-11-11,11:29:46,0,0
4221,nF8UTFHpmjE,hd2160,0.5681815231,56.8,h77,2025-11-11,11:29:47,0,0
4222,nF8UTFHpmjE,hd2160,0.5788625697,57.9,h77,2025-11-11,11:29:48,0,0
4223,nF8UTFHpmjE,hd2160,0.5788625697,57.9,h77,2025-11-11,11:29:49,0,0
4224,nF8UTFHpmjE,hd2160,0.5788625697,57.9,h77,2025-11-11,11:29:50,0,0
4225,nF8UTFHpmjE,hd2160,0.5858720055,58.6,h77,2025-11-11,11:29:51,0,0
4226,nF8UTFHpmjE,hd2160,0.5858720055,58.6,h77,2025-11-11,11:29:52,0,0
4227,nF8UTFHpmjE,hd2160,0.5858720055,58.6,h77,2025-11-11,11:29:53,0,0
4228,nF8UTFHpmjE,hd2160,0.5927979948,59.3,h77,2025-11-11,11:29:54,0,0
4229,nF8UTFHpmjE,hd2160,0.5928814413,59.3,h77,2025-11-11,11:29:55,0,0
4230,nF8UTFHpmjE,hd2160,0.5928814413,59.3,h77,2025-11-11,11:29:56,0,0
4231,nF8UTFHpmjE,hd2160,0.5928814413,59.3,h77,2025-11-11,11:29:57,0,0
4232,nF8UTFHpmjE,hd2160,0.6035624855,60.4,h77,2025-11-11,11:29:58,0,0
4233,nF8UTFHpmjE,hd2160,0.6035624855,60.4,h77,2025-11-11,11:29:59,0,0
4234,nF8UTFHpmjE,hd2160,0.6035624855,60.4,h77,2025-11-11,11:30:00,0,0
4235,nF8UTFHpmjE,hd2160,0.6105719212,61.1,h77,2025-11-11,11:30:01,0,0
4236,nF8UTFHpmjE,hd2160,0.6105719212,61.1,h77,2025-11-11,11:30:02,0,0
4237,nF8UTFHpmjE,hd2160,0.6105719212,61.1,h77,2025-11-11,11:30:03,0,0
4238,nF8UTFHpmjE,hd2160,0.6174979105,61.7,h77,2025-11-11,11:30:04,0,0
4239,nF8UTFHpmjE,hd2160,0.617581357,61.8,h77,2025-11-11,11:30:05,0,0
4240,nF8UTFHpmjE,hd2160,0.617581357,61.8,h77,2025-11-11,11:30:06,0,0
4241,nF8UTFHpmjE,hd2160,0.6252197639,62.5,h77,2025-11-11,11:30:07,0,0
4242,nF8UTFHpmjE,hd2160,0.6282624012,62.8,h77,2025-11-11,11:30:08,0,0
4243,nF8UTFHpmjE,hd2160,0.6282624012,62.8,h77,2025-11-11,11:30:09,0,0
4244,nF8UTFHpmjE,hd2160,0.6319340121,63.2,h77,2025-11-11,11:30:10,0,0
4245,nF8UTFHpmjE,hd2160,0.6319340121,63.2,h77,2025-11-11,11:30:11,0,0
4246,nF8UTFHpmjE,hd2160,0.6366069684,63.7,h77,2025-11-11,11:30:12,0,0
4247,nF8UTFHpmjE,hd2160,0.6366069684,63.7,h77,2025-11-11,11:30:13,0,0
4248,nF8UTFHpmjE,hd2160,0.6366069684,63.7,h77,2025-11-11,11:30:14,0,0
4249,nF8UTFHpmjE,hd2160,0.6421978287,64.2,h77,2025-11-11,11:30:15,0,0
4250,nF8UTFHpmjE,hd2160,0.6421978287,64.2,h77,2025-11-11,11:30:16,0,0
4251,nF8UTFHpmjE,hd2160,0.6462866646,64.6,h77,2025-11-11,11:30:17,0,0
4252,nF8UTFHpmjE,hd2160,0.6545477854,65.5,h77,2025-11-11,11:30:18,0,0
4253,nF8UTFHpmjE,hd2160,0.6545477854,65.5,h77,2025-11-11,11:30:19,0,0
4254,nF8UTFHpmjE,hd2160,0.6545477854,65.5,h77,2025-11-11,11:30:20,0,0
4255,nF8UTFHpmjE,hd2160,0.6573014923,65.7,h77,2025-11-11,11:30:21,0,0
4256,nF8UTFHpmjE,hd2160,0.6573014923,65.7,h77,2025-11-11,11:30:22,0,0
4257,nF8UTFHpmjE,hd2160,0.665312276,66.5,h77,2025-11-11,11:30:23,0,0
4258,nF8UTFHpmjE,hd2160,0.665312276,66.5,h77,2025-11-11,11:30:24,0,0
4259,nF8UTFHpmjE,hd2160,0.6706527993,67.1,h77,2025-11-11,11:30:25,0,0
4260,nF8UTFHpmjE,hd2160,0.6706527993,67.1,h77,2025-11-11,11:30:26,0,0
4261,nF8UTFHpmjE,hd2160,0.6706527993,67.1,h77,2025-11-11,11:30:27,0,0
4262,nF8UTFHpmjE,hd2160,0.6792477036,67.9,h77,2025-11-11,11:30:28,0,0
4263,nF8UTFHpmjE,hd2160,0.6792477036,67.9,h77,2025-11-11,11:30:29,0,0
4264,nF8UTFHpmjE,hd2160,0.6828358655,68.3,h77,2025-11-11,11:30:30,0,0
4265,nF8UTFHpmjE,hd2160,0.6828358655,68.3,h77,2025-11-11,11:30:31,0,0
4266,nF8UTFHpmjE,hd2160,0.6828358655,68.3,h77,2025-11-11,11:30:32,0,0
4267,nF8UTFHpmjE,hd2160,0.6915976602,69.2,h77,2025-11-11,11:30:33,0,0
4268,nF8UTFHpmjE,hd2160,0.6915976602,69.2,h77,2025-11-11,11:30:34,0,0
4269,nF8UTFHpmjE,hd2160,0.6915976602,69.2,h77,2025-11-11,11:30:35,0,0
4270,nF8UTFHpmjE,hd2160,0.698356759,69.8,h77,2025-11-11,11:30:36,0,0
4271,nF8UTFHpmjE,hd2160,0.698356759,69.8,h77,2025-11-11,11:30:37,0,0
4272,nF8UTFHpmjE,hd2160,0.7039476193,70.4,h77,2025-11-11,11:30:38,0,0
4273,nF8UTFHpmjE,hd2160,0.7053661948,70.5,h77,2025-11-11,11:30:39,0,0
4274,nF8UTFHpmjE,hd2160,0.7053661948,70.5,h77,2025-11-11,11:30:40,0,0
4275,nF8UTFHpmjE,hd2160,0.71471211,71.5,h77,2025-11-11,11:30:41,0,0
4276,nF8UTFHpmjE,hd2160,0.71471211,71.5,h77,2025-11-11,11:30:42,0,0
4277,nF8UTFHpmjE,hd2160,0.71471211,71.5,h77,2025-11-11,11:30:43,0,0
4278,nF8UTFHpmjE,hd2160,0.7190512853,71.9,h77,2025-11-11,11:30:44,0,0
4279,nF8UTFHpmjE,hd2160,0.7190512853,71.9,h77,2025-11-11,11:30:45,0,0
4280,nF8UTFHpmjE,hd2160,0.7190512853,71.9,h77,2025-11-11,11:30:46,0,0
4281,nF8UTFHpmjE,hd2160,0.7190512853,71.9,h77,2025-11-11,11:30:47,0,0
4282,nF8UTFHpmjE,hd2160,0.728647535,72.9,h77,2025-11-11,11:30:48,0,0
4283,nF8UTFHpmjE,hd2160,0.7287309815,72.9,h77,2025-11-11,11:30:49,0,0
4284,nF8UTFHpmjE,hd2160,0.7287309815,72.9,h77,2025-11-11,11:30:50,0,0
4285,nF8UTFHpmjE,hd2160,0.7287309815,72.9,h77,2025-11-11,11:30:51,0,0
4286,nF8UTFHpmjE,hd2160,0.7409974941,74.1,h77,2025-11-11,11:30:52,0,0
4287,nF8UTFHpmjE,hd2160,0.7409974941,74.1,h77,2025-11-11,11:30:53,0,0
4288,nF8UTFHpmjE,hd2160,0.7409974941,74.1,h77,2025-11-11,11:30:54,0,0
4289,nF8UTFHpmjE,hd2160,0.7490917244,74.9,h77,2025-11-11,11:30:55,0,0
4290,nF8UTFHpmjE,hd2160,0.7490917244,74.9,h77,2025-11-11,11:30:56,0,0
4291,nF8UTFHpmjE,hd2160,0.7490917244,74.9,h77,2025-11-11,11:30:57,0,0
4292,nF8UTFHpmjE,hd2160,0.7490917244,74.9,h77,2025-11-11,11:30:58,0,0
4293,nF8UTFHpmjE,hd2160,0.7561011602,75.6,h77,2025-11-11,11:30:59,0,0
4294,nF8UTFHpmjE,hd2160,0.7561011602,75.6,h77,2025-11-11,11:31:00,0,0
4295,nF8UTFHpmjE,hd2160,0.7561011602,75.6,h77,2025-11-11,11:31:01,0,0
4296,nF8UTFHpmjE,hd2160,0.7656974098,76.6,h77,2025-11-11,11:31:02,0,0
4297,nF8UTFHpmjE,hd2160,0.7656974098,76.6,h77,2025-11-11,11:31:03,0,0
4298,nF8UTFHpmjE,hd2160,0.7747929881,77.5,h77,2025-11-11,11:31:04,0,0
4299,nF8UTFHpmjE,hd2160,0.7747929881,77.5,h77,2025-11-11,11:31:05,0,0
4300,nF8UTFHpmjE,hd2160,0.7747929881,77.5,h77,2025-11-11,11:31:06,0,0
4301,nF8UTFHpmjE,hd2160,0.7747929881,77.5,h77,2025-11-11,11:31:07,0,0
4302,nF8UTFHpmjE,hd2160,0.7747929881,77.5,h77,2025-11-11,11:31:08,0,0
4303,nF8UTFHpmjE,hd2160,0.7834713363,78.3,h77,2025-11-11,11:31:09,0,0
4304,nF8UTFHpmjE,hd2160,0.7834713363,78.3,h77,2025-11-11,11:31:10,0,0
4305,nF8UTFHpmjE,hd2160,0.7834713363,78.3,h77,2025-11-11,11:31:11,0,0
4306,nF8UTFHpmjE,hd2160,0.7834713363,78.3,h77,2025-11-11,11:31:12,0,0
4307,nF8UTFHpmjE,hd2160,0.7903973281,79.0,h77,2025-11-11,11:31:13,0,0
4308,nF8UTFHpmjE,hd2160,0.7918159035,79.2,h77,2025-11-11,11:31:14,0,0
4309,nF8UTFHpmjE,hd2160,0.7918159035,79.2,h77,2025-11-11,11:31:15,0,0
4310,nF8UTFHpmjE,hd2160,0.7918159035,79.2,h77,2025-11-11,11:31:16,0,0
4311,nF8UTFHpmjE,hd2160,0.8027472847,80.3,h77,2025-11-11,11:31:17,0,0
4312,nF8UTFHpmjE,hd2160,0.8027472847,80.3,h77,2025-11-11,11:31:18,0,0
4313,nF8UTFHpmjE,hd2160,0.8108415149,81.1,h77,2025-11-11,11:31:19,0,0
4314,nF8UTFHpmjE,hd2160,0.8108415149,81.1,h77,2025-11-11,11:31:20,0,0
4315,nF8UTFHpmjE,hd2160,0.8108415149,81.1,h77,2025-11-11,11:31:21,0,0
4316,nF8UTFHpmjE,hd2160,0.8108415149,81.1,h77,2025-11-11,11:31:22,0,0
4317,nF8UTFHpmjE,hd2160,0.8178509507,81.8,h77,2025-11-11,11:31:23,0,0
4318,nF8UTFHpmjE,hd2160,0.8178509507,81.8,h77,2025-11-11,11:31:24,0,0
4319,nF8UTFHpmjE,hd2160,0.8178509507,81.8,h77,2025-11-11,11:31:25,0,0
4320,nF8UTFHpmjE,hd2160,0.8178509507,81.8,h77,2025-11-11,11:31:26,0,0
4321,nF8UTFHpmjE,hd2160,0.8274472029,82.7,h77,2025-11-11,11:31:27,0,0
4322,nF8UTFHpmjE,hd2160,0.8274472029,82.7,h77,2025-11-11,11:31:28,0,0
4323,nF8UTFHpmjE,hd2160,0.8274472029,82.7,h77,2025-11-11,11:31:29,0,0
4324,nF8UTFHpmjE,hd2160,0.8330380607,83.3,h77,2025-11-11,11:31:30,0,0
4325,nF8UTFHpmjE,hd2160,0.8330380607,83.3,h77,2025-11-11,11:31:31,0,0
4326,nF8UTFHpmjE,hd2160,0.8330380607,83.3,h77,2025-11-11,11:31:32,0,0
4327,nF8UTFHpmjE,hd2160,0.8397971595,84.0,h77,2025-11-11,11:31:33,0,0
4328,nF8UTFHpmjE,hd2160,0.8412157375,84.1,h77,2025-11-11,11:31:34,0,0
4329,nF8UTFHpmjE,hd2160,0.8412157375,84.1,h77,2025-11-11,11:31:35,0,0
4330,nF8UTFHpmjE,hd2160,0.8521471186,85.2,h77,2025-11-11,11:31:36,0,0
4331,nF8UTFHpmjE,hd2160,0.8521471186,85.2,h77,2025-11-11,11:31:37,0,0
4332,nF8UTFHpmjE,hd2160,0.8521471186,85.2,h77,2025-11-11,11:31:38,0,0
4333,nF8UTFHpmjE,hd2160,0.857571086,85.8,h77,2025-11-11,11:31:39,0,0
4334,nF8UTFHpmjE,hd2160,0.857571086,85.8,h77,2025-11-11,11:31:40,0,0
4335,nF8UTFHpmjE,hd2160,0.857571086,85.8,h77,2025-11-11,11:31:41,0,0
4336,nF8UTFHpmjE,hd2160,0.857571086,85.8,h77,2025-11-11,11:31:42,0,0
4337,nF8UTFHpmjE,hd2160,0.8644970777,86.4,h77,2025-11-11,11:31:43,0,0
4338,nF8UTFHpmjE,hd2160,0.8672507846,86.7,h77,2025-11-11,11:31:44,0,0
4339,nF8UTFHpmjE,hd2160,0.8672507846,86.7,h77,2025-11-11,11:31:45,0,0
4340,nF8UTFHpmjE,hd2160,0.8768470343,87.7,h77,2025-11-11,11:31:46,0,0
4341,nF8UTFHpmjE,hd2160,0.8768470343,87.7,h77,2025-11-11,11:31:47,0,0
4342,nF8UTFHpmjE,hd2160,0.8768470343,87.7,h77,2025-11-11,11:31:48,0,0
4343,nF8UTFHpmjE,hd2160,0.8869439605,88.7,h77,2025-11-11,11:31:49,0,0
4344,nF8UTFHpmjE,hd2160,0.8869439605,88.7,h77,2025-11-11,11:31:50,0,0
4345,nF8UTFHpmjE,hd2160,0.8869439605,88.7,h77,2025-11-11,11:31:51,0,0
4346,nF8UTFHpmjE,hd2160,0.8869439605,88.7,h77,2025-11-11,11:31:52,0,0
4347,nF8UTFHpmjE,hd2160,0.8959560922,89.6,h77,2025-11-11,11:31:53,0,0
4348,nF8UTFHpmjE,hd2160,0.8959560922,89.6,h77,2025-11-11,11:31:54,0,0
4349,nF8UTFHpmjE,hd2160,0.8959560922,89.6,h77,2025-11-11,11:31:55,0,0
4350,nF8UTFHpmjE,hd2160,0.8959560922,89.6,h77,2025-11-11,11:31:56,0,0
4351,nF8UTFHpmjE,hd2160,0.9003153596,90.0,h77,2025-11-11,11:31:57,0,0
4352,nF8UTFHpmjE,hd2160,0.9015469526,90.2,h77,2025-11-11,11:31:58,0,0
4353,nF8UTFHpmjE,hd2160,0.9043006595,90.4,h77,2025-11-11,11:31:59,0,0
4354,nF8UTFHpmjE,hd2160,0.9043006595,90.4,h77,2025-11-11,11:32:00,0,0
4355,nF8UTFHpmjE,hd2160,0.9138969092,91.4,h77,2025-11-11,11:32:01,0,0
4356,nF8UTFHpmjE,hd2160,0.9138969092,91.4,h77,2025-11-11,11:32:02,0,0
4357,nF8UTFHpmjE,hd2160,0.9138969092,91.4,h77,2025-11-11,11:32:03,0,0
4358,nF8UTFHpmjE,hd2160,0.920656008,92.1,h77,2025-11-11,11:32:04,0,0
4359,nF8UTFHpmjE,hd2160,0.920656008,92.1,h77,2025-11-11,11:32:05,0,0
4360,nF8UTFHpmjE,hd2160,0.920656008,92.1,h77,2025-11-11,11:32:06,0,0
4361,nF8UTFHpmjE,hd2160,0.9262468683,92.6,h77,2025-11-11,11:32:07,0,0
4362,nF8UTFHpmjE,hd2160,0.9262468683,92.6,h77,2025-11-11,11:32:08,0,0
4363,nF8UTFHpmjE,hd2160,0.9276654437,92.8,h77,2025-11-11,11:32:09,0,0
4364,nF8UTFHpmjE,hd2160,0.9385968274,93.9,h77,2025-11-11,11:32:10,0,0
4365,nF8UTFHpmjE,hd2160,0.9385968274,93.9,h77,2025-11-11,11:32:11,0,0
4366,nF8UTFHpmjE,hd2160,0.9385968274,93.9,h77,2025-11-11,11:32:12,0,0
4367,nF8UTFHpmjE,hd2160,0.9385968274,93.9,h77,2025-11-11,11:32:13,0,0
4368,nF8UTFHpmjE,hd2160,0.9440207947,94.4,h77,2025-11-11,11:32:14,0,0
4369,nF8UTFHpmjE,hd2160,0.9440207947,94.4,h77,2025-11-11,11:32:15,0,0
4370,nF8UTFHpmjE,hd2160,0.9440207947,94.4,h77,2025-11-11,11:32:16,0,0
4371,nF8UTFHpmjE,hd2160,0.9440207947,94.4,h77,2025-11-11,11:32:17,0,0
4372,nF8UTFHpmjE,hd2160,0.9510302305,95.1,h77,2025-11-11,11:32:18,0,0
4373,nF8UTFHpmjE,hd2160,0.9510302305,95.1,h77,2025-11-11,11:32:19,0,0
4374,nF8UTFHpmjE,hd2160,0.9510302305,95.1,h77,2025-11-11,11:32:20,0,0
4375,nF8UTFHpmjE,hd2160,0.9632967431,96.3,h77,2025-11-11,11:32:21,0,0
4376,nF8UTFHpmjE,hd2160,0.9632967431,96.3,h77,2025-11-11,11:32:22,0,0
4377,nF8UTFHpmjE,hd2160,0.9756467022,97.6,h77,2025-11-11,11:32:23,0,0
4378,nF8UTFHpmjE,hd2160,0.9756467022,97.6,h77,2025-11-11,11:32:24,0,0
4379,nF8UTFHpmjE,hd2160,0.9756467022,97.6,h77,2025-11-11,11:32:25,0,0
4380,nF8UTFHpmjE,hd2160,0.9756467022,97.6,h77,2025-11-11,11:32:26,0,0
4381,nF8UTFHpmjE,hd2160,0.9756467022,97.6,h77,2025-11-11,11:32:27,0,0
4382,nF8UTFHpmjE,hd2160,0.9879966588,98.8,h77,2025-11-11,11:32:28,0,0
4383,nF8UTFHpmjE,hd2160,0.9879966588,98.8,h77,2025-11-11,11:32:29,0,0
4384,nF8UTFHpmjE,hd2160,0.9879966588,98.8,h77,2025-11-11,11:32:30,0,0
4385,nF8UTFHpmjE,hd2160,0.9879966588,98.8,h77,2025-11-11,11:32:31,0,0
4386,nF8UTFHpmjE,hd2160,0.9879966588,98.8,h77,2025-11-11,11:32:32,0,0
4387,nF8UTFHpmjE,hd2160,1.0,100.0,h77,2025-11-11,11:32:33,0,0
4388,nF8UTFHpmjE,hd2160,1.0,100.0,h77,2025-11-11,11:32:34,0,0
4389,nF8UTFHpmjE,hd2160,1.0,100.0,h77,2025-11-11,11:32:35,0,0
4390,nF8UTFHpmjE,hd2160,1.0,100.0,h77,2025-11-11,11:32:36,0,0
4391,nF8UTFHpmjE,hd2160,1.0,100.0,h77,2025-11-11,11:32:37,0,0
4392,nF8UTFHpmjE,hd2160,1.0,100.0,h77,2025-11-11,11:32:38,0,0
4393,nF8UTFHpmjE,hd2160,1.0,100.0,h77,2025-11-11,11:32:39,0,0
4394,nF8UTFHpmjE,hd2160,1.0,100.0,h77,2025-11-11,11:32:40,0,0
4395,nF8UTFHpmjE,hd2160,1.0,100.0,h77,2025-11-11,11:32:41,0,0
4396,nF8UTFHpmjE,hd2160,1.0,100.0,h77,2025-11-11,11:32:42,0,0
4397,nF8UTFHpmjE,hd2160,1.0,100.0,h77,2025-11-11,11:32:43,0,0
4398,nF8UTFHpmjE,hd2160,1.0,100.0,h77,2025-11-11,11:32:44,0,0
4399,nF8UTFHpmjE,hd2160,1.0,100.0,h77,2025-11-11,11:32:45,0,0
4400,nF8UTFHpmjE,hd2160,1.0,100.0,h77,2025-11-11,11:32:46,0,0
4401,nF8UTFHpmjE,hd2160,1.0,100.0,h77,2025-11-11,11:32:47,0,0
4402,nF8UTFHpmjE,hd2160,1.0,100.0,h77,2025-11-11,11:32:48,0,0
4403,nF8UTFHpmjE,hd2160,1.0,100.0,h77,2025-11-11,11:32:49,0,0
4404,nF8UTFHpmjE,hd2160,1.0,100.0,h77,2025-11-11,11:32:50,0,0
4405,nF8UTFHpmjE,hd2160,1.0,100.0,h77,2025-11-11,11:32:51,0,0
4406,nF8UTFHpmjE,hd2160,1.0,100.0,h77,2025-11-11,11:32:52,0,0
4407,nF8UTFHpmjE,hd2160,1.0,100.0,h77,2025-11-11,11:32:53,0,0
4408,nF8UTFHpmjE,hd2160,1.0,100.0,h77,2025-11-11,11:32:54,0,0
4409,nF8UTFHpmjE,hd2160,1.0,100.0,h77,2025-11-11,11:32:55,0,0
4410,nF8UTFHpmjE,hd2160,1.0,100.0,h77,2025-11-11,11:32:56,0,0
4411,nF8UTFHpmjE,hd2160,1.0,100.0,h77,2025-11-11,11:32:57,0,0
5437,Z-ihuDLNVR8,hd2160,0.0,0.0,h75,2025-11-11,14:20:11,0,0
5438,Z-ihuDLNVR8,hd2160,0.02457388083,2.5,h75,2025-11-11,14:20:12,0,0
5439,Z-ihuDLNVR8,hd2160,0.03659176416,3.7,h75,2025-11-11,14:20:13,0,0
5440,Z-ihuDLNVR8,hd2160,0.03659176416,3.7,h75,2025-11-11,14:20:14,0,0
5441,Z-ihuDLNVR8,hd2160,0.04484284824,4.5,h75,2025-11-11,14:20:15,0,0
5442,Z-ihuDLNVR8,hd2160,0.0509414756,5.1,h75,2025-11-11,14:20:16,0,0
5443,Z-ihuDLNVR8,hd2160,0.06080690221,6.1,h75,2025-11-11,14:20:17,0,0
5444,Z-ihuDLNVR8,hd2160,0.07730907036,7.7,h75,2025-11-11,14:20:18,0,0
5445,Z-ihuDLNVR8,hd2160,0.08968569648,9.0,h75,2025-11-11,14:20:19,0,0
5446,Z-ihuDLNVR8,hd2160,0.09381123851,9.4,h75,2025-11-11,14:20:20,0,0
5447,Z-ihuDLNVR8,hd2160,0.1056497504,10.6,h75,2025-11-11,14:20:21,0,0
5448,Z-ihuDLNVR8,hd2160,0.1142595773,11.4,h75,2025-11-11,14:20:22,0,0
5449,Z-ihuDLNVR8,hd2160,0.1142595773,11.4,h75,2025-11-11,14:20:23,0,0
5450,Z-ihuDLNVR8,hd2160,0.1221519186,12.2,h75,2025-11-11,14:20:24,0,0
5451,Z-ihuDLNVR8,hd2160,0.1221519186,12.2,h75,2025-11-11,14:20:25,0,0
5452,Z-ihuDLNVR8,hd2160,0.1345285447,13.5,h75,2025-11-11,14:20:26,0,0
5453,Z-ihuDLNVR8,hd2160,0.1345285447,13.5,h75,2025-11-11,14:20:27,0,0
5454,Z-ihuDLNVR8,hd2160,0.1390128295,13.9,h75,2025-11-11,14:20:28,0,0
5455,Z-ihuDLNVR8,hd2160,0.1390128295,13.9,h75,2025-11-11,14:20:29,0,0
5456,Z-ihuDLNVR8,hd2160,0.1506719701,15.1,h75,2025-11-11,14:20:30,0,0
5457,Z-ihuDLNVR8,hd2160,0.1506719701,15.1,h75,2025-11-11,14:20:31,0,0
5458,Z-ihuDLNVR8,hd2160,0.1569499688,15.7,h75,2025-11-11,14:20:32,0,0
5459,Z-ihuDLNVR8,hd2160,0.1689678522,16.9,h75,2025-11-11,14:20:33,0,0
5460,Z-ihuDLNVR8,hd2160,0.1689678522,16.9,h75,2025-11-11,14:20:34,0,0
5461,Z-ihuDLNVR8,hd2160,0.1689678522,16.9,h75,2025-11-11,14:20:35,0,0
5462,Z-ihuDLNVR8,hd2160,0.1689678522,16.9,h75,2025-11-11,14:20:36,0,0
5463,Z-ihuDLNVR8,hd2160,0.179371393,17.9,h75,2025-11-11,14:20:37,0,0
5464,Z-ihuDLNVR8,hd2160,0.1854700203,18.5,h75,2025-11-11,14:20:38,0,0
5465,Z-ihuDLNVR8,hd2160,0.1854700203,18.5,h75,2025-11-11,14:20:39,0,0
5466,Z-ihuDLNVR8,hd2160,0.1854700203,18.5,h75,2025-11-11,14:20:40,0,0
5467,Z-ihuDLNVR8,hd2160,0.1973085322,19.7,h75,2025-11-11,14:20:41,0,0
5468,Z-ihuDLNVR8,hd2160,0.2059183591,20.6,h75,2025-11-11,14:20:42,0,0
5469,Z-ihuDLNVR8,hd2160,0.2059183591,20.6,h75,2025-11-11,14:20:43,0,0
5470,Z-ihuDLNVR8,hd2160,0.2059183591,20.6,h75,2025-11-11,14:20:44,0,0
5471,Z-ihuDLNVR8,hd2160,0.2059183591,20.6,h75,2025-11-11,14:20:45,0,0
5472,Z-ihuDLNVR8,hd2160,0.2138107004,21.4,h75,2025-11-11,14:20:46,0,0
5473,Z-ihuDLNVR8,hd2160,0.2242142412,22.4,h75,2025-11-11,14:20:47,0,0
5474,Z-ihuDLNVR8,hd2160,0.2303128686,23.0,h75,2025-11-11,14:20:48,0,0
5475,Z-ihuDLNVR8,hd2160,0.2303128686,23.0,h75,2025-11-11,14:20:49,0,0
5476,Z-ihuDLNVR8,hd2160,0.2303128686,23.0,h75,2025-11-11,14:20:50,0,0
5477,Z-ihuDLNVR8,hd2160,0.2421513805,24.2,h75,2025-11-11,14:20:51,0,0
5478,Z-ihuDLNVR8,hd2160,0.2507612073,25.1,h75,2025-11-11,14:20:52,0,0
5479,Z-ihuDLNVR8,hd2160,0.2507612073,25.1,h75,2025-11-11,14:20:53,0,0
5480,Z-ihuDLNVR8,hd2160,0.2507612073,25.1,h75,2025-11-11,14:20:54,0,0
5481,Z-ihuDLNVR8,hd2160,0.2590122914,25.9,h75,2025-11-11,14:20:55,0,0
5482,Z-ihuDLNVR8,hd2160,0.2690570894,26.9,h75,2025-11-11,14:20:56,0,0
5483,Z-ihuDLNVR8,hd2160,0.2751557168,27.5,h75,2025-11-11,14:20:57,0,0
5484,Z-ihuDLNVR8,hd2160,0.2751557168,27.5,h75,2025-11-11,14:20:58,0,0
5485,Z-ihuDLNVR8,hd2160,0.2751557168,27.5,h75,2025-11-11,14:20:59,0,0
5486,Z-ihuDLNVR8,hd2160,0.2869942287,28.7,h75,2025-11-11,14:21:00,0,0
5487,Z-ihuDLNVR8,hd2160,0.2869942287,28.7,h75,2025-11-11,14:21:01,0,0
5488,Z-ihuDLNVR8,hd2160,0.2956040556,29.6,h75,2025-11-11,14:21:02,0,0
5489,Z-ihuDLNVR8,hd2160,0.2956040556,29.6,h75,2025-11-11,14:21:03,0,0
5490,Z-ihuDLNVR8,hd2160,0.3034963969,30.3,h75,2025-11-11,14:21:04,0,0
5491,Z-ihuDLNVR8,hd2160,0.3034963969,30.3,h75,2025-11-11,14:21:05,0,0
5492,Z-ihuDLNVR8,hd2160,0.3034963969,30.3,h75,2025-11-11,14:21:06,0,0
5493,Z-ihuDLNVR8,hd2160,0.3138999377,31.4,h75,2025-11-11,14:21:07,0,0
5494,Z-ihuDLNVR8,hd2160,0.3138999377,31.4,h75,2025-11-11,14:21:08,0,0
5495,Z-ihuDLNVR8,hd2160,0.319998565,32.0,h75,2025-11-11,14:21:09,0,0
5496,Z-ihuDLNVR8,hd2160,0.331837077,33.2,h75,2025-11-11,14:21:10,0,0
5497,Z-ihuDLNVR8,hd2160,0.331837077,33.2,h75,2025-11-11,14:21:11,0,0
5498,Z-ihuDLNVR8,hd2160,0.331837077,33.2,h75,2025-11-11,14:21:12,0,0
5499,Z-ihuDLNVR8,hd2160,0.3391913041,33.9,h75,2025-11-11,14:21:13,0,0
5500,Z-ihuDLNVR8,hd2160,0.3483392451,34.8,h75,2025-11-11,14:21:14,0,0
5501,Z-ihuDLNVR8,hd2160,0.3483392451,34.8,h75,2025-11-11,14:21:15,0,0
5502,Z-ihuDLNVR8,hd2160,0.3483392451,34.8,h75,2025-11-11,14:21:16,0,0
5503,Z-ihuDLNVR8,hd2160,0.3587427859,35.9,h75,2025-11-11,14:21:17,0,0
5504,Z-ihuDLNVR8,hd2160,0.3648414133,36.5,h75,2025-11-11,14:21:18,0,0
5505,Z-ihuDLNVR8,hd2160,0.3648414133,36.5,h75,2025-11-11,14:21:19,0,0
5506,Z-ihuDLNVR8,hd2160,0.3648414133,36.5,h75,2025-11-11,14:21:20,0,0
5507,Z-ihuDLNVR8,hd2160,0.3845722665,38.5,h75,2025-11-11,14:21:21,0,0
5508,Z-ihuDLNVR8,hd2160,0.3845722665,38.5,h75,2025-11-11,14:21:22,0,0
5509,Z-ihuDLNVR8,hd2160,0.3845722665,38.5,h75,2025-11-11,14:21:23,0,0
5510,Z-ihuDLNVR8,hd2160,0.3845722665,38.5,h75,2025-11-11,14:21:24,0,0
5511,Z-ihuDLNVR8,hd2160,0.3931820934,39.3,h75,2025-11-11,14:21:25,0,0
5512,Z-ihuDLNVR8,hd2160,0.4035856341,40.4,h75,2025-11-11,14:21:26,0,0
5513,Z-ihuDLNVR8,hd2160,0.4035901184,40.4,h75,2025-11-11,14:21:27,0,0
5514,Z-ihuDLNVR8,hd2160,0.4078905476,40.8,h75,2025-11-11,14:21:28,0,0
5515,Z-ihuDLNVR8,hd2160,0.4078905476,40.8,h75,2025-11-11,14:21:29,0,0
5516,Z-ihuDLNVR8,hd2160,0.4195496881,42.0,h75,2025-11-11,14:21:30,0,0
5517,Z-ihuDLNVR8,hd2160,0.4195496881,42.0,h75,2025-11-11,14:21:31,0,0
5518,Z-ihuDLNVR8,hd2160,0.428159515,42.8,h75,2025-11-11,14:21:32,0,0
5519,Z-ihuDLNVR8,hd2160,0.4360518563,43.6,h75,2025-11-11,14:21:33,0,0
5520,Z-ihuDLNVR8,hd2160,0.4360518563,43.6,h75,2025-11-11,14:21:34,0,0
5521,Z-ihuDLNVR8,hd2160,0.4360518563,43.6,h75,2025-11-11,14:21:35,0,0
5522,Z-ihuDLNVR8,hd2160,0.4484284824,44.8,h75,2025-11-11,14:21:36,0,0
5523,Z-ihuDLNVR8,hd2160,0.4484329667,44.8,h75,2025-11-11,14:21:37,0,0
5524,Z-ihuDLNVR8,hd2160,0.4545271097,45.5,h75,2025-11-11,14:21:38,0,0
5525,Z-ihuDLNVR8,hd2160,0.4545271097,45.5,h75,2025-11-11,14:21:39,0,0
5526,Z-ihuDLNVR8,hd2160,0.4545271097,45.5,h75,2025-11-11,14:21:40,0,0
5527,Z-ihuDLNVR8,hd2160,0.4643925364,46.4,h75,2025-11-11,14:21:41,0,0
5528,Z-ihuDLNVR8,hd2160,0.4730023632,47.3,h75,2025-11-11,14:21:42,0,0
5529,Z-ihuDLNVR8,hd2160,0.4730023632,47.3,h75,2025-11-11,14:21:43,0,0
5530,Z-ihuDLNVR8,hd2160,0.4730023632,47.3,h75,2025-11-11,14:21:44,0,0
5531,Z-ihuDLNVR8,hd2160,0.4730023632,47.3,h75,2025-11-11,14:21:45,0,0
5532,Z-ihuDLNVR8,hd2160,0.4816121901,48.2,h75,2025-11-11,14:21:46,0,0
5533,Z-ihuDLNVR8,hd2160,0.4932713306,49.3,h75,2025-11-11,14:21:47,0,0
5534,Z-ihuDLNVR8,hd2160,0.499369958,49.9,h75,2025-11-11,14:21:48,0,0
5535,Z-ihuDLNVR8,hd2160,0.499369958,49.9,h75,2025-11-11,14:21:49,0,0
5536,Z-ihuDLNVR8,hd2160,0.5092353846,50.9,h75,2025-11-11,14:21:50,0,0
5537,Z-ihuDLNVR8,hd2160,0.5092353846,50.9,h75,2025-11-11,14:21:51,0,0
5538,Z-ihuDLNVR8,hd2160,0.5178452115,51.8,h75,2025-11-11,14:21:52,0,0
5539,Z-ihuDLNVR8,hd2160,0.5178452115,51.8,h75,2025-11-11,14:21:53,0,0
5540,Z-ihuDLNVR8,hd2160,0.5277106381,52.8,h75,2025-11-11,14:21:54,0,0
5541,Z-ihuDLNVR8,hd2160,0.5277106381,52.8,h75,2025-11-11,14:21:55,0,0
5542,Z-ihuDLNVR8,hd2160,0.5277106381,52.8,h75,2025-11-11,14:21:56,0,0
5543,Z-ihuDLNVR8,hd2160,0.5381141789,53.8,h75,2025-11-11,14:21:57,0,0
5544,Z-ihuDLNVR8,hd2160,0.5461858915,54.6,h75,2025-11-11,14:21:58,0,0
5545,Z-ihuDLNVR8,hd2160,0.5461858915,54.6,h75,2025-11-11,14:21:59,0,0
5546,Z-ihuDLNVR8,hd2160,0.5461858915,54.6,h75,2025-11-11,14:22:00,0,0
5547,Z-ihuDLNVR8,hd2160,0.5461858915,54.6,h75,2025-11-11,14:22:01,0,0
5548,Z-ihuDLNVR8,hd2160,0.5582037749,55.8,h75,2025-11-11,14:22:02,0,0
5549,Z-ihuDLNVR8,hd2160,0.5682485729,56.8,h75,2025-11-11,14:22:03,0,0
5550,Z-ihuDLNVR8,hd2160,0.5682485729,56.8,h75,2025-11-11,14:22:04,0,0
5551,Z-ihuDLNVR8,hd2160,0.5682485729,56.8,h75,2025-11-11,14:22:05,0,0
5552,Z-ihuDLNVR8,hd2160,0.5804458276,58.0,h75,2025-11-11,14:22:06,0,0
5553,Z-ihuDLNVR8,hd2160,0.5829615114,58.3,h75,2025-11-11,14:22:07,0,0
5554,Z-ihuDLNVR8,hd2160,0.5894143972,58.9,h75,2025-11-11,14:22:08,0,0
5555,Z-ihuDLNVR8,hd2160,0.5894143972,58.9,h75,2025-11-11,14:22:09,0,0
5556,Z-ihuDLNVR8,hd2160,0.5894143972,58.9,h75,2025-11-11,14:22:10,0,0
5557,Z-ihuDLNVR8,hd2160,0.6010735378,60.1,h75,2025-11-11,14:22:11,0,0
5558,Z-ihuDLNVR8,hd2160,0.6010735378,60.1,h75,2025-11-11,14:22:12,0,0
5559,Z-ihuDLNVR8,hd2160,0.6114770786,61.1,h75,2025-11-11,14:22:13,0,0
5560,Z-ihuDLNVR8,hd2160,0.6114770786,61.1,h75,2025-11-11,14:22:14,0,0
5561,Z-ihuDLNVR8,hd2160,0.6114770786,61.1,h75,2025-11-11,14:22:15,0,0
5562,Z-ihuDLNVR8,hd2160,0.6233155905,62.3,h75,2025-11-11,14:22:16,0,0
5563,Z-ihuDLNVR8,hd2160,0.6321047888,63.2,h75,2025-11-11,14:22:17,0,0
5564,Z-ihuDLNVR8,hd2160,0.6321047888,63.2,h75,2025-11-11,14:22:18,0,0
5565,Z-ihuDLNVR8,hd2160,0.6321047888,63.2,h75,2025-11-11,14:22:19,0,0
5566,Z-ihuDLNVR8,hd2160,0.6321047888,63.2,h75,2025-11-11,14:22:20,0,0
5567,Z-ihuDLNVR8,hd2160,0.6321047888,63.2,h75,2025-11-11,14:22:21,0,0
5568,Z-ihuDLNVR8,hd2160,0.6439433007,64.4,h75,2025-11-11,14:22:22,0,0
5569,Z-ihuDLNVR8,hd2160,0.6543468415,65.4,h75,2025-11-11,14:22:23,0,0
5570,Z-ihuDLNVR8,hd2160,0.6543468415,65.4,h75,2025-11-11,14:22:24,0,0
5571,Z-ihuDLNVR8,hd2160,0.6658266106,66.6,h75,2025-11-11,14:22:25,0,0
5572,Z-ihuDLNVR8,hd2160,0.6658266106,66.6,h75,2025-11-11,14:22:26,0,0
5573,Z-ihuDLNVR8,hd2160,0.6726472079,67.3,h75,2025-11-11,14:22:27,0,0
5574,Z-ihuDLNVR8,hd2160,0.67605078,67.6,h75,2025-11-11,14:22:28,0,0
5575,Z-ihuDLNVR8,hd2160,0.67605078,67.6,h75,2025-11-11,14:22:29,0,0
5576,Z-ihuDLNVR8,hd2160,0.6866336922,68.7,h75,2025-11-11,14:22:30,0,0
5577,Z-ihuDLNVR8,hd2160,0.6866336922,68.7,h75,2025-11-11,14:22:31,0,0
5578,Z-ihuDLNVR8,hd2160,0.6972166044,69.7,h75,2025-11-11,14:22:32,0,0
5579,Z-ihuDLNVR8,hd2160,0.6972166044,69.7,h75,2025-11-11,14:22:33,0,0
5580,Z-ihuDLNVR8,hd2160,0.6972166044,69.7,h75,2025-11-11,14:22:34,0,0
5581,Z-ihuDLNVR8,hd2160,0.707082031,70.7,h75,2025-11-11,14:22:35,0,0
5582,Z-ihuDLNVR8,hd2160,0.7174855718,71.7,h75,2025-11-11,14:22:36,0,0
5583,Z-ihuDLNVR8,hd2160,0.7174855718,71.7,h75,2025-11-11,14:22:37,0,0
5584,Z-ihuDLNVR8,hd2160,0.7174855718,71.7,h75,2025-11-11,14:22:38,0,0
5585,Z-ihuDLNVR8,hd2160,0.7174900561,71.7,h75,2025-11-11,14:22:39,0,0
5586,Z-ihuDLNVR8,hd2160,0.7174900561,71.7,h75,2025-11-11,14:22:40,0,0
5587,Z-ihuDLNVR8,hd2160,0.7255572845,72.6,h75,2025-11-11,14:22:41,0,0
5588,Z-ihuDLNVR8,hd2160,0.7373957964,73.7,h75,2025-11-11,14:22:42,0,0
5589,Z-ihuDLNVR8,hd2160,0.7465437375,74.7,h75,2025-11-11,14:22:43,0,0
5590,Z-ihuDLNVR8,hd2160,0.7465437375,74.7,h75,2025-11-11,14:22:44,0,0
5591,Z-ihuDLNVR8,hd2160,0.7465437375,74.7,h75,2025-11-11,14:22:45,0,0
5592,Z-ihuDLNVR8,hd2160,0.7580235066,75.8,h75,2025-11-11,14:22:46,0,0
5593,Z-ihuDLNVR8,hd2160,0.7684270474,76.8,h75,2025-11-11,14:22:47,0,0
5594,Z-ihuDLNVR8,hd2160,0.7684270474,76.8,h75,2025-11-11,14:22:48,0,0
5595,Z-ihuDLNVR8,hd2160,0.7684270474,76.8,h75,2025-11-11,14:22:49,0,0
5596,Z-ihuDLNVR8,hd2160,0.7684270474,76.8,h75,2025-11-11,14:22:50,0,0
5597,Z-ihuDLNVR8,hd2160,0.7684270474,76.8,h75,2025-11-11,14:22:51,0,0
5598,Z-ihuDLNVR8,hd2160,0.7802655593,78.0,h75,2025-11-11,14:22:52,0,0
5599,Z-ihuDLNVR8,hd2160,0.7897722432,79.0,h75,2025-11-11,14:22:53,0,0
5600,Z-ihuDLNVR8,hd2160,0.7897722432,79.0,h75,2025-11-11,14:22:54,0,0
5601,Z-ihuDLNVR8,hd2160,0.7996376698,80.0,h75,2025-11-11,14:22:55,0,0
5602,Z-ihuDLNVR8,hd2160,0.8021488693,80.2,h75,2025-11-11,14:22:56,0,0
5603,Z-ihuDLNVR8,hd2160,0.8112968103,81.1,h75,2025-11-11,14:22:57,0,0
5604,Z-ihuDLNVR8,hd2160,0.8112968103,81.1,h75,2025-11-11,14:22:58,0,0
5605,Z-ihuDLNVR8,hd2160,0.8112968103,81.1,h75,2025-11-11,14:22:59,0,0
5606,Z-ihuDLNVR8,hd2160,0.8112968103,81.1,h75,2025-11-11,14:23:00,0,0
5607,Z-ihuDLNVR8,hd2160,0.8295926924,83.0,h75,2025-11-11,14:23:01,0,0
5608,Z-ihuDLNVR8,hd2160,0.8376644051,83.8,h75,2025-11-11,14:23:02,0,0
5609,Z-ihuDLNVR8,hd2160,0.8376644051,83.8,h75,2025-11-11,14:23:03,0,0
5610,Z-ihuDLNVR8,hd2160,0.8376644051,83.8,h75,2025-11-11,14:23:04,0,0
5611,Z-ihuDLNVR8,hd2160,0.8376644051,83.8,h75,2025-11-11,14:23:05,0,0
5612,Z-ihuDLNVR8,hd2160,0.849502917,85.0,h75,2025-11-11,14:23:06,0,0
5613,Z-ihuDLNVR8,hd2160,0.8520141165,85.2,h75,2025-11-11,14:23:07,0,0
5614,Z-ihuDLNVR8,hd2160,0.8600858292,86.0,h75,2025-11-11,14:23:08,0,0
5615,Z-ihuDLNVR8,hd2160,0.8600858292,86.0,h75,2025-11-11,14:23:09,0,0
5616,Z-ihuDLNVR8,hd2160,0.8600858292,86.0,h75,2025-11-11,14:23:10,0,0
5617,Z-ihuDLNVR8,hd2160,0.8600858292,86.0,h75,2025-11-11,14:23:11,0,0
5618,Z-ihuDLNVR8,hd2160,0.8825072533,88.3,h75,2025-11-11,14:23:12,0,0
5619,Z-ihuDLNVR8,hd2160,0.8825072533,88.3,h75,2025-11-11,14:23:13,0,0
5620,Z-ihuDLNVR8,hd2160,0.8825072533,88.3,h75,2025-11-11,14:23:14,0,0
5621,Z-ihuDLNVR8,hd2160,0.8934489083,89.3,h75,2025-11-11,14:23:15,0,0
5622,Z-ihuDLNVR8,hd2160,0.8934489083,89.3,h75,2025-11-11,14:23:16,0,0
5623,Z-ihuDLNVR8,hd2160,0.8934489083,89.3,h75,2025-11-11,14:23:17,0,0
5624,Z-ihuDLNVR8,hd2160,0.9029555921,90.3,h75,2025-11-11,14:23:18,0,0
5625,Z-ihuDLNVR8,hd2160,0.9147941041,91.5,h75,2025-11-11,14:23:19,0,0
5626,Z-ihuDLNVR8,hd2160,0.9147941041,91.5,h75,2025-11-11,14:23:20,0,0
5627,Z-ihuDLNVR8,hd2160,0.9147941041,91.5,h75,2025-11-11,14:23:21,0,0
5628,Z-ihuDLNVR8,hd2160,0.9147941041,91.5,h75,2025-11-11,14:23:22,0,0
5629,Z-ihuDLNVR8,hd2160,0.9253770162,92.5,h75,2025-11-11,14:23:23,0,0
5630,Z-ihuDLNVR8,hd2160,0.9253770162,92.5,h75,2025-11-11,14:23:24,0,0
5631,Z-ihuDLNVR8,hd2160,0.9253770162,92.5,h75,2025-11-11,14:23:25,0,0
5632,Z-ihuDLNVR8,hd2160,0.9372155282,93.7,h75,2025-11-11,14:23:26,0,0
5633,Z-ihuDLNVR8,hd2160,0.9477984404,94.8,h75,2025-11-11,14:23:27,0,0
5634,Z-ihuDLNVR8,hd2160,0.9477984404,94.8,h75,2025-11-11,14:23:28,0,0
5635,Z-ihuDLNVR8,hd2160,0.9477984404,94.8,h75,2025-11-11,14:23:29,0,0
5636,Z-ihuDLNVR8,hd2160,0.9596369523,96.0,h75,2025-11-11,14:23:30,0,0
5637,Z-ihuDLNVR8,hd2160,0.9596369523,96.0,h75,2025-11-11,14:23:31,0,0
5638,Z-ihuDLNVR8,hd2160,0.9669911794,96.7,h75,2025-11-11,14:23:32,0,0
5639,Z-ihuDLNVR8,hd2160,0.9669911794,96.7,h75,2025-11-11,14:23:33,0,0
5640,Z-ihuDLNVR8,hd2160,0.9669911794,96.7,h75,2025-11-11,14:23:34,0,0
5641,Z-ihuDLNVR8,hd2160,0.9669911794,96.7,h75,2025-11-11,14:23:35,0,0
5642,Z-ihuDLNVR8,hd2160,0.9669911794,96.7,h75,2025-11-11,14:23:36,0,0
5643,Z-ihuDLNVR8,hd2160,0.9669911794,96.7,h75,2025-11-11,14:23:37,0,0
5644,Z-ihuDLNVR8,hd2160,0.9669911794,96.7,h75,2025-11-11,14:23:38,0,0
5645,Z-ihuDLNVR8,hd2160,1.0,100.0,h75,2025-11-11,14:23:39,0,0
5646,Z-ihuDLNVR8,hd2160,1.0,100.0,h75,2025-11-11,14:23:40,0,0
5647,Z-ihuDLNVR8,hd2160,1.0,100.0,h75,2025-11-11,14:23:41,0,0
5648,Z-ihuDLNVR8,hd2160,1.0,100.0,h75,2025-11-11,14:23:42,0,0
5649,Z-ihuDLNVR8,hd2160,1.0,100.0,h75,2025-11-11,14:23:43,0,0
5650,Z-ihuDLNVR8,hd2160,1.0,100.0,h75,2025-11-11,14:23:44,0,0
5651,Z-ihuDLNVR8,hd2160,1.0,100.0,h75,2025-11-11,14:23:45,0,0
5652,Z-ihuDLNVR8,hd2160,1.0,100.0,h75,2025-11-11,14:23:46,0,0
5653,Z-ihuDLNVR8,hd2160,1.0,100.0,h75,2025-11-11,14:23:47,0,0
5654,Z-ihuDLNVR8,hd2160,1.0,100.0,h75,2025-11-11,14:23:48,0,0
5655,Z-ihuDLNVR8,hd2160,1.0,100.0,h75,2025-11-11,14:23:49,0,0
5656,Z-ihuDLNVR8,hd2160,1.0,100.0,h75,2025-11-11,14:23:50,0,0
5657,Z-ihuDLNVR8,hd2160,1.0,100.0,h75,2025-11-11,14:23:51,0,0
5658,Z-ihuDLNVR8,hd2160,1.0,100.0,h75,2025-11-11,14:23:52,0,0
5659,Z-ihuDLNVR8,hd2160,1.0,100.0,h75,2025-11-11,14:23:53,0,0
5660,Z-ihuDLNVR8,hd2160,1.0,100.0,h75,2025-11-11,14:23:54,0,0
5661,Z-ihuDLNVR8,hd2160,1.0,100.0,h75,2025-11-11,14:23:55,0,0
5662,Z-ihuDLNVR8,hd2160,1.0,100.0,h75,2025-11-11,14:23:56,0,0
5663,Z-ihuDLNVR8,hd2160,1.0,100.0,h75,2025-11-11,14:23:57,0,0
5664,Z-ihuDLNVR8,hd2160,1.0,100.0,h75,2025-11-11,14:23:58,0,0
2008,idCX7o-9Hr4,hd2160,0.0,0.0,h7,2025-11-03,17:09:48,0,0
2009,idCX7o-9Hr4,hd2160,0.009602168315,1.0,h7,2025-11-03,17:09:49,0,0
2010,idCX7o-9Hr4,hd2160,0.03546924453,3.5,h7,2025-11-03,17:09:50,0,0
2011,idCX7o-9Hr4,hd2160,0.04350371615,4.4,h7,2025-11-03,17:09:51,0,0
2012,idCX7o-9Hr4,hd2160,0.04869672668,4.9,h7,2025-11-03,17:09:52,0,0
2013,idCX7o-9Hr4,hd2160,0.06114035902,6.1,h7,2025-11-03,17:09:53,0,0
2014,idCX7o-9Hr4,hd2160,0.06574548145,6.6,h7,2025-11-03,17:09:54,0,0
2015,idCX7o-9Hr4,hd2160,0.07123243897,7.1,h7,2025-11-03,17:09:55,0,0
2016,idCX7o-9Hr4,hd2160,0.07123243897,7.1,h7,2025-11-03,17:09:56,0,0
2017,idCX7o-9Hr4,hd2160,0.07740526398,7.7,h7,2025-11-03,17:09:57,0,0
2018,idCX7o-9Hr4,hd2160,0.08279423623,8.3,h7,2025-11-03,17:09:58,0,0
2019,idCX7o-9Hr4,hd2160,0.08279423623,8.3,h7,2025-11-03,17:09:59,0,0
2020,idCX7o-9Hr4,hd2160,0.08808522909,8.8,h7,2025-11-03,17:10:00,0,0
2021,idCX7o-9Hr4,hd2160,0.08808522909,8.8,h7,2025-11-03,17:10:01,0,0
2022,idCX7o-9Hr4,hd2160,0.09455199814,9.5,h7,2025-11-03,17:10:02,0,0
2023,idCX7o-9Hr4,hd2160,0.09455199814,9.5,h7,2025-11-03,17:10:03,0,0
2024,idCX7o-9Hr4,hd2160,0.09455199814,9.5,h7,2025-11-03,17:10:04,0,0
2025,idCX7o-9Hr4,hd2160,0.09984299101,10.0,h7,2025-11-03,17:10:05,0,0
2026,idCX7o-9Hr4,hd2160,0.09984299101,10.0,h7,2025-11-03,17:10:06,0,0
2027,idCX7o-9Hr4,hd2160,0.09984299101,10.0,h7,2025-11-03,17:10:07,0,0
2028,idCX7o-9Hr4,hd2160,0.1116987352,11.2,h7,2025-11-03,17:10:08,0,0
2029,idCX7o-9Hr4,hd2160,0.1116987352,11.2,h7,2025-11-03,17:10:09,0,0
2030,idCX7o-9Hr4,hd2160,0.1116987352,11.2,h7,2025-11-03,17:10:10,0,0
2031,idCX7o-9Hr4,hd2160,0.1168917458,11.7,h7,2025-11-03,17:10:11,0,0
2032,idCX7o-9Hr4,hd2160,0.1228686091,12.3,h7,2025-11-03,17:10:12,0,0
2033,idCX7o-9Hr4,hd2160,0.1228686091,12.3,h7,2025-11-03,17:10:13,0,0
2034,idCX7o-9Hr4,hd2160,0.1291394164,12.9,h7,2025-11-03,17:10:14,0,0
2035,idCX7o-9Hr4,hd2160,0.1291394164,12.9,h7,2025-11-03,17:10:15,0,0
2036,idCX7o-9Hr4,hd2160,0.1339405006,13.4,h7,2025-11-03,17:10:16,0,0
2037,idCX7o-9Hr4,hd2160,0.1339405006,13.4,h7,2025-11-03,17:10:17,0,0
2038,idCX7o-9Hr4,hd2160,0.1398193815,14.0,h7,2025-11-03,17:10:18,0,0
2039,idCX7o-9Hr4,hd2160,0.1398193815,14.0,h7,2025-11-03,17:10:19,0,0
2040,idCX7o-9Hr4,hd2160,0.1398193815,14.0,h7,2025-11-03,17:10:20,0,0
2041,idCX7o-9Hr4,hd2160,0.1456982625,14.6,h7,2025-11-03,17:10:21,0,0
2042,idCX7o-9Hr4,hd2160,0.1460901888,14.6,h7,2025-11-03,17:10:22,0,0
2043,idCX7o-9Hr4,hd2160,0.1509892553,15.1,h7,2025-11-03,17:10:23,0,0
2044,idCX7o-9Hr4,hd2160,0.1567701569,15.7,h7,2025-11-03,17:10:24,0,0
2045,idCX7o-9Hr4,hd2160,0.1567701569,15.7,h7,2025-11-03,17:10:25,0,0
2046,idCX7o-9Hr4,hd2160,0.1629429819,16.3,h7,2025-11-03,17:10:26,0,0
2047,idCX7o-9Hr4,hd2160,0.1629429819,16.3,h7,2025-11-03,17:10:27,0,0
2048,idCX7o-9Hr4,hd2160,0.1680380101,16.8,h7,2025-11-03,17:10:28,0,0
2049,idCX7o-9Hr4,hd2160,0.1680380101,16.8,h7,2025-11-03,17:10:29,0,0
2050,idCX7o-9Hr4,hd2160,0.1743088174,17.4,h7,2025-11-03,17:10:30,0,0
2051,idCX7o-9Hr4,hd2160,0.1743088174,17.4,h7,2025-11-03,17:10:31,0,0
2052,idCX7o-9Hr4,hd2160,0.1803836601,18.0,h7,2025-11-03,17:10:32,0,0
2053,idCX7o-9Hr4,hd2160,0.1803836601,18.0,h7,2025-11-03,17:10:33,0,0
2054,idCX7o-9Hr4,hd2160,0.1850867649,18.5,h7,2025-11-03,17:10:34,0,0
2055,idCX7o-9Hr4,hd2160,0.1912595899,19.1,h7,2025-11-03,17:10:35,0,0
2056,idCX7o-9Hr4,hd2160,0.1912595899,19.1,h7,2025-11-03,17:10:36,0,0
2057,idCX7o-9Hr4,hd2160,0.1912595899,19.1,h7,2025-11-03,17:10:37,0,0
2058,idCX7o-9Hr4,hd2160,0.1974324149,19.7,h7,2025-11-03,17:10:38,0,0
2059,idCX7o-9Hr4,hd2160,0.1974324149,19.7,h7,2025-11-03,17:10:39,0,0
2060,idCX7o-9Hr4,hd2160,0.2021355197,20.2,h7,2025-11-03,17:10:40,0,0
2061,idCX7o-9Hr4,hd2160,0.2021355197,20.2,h7,2025-11-03,17:10:41,0,0
2062,idCX7o-9Hr4,hd2160,0.2073285331,20.7,h7,2025-11-03,17:10:42,0,0
2063,idCX7o-9Hr4,hd2160,0.2073285331,20.7,h7,2025-11-03,17:10:43,0,0
2064,idCX7o-9Hr4,hd2160,0.2139912639,21.4,h7,2025-11-03,17:10:44,0,0
2065,idCX7o-9Hr4,hd2160,0.2139912639,21.4,h7,2025-11-03,17:10:45,0,0
2066,idCX7o-9Hr4,hd2160,0.2250631554,22.5,h7,2025-11-03,17:10:46,0,0
2067,idCX7o-9Hr4,hd2160,0.2250631554,22.5,h7,2025-11-03,17:10:47,0,0
2068,idCX7o-9Hr4,hd2160,0.2262389316,22.6,h7,2025-11-03,17:10:48,0,0
2069,idCX7o-9Hr4,hd2160,0.231138001,23.1,h7,2025-11-03,17:10:49,0,0
2070,idCX7o-9Hr4,hd2160,0.231138001,23.1,h7,2025-11-03,17:10:50,0,0
2071,idCX7o-9Hr4,hd2160,0.2362330292,23.6,h7,2025-11-03,17:10:51,0,0
2072,idCX7o-9Hr4,hd2160,0.2420139308,24.2,h7,2025-11-03,17:10:52,0,0
2073,idCX7o-9Hr4,hd2160,0.2420139308,24.2,h7,2025-11-03,17:10:53,0,0
2074,idCX7o-9Hr4,hd2160,0.2420139308,24.2,h7,2025-11-03,17:10:54,0,0
2075,idCX7o-9Hr4,hd2160,0.2481867558,24.8,h7,2025-11-03,17:10:55,0,0
2076,idCX7o-9Hr4,hd2160,0.2481867558,24.8,h7,2025-11-03,17:10:56,0,0
2077,idCX7o-9Hr4,hd2160,0.253281784,25.3,h7,2025-11-03,17:10:57,0,0
2078,idCX7o-9Hr4,hd2160,0.253281784,25.3,h7,2025-11-03,17:10:58,0,0
2079,idCX7o-9Hr4,hd2160,0.2589647032,25.9,h7,2025-11-03,17:10:59,0,0
2080,idCX7o-9Hr4,hd2160,0.2589647032,25.9,h7,2025-11-03,17:11:00,0,0
2081,idCX7o-9Hr4,hd2160,0.2647456019,26.5,h7,2025-11-03,17:11:01,0,0
2082,idCX7o-9Hr4,hd2160,0.2647456019,26.5,h7,2025-11-03,17:11:02,0,0
2083,idCX7o-9Hr4,hd2160,0.2703305388,27.0,h7,2025-11-03,17:11:03,0,0
2084,idCX7o-9Hr4,hd2160,0.276307402,27.6,h7,2025-11-03,17:11:04,0,0
2085,idCX7o-9Hr4,hd2160,0.276307402,27.6,h7,2025-11-03,17:11:05,0,0
2086,idCX7o-9Hr4,hd2160,0.282186283,28.2,h7,2025-11-03,17:11:06,0,0
2087,idCX7o-9Hr4,hd2160,0.282186283,28.2,h7,2025-11-03,17:11:07,0,0
2088,idCX7o-9Hr4,hd2160,0.2873792935,28.7,h7,2025-11-03,17:11:08,0,0
2089,idCX7o-9Hr4,hd2160,0.2873792935,28.7,h7,2025-11-03,17:11:09,0,0
2090,idCX7o-9Hr4,hd2160,0.2936501009,29.4,h7,2025-11-03,17:11:10,0,0
2091,idCX7o-9Hr4,hd2160,0.2936501009,29.4,h7,2025-11-03,17:11:11,0,0
2092,idCX7o-9Hr4,hd2160,0.2936501009,29.4,h7,2025-11-03,17:11:12,0,0
2093,idCX7o-9Hr4,hd2160,0.2996269642,30.0,h7,2025-11-03,17:11:13,0,0
2094,idCX7o-9Hr4,hd2160,0.3044280483,30.4,h7,2025-11-03,17:11:14,0,0
2095,idCX7o-9Hr4,hd2160,0.3044280483,30.4,h7,2025-11-03,17:11:15,0,0
2096,idCX7o-9Hr4,hd2160,0.3100129852,31.0,h7,2025-11-03,17:11:16,0,0
2097,idCX7o-9Hr4,hd2160,0.3100129852,31.0,h7,2025-11-03,17:11:17,0,0
2098,idCX7o-9Hr4,hd2160,0.3100129852,31.0,h7,2025-11-03,17:11:18,0,0
2099,idCX7o-9Hr4,hd2160,0.3163817749,31.6,h7,2025-11-03,17:11:19,0,0
2100,idCX7o-9Hr4,hd2160,0.3214768031,32.1,h7,2025-11-03,17:11:20,0,0
2101,idCX7o-9Hr4,hd2160,0.3214768031,32.1,h7,2025-11-03,17:11:21,0,0
2102,idCX7o-9Hr4,hd2160,0.3276496281,32.8,h7,2025-11-03,17:11:22,0,0
2103,idCX7o-9Hr4,hd2160,0.3276496281,32.8,h7,2025-11-03,17:11:23,0,0
2104,idCX7o-9Hr4,hd2160,0.3342143795,33.4,h7,2025-11-03,17:11:24,0,0
2105,idCX7o-9Hr4,hd2160,0.3342143795,33.4,h7,2025-11-03,17:11:25,0,0
2106,idCX7o-9Hr4,hd2160,0.3385255579,33.9,h7,2025-11-03,17:11:26,0,0
2107,idCX7o-9Hr4,hd2160,0.3385255579,33.9,h7,2025-11-03,17:11:27,0,0
2108,idCX7o-9Hr4,hd2160,0.3446004035,34.5,h7,2025-11-03,17:11:28,0,0
2109,idCX7o-9Hr4,hd2160,0.3446004035,34.5,h7,2025-11-03,17:11:29,0,0
2110,idCX7o-9Hr4,hd2160,0.3510671725,35.1,h7,2025-11-03,17:11:30,0,0
2111,idCX7o-9Hr4,hd2160,0.3523834135,35.2,h7,2025-11-03,17:11:31,0,0
2112,idCX7o-9Hr4,hd2160,0.3555743126,35.6,h7,2025-11-03,17:11:32,0,0
2113,idCX7o-9Hr4,hd2160,0.3555743126,35.6,h7,2025-11-03,17:11:33,0,0
2114,idCX7o-9Hr4,hd2160,0.3607673261,36.1,h7,2025-11-03,17:11:34,0,0
2115,idCX7o-9Hr4,hd2160,0.3607673261,36.1,h7,2025-11-03,17:11:35,0,0
2116,idCX7o-9Hr4,hd2160,0.3670381305,36.7,h7,2025-11-03,17:11:36,0,0
2117,idCX7o-9Hr4,hd2160,0.3670381305,36.7,h7,2025-11-03,17:11:37,0,0
2118,idCX7o-9Hr4,hd2160,0.3726230674,37.3,h7,2025-11-03,17:11:38,0,0
2119,idCX7o-9Hr4,hd2160,0.3785999307,37.9,h7,2025-11-03,17:11:39,0,0
2120,idCX7o-9Hr4,hd2160,0.3785999307,37.9,h7,2025-11-03,17:11:40,0,0
2121,idCX7o-9Hr4,hd2160,0.384576794,38.5,h7,2025-11-03,17:11:41,0,0
2122,idCX7o-9Hr4,hd2160,0.384576794,38.5,h7,2025-11-03,17:11:42,0,0
2123,idCX7o-9Hr4,hd2160,0.3896718222,39.0,h7,2025-11-03,17:11:43,0,0
2124,idCX7o-9Hr4,hd2160,0.3896718222,39.0,h7,2025-11-03,17:11:44,0,0
2125,idCX7o-9Hr4,hd2160,0.3896718222,39.0,h7,2025-11-03,17:11:45,0,0
2126,idCX7o-9Hr4,hd2160,0.3951587797,39.5,h7,2025-11-03,17:11:46,0,0
2127,idCX7o-9Hr4,hd2160,0.3951587797,39.5,h7,2025-11-03,17:11:47,0,0
2128,idCX7o-9Hr4,hd2160,0.4014295841,40.1,h7,2025-11-03,17:11:48,0,0
2129,idCX7o-9Hr4,hd2160,0.4014295841,40.1,h7,2025-11-03,17:11:49,0,0
2130,idCX7o-9Hr4,hd2160,0.406720577,40.7,h7,2025-11-03,17:11:50,0,0
2131,idCX7o-9Hr4,hd2160,0.4127954226,41.3,h7,2025-11-03,17:11:51,0,0
2132,idCX7o-9Hr4,hd2160,0.4127954226,41.3,h7,2025-11-03,17:11:52,0,0
2133,idCX7o-9Hr4,hd2160,0.4186743035,41.9,h7,2025-11-03,17:11:53,0,0
2134,idCX7o-9Hr4,hd2160,0.4186743035,41.9,h7,2025-11-03,17:11:54,0,0
2135,idCX7o-9Hr4,hd2160,0.4237693317,42.4,h7,2025-11-03,17:11:55,0,0
2136,idCX7o-9Hr4,hd2160,0.4237693317,42.4,h7,2025-11-03,17:11:56,0,0
2137,idCX7o-9Hr4,hd2160,0.4237693317,42.4,h7,2025-11-03,17:11:57,0,0
2138,idCX7o-9Hr4,hd2160,0.4298441774,43.0,h7,2025-11-03,17:11:58,0,0
2139,idCX7o-9Hr4,hd2160,0.4361149817,43.6,h7,2025-11-03,17:11:59,0,0
2140,idCX7o-9Hr4,hd2160,0.4361149817,43.6,h7,2025-11-03,17:12:00,0,0
2141,idCX7o-9Hr4,hd2160,0.4408180865,44.1,h7,2025-11-03,17:12:01,0,0
2142,idCX7o-9Hr4,hd2160,0.4408180865,44.1,h7,2025-11-03,17:12:02,0,0
2143,idCX7o-9Hr4,hd2160,0.4470888938,44.7,h7,2025-11-03,17:12:03,0,0
2144,idCX7o-9Hr4,hd2160,0.4470888938,44.7,h7,2025-11-03,17:12:04,0,0
2145,idCX7o-9Hr4,hd2160,0.4530657571,45.3,h7,2025-11-03,17:12:05,0,0
2146,idCX7o-9Hr4,hd2160,0.4530657571,45.3,h7,2025-11-03,17:12:06,0,0
2147,idCX7o-9Hr4,hd2160,0.4578668413,45.8,h7,2025-11-03,17:12:07,0,0
2148,idCX7o-9Hr4,hd2160,0.4628638901,46.3,h7,2025-11-03,17:12:08,0,0
2149,idCX7o-9Hr4,hd2160,0.4628638901,46.3,h7,2025-11-03,17:12:09,0,0
2150,idCX7o-9Hr4,hd2160,0.4693306592,46.9,h7,2025-11-03,17:12:10,0,0
2151,idCX7o-9Hr4,hd2160,0.4693306592,46.9,h7,2025-11-03,17:12:11,0,0
2152,idCX7o-9Hr4,hd2160,0.4749155961,47.5,h7,2025-11-03,17:12:12,0,0
2153,idCX7o-9Hr4,hd2160,0.4749155961,47.5,h7,2025-11-03,17:12:13,0,0
2154,idCX7o-9Hr4,hd2160,0.4804025536,48.0,h7,2025-11-03,17:12:14,0,0
2155,idCX7o-9Hr4,hd2160,0.4804025536,48.0,h7,2025-11-03,17:12:15,0,0
2156,idCX7o-9Hr4,hd2160,0.4804025536,48.0,h7,2025-11-03,17:12:16,0,0
2157,idCX7o-9Hr4,hd2160,0.4867713403,48.7,h7,2025-11-03,17:12:17,0,0
2158,idCX7o-9Hr4,hd2160,0.4919643508,49.2,h7,2025-11-03,17:12:18,0,0
2159,idCX7o-9Hr4,hd2160,0.4919643508,49.2,h7,2025-11-03,17:12:19,0,0
2160,idCX7o-9Hr4,hd2160,0.4977452524,49.8,h7,2025-11-03,17:12:20,0,0
2161,idCX7o-9Hr4,hd2160,0.4977452524,49.8,h7,2025-11-03,17:12:21,0,0
2162,idCX7o-9Hr4,hd2160,0.5039180774,50.4,h7,2025-11-03,17:12:22,0,0
2163,idCX7o-9Hr4,hd2160,0.5039180774,50.4,h7,2025-11-03,17:12:23,0,0
2164,idCX7o-9Hr4,hd2160,0.5090131056,50.9,h7,2025-11-03,17:12:24,0,0
2165,idCX7o-9Hr4,hd2160,0.5090131056,50.9,h7,2025-11-03,17:12:25,0,0
2166,idCX7o-9Hr4,hd2160,0.5147940072,51.5,h7,2025-11-03,17:12:26,0,0
2167,idCX7o-9Hr4,hd2160,0.5147940072,51.5,h7,2025-11-03,17:12:27,0,0
2168,idCX7o-9Hr4,hd2160,0.5209668322,52.1,h7,2025-11-03,17:12:28,0,0
2169,idCX7o-9Hr4,hd2160,0.5209668322,52.1,h7,2025-11-03,17:12:29,0,0
2170,idCX7o-9Hr4,hd2160,0.5260618604,52.6,h7,2025-11-03,17:12:30,0,0
2171,idCX7o-9Hr4,hd2160,0.5313528533,53.1,h7,2025-11-03,17:12:31,0,0
2172,idCX7o-9Hr4,hd2160,0.5313528533,53.1,h7,2025-11-03,17:12:32,0,0
2173,idCX7o-9Hr4,hd2160,0.5313528533,53.1,h7,2025-11-03,17:12:33,0,0
2174,idCX7o-9Hr4,hd2160,0.538309531,53.8,h7,2025-11-03,17:12:34,0,0
2175,idCX7o-9Hr4,hd2160,0.5431106152,54.3,h7,2025-11-03,17:12:35,0,0
2176,idCX7o-9Hr4,hd2160,0.5431106152,54.3,h7,2025-11-03,17:12:36,0,0
2177,idCX7o-9Hr4,hd2160,0.5431106152,54.3,h7,2025-11-03,17:12:37,0,0
2178,idCX7o-9Hr4,hd2160,0.5486955521,54.9,h7,2025-11-03,17:12:38,0,0
2179,idCX7o-9Hr4,hd2160,0.5486955521,54.9,h7,2025-11-03,17:12:39,0,0
2180,idCX7o-9Hr4,hd2160,0.5551623211,55.5,h7,2025-11-03,17:12:40,0,0
2181,idCX7o-9Hr4,hd2160,0.5551623211,55.5,h7,2025-11-03,17:12:41,0,0
2182,idCX7o-9Hr4,hd2160,0.5601593699,56.0,h7,2025-11-03,17:12:42,0,0
2183,idCX7o-9Hr4,hd2160,0.5660382509,56.6,h7,2025-11-03,17:12:43,0,0
2184,idCX7o-9Hr4,hd2160,0.5660382509,56.6,h7,2025-11-03,17:12:44,0,0
2185,idCX7o-9Hr4,hd2160,0.5722110759,57.2,h7,2025-11-03,17:12:45,0,0
2186,idCX7o-9Hr4,hd2160,0.5722110759,57.2,h7,2025-11-03,17:12:46,0,0
2187,idCX7o-9Hr4,hd2160,0.5772081247,57.7,h7,2025-11-03,17:12:47,0,0
2188,idCX7o-9Hr4,hd2160,0.5826950822,58.3,h7,2025-11-03,17:12:48,0,0
2189,idCX7o-9Hr4,hd2160,0.5826950822,58.3,h7,2025-11-03,17:12:49,0,0
2190,idCX7o-9Hr4,hd2160,0.5826950822,58.3,h7,2025-11-03,17:12:50,0,0
2191,idCX7o-9Hr4,hd2160,0.5826950822,58.3,h7,2025-11-03,17:12:51,0,0
2192,idCX7o-9Hr4,hd2160,0.5889658866,58.9,h7,2025-11-03,17:12:52,0,0
2193,idCX7o-9Hr4,hd2160,0.5889658866,58.9,h7,2025-11-03,17:12:53,0,0
2194,idCX7o-9Hr4,hd2160,0.5942568795,59.4,h7,2025-11-03,17:12:54,0,0
2195,idCX7o-9Hr4,hd2160,0.6000377811,60.0,h7,2025-11-03,17:12:55,0,0
2196,idCX7o-9Hr4,hd2160,0.6000377811,60.0,h7,2025-11-03,17:12:56,0,0
2197,idCX7o-9Hr4,hd2160,0.6065045501,60.7,h7,2025-11-03,17:12:57,0,0
2198,idCX7o-9Hr4,hd2160,0.6065045501,60.7,h7,2025-11-03,17:12:58,0,0
2199,idCX7o-9Hr4,hd2160,0.6113056343,61.1,h7,2025-11-03,17:12:59,0,0
2200,idCX7o-9Hr4,hd2160,0.6113056343,61.1,h7,2025-11-03,17:13:00,0,0
2201,idCX7o-9Hr4,hd2160,0.6174784593,61.7,h7,2025-11-03,17:13:01,0,0
2202,idCX7o-9Hr4,hd2160,0.6174784593,61.7,h7,2025-11-03,17:13:02,0,0
2203,idCX7o-9Hr4,hd2160,0.6233573402,62.3,h7,2025-11-03,17:13:03,0,0
2204,idCX7o-9Hr4,hd2160,0.6233573402,62.3,h7,2025-11-03,17:13:04,0,0
2205,idCX7o-9Hr4,hd2160,0.628354389,62.8,h7,2025-11-03,17:13:05,0,0
2206,idCX7o-9Hr4,hd2160,0.6346251964,63.5,h7,2025-11-03,17:13:06,0,0
2207,idCX7o-9Hr4,hd2160,0.6346251964,63.5,h7,2025-11-03,17:13:07,0,0
2208,idCX7o-9Hr4,hd2160,0.6405040773,64.1,h7,2025-11-03,17:13:08,0,0
2209,idCX7o-9Hr4,hd2160,0.6405040773,64.1,h7,2025-11-03,17:13:09,0,0
2210,idCX7o-9Hr4,hd2160,0.6405040773,64.1,h7,2025-11-03,17:13:10,0,0
2211,idCX7o-9Hr4,hd2160,0.6454031438,64.5,h7,2025-11-03,17:13:11,0,0
2212,idCX7o-9Hr4,hd2160,0.6454031438,64.5,h7,2025-11-03,17:13:12,0,0
2213,idCX7o-9Hr4,hd2160,0.6509880807,65.1,h7,2025-11-03,17:13:13,0,0
2214,idCX7o-9Hr4,hd2160,0.6509880807,65.1,h7,2025-11-03,17:13:14,0,0
2215,idCX7o-9Hr4,hd2160,0.6573568704,65.7,h7,2025-11-03,17:13:15,0,0
2216,idCX7o-9Hr4,hd2160,0.6573568704,65.7,h7,2025-11-03,17:13:16,0,0
2217,idCX7o-9Hr4,hd2160,0.6624518986,66.2,h7,2025-11-03,17:13:17,0,0
2218,idCX7o-9Hr4,hd2160,0.6681348178,66.8,h7,2025-11-03,17:13:18,0,0
2219,idCX7o-9Hr4,hd2160,0.6681348178,66.8,h7,2025-11-03,17:13:19,0,0
2220,idCX7o-9Hr4,hd2160,0.6746015869,67.5,h7,2025-11-03,17:13:20,0,0
2221,idCX7o-9Hr4,hd2160,0.6746015869,67.5,h7,2025-11-03,17:13:21,0,0
2222,idCX7o-9Hr4,hd2160,0.6795006534,68.0,h7,2025-11-03,17:13:22,0,0
2223,idCX7o-9Hr4,hd2160,0.6795006534,68.0,h7,2025-11-03,17:13:23,0,0
2224,idCX7o-9Hr4,hd2160,0.6795006534,68.0,h7,2025-11-03,17:13:24,0,0
2225,idCX7o-9Hr4,hd2160,0.6915523593,69.2,h7,2025-11-03,17:13:25,0,0
2226,idCX7o-9Hr4,hd2160,0.6915523593,69.2,h7,2025-11-03,17:13:26,0,0
2227,idCX7o-9Hr4,hd2160,0.6915523593,69.2,h7,2025-11-03,17:13:27,0,0
2228,idCX7o-9Hr4,hd2160,0.6965494081,69.7,h7,2025-11-03,17:13:28,0,0
2229,idCX7o-9Hr4,hd2160,0.6965494081,69.7,h7,2025-11-03,17:13:29,0,0
2230,idCX7o-9Hr4,hd2160,0.7025262714,70.3,h7,2025-11-03,17:13:30,0,0
2231,idCX7o-9Hr4,hd2160,0.7025262714,70.3,h7,2025-11-03,17:13:31,0,0
2232,idCX7o-9Hr4,hd2160,0.7086990964,70.9,h7,2025-11-03,17:13:32,0,0
2233,idCX7o-9Hr4,hd2160,0.7086990964,70.9,h7,2025-11-03,17:13:33,0,0
2234,idCX7o-9Hr4,hd2160,0.7086990964,70.9,h7,2025-11-03,17:13:34,0,0
2235,idCX7o-9Hr4,hd2160,0.7188891558,71.9,h7,2025-11-03,17:13:35,0,0
2236,idCX7o-9Hr4,hd2160,0.7188891558,71.9,h7,2025-11-03,17:13:36,0,0
2237,idCX7o-9Hr4,hd2160,0.7254539072,72.5,h7,2025-11-03,17:13:37,0,0
2238,idCX7o-9Hr4,hd2160,0.7254539072,72.5,h7,2025-11-03,17:13:38,0,0
2239,idCX7o-9Hr4,hd2160,0.7306469177,73.1,h7,2025-11-03,17:13:39,0,0
2240,idCX7o-9Hr4,hd2160,0.7306469177,73.1,h7,2025-11-03,17:13:40,0,0
2241,idCX7o-9Hr4,hd2160,0.7306469177,73.1,h7,2025-11-03,17:13:41,0,0
2242,idCX7o-9Hr4,hd2160,0.7365257987,73.7,h7,2025-11-03,17:13:42,0,0
2243,idCX7o-9Hr4,hd2160,0.7426986237,74.3,h7,2025-11-03,17:13:43,0,0
2244,idCX7o-9Hr4,hd2160,0.7426986237,74.3,h7,2025-11-03,17:13:44,0,0
2245,idCX7o-9Hr4,hd2160,0.7426986237,74.3,h7,2025-11-03,17:13:45,0,0
2246,idCX7o-9Hr4,hd2160,0.7476956725,74.8,h7,2025-11-03,17:13:46,0,0
2247,idCX7o-9Hr4,hd2160,0.7543584062,75.4,h7,2025-11-03,17:13:47,0,0
2248,idCX7o-9Hr4,hd2160,0.7543584062,75.4,h7,2025-11-03,17:13:48,0,0
2249,idCX7o-9Hr4,hd2160,0.7606292106,76.1,h7,2025-11-03,17:13:49,0,0
2250,idCX7o-9Hr4,hd2160,0.7606292106,76.1,h7,2025-11-03,17:13:50,0,0
2251,idCX7o-9Hr4,hd2160,0.7647444272,76.5,h7,2025-11-03,17:13:51,0,0
2252,idCX7o-9Hr4,hd2160,0.7647444272,76.5,h7,2025-11-03,17:13:52,0,0
2253,idCX7o-9Hr4,hd2160,0.7704273465,77.0,h7,2025-11-03,17:13:53,0,0
2254,idCX7o-9Hr4,hd2160,0.7704273465,77.0,h7,2025-11-03,17:13:54,0,0
2255,idCX7o-9Hr4,hd2160,0.7771880596,77.7,h7,2025-11-03,17:13:55,0,0
2256,idCX7o-9Hr4,hd2160,0.7771880596,77.7,h7,2025-11-03,17:13:56,0,0
2257,idCX7o-9Hr4,hd2160,0.781793182,78.2,h7,2025-11-03,17:13:57,0,0
2258,idCX7o-9Hr4,hd2160,0.7869861955,78.7,h7,2025-11-03,17:13:58,0,0
2259,idCX7o-9Hr4,hd2160,0.7869861955,78.7,h7,2025-11-03,17:13:59,0,0
2260,idCX7o-9Hr4,hd2160,0.7937469086,79.4,h7,2025-11-03,17:14:00,0,0
2261,idCX7o-9Hr4,hd2160,0.7937469086,79.4,h7,2025-11-03,17:14:01,0,0
2262,idCX7o-9Hr4,hd2160,0.7937469086,79.4,h7,2025-11-03,17:14:02,0,0
2263,idCX7o-9Hr4,hd2160,0.7988419368,79.9,h7,2025-11-03,17:14:03,0,0
2264,idCX7o-9Hr4,hd2160,0.7988419368,79.9,h7,2025-11-03,17:14:04,0,0
2265,idCX7o-9Hr4,hd2160,0.804524856,80.5,h7,2025-11-03,17:14:05,0,0
2266,idCX7o-9Hr4,hd2160,0.804524856,80.5,h7,2025-11-03,17:14:06,0,0
2267,idCX7o-9Hr4,hd2160,0.810403737,81.0,h7,2025-11-03,17:14:07,0,0
2268,idCX7o-9Hr4,hd2160,0.8158906916,81.6,h7,2025-11-03,17:14:08,0,0
2269,idCX7o-9Hr4,hd2160,0.8158906916,81.6,h7,2025-11-03,17:14:09,0,0
2270,idCX7o-9Hr4,hd2160,0.8214756285,82.1,h7,2025-11-03,17:14:10,0,0
2271,idCX7o-9Hr4,hd2160,0.8214756285,82.1,h7,2025-11-03,17:14:11,0,0
2272,idCX7o-9Hr4,hd2160,0.8278444181,82.8,h7,2025-11-03,17:14:12,0,0
2273,idCX7o-9Hr4,hd2160,0.8278444181,82.8,h7,2025-11-03,17:14:13,0,0
2274,idCX7o-9Hr4,hd2160,0.8329394464,83.3,h7,2025-11-03,17:14:14,0,0
2275,idCX7o-9Hr4,hd2160,0.8329394464,83.3,h7,2025-11-03,17:14:15,0,0
2276,idCX7o-9Hr4,hd2160,0.8383284215,83.8,h7,2025-11-03,17:14:16,0,0
2277,idCX7o-9Hr4,hd2160,0.8383284215,83.8,h7,2025-11-03,17:14:17,0,0
2278,idCX7o-9Hr4,hd2160,0.8383284215,83.8,h7,2025-11-03,17:14:18,0,0
2279,idCX7o-9Hr4,hd2160,0.8448931729,84.5,h7,2025-11-03,17:14:19,0,0
2280,idCX7o-9Hr4,hd2160,0.8448931729,84.5,h7,2025-11-03,17:14:20,0,0
2281,idCX7o-9Hr4,hd2160,0.8559650644,85.6,h7,2025-11-03,17:14:21,0,0
2282,idCX7o-9Hr4,hd2160,0.8559650644,85.6,h7,2025-11-03,17:14:22,0,0
2283,idCX7o-9Hr4,hd2160,0.8559650644,85.6,h7,2025-11-03,17:14:23,0,0
2284,idCX7o-9Hr4,hd2160,0.8620399071,86.2,h7,2025-11-03,17:14:24,0,0
2285,idCX7o-9Hr4,hd2160,0.8620399071,86.2,h7,2025-11-03,17:14:25,0,0
2286,idCX7o-9Hr4,hd2160,0.8670369559,86.7,h7,2025-11-03,17:14:26,0,0
2287,idCX7o-9Hr4,hd2160,0.8670369559,86.7,h7,2025-11-03,17:14:27,0,0
2288,idCX7o-9Hr4,hd2160,0.8733077632,87.3,h7,2025-11-03,17:14:28,0,0
2289,idCX7o-9Hr4,hd2160,0.8733077632,87.3,h7,2025-11-03,17:14:29,0,0
2290,idCX7o-9Hr4,hd2160,0.8791866442,87.9,h7,2025-11-03,17:14:30,0,0
2291,idCX7o-9Hr4,hd2160,0.8791866442,87.9,h7,2025-11-03,17:14:31,0,0
2292,idCX7o-9Hr4,hd2160,0.8840857107,88.4,h7,2025-11-03,17:14:32,0,0
2293,idCX7o-9Hr4,hd2160,0.8905524797,89.1,h7,2025-11-03,17:14:33,0,0
2294,idCX7o-9Hr4,hd2160,0.8905524797,89.1,h7,2025-11-03,17:14:34,0,0
2295,idCX7o-9Hr4,hd2160,0.8905524797,89.1,h7,2025-11-03,17:14:35,0,0
2296,idCX7o-9Hr4,hd2160,0.8963333813,89.6,h7,2025-11-03,17:14:36,0,0
2297,idCX7o-9Hr4,hd2160,0.8963333813,89.6,h7,2025-11-03,17:14:37,0,0
2298,idCX7o-9Hr4,hd2160,0.9011344655,90.1,h7,2025-11-03,17:14:38,0,0
2299,idCX7o-9Hr4,hd2160,0.9011344655,90.1,h7,2025-11-03,17:14:39,0,0
2300,idCX7o-9Hr4,hd2160,0.9063274789,90.6,h7,2025-11-03,17:14:40,0,0
2301,idCX7o-9Hr4,hd2160,0.9063274789,90.6,h7,2025-11-03,17:14:41,0,0
2302,idCX7o-9Hr4,hd2160,0.912794248,91.3,h7,2025-11-03,17:14:42,0,0
2303,idCX7o-9Hr4,hd2160,0.912794248,91.3,h7,2025-11-03,17:14:43,0,0
2304,idCX7o-9Hr4,hd2160,0.9181832202,91.8,h7,2025-11-03,17:14:44,0,0
2305,idCX7o-9Hr4,hd2160,0.9234742131,92.3,h7,2025-11-03,17:14:45,0,0
2306,idCX7o-9Hr4,hd2160,0.9234742131,92.3,h7,2025-11-03,17:14:46,0,0
2307,idCX7o-9Hr4,hd2160,0.9234742131,92.3,h7,2025-11-03,17:14:47,0,0
2308,idCX7o-9Hr4,hd2160,0.9301369468,93.0,h7,2025-11-03,17:14:48,0,0
2309,idCX7o-9Hr4,hd2160,0.935231975,93.5,h7,2025-11-03,17:14:49,0,0
2310,idCX7o-9Hr4,hd2160,0.9396842084,94.0,h7,2025-11-03,17:14:50,0,0
2311,idCX7o-9Hr4,hd2160,0.9406209502,94.1,h7,2025-11-03,17:14:51,0,0
2312,idCX7o-9Hr4,hd2160,0.9406209502,94.1,h7,2025-11-03,17:14:52,0,0
2313,idCX7o-9Hr4,hd2160,0.9471857016,94.7,h7,2025-11-03,17:14:53,0,0
2314,idCX7o-9Hr4,hd2160,0.9471857016,94.7,h7,2025-11-03,17:14:54,0,0
2315,idCX7o-9Hr4,hd2160,0.9522807298,95.2,h7,2025-11-03,17:14:55,0,0
2316,idCX7o-9Hr4,hd2160,0.9522807298,95.2,h7,2025-11-03,17:14:56,0,0
2317,idCX7o-9Hr4,hd2160,0.9583555754,95.8,h7,2025-11-03,17:14:57,0,0
2318,idCX7o-9Hr4,hd2160,0.9583555754,95.8,h7,2025-11-03,17:14:58,0,0
2319,idCX7o-9Hr4,hd2160,0.9642344564,96.4,h7,2025-11-03,17:14:59,0,0
2320,idCX7o-9Hr4,hd2160,0.9642344564,96.4,h7,2025-11-03,17:15:00,0,0
2321,idCX7o-9Hr4,hd2160,0.9693294846,96.9,h7,2025-11-03,17:15:01,0,0
2322,idCX7o-9Hr4,hd2160,0.9863782393,98.6,h7,2025-11-03,17:15:02,0,0
2323,idCX7o-9Hr4,hd2160,0.9863782393,98.6,h7,2025-11-03,17:15:03,0,0
2324,idCX7o-9Hr4,hd2160,0.9863782393,98.6,h7,2025-11-03,17:15:04,0,0
2325,idCX7o-9Hr4,hd2160,0.9863782393,98.6,h7,2025-11-03,17:15:05,0,0
2326,idCX7o-9Hr4,hd2160,0.9863782393,98.6,h7,2025-11-03,17:15:06,0,0
2327,idCX7o-9Hr4,hd2160,0.9863782393,98.6,h7,2025-11-03,17:15:07,0,0
2328,idCX7o-9Hr4,hd2160,1.0,100.0,h7,2025-11-03,17:15:08,0,0
2329,idCX7o-9Hr4,hd2160,1.0,100.0,h7,2025-11-03,17:15:09,0,0
2330,idCX7o-9Hr4,hd2160,1.0,100.0,h7,2025-11-03,17:15:10,0,0
2331,idCX7o-9Hr4,hd2160,1.0,100.0,h7,2025-11-03,17:15:11,0,0
2332,idCX7o-9Hr4,hd2160,1.0,100.0,h7,2025-11-03,17:15:12,0,0
2333,idCX7o-9Hr4,hd2160,1.0,100.0,h7,2025-11-03,17:15:13,0,0
2334,idCX7o-9Hr4,hd2160,1.0,100.0,h7,2025-11-03,17:15:14,0,0
2335,idCX7o-9Hr4,hd2160,1.0,100.0,h7,2025-11-03,17:15:15,0,0
2336,idCX7o-9Hr4,hd2160,1.0,100.0,h7,2025-11-03,17:15:16,0,0
2337,idCX7o-9Hr4,hd2160,1.0,100.0,h7,2025-11-03,17:15:17,0,0
2338,idCX7o-9Hr4,hd2160,1.0,100.0,h7,2025-11-03,17:15:18,0,0
2339,idCX7o-9Hr4,hd2160,1.0,100.0,h7,2025-11-03,17:15:19,0,0
2340,idCX7o-9Hr4,hd2160,1.0,100.0,h7,2025-11-03,17:15:20,0,0
2341,idCX7o-9Hr4,hd2160,1.0,100.0,h7,2025-11-03,17:15:21,0,0
2342,idCX7o-9Hr4,hd2160,1.0,100.0,h7,2025-11-03,17:15:22,0,0
2343,idCX7o-9Hr4,hd2160,1.0,100.0,h7,2025-11-03,17:15:23,0,0
2344,idCX7o-9Hr4,hd2160,1.0,100.0,h7,2025-11-03,17:15:24,0,0
2345,idCX7o-9Hr4,hd2160,1.0,100.0,h7,2025-11-03,17:15:25,0,0
2346,idCX7o-9Hr4,hd2160,1.0,100.0,h7,2025-11-03,17:15:26,0,0
2347,idCX7o-9Hr4,hd2160,1.0,100.0,h7,2025-11-03,17:15:27,0,0
2348,idCX7o-9Hr4,hd2160,1.0,100.0,h7,2025-11-03,17:15:28,0,0
2349,idCX7o-9Hr4,hd2160,1.0,100.0,h7,2025-11-03,17:15:29,0,0
2350,idCX7o-9Hr4,hd2160,1.0,100.0,h7,2025-11-03,17:15:30,0,0
2351,idCX7o-9Hr4,hd2160,1.0,100.0,h7,2025-11-03,17:15:31,0,0
2352,idCX7o-9Hr4,hd2160,1.0,100.0,h7,2025-11-03,17:15:32,0,0
2353,idCX7o-9Hr4,hd2160,1.0,100.0,h7,2025-11-03,17:15:33,0,0
2354,idCX7o-9Hr4,hd2160,1.0,100.0,h7,2025-11-03,17:15:34,0,0
2355,idCX7o-9Hr4,hd2160,1.0,100.0,h7,2025-11-03,17:15:35,0,0
2356,idCX7o-9Hr4,hd2160,1.0,100.0,h7,2025-11-03,17:15:36,0,0
2357,idCX7o-9Hr4,hd2160,1.0,100.0,h7,2025-11-03,17:15:37,0,0
2358,idCX7o-9Hr4,hd2160,1.0,100.0,h7,2025-11-03,17:15:38,0,0
2359,idCX7o-9Hr4,hd2160,1.0,100.0,h7,2025-11-03,17:15:39,0,0
2360,idCX7o-9Hr4,hd2160,1.0,100.0,h7,2025-11-03,17:15:40,0,0
2361,idCX7o-9Hr4,hd2160,1.0,100.0,h7,2025-11-03,17:15:41,0,0
2362,idCX7o-9Hr4,hd2160,1.0,100.0,h7,2025-11-03,17:15:42,0,0
2363,idCX7o-9Hr4,hd2160,1.0,100.0,h7,2025-11-03,17:15:43,0,0
2364,idCX7o-9Hr4,hd2160,1.0,100.0,h7,2025-11-03,17:15:44,0,0
2365,idCX7o-9Hr4,hd2160,1.0,100.0,h7,2025-11-03,17:15:45,0,0
2366,idCX7o-9Hr4,hd2160,1.0,100.0,h7,2025-11-03,17:15:46,0,0
2367,idCX7o-9Hr4,hd2160,1.0,100.0,h7,2025-11-03,17:15:47,0,0
2368,idCX7o-9Hr4,hd2160,1.0,100.0,h7,2025-11-03,17:15:48,0,0
2369,idCX7o-9Hr4,hd2160,1.0,100.0,h7,2025-11-03,17:15:49,0,0
2370,idCX7o-9Hr4,hd2160,1.0,100.0,h7,2025-11-03,17:15:50,0,0
2371,idCX7o-9Hr4,hd2160,1.0,100.0,h7,2025-11-03,17:15:51,0,0
2372,idCX7o-9Hr4,hd2160,1.0,100.0,h7,2025-11-03,17:15:52,0,0
2373,idCX7o-9Hr4,hd2160,1.0,100.0,h7,2025-11-03,17:15:53,0,0
1562,nF8UTFHpmjE,hd2160,0.0,0.0,h6,2025-11-03,17:00:40,0,0
1563,nF8UTFHpmjE,hd2160,0.008094227744,0.8,h6,2025-11-03,17:00:41,0,0
1564,nF8UTFHpmjE,hd2160,0.02469991322,2.5,h6,2025-11-03,17:00:42,0,0
1565,nF8UTFHpmjE,hd2160,0.03279414346,3.3,h6,2025-11-03,17:00:43,0,0
1566,nF8UTFHpmjE,hd2160,0.03279414346,3.3,h6,2025-11-03,17:00:44,0,0
1567,nF8UTFHpmjE,hd2160,0.03279414346,3.3,h6,2025-11-03,17:00:45,0,0
1568,nF8UTFHpmjE,hd2160,0.04647923153,4.6,h6,2025-11-03,17:00:46,0,0
1569,nF8UTFHpmjE,hd2160,0.04647923153,4.6,h6,2025-11-03,17:00:47,0,0
1570,nF8UTFHpmjE,hd2160,0.04647923153,4.6,h6,2025-11-03,17:00:48,0,0
1571,nF8UTFHpmjE,hd2160,0.04647923153,4.6,h6,2025-11-03,17:00:49,0,0
1572,nF8UTFHpmjE,hd2160,0.0539893413,5.4,h6,2025-11-03,17:00:50,0,0
1573,nF8UTFHpmjE,hd2160,0.0539893413,5.4,h6,2025-11-03,17:00:51,0,0
1574,nF8UTFHpmjE,hd2160,0.0539893413,5.4,h6,2025-11-03,17:00:52,0,0
1575,nF8UTFHpmjE,hd2160,0.06174978805,6.2,h6,2025-11-03,17:00:53,0,0
1576,nF8UTFHpmjE,hd2160,0.06174978805,6.2,h6,2025-11-03,17:00:54,0,0
1577,nF8UTFHpmjE,hd2160,0.06174978805,6.2,h6,2025-11-03,17:00:55,0,0
1578,nF8UTFHpmjE,hd2160,0.06717375788,6.7,h6,2025-11-03,17:00:56,0,0
1579,nF8UTFHpmjE,hd2160,0.06717375788,6.7,h6,2025-11-03,17:00:57,0,0
1580,nF8UTFHpmjE,hd2160,0.06717375788,6.7,h6,2025-11-03,17:00:58,0,0
1581,nF8UTFHpmjE,hd2160,0.07409974716,7.4,h6,2025-11-03,17:00:59,0,0
1582,nF8UTFHpmjE,hd2160,0.07485075814,7.5,h6,2025-11-03,17:01:00,0,0
1583,nF8UTFHpmjE,hd2160,0.07485075814,7.5,h6,2025-11-03,17:01:01,0,0
1584,nF8UTFHpmjE,hd2160,0.07485075814,7.5,h6,2025-11-03,17:01:02,0,0
1585,nF8UTFHpmjE,hd2160,0.08644970627,8.6,h6,2025-11-03,17:01:03,0,0
1586,nF8UTFHpmjE,hd2160,0.08644970627,8.6,h6,2025-11-03,17:01:04,0,0
1587,nF8UTFHpmjE,hd2160,0.08644970627,8.6,h6,2025-11-03,17:01:05,0,0
1588,nF8UTFHpmjE,hd2160,0.0918736736,9.2,h6,2025-11-03,17:01:06,0,0
1589,nF8UTFHpmjE,hd2160,0.0918736736,9.2,h6,2025-11-03,17:01:07,0,0
1590,nF8UTFHpmjE,hd2160,0.0918736736,9.2,h6,2025-11-03,17:01:08,0,0
1591,nF8UTFHpmjE,hd2160,0.09879966288,9.9,h6,2025-11-03,17:01:09,0,0
1592,nF8UTFHpmjE,hd2160,0.1002182408,10.0,h6,2025-11-03,17:01:10,0,0
1593,nF8UTFHpmjE,hd2160,0.1002182408,10.0,h6,2025-11-03,17:01:11,0,0
1594,nF8UTFHpmjE,hd2160,0.111149622,11.1,h6,2025-11-03,17:01:12,0,0
1595,nF8UTFHpmjE,hd2160,0.111149622,11.1,h6,2025-11-03,17:01:13,0,0
1596,nF8UTFHpmjE,hd2160,0.111149622,11.1,h6,2025-11-03,17:01:14,0,0
1597,nF8UTFHpmjE,hd2160,0.1152925642,11.5,h6,2025-11-03,17:01:15,0,0
1598,nF8UTFHpmjE,hd2160,0.1165735893,11.7,h6,2025-11-03,17:01:16,0,0
1599,nF8UTFHpmjE,hd2160,0.1165735893,11.7,h6,2025-11-03,17:01:17,0,0
1600,nF8UTFHpmjE,hd2160,0.1165735893,11.7,h6,2025-11-03,17:01:18,0,0
1601,nF8UTFHpmjE,hd2160,0.1234995811,12.3,h6,2025-11-03,17:01:19,0,0
1602,nF8UTFHpmjE,hd2160,0.1249181566,12.5,h6,2025-11-03,17:01:20,0,0
1603,nF8UTFHpmjE,hd2160,0.1249181566,12.5,h6,2025-11-03,17:01:21,0,0
1604,nF8UTFHpmjE,hd2160,0.1249181566,12.5,h6,2025-11-03,17:01:22,0,0
1605,nF8UTFHpmjE,hd2160,0.1358495377,13.6,h6,2025-11-03,17:01:23,0,0
1606,nF8UTFHpmjE,hd2160,0.1358495377,13.6,h6,2025-11-03,17:01:24,0,0
1607,nF8UTFHpmjE,hd2160,0.1422748555,14.2,h6,2025-11-03,17:01:25,0,0
1608,nF8UTFHpmjE,hd2160,0.1422748555,14.2,h6,2025-11-03,17:01:26,0,0
1609,nF8UTFHpmjE,hd2160,0.1422748555,14.2,h6,2025-11-03,17:01:27,0,0
1610,nF8UTFHpmjE,hd2160,0.1422748555,14.2,h6,2025-11-03,17:01:28,0,0
1611,nF8UTFHpmjE,hd2160,0.1496180723,15.0,h6,2025-11-03,17:01:29,0,0
1612,nF8UTFHpmjE,hd2160,0.1496180723,15.0,h6,2025-11-03,17:01:30,0,0
1613,nF8UTFHpmjE,hd2160,0.1496180723,15.0,h6,2025-11-03,17:01:31,0,0
1614,nF8UTFHpmjE,hd2160,0.1496180723,15.0,h6,2025-11-03,17:01:32,0,0
1615,nF8UTFHpmjE,hd2160,0.1605494559,16.1,h6,2025-11-03,17:01:33,0,0
1616,nF8UTFHpmjE,hd2160,0.1605494559,16.1,h6,2025-11-03,17:01:34,0,0
1617,nF8UTFHpmjE,hd2160,0.1605494559,16.1,h6,2025-11-03,17:01:35,0,0
1618,nF8UTFHpmjE,hd2160,0.1659734233,16.6,h6,2025-11-03,17:01:36,0,0
1619,nF8UTFHpmjE,hd2160,0.1659734233,16.6,h6,2025-11-03,17:01:37,0,0
1620,nF8UTFHpmjE,hd2160,0.1659734233,16.6,h6,2025-11-03,17:01:38,0,0
1621,nF8UTFHpmjE,hd2160,0.1743179905,17.4,h6,2025-11-03,17:01:39,0,0
1622,nF8UTFHpmjE,hd2160,0.1743179905,17.4,h6,2025-11-03,17:01:40,0,0
1623,nF8UTFHpmjE,hd2160,0.1743179905,17.4,h6,2025-11-03,17:01:41,0,0
1624,nF8UTFHpmjE,hd2160,0.1813274263,18.1,h6,2025-11-03,17:01:42,0,0
1625,nF8UTFHpmjE,hd2160,0.1813274263,18.1,h6,2025-11-03,17:01:43,0,0
1626,nF8UTFHpmjE,hd2160,0.1813274263,18.1,h6,2025-11-03,17:01:44,0,0
1627,nF8UTFHpmjE,hd2160,0.18933821,18.9,h6,2025-11-03,17:01:45,0,0
1628,nF8UTFHpmjE,hd2160,0.18933821,18.9,h6,2025-11-03,17:01:46,0,0
1629,nF8UTFHpmjE,hd2160,0.18933821,18.9,h6,2025-11-03,17:01:47,0,0
1630,nF8UTFHpmjE,hd2160,0.1975993308,19.8,h6,2025-11-03,17:01:48,0,0
1631,nF8UTFHpmjE,hd2160,0.1975993308,19.8,h6,2025-11-03,17:01:49,0,0
1632,nF8UTFHpmjE,hd2160,0.2030232981,20.3,h6,2025-11-03,17:01:50,0,0
1633,nF8UTFHpmjE,hd2160,0.2030232981,20.3,h6,2025-11-03,17:01:51,0,0
1634,nF8UTFHpmjE,hd2160,0.2030232981,20.3,h6,2025-11-03,17:01:52,0,0
1635,nF8UTFHpmjE,hd2160,0.2030232981,20.3,h6,2025-11-03,17:01:53,0,0
1636,nF8UTFHpmjE,hd2160,0.2107002984,21.1,h6,2025-11-03,17:01:54,0,0
1637,nF8UTFHpmjE,hd2160,0.2107002984,21.1,h6,2025-11-03,17:01:55,0,0
1638,nF8UTFHpmjE,hd2160,0.2107002984,21.1,h6,2025-11-03,17:01:56,0,0
1639,nF8UTFHpmjE,hd2160,0.2222992465,22.2,h6,2025-11-03,17:01:57,0,0
1640,nF8UTFHpmjE,hd2160,0.2222992465,22.2,h6,2025-11-03,17:01:58,0,0
1641,nF8UTFHpmjE,hd2160,0.2222992465,22.2,h6,2025-11-03,17:01:59,0,0
1642,nF8UTFHpmjE,hd2160,0.2277232138,22.8,h6,2025-11-03,17:02:00,0,0
1643,nF8UTFHpmjE,hd2160,0.2277232138,22.8,h6,2025-11-03,17:02:01,0,0
1644,nF8UTFHpmjE,hd2160,0.2277232138,22.8,h6,2025-11-03,17:02:02,0,0
1645,nF8UTFHpmjE,hd2160,0.2346492056,23.5,h6,2025-11-03,17:02:03,0,0
1646,nF8UTFHpmjE,hd2160,0.2346492056,23.5,h6,2025-11-03,17:02:04,0,0
1647,nF8UTFHpmjE,hd2160,0.2354002166,23.5,h6,2025-11-03,17:02:05,0,0
1648,nF8UTFHpmjE,hd2160,0.2464150442,24.6,h6,2025-11-03,17:02:06,0,0
1649,nF8UTFHpmjE,hd2160,0.2469991622,24.7,h6,2025-11-03,17:02:07,0,0
1650,nF8UTFHpmjE,hd2160,0.2469991622,24.7,h6,2025-11-03,17:02:08,0,0
1651,nF8UTFHpmjE,hd2160,0.2469991622,24.7,h6,2025-11-03,17:02:09,0,0
1652,nF8UTFHpmjE,hd2160,0.2510880006,25.1,h6,2025-11-03,17:02:10,0,0
1653,nF8UTFHpmjE,hd2160,0.2510880006,25.1,h6,2025-11-03,17:02:11,0,0
1654,nF8UTFHpmjE,hd2160,0.2510880006,25.1,h6,2025-11-03,17:02:12,0,0
1655,nF8UTFHpmjE,hd2160,0.2593491213,25.9,h6,2025-11-03,17:02:13,0,0
1656,nF8UTFHpmjE,hd2160,0.2594325678,25.9,h6,2025-11-03,17:02:14,0,0
1657,nF8UTFHpmjE,hd2160,0.2594325678,25.9,h6,2025-11-03,17:02:15,0,0
1658,nF8UTFHpmjE,hd2160,0.2594325678,25.9,h6,2025-11-03,17:02:16,0,0
1659,nF8UTFHpmjE,hd2160,0.2716990804,27.2,h6,2025-11-03,17:02:17,0,0
1660,nF8UTFHpmjE,hd2160,0.2716990804,27.2,h6,2025-11-03,17:02:18,0,0
1661,nF8UTFHpmjE,hd2160,0.2716990804,27.2,h6,2025-11-03,17:02:19,0,0
1662,nF8UTFHpmjE,hd2160,0.2764554833,27.6,h6,2025-11-03,17:02:20,0,0
1663,nF8UTFHpmjE,hd2160,0.2764554833,27.6,h6,2025-11-03,17:02:21,0,0
1664,nF8UTFHpmjE,hd2160,0.2764554833,27.6,h6,2025-11-03,17:02:22,0,0
1665,nF8UTFHpmjE,hd2160,0.2764554833,27.6,h6,2025-11-03,17:02:23,0,0
1666,nF8UTFHpmjE,hd2160,0.285467615,28.5,h6,2025-11-03,17:02:24,0,0
1667,nF8UTFHpmjE,hd2160,0.285467615,28.5,h6,2025-11-03,17:02:25,0,0
1668,nF8UTFHpmjE,hd2160,0.285467615,28.5,h6,2025-11-03,17:02:26,0,0
1669,nF8UTFHpmjE,hd2160,0.2934783987,29.3,h6,2025-11-03,17:02:27,0,0
1670,nF8UTFHpmjE,hd2160,0.2934783987,29.3,h6,2025-11-03,17:02:28,0,0
1671,nF8UTFHpmjE,hd2160,0.3018229635,30.2,h6,2025-11-03,17:02:29,0,0
1672,nF8UTFHpmjE,hd2160,0.3018229635,30.2,h6,2025-11-03,17:02:30,0,0
1673,nF8UTFHpmjE,hd2160,0.3018229635,30.2,h6,2025-11-03,17:02:31,0,0
1674,nF8UTFHpmjE,hd2160,0.3018229635,30.2,h6,2025-11-03,17:02:32,0,0
1675,nF8UTFHpmjE,hd2160,0.3101675307,31.0,h6,2025-11-03,17:02:33,0,0
1676,nF8UTFHpmjE,hd2160,0.3101675307,31.0,h6,2025-11-03,17:02:34,0,0
1677,nF8UTFHpmjE,hd2160,0.3101675307,31.0,h6,2025-11-03,17:02:35,0,0
1678,nF8UTFHpmjE,hd2160,0.3101675307,31.0,h6,2025-11-03,17:02:36,0,0
1679,nF8UTFHpmjE,hd2160,0.3210989119,32.1,h6,2025-11-03,17:02:37,0,0
1680,nF8UTFHpmjE,hd2160,0.3210989119,32.1,h6,2025-11-03,17:02:38,0,0
1681,nF8UTFHpmjE,hd2160,0.3225174898,32.3,h6,2025-11-03,17:02:39,0,0
1682,nF8UTFHpmjE,hd2160,0.3225174898,32.3,h6,2025-11-03,17:02:40,0,0
1683,nF8UTFHpmjE,hd2160,0.3291931421,32.9,h6,2025-11-03,17:02:41,0,0
1684,nF8UTFHpmjE,hd2160,0.3291931421,32.9,h6,2025-11-03,17:02:42,0,0
1685,nF8UTFHpmjE,hd2160,0.3291931421,32.9,h6,2025-11-03,17:02:43,0,0
1686,nF8UTFHpmjE,hd2160,0.3335323175,33.4,h6,2025-11-03,17:02:44,0,0
1687,nF8UTFHpmjE,hd2160,0.3335323175,33.4,h6,2025-11-03,17:02:45,0,0
1688,nF8UTFHpmjE,hd2160,0.3402079698,34.0,h6,2025-11-03,17:02:46,0,0
1689,nF8UTFHpmjE,hd2160,0.3402079698,34.0,h6,2025-11-03,17:02:47,0,0
1690,nF8UTFHpmjE,hd2160,0.3472174055,34.7,h6,2025-11-03,17:02:48,0,0
1691,nF8UTFHpmjE,hd2160,0.3472174055,34.7,h6,2025-11-03,17:02:49,0,0
1692,nF8UTFHpmjE,hd2160,0.3472174055,34.7,h6,2025-11-03,17:02:50,0,0
1693,nF8UTFHpmjE,hd2160,0.3581487867,35.8,h6,2025-11-03,17:02:51,0,0
1694,nF8UTFHpmjE,hd2160,0.3581487867,35.8,h6,2025-11-03,17:02:52,0,0
1695,nF8UTFHpmjE,hd2160,0.3581487867,35.8,h6,2025-11-03,17:02:53,0,0
1696,nF8UTFHpmjE,hd2160,0.3635727565,36.4,h6,2025-11-03,17:02:54,0,0
1697,nF8UTFHpmjE,hd2160,0.3635727565,36.4,h6,2025-11-03,17:02:55,0,0
1698,nF8UTFHpmjE,hd2160,0.3635727565,36.4,h6,2025-11-03,17:02:56,0,0
1699,nF8UTFHpmjE,hd2160,0.3704987458,37.0,h6,2025-11-03,17:02:57,0,0
1700,nF8UTFHpmjE,hd2160,0.3704987458,37.0,h6,2025-11-03,17:02:58,0,0
1701,nF8UTFHpmjE,hd2160,0.3719173213,37.2,h6,2025-11-03,17:02:59,0,0
1702,nF8UTFHpmjE,hd2160,0.3719173213,37.2,h6,2025-11-03,17:03:00,0,0
1703,nF8UTFHpmjE,hd2160,0.3828487049,38.3,h6,2025-11-03,17:03:01,0,0
1704,nF8UTFHpmjE,hd2160,0.3828487049,38.3,h6,2025-11-03,17:03:02,0,0
1705,nF8UTFHpmjE,hd2160,0.3828487049,38.3,h6,2025-11-03,17:03:03,0,0
1706,nF8UTFHpmjE,hd2160,0.3882726723,38.8,h6,2025-11-03,17:03:04,0,0
1707,nF8UTFHpmjE,hd2160,0.3882726723,38.8,h6,2025-11-03,17:03:05,0,0
1708,nF8UTFHpmjE,hd2160,0.3882726723,38.8,h6,2025-11-03,17:03:06,0,0
1709,nF8UTFHpmjE,hd2160,0.3882726723,38.8,h6,2025-11-03,17:03:07,0,0
1710,nF8UTFHpmjE,hd2160,0.3966172395,39.7,h6,2025-11-03,17:03:08,0,0
1711,nF8UTFHpmjE,hd2160,0.3966172395,39.7,h6,2025-11-03,17:03:09,0,0
1712,nF8UTFHpmjE,hd2160,0.4075486206,40.8,h6,2025-11-03,17:03:10,0,0
1713,nF8UTFHpmjE,hd2160,0.4075486206,40.8,h6,2025-11-03,17:03:11,0,0
1714,nF8UTFHpmjE,hd2160,0.4075486206,40.8,h6,2025-11-03,17:03:12,0,0
1715,nF8UTFHpmjE,hd2160,0.4075486206,40.8,h6,2025-11-03,17:03:13,0,0
1716,nF8UTFHpmjE,hd2160,0.4139739359,41.4,h6,2025-11-03,17:03:14,0,0
1717,nF8UTFHpmjE,hd2160,0.4139739359,41.4,h6,2025-11-03,17:03:15,0,0
1718,nF8UTFHpmjE,hd2160,0.4139739359,41.4,h6,2025-11-03,17:03:16,0,0
1719,nF8UTFHpmjE,hd2160,0.4139739359,41.4,h6,2025-11-03,17:03:17,0,0
1720,nF8UTFHpmjE,hd2160,0.4213171552,42.1,h6,2025-11-03,17:03:18,0,0
1721,nF8UTFHpmjE,hd2160,0.4213171552,42.1,h6,2025-11-03,17:03:19,0,0
1722,nF8UTFHpmjE,hd2160,0.4213171552,42.1,h6,2025-11-03,17:03:20,0,0
1723,nF8UTFHpmjE,hd2160,0.4322485364,43.2,h6,2025-11-03,17:03:21,0,0
1724,nF8UTFHpmjE,hd2160,0.4322485364,43.2,h6,2025-11-03,17:03:22,0,0
1725,nF8UTFHpmjE,hd2160,0.4322485364,43.2,h6,2025-11-03,17:03:23,0,0
1726,nF8UTFHpmjE,hd2160,0.4376725062,43.8,h6,2025-11-03,17:03:24,0,0
1727,nF8UTFHpmjE,hd2160,0.4376725062,43.8,h6,2025-11-03,17:03:25,0,0
1728,nF8UTFHpmjE,hd2160,0.4376725062,43.8,h6,2025-11-03,17:03:26,0,0
1729,nF8UTFHpmjE,hd2160,0.4445984955,44.5,h6,2025-11-03,17:03:27,0,0
1730,nF8UTFHpmjE,hd2160,0.4445984955,44.5,h6,2025-11-03,17:03:28,0,0
1731,nF8UTFHpmjE,hd2160,0.4460170709,44.6,h6,2025-11-03,17:03:29,0,0
1732,nF8UTFHpmjE,hd2160,0.4460170709,44.6,h6,2025-11-03,17:03:30,0,0
1733,nF8UTFHpmjE,hd2160,0.4569484546,45.7,h6,2025-11-03,17:03:31,0,0
1734,nF8UTFHpmjE,hd2160,0.4569484546,45.7,h6,2025-11-03,17:03:32,0,0
1735,nF8UTFHpmjE,hd2160,0.4569484546,45.7,h6,2025-11-03,17:03:33,0,0
1736,nF8UTFHpmjE,hd2160,0.4623724219,46.2,h6,2025-11-03,17:03:34,0,0
1737,nF8UTFHpmjE,hd2160,0.4623724219,46.2,h6,2025-11-03,17:03:35,0,0
1738,nF8UTFHpmjE,hd2160,0.4623724219,46.2,h6,2025-11-03,17:03:36,0,0
1739,nF8UTFHpmjE,hd2160,0.4692984112,46.9,h6,2025-11-03,17:03:37,0,0
1740,nF8UTFHpmjE,hd2160,0.4700494222,47.0,h6,2025-11-03,17:03:38,0,0
1741,nF8UTFHpmjE,hd2160,0.4700494222,47.0,h6,2025-11-03,17:03:39,0,0
1742,nF8UTFHpmjE,hd2160,0.4700494222,47.0,h6,2025-11-03,17:03:40,0,0
1743,nF8UTFHpmjE,hd2160,0.4816483703,48.2,h6,2025-11-03,17:03:41,0,0
1744,nF8UTFHpmjE,hd2160,0.4816483703,48.2,h6,2025-11-03,17:03:42,0,0
1745,nF8UTFHpmjE,hd2160,0.4816483703,48.2,h6,2025-11-03,17:03:43,0,0
1746,nF8UTFHpmjE,hd2160,0.4844020772,48.4,h6,2025-11-03,17:03:44,0,0
1747,nF8UTFHpmjE,hd2160,0.4844020772,48.4,h6,2025-11-03,17:03:45,0,0
1748,nF8UTFHpmjE,hd2160,0.4939983294,49.4,h6,2025-11-03,17:03:46,0,0
1749,nF8UTFHpmjE,hd2160,0.4939983294,49.4,h6,2025-11-03,17:03:47,0,0
1750,nF8UTFHpmjE,hd2160,0.4939983294,49.4,h6,2025-11-03,17:03:48,0,0
1751,nF8UTFHpmjE,hd2160,0.4994222967,49.9,h6,2025-11-03,17:03:49,0,0
1752,nF8UTFHpmjE,hd2160,0.4994222967,49.9,h6,2025-11-03,17:03:50,0,0
1753,nF8UTFHpmjE,hd2160,0.4994222967,49.9,h6,2025-11-03,17:03:51,0,0
1754,nF8UTFHpmjE,hd2160,0.506348286,50.6,h6,2025-11-03,17:03:52,0,0
1755,nF8UTFHpmjE,hd2160,0.506348286,50.6,h6,2025-11-03,17:03:53,0,0
1756,nF8UTFHpmjE,hd2160,0.5131073848,51.3,h6,2025-11-03,17:03:54,0,0
1757,nF8UTFHpmjE,hd2160,0.5131073848,51.3,h6,2025-11-03,17:03:55,0,0
1758,nF8UTFHpmjE,hd2160,0.5131073848,51.3,h6,2025-11-03,17:03:56,0,0
1759,nF8UTFHpmjE,hd2160,0.5201168206,52.0,h6,2025-11-03,17:03:57,0,0
1760,nF8UTFHpmjE,hd2160,0.5201168206,52.0,h6,2025-11-03,17:03:58,0,0
1761,nF8UTFHpmjE,hd2160,0.5201168206,52.0,h6,2025-11-03,17:03:59,0,0
1762,nF8UTFHpmjE,hd2160,0.5251850018,52.5,h6,2025-11-03,17:04:00,0,0
1763,nF8UTFHpmjE,hd2160,0.5310482043,53.1,h6,2025-11-03,17:04:01,0,0
1764,nF8UTFHpmjE,hd2160,0.5310482043,53.1,h6,2025-11-03,17:04:02,0,0
1765,nF8UTFHpmjE,hd2160,0.53764041,53.8,h6,2025-11-03,17:04:03,0,0
1766,nF8UTFHpmjE,hd2160,0.53764041,53.8,h6,2025-11-03,17:04:04,0,0
1767,nF8UTFHpmjE,hd2160,0.53764041,53.8,h6,2025-11-03,17:04:05,0,0
1768,nF8UTFHpmjE,hd2160,0.53764041,53.8,h6,2025-11-03,17:04:06,0,0
1769,nF8UTFHpmjE,hd2160,0.5433981609,54.3,h6,2025-11-03,17:04:07,0,0
1770,nF8UTFHpmjE,hd2160,0.5448167388,54.5,h6,2025-11-03,17:04:08,0,0
1771,nF8UTFHpmjE,hd2160,0.5448167388,54.5,h6,2025-11-03,17:04:09,0,0
1772,nF8UTFHpmjE,hd2160,0.555497783,55.5,h6,2025-11-03,17:04:10,0,0
1773,nF8UTFHpmjE,hd2160,0.555497783,55.5,h6,2025-11-03,17:04:11,0,0
1774,nF8UTFHpmjE,hd2160,0.555497783,55.5,h6,2025-11-03,17:04:12,0,0
1775,nF8UTFHpmjE,hd2160,0.5611720873,56.1,h6,2025-11-03,17:04:13,0,0
1776,nF8UTFHpmjE,hd2160,0.5611720873,56.1,h6,2025-11-03,17:04:14,0,0
1777,nF8UTFHpmjE,hd2160,0.5611720873,56.1,h6,2025-11-03,17:04:15,0,0
1778,nF8UTFHpmjE,hd2160,0.5611720873,56.1,h6,2025-11-03,17:04:16,0,0
1779,nF8UTFHpmjE,hd2160,0.5681815231,56.8,h6,2025-11-03,17:04:17,0,0
1780,nF8UTFHpmjE,hd2160,0.5681815231,56.8,h6,2025-11-03,17:04:18,0,0
1781,nF8UTFHpmjE,hd2160,0.5681815231,56.8,h6,2025-11-03,17:04:19,0,0
1782,nF8UTFHpmjE,hd2160,0.5752023828,57.5,h6,2025-11-03,17:04:20,0,0
1783,nF8UTFHpmjE,hd2160,0.5788625697,57.9,h6,2025-11-03,17:04:21,0,0
1784,nF8UTFHpmjE,hd2160,0.5788625697,57.9,h6,2025-11-03,17:04:22,0,0
1785,nF8UTFHpmjE,hd2160,0.5788625697,57.9,h6,2025-11-03,17:04:23,0,0
1786,nF8UTFHpmjE,hd2160,0.5858720055,58.6,h6,2025-11-03,17:04:24,0,0
1787,nF8UTFHpmjE,hd2160,0.5858720055,58.6,h6,2025-11-03,17:04:25,0,0
1788,nF8UTFHpmjE,hd2160,0.5858720055,58.6,h6,2025-11-03,17:04:26,0,0
1789,nF8UTFHpmjE,hd2160,0.5928814413,59.3,h6,2025-11-03,17:04:27,0,0
1790,nF8UTFHpmjE,hd2160,0.5928814413,59.3,h6,2025-11-03,17:04:28,0,0
1791,nF8UTFHpmjE,hd2160,0.5928814413,59.3,h6,2025-11-03,17:04:29,0,0
1792,nF8UTFHpmjE,hd2160,0.6035624855,60.4,h6,2025-11-03,17:04:30,0,0
1793,nF8UTFHpmjE,hd2160,0.6035624855,60.4,h6,2025-11-03,17:04:31,0,0
1794,nF8UTFHpmjE,hd2160,0.6035624855,60.4,h6,2025-11-03,17:04:32,0,0
1795,nF8UTFHpmjE,hd2160,0.6105719212,61.1,h6,2025-11-03,17:04:33,0,0
1796,nF8UTFHpmjE,hd2160,0.6105719212,61.1,h6,2025-11-03,17:04:34,0,0
1797,nF8UTFHpmjE,hd2160,0.6105719212,61.1,h6,2025-11-03,17:04:35,0,0
1798,nF8UTFHpmjE,hd2160,0.6174979105,61.7,h6,2025-11-03,17:04:36,0,0
1799,nF8UTFHpmjE,hd2160,0.6174979105,61.7,h6,2025-11-03,17:04:37,0,0
1800,nF8UTFHpmjE,hd2160,0.617581357,61.8,h6,2025-11-03,17:04:38,0,0
1801,nF8UTFHpmjE,hd2160,0.6282624012,62.8,h6,2025-11-03,17:04:39,0,0
1802,nF8UTFHpmjE,hd2160,0.6282624012,62.8,h6,2025-11-03,17:04:40,0,0
1803,nF8UTFHpmjE,hd2160,0.6282624012,62.8,h6,2025-11-03,17:04:41,0,0
1804,nF8UTFHpmjE,hd2160,0.6282624012,62.8,h6,2025-11-03,17:04:42,0,0
1805,nF8UTFHpmjE,hd2160,0.6319340121,63.2,h6,2025-11-03,17:04:43,0,0
1806,nF8UTFHpmjE,hd2160,0.6319340121,63.2,h6,2025-11-03,17:04:44,0,0
1807,nF8UTFHpmjE,hd2160,0.6366069684,63.7,h6,2025-11-03,17:04:45,0,0
1808,nF8UTFHpmjE,hd2160,0.6366069684,63.7,h6,2025-11-03,17:04:46,0,0
1809,nF8UTFHpmjE,hd2160,0.6421978287,64.2,h6,2025-11-03,17:04:47,0,0
1810,nF8UTFHpmjE,hd2160,0.6421978287,64.2,h6,2025-11-03,17:04:48,0,0
1811,nF8UTFHpmjE,hd2160,0.6462866646,64.6,h6,2025-11-03,17:04:49,0,0
1812,nF8UTFHpmjE,hd2160,0.6462866646,64.6,h6,2025-11-03,17:04:50,0,0
1813,nF8UTFHpmjE,hd2160,0.6545477854,65.5,h6,2025-11-03,17:04:51,0,0
1814,nF8UTFHpmjE,hd2160,0.6545477854,65.5,h6,2025-11-03,17:04:52,0,0
1815,nF8UTFHpmjE,hd2160,0.6573014923,65.7,h6,2025-11-03,17:04:53,0,0
1816,nF8UTFHpmjE,hd2160,0.6573014923,65.7,h6,2025-11-03,17:04:54,0,0
1817,nF8UTFHpmjE,hd2160,0.665312276,66.5,h6,2025-11-03,17:04:55,0,0
1818,nF8UTFHpmjE,hd2160,0.665312276,66.5,h6,2025-11-03,17:04:56,0,0
1819,nF8UTFHpmjE,hd2160,0.6706527993,67.1,h6,2025-11-03,17:04:57,0,0
1820,nF8UTFHpmjE,hd2160,0.6706527993,67.1,h6,2025-11-03,17:04:58,0,0
1821,nF8UTFHpmjE,hd2160,0.6706527993,67.1,h6,2025-11-03,17:04:59,0,0
1822,nF8UTFHpmjE,hd2160,0.6792477036,67.9,h6,2025-11-03,17:05:00,0,0
1823,nF8UTFHpmjE,hd2160,0.6792477036,67.9,h6,2025-11-03,17:05:01,0,0
1824,nF8UTFHpmjE,hd2160,0.6792477036,67.9,h6,2025-11-03,17:05:02,0,0
1825,nF8UTFHpmjE,hd2160,0.6828358655,68.3,h6,2025-11-03,17:05:03,0,0
1826,nF8UTFHpmjE,hd2160,0.6828358655,68.3,h6,2025-11-03,17:05:04,0,0
1827,nF8UTFHpmjE,hd2160,0.6828358655,68.3,h6,2025-11-03,17:05:05,0,0
1828,nF8UTFHpmjE,hd2160,0.6915976602,69.2,h6,2025-11-03,17:05:06,0,0
1829,nF8UTFHpmjE,hd2160,0.698356759,69.8,h6,2025-11-03,17:05:07,0,0
1830,nF8UTFHpmjE,hd2160,0.698356759,69.8,h6,2025-11-03,17:05:08,0,0
1831,nF8UTFHpmjE,hd2160,0.698356759,69.8,h6,2025-11-03,17:05:09,0,0
1832,nF8UTFHpmjE,hd2160,0.7039476193,70.4,h6,2025-11-03,17:05:10,0,0
1833,nF8UTFHpmjE,hd2160,0.7039476193,70.4,h6,2025-11-03,17:05:11,0,0
1834,nF8UTFHpmjE,hd2160,0.7053661948,70.5,h6,2025-11-03,17:05:12,0,0
1835,nF8UTFHpmjE,hd2160,0.7053661948,70.5,h6,2025-11-03,17:05:13,0,0
1836,nF8UTFHpmjE,hd2160,0.7053661948,70.5,h6,2025-11-03,17:05:14,0,0
1837,nF8UTFHpmjE,hd2160,0.71471211,71.5,h6,2025-11-03,17:05:15,0,0
1838,nF8UTFHpmjE,hd2160,0.71471211,71.5,h6,2025-11-03,17:05:16,0,0
1839,nF8UTFHpmjE,hd2160,0.71471211,71.5,h6,2025-11-03,17:05:17,0,0
1840,nF8UTFHpmjE,hd2160,0.7190512853,71.9,h6,2025-11-03,17:05:18,0,0
1841,nF8UTFHpmjE,hd2160,0.7190512853,71.9,h6,2025-11-03,17:05:19,0,0
1842,nF8UTFHpmjE,hd2160,0.728647535,72.9,h6,2025-11-03,17:05:20,0,0
1843,nF8UTFHpmjE,hd2160,0.7287309815,72.9,h6,2025-11-03,17:05:21,0,0
1844,nF8UTFHpmjE,hd2160,0.7287309815,72.9,h6,2025-11-03,17:05:22,0,0
1845,nF8UTFHpmjE,hd2160,0.7287309815,72.9,h6,2025-11-03,17:05:23,0,0
1846,nF8UTFHpmjE,hd2160,0.7287309815,72.9,h6,2025-11-03,17:05:24,0,0
1847,nF8UTFHpmjE,hd2160,0.7409974941,74.1,h6,2025-11-03,17:05:25,0,0
1848,nF8UTFHpmjE,hd2160,0.7409974941,74.1,h6,2025-11-03,17:05:26,0,0
1849,nF8UTFHpmjE,hd2160,0.7490917244,74.9,h6,2025-11-03,17:05:27,0,0
1850,nF8UTFHpmjE,hd2160,0.7490917244,74.9,h6,2025-11-03,17:05:28,0,0
1851,nF8UTFHpmjE,hd2160,0.7490917244,74.9,h6,2025-11-03,17:05:29,0,0
1852,nF8UTFHpmjE,hd2160,0.7490917244,74.9,h6,2025-11-03,17:05:30,0,0
1853,nF8UTFHpmjE,hd2160,0.7490917244,74.9,h6,2025-11-03,17:05:31,0,0
1854,nF8UTFHpmjE,hd2160,0.7561011602,75.6,h6,2025-11-03,17:05:32,0,0
1855,nF8UTFHpmjE,hd2160,0.7561011602,75.6,h6,2025-11-03,17:05:33,0,0
1856,nF8UTFHpmjE,hd2160,0.7561011602,75.6,h6,2025-11-03,17:05:34,0,0
1857,nF8UTFHpmjE,hd2160,0.7656974098,76.6,h6,2025-11-03,17:05:35,0,0
1858,nF8UTFHpmjE,hd2160,0.7656974098,76.6,h6,2025-11-03,17:05:36,0,0
1859,nF8UTFHpmjE,hd2160,0.7747929881,77.5,h6,2025-11-03,17:05:37,0,0
1860,nF8UTFHpmjE,hd2160,0.7747929881,77.5,h6,2025-11-03,17:05:38,0,0
1861,nF8UTFHpmjE,hd2160,0.7747929881,77.5,h6,2025-11-03,17:05:39,0,0
1862,nF8UTFHpmjE,hd2160,0.7747929881,77.5,h6,2025-11-03,17:05:40,0,0
1863,nF8UTFHpmjE,hd2160,0.7834713363,78.3,h6,2025-11-03,17:05:41,0,0
1864,nF8UTFHpmjE,hd2160,0.7834713363,78.3,h6,2025-11-03,17:05:42,0,0
1865,nF8UTFHpmjE,hd2160,0.7834713363,78.3,h6,2025-11-03,17:05:43,0,0
1866,nF8UTFHpmjE,hd2160,0.7834713363,78.3,h6,2025-11-03,17:05:44,0,0
1867,nF8UTFHpmjE,hd2160,0.7903973281,79.0,h6,2025-11-03,17:05:45,0,0
1868,nF8UTFHpmjE,hd2160,0.7903973281,79.0,h6,2025-11-03,17:05:46,0,0
1869,nF8UTFHpmjE,hd2160,0.7918159035,79.2,h6,2025-11-03,17:05:47,0,0
1870,nF8UTFHpmjE,hd2160,0.7918159035,79.2,h6,2025-11-03,17:05:48,0,0
1871,nF8UTFHpmjE,hd2160,0.7918159035,79.2,h6,2025-11-03,17:05:49,0,0
1872,nF8UTFHpmjE,hd2160,0.8027472847,80.3,h6,2025-11-03,17:05:50,0,0
1873,nF8UTFHpmjE,hd2160,0.8027472847,80.3,h6,2025-11-03,17:05:51,0,0
1874,nF8UTFHpmjE,hd2160,0.8108415149,81.1,h6,2025-11-03,17:05:52,0,0
1875,nF8UTFHpmjE,hd2160,0.8108415149,81.1,h6,2025-11-03,17:05:53,0,0
1876,nF8UTFHpmjE,hd2160,0.8108415149,81.1,h6,2025-11-03,17:05:54,0,0
1877,nF8UTFHpmjE,hd2160,0.8108415149,81.1,h6,2025-11-03,17:05:55,0,0
1878,nF8UTFHpmjE,hd2160,0.8178509507,81.8,h6,2025-11-03,17:05:56,0,0
1879,nF8UTFHpmjE,hd2160,0.8178509507,81.8,h6,2025-11-03,17:05:57,0,0
1880,nF8UTFHpmjE,hd2160,0.8178509507,81.8,h6,2025-11-03,17:05:58,0,0
1881,nF8UTFHpmjE,hd2160,0.8274472029,82.7,h6,2025-11-03,17:05:59,0,0
1882,nF8UTFHpmjE,hd2160,0.8274472029,82.7,h6,2025-11-03,17:06:00,0,0
1883,nF8UTFHpmjE,hd2160,0.8274472029,82.7,h6,2025-11-03,17:06:01,0,0
1884,nF8UTFHpmjE,hd2160,0.8330380607,83.3,h6,2025-11-03,17:06:02,0,0
1885,nF8UTFHpmjE,hd2160,0.8330380607,83.3,h6,2025-11-03,17:06:03,0,0
1886,nF8UTFHpmjE,hd2160,0.8330380607,83.3,h6,2025-11-03,17:06:04,0,0
1887,nF8UTFHpmjE,hd2160,0.8397971595,84.0,h6,2025-11-03,17:06:05,0,0
1888,nF8UTFHpmjE,hd2160,0.8412157375,84.1,h6,2025-11-03,17:06:06,0,0
1889,nF8UTFHpmjE,hd2160,0.8412157375,84.1,h6,2025-11-03,17:06:07,0,0
1890,nF8UTFHpmjE,hd2160,0.8412157375,84.1,h6,2025-11-03,17:06:08,0,0
1891,nF8UTFHpmjE,hd2160,0.8521471186,85.2,h6,2025-11-03,17:06:09,0,0
1892,nF8UTFHpmjE,hd2160,0.8521471186,85.2,h6,2025-11-03,17:06:10,0,0
1893,nF8UTFHpmjE,hd2160,0.8521471186,85.2,h6,2025-11-03,17:06:11,0,0
1894,nF8UTFHpmjE,hd2160,0.857571086,85.8,h6,2025-11-03,17:06:12,0,0
1895,nF8UTFHpmjE,hd2160,0.857571086,85.8,h6,2025-11-03,17:06:13,0,0
1896,nF8UTFHpmjE,hd2160,0.857571086,85.8,h6,2025-11-03,17:06:14,0,0
1897,nF8UTFHpmjE,hd2160,0.8644970777,86.4,h6,2025-11-03,17:06:15,0,0
1898,nF8UTFHpmjE,hd2160,0.8644970777,86.4,h6,2025-11-03,17:06:16,0,0
1899,nF8UTFHpmjE,hd2160,0.8672507846,86.7,h6,2025-11-03,17:06:17,0,0
1900,nF8UTFHpmjE,hd2160,0.8768470343,87.7,h6,2025-11-03,17:06:18,0,0
1901,nF8UTFHpmjE,hd2160,0.8768470343,87.7,h6,2025-11-03,17:06:19,0,0
1902,nF8UTFHpmjE,hd2160,0.8768470343,87.7,h6,2025-11-03,17:06:20,0,0
1903,nF8UTFHpmjE,hd2160,0.8869439605,88.7,h6,2025-11-03,17:06:21,0,0
1904,nF8UTFHpmjE,hd2160,0.8869439605,88.7,h6,2025-11-03,17:06:22,0,0
1905,nF8UTFHpmjE,hd2160,0.8869439605,88.7,h6,2025-11-03,17:06:23,0,0
1906,nF8UTFHpmjE,hd2160,0.8869439605,88.7,h6,2025-11-03,17:06:24,0,0
1907,nF8UTFHpmjE,hd2160,0.8869439605,88.7,h6,2025-11-03,17:06:25,0,0
1908,nF8UTFHpmjE,hd2160,0.8959560922,89.6,h6,2025-11-03,17:06:26,0,0
1909,nF8UTFHpmjE,hd2160,0.8959560922,89.6,h6,2025-11-03,17:06:27,0,0
1910,nF8UTFHpmjE,hd2160,0.8959560922,89.6,h6,2025-11-03,17:06:28,0,0
1911,nF8UTFHpmjE,hd2160,0.8959560922,89.6,h6,2025-11-03,17:06:29,0,0
1912,nF8UTFHpmjE,hd2160,0.9015469526,90.2,h6,2025-11-03,17:06:30,0,0
1913,nF8UTFHpmjE,hd2160,0.9043006595,90.4,h6,2025-11-03,17:06:31,0,0
1914,nF8UTFHpmjE,hd2160,0.9043006595,90.4,h6,2025-11-03,17:06:32,0,0
1915,nF8UTFHpmjE,hd2160,0.9138969092,91.4,h6,2025-11-03,17:06:33,0,0
1916,nF8UTFHpmjE,hd2160,0.9138969092,91.4,h6,2025-11-03,17:06:34,0,0
1917,nF8UTFHpmjE,hd2160,0.9138969092,91.4,h6,2025-11-03,17:06:35,0,0
1918,nF8UTFHpmjE,hd2160,0.9138969092,91.4,h6,2025-11-03,17:06:36,0,0
1919,nF8UTFHpmjE,hd2160,0.920656008,92.1,h6,2025-11-03,17:06:37,0,0
1920,nF8UTFHpmjE,hd2160,0.920656008,92.1,h6,2025-11-03,17:06:38,0,0
1921,nF8UTFHpmjE,hd2160,0.9253240501,92.5,h6,2025-11-03,17:06:39,0,0
1922,nF8UTFHpmjE,hd2160,0.9262468683,92.6,h6,2025-11-03,17:06:40,0,0
1923,nF8UTFHpmjE,hd2160,0.9276654437,92.8,h6,2025-11-03,17:06:41,0,0
1924,nF8UTFHpmjE,hd2160,0.9276654437,92.8,h6,2025-11-03,17:06:42,0,0
1925,nF8UTFHpmjE,hd2160,0.9385968274,93.9,h6,2025-11-03,17:06:43,0,0
1926,nF8UTFHpmjE,hd2160,0.9385968274,93.9,h6,2025-11-03,17:06:44,0,0
1927,nF8UTFHpmjE,hd2160,0.9385968274,93.9,h6,2025-11-03,17:06:45,0,0
1928,nF8UTFHpmjE,hd2160,0.9385968274,93.9,h6,2025-11-03,17:06:46,0,0
1929,nF8UTFHpmjE,hd2160,0.9385968274,93.9,h6,2025-11-03,17:06:47,0,0
1930,nF8UTFHpmjE,hd2160,0.9385968274,93.9,h6,2025-11-03,17:06:48,0,0
1931,nF8UTFHpmjE,hd2160,0.9385968274,93.9,h6,2025-11-03,17:06:49,0,0
1932,nF8UTFHpmjE,hd2160,0.9385968274,93.9,h6,2025-11-03,17:06:50,0,0
1933,nF8UTFHpmjE,hd2160,0.9385968274,93.9,h6,2025-11-03,17:06:51,0,0
1934,nF8UTFHpmjE,hd2160,0.9385968274,93.9,h6,2025-11-03,17:06:52,0,0
1935,nF8UTFHpmjE,hd2160,0.9385968274,93.9,h6,2025-11-03,17:06:53,0,0
1936,nF8UTFHpmjE,hd2160,0.9385968274,93.9,h6,2025-11-03,17:06:54,0,0
1937,nF8UTFHpmjE,hd2160,0.9385968274,93.9,h6,2025-11-03,17:06:55,0,0
1938,nF8UTFHpmjE,hd2160,0.9385968274,93.9,h6,2025-11-03,17:06:56,0,0
1939,nF8UTFHpmjE,hd2160,0.9385968274,93.9,h6,2025-11-03,17:06:57,0,0
1940,nF8UTFHpmjE,hd2160,0.9385968274,93.9,h6,2025-11-03,17:06:58,0,0
1941,nF8UTFHpmjE,hd2160,0.9385968274,93.9,h6,2025-11-03,17:06:59,0,0
1942,nF8UTFHpmjE,hd2160,0.9385968274,93.9,h6,2025-11-03,17:07:00,0,0
1943,nF8UTFHpmjE,hd2160,0.9385968274,93.9,h6,2025-11-03,17:07:01,0,0
1944,nF8UTFHpmjE,hd2160,0.9385968274,93.9,h6,2025-11-03,17:07:02,0,0
1945,nF8UTFHpmjE,hd2160,0.9385968274,93.9,h6,2025-11-03,17:07:03,0,0
1946,nF8UTFHpmjE,hd2160,0.9385968274,93.9,h6,2025-11-03,17:07:04,0,0
1947,nF8UTFHpmjE,hd2160,0.9385968274,93.9,h6,2025-11-03,17:07:05,0,0
1948,nF8UTFHpmjE,hd2160,0.9385968274,93.9,h6,2025-11-03,17:07:06,0,0
1949,nF8UTFHpmjE,hd2160,0.9385968274,93.9,h6,2025-11-03,17:07:07,0,0
1950,nF8UTFHpmjE,hd2160,0.9385968274,93.9,h6,2025-11-03,17:07:08,0,0
1951,nF8UTFHpmjE,hd2160,0.9385968274,93.9,h6,2025-11-03,17:07:09,0,0
1952,nF8UTFHpmjE,hd2160,0.9385968274,93.9,h6,2025-11-03,17:07:10,0,0
1953,nF8UTFHpmjE,hd2160,0.9385968274,93.9,h6,2025-11-03,17:07:11,0,0
1954,nF8UTFHpmjE,hd2160,0.9385968274,93.9,h6,2025-11-03,17:07:12,0,0
1955,nF8UTFHpmjE,hd2160,0.9385968274,93.9,h6,2025-11-03,17:07:13,0,0
1956,nF8UTFHpmjE,hd2160,0.9385968274,93.9,h6,2025-11-03,17:07:14,0,0
1957,nF8UTFHpmjE,hd2160,0.9385968274,93.9,h6,2025-11-03,17:07:15,0,0
1958,nF8UTFHpmjE,hd2160,0.9385968274,93.9,h6,2025-11-03,17:07:16,0,0
1959,nF8UTFHpmjE,hd2160,0.9385968274,93.9,h6,2025-11-03,17:07:17,0,0
1960,nF8UTFHpmjE,hd2160,0.9385968274,93.9,h6,2025-11-03,17:07:18,0,0
1961,nF8UTFHpmjE,hd2160,0.9385968274,93.9,h6,2025-11-03,17:07:19,0,0
1962,nF8UTFHpmjE,hd2160,0.9385968274,93.9,h6,2025-11-03,17:07:20,0,0
1963,nF8UTFHpmjE,hd2160,0.9385968274,93.9,h6,2025-11-03,17:07:21,0,0
1964,nF8UTFHpmjE,hd2160,0.9385968274,93.9,h6,2025-11-03,17:07:22,0,0
1965,nF8UTFHpmjE,hd2160,0.9385968274,93.9,h6,2025-11-03,17:07:23,0,0
1966,nF8UTFHpmjE,hd2160,0.9385968274,93.9,h6,2025-11-03,17:07:24,0,0
1967,nF8UTFHpmjE,hd2160,0.9385968274,93.9,h6,2025-11-03,17:07:26,0,0
1968,nF8UTFHpmjE,hd2160,0.9385968274,93.9,h6,2025-11-03,17:07:27,0,0
1969,nF8UTFHpmjE,hd2160,0.9385968274,93.9,h6,2025-11-03,17:07:28,0,0
1970,nF8UTFHpmjE,hd2160,0.9385968274,93.9,h6,2025-11-03,17:07:29,0,0
1971,nF8UTFHpmjE,hd2160,0.9385968274,93.9,h6,2025-11-03,17:07:30,0,0
1972,nF8UTFHpmjE,hd2160,0.9385968274,93.9,h6,2025-11-03,17:07:31,0,0
1973,nF8UTFHpmjE,hd2160,0.9385968274,93.9,h6,2025-11-03,17:07:32,0,0
1974,nF8UTFHpmjE,hd2160,0.9385968274,93.9,h6,2025-11-03,17:07:33,0,0
1975,nF8UTFHpmjE,hd2160,0.9385968274,93.9,h6,2025-11-03,17:07:34,0,0
1976,nF8UTFHpmjE,hd2160,0.9385968274,93.9,h6,2025-11-03,17:07:35,0,0
1977,nF8UTFHpmjE,hd2160,0.9385968274,93.9,h6,2025-11-03,17:07:35,0,0
1978,nF8UTFHpmjE,hd2160,0.9385968274,93.9,h6,2025-11-03,17:07:36,0,0
1979,nF8UTFHpmjE,hd2160,0.9385968274,93.9,h6,2025-11-03,17:07:37,0,0
1980,nF8UTFHpmjE,hd2160,0.9385968274,93.9,h6,2025-11-03,17:07:38,0,0
1981,nF8UTFHpmjE,hd2160,0.9385968274,93.9,h6,2025-11-03,17:07:39,0,0
1982,nF8UTFHpmjE,hd2160,0.9385968274,93.9,h6,2025-11-03,17:07:40,0,0
1983,nF8UTFHpmjE,hd2160,0.9385968274,93.9,h6,2025-11-03,17:07:41,0,0
1984,nF8UTFHpmjE,hd2160,0.9385968274,93.9,h6,2025-11-03,17:07:42,0,0
1985,nF8UTFHpmjE,hd2160,0.9385968274,93.9,h6,2025-11-03,17:07:43,0,0
1986,nF8UTFHpmjE,hd2160,0.9385968274,93.9,h6,2025-11-03,17:07:44,0,0
1987,nF8UTFHpmjE,hd2160,0.9385968274,93.9,h6,2025-11-03,17:07:45,0,0
1988,nF8UTFHpmjE,hd2160,0.9385968274,93.9,h6,2025-11-03,17:07:46,0,0
1989,nF8UTFHpmjE,hd2160,0.9385968274,93.9,h6,2025-11-03,17:07:47,0,0
1990,nF8UTFHpmjE,hd2160,0.9385968274,93.9,h6,2025-11-03,17:07:48,0,0
1991,nF8UTFHpmjE,hd2160,0.9385968274,93.9,h6,2025-11-03,17:07:49,0,0
1992,nF8UTFHpmjE,hd2160,0.9385968274,93.9,h6,2025-11-03,17:07:50,0,0
1993,nF8UTFHpmjE,hd2160,0.9385968274,93.9,h6,2025-11-03,17:07:51,0,0
1994,nF8UTFHpmjE,hd2160,0.9385968274,93.9,h6,2025-11-03,17:07:52,0,0
1995,nF8UTFHpmjE,hd2160,0.9385968274,93.9,h6,2025-11-03,17:07:53,0,0
1996,nF8UTFHpmjE,hd2160,0.9385968274,93.9,h6,2025-11-03,17:07:54,0,0
1997,nF8UTFHpmjE,hd2160,0.9385968274,93.9,h6,2025-11-03,17:07:55,0,0
1998,nF8UTFHpmjE,hd2160,0.9385968274,93.9,h6,2025-11-03,17:07:56,0,0
1999,nF8UTFHpmjE,hd2160,0.9385968274,93.9,h6,2025-11-03,17:07:57,0,0
2000,nF8UTFHpmjE,hd2160,0.9385968274,93.9,h6,2025-11-03,17:07:58,0,0
2001,nF8UTFHpmjE,hd2160,0.9385968274,93.9,h6,2025-11-03,17:07:59,0,0
2002,nF8UTFHpmjE,hd2160,0.9385968274,93.9,h6,2025-11-03,17:08:00,0,0
2003,nF8UTFHpmjE,hd2160,0.9385968274,93.9,h6,2025-11-03,17:08:01,0,0
2004,nF8UTFHpmjE,hd2160,0.9385968274,93.9,h6,2025-11-03,17:08:02,0,0
2005,nF8UTFHpmjE,hd2160,0.9385968274,93.9,h6,2025-11-03,17:08:03,0,0
2006,nF8UTFHpmjE,hd2160,0.9385968274,93.9,h6,2025-11-03,17:08:04,0,0
2007,nF8UTFHpmjE,hd2160,0.9385968274,93.9,h6,2025-11-03,17:08:05,0,0
1282,Z-ihuDLNVR8,hd2160,0.02457388083,2.5,h5,2025-11-03,16:55:17,0,0
1283,Z-ihuDLNVR8,hd2160,0.02457388083,2.5,h5,2025-11-03,16:55:18,0,0
1284,Z-ihuDLNVR8,hd2160,0.03659176416,3.7,h5,2025-11-03,16:55:19,0,0
1285,Z-ihuDLNVR8,hd2160,0.0509414756,5.1,h5,2025-11-03,16:55:20,0,0
1286,Z-ihuDLNVR8,hd2160,0.06941672907,6.9,h5,2025-11-03,16:55:21,0,0
1287,Z-ihuDLNVR8,hd2160,0.07928215569,7.9,h5,2025-11-03,16:55:22,0,0
1288,Z-ihuDLNVR8,hd2160,0.09381123851,9.4,h5,2025-11-03,16:55:23,0,0
1289,Z-ihuDLNVR8,hd2160,0.09381123851,9.4,h5,2025-11-03,16:55:24,0,0
1290,Z-ihuDLNVR8,hd2160,0.1056497504,10.6,h5,2025-11-03,16:55:25,0,0
1291,Z-ihuDLNVR8,hd2160,0.1056497504,10.6,h5,2025-11-03,16:55:26,0,0
1292,Z-ihuDLNVR8,hd2160,0.1142595773,11.4,h5,2025-11-03,16:55:27,0,0
1293,Z-ihuDLNVR8,hd2160,0.1142595773,11.4,h5,2025-11-03,16:55:28,0,0
1294,Z-ihuDLNVR8,hd2160,0.1221519186,12.2,h5,2025-11-03,16:55:29,0,0
1295,Z-ihuDLNVR8,hd2160,0.1345285447,13.5,h5,2025-11-03,16:55:30,0,0
1296,Z-ihuDLNVR8,hd2160,0.1345285447,13.5,h5,2025-11-03,16:55:31,0,0
1297,Z-ihuDLNVR8,hd2160,0.134533029,13.5,h5,2025-11-03,16:55:32,0,0
1298,Z-ihuDLNVR8,hd2160,0.1390128295,13.9,h5,2025-11-03,16:55:33,0,0
1299,Z-ihuDLNVR8,hd2160,0.1390128295,13.9,h5,2025-11-03,16:55:34,0,0
1300,Z-ihuDLNVR8,hd2160,0.1506719701,15.1,h5,2025-11-03,16:55:35,0,0
1301,Z-ihuDLNVR8,hd2160,0.1506719701,15.1,h5,2025-11-03,16:55:36,0,0
1302,Z-ihuDLNVR8,hd2160,0.1591024255,15.9,h5,2025-11-03,16:55:37,0,0
1303,Z-ihuDLNVR8,hd2160,0.1591024255,15.9,h5,2025-11-03,16:55:38,0,0
1304,Z-ihuDLNVR8,hd2160,0.1689678522,16.9,h5,2025-11-03,16:55:39,0,0
1305,Z-ihuDLNVR8,hd2160,0.1689678522,16.9,h5,2025-11-03,16:55:40,0,0
1306,Z-ihuDLNVR8,hd2160,0.179371393,17.9,h5,2025-11-03,16:55:41,0,0
1307,Z-ihuDLNVR8,hd2160,0.1854700203,18.5,h5,2025-11-03,16:55:42,0,0
1308,Z-ihuDLNVR8,hd2160,0.1854700203,18.5,h5,2025-11-03,16:55:43,0,0
1309,Z-ihuDLNVR8,hd2160,0.1973085322,19.7,h5,2025-11-03,16:55:44,0,0
1310,Z-ihuDLNVR8,hd2160,0.1973085322,19.7,h5,2025-11-03,16:55:45,0,0
1311,Z-ihuDLNVR8,hd2160,0.1973085322,19.7,h5,2025-11-03,16:55:46,0,0
1312,Z-ihuDLNVR8,hd2160,0.2059183591,20.6,h5,2025-11-03,16:55:47,0,0
1313,Z-ihuDLNVR8,hd2160,0.2059183591,20.6,h5,2025-11-03,16:55:48,0,0
1314,Z-ihuDLNVR8,hd2160,0.2138107004,21.4,h5,2025-11-03,16:55:49,0,0
1315,Z-ihuDLNVR8,hd2160,0.2138107004,21.4,h5,2025-11-03,16:55:50,0,0
1316,Z-ihuDLNVR8,hd2160,0.2242142412,22.4,h5,2025-11-03,16:55:51,0,0
1317,Z-ihuDLNVR8,hd2160,0.2242142412,22.4,h5,2025-11-03,16:55:52,0,0
1318,Z-ihuDLNVR8,hd2160,0.2303128686,23.0,h5,2025-11-03,16:55:53,0,0
1319,Z-ihuDLNVR8,hd2160,0.2303128686,23.0,h5,2025-11-03,16:55:54,0,0
1320,Z-ihuDLNVR8,hd2160,0.2421513805,24.2,h5,2025-11-03,16:55:55,0,0
1321,Z-ihuDLNVR8,hd2160,0.2421513805,24.2,h5,2025-11-03,16:55:56,0,0
1322,Z-ihuDLNVR8,hd2160,0.2507612073,25.1,h5,2025-11-03,16:55:57,0,0
1323,Z-ihuDLNVR8,hd2160,0.2507612073,25.1,h5,2025-11-03,16:55:58,0,0
1324,Z-ihuDLNVR8,hd2160,0.2540840624,25.4,h5,2025-11-03,16:55:59,0,0
1325,Z-ihuDLNVR8,hd2160,0.2590122914,25.9,h5,2025-11-03,16:56:00,0,0
1326,Z-ihuDLNVR8,hd2160,0.2590122914,25.9,h5,2025-11-03,16:56:01,0,0
1327,Z-ihuDLNVR8,hd2160,0.2751557168,27.5,h5,2025-11-03,16:56:02,0,0
1328,Z-ihuDLNVR8,hd2160,0.2751557168,27.5,h5,2025-11-03,16:56:03,0,0
1329,Z-ihuDLNVR8,hd2160,0.2751557168,27.5,h5,2025-11-03,16:56:04,0,0
1330,Z-ihuDLNVR8,hd2160,0.2869942287,28.7,h5,2025-11-03,16:56:05,0,0
1331,Z-ihuDLNVR8,hd2160,0.2869942287,28.7,h5,2025-11-03,16:56:06,0,0
1332,Z-ihuDLNVR8,hd2160,0.2956040556,29.6,h5,2025-11-03,16:56:07,0,0
1333,Z-ihuDLNVR8,hd2160,0.2956040556,29.6,h5,2025-11-03,16:56:08,0,0
1334,Z-ihuDLNVR8,hd2160,0.3034963969,30.3,h5,2025-11-03,16:56:09,0,0
1335,Z-ihuDLNVR8,hd2160,0.3034963969,30.3,h5,2025-11-03,16:56:10,0,0
1336,Z-ihuDLNVR8,hd2160,0.3138999377,31.4,h5,2025-11-03,16:56:11,0,0
1337,Z-ihuDLNVR8,hd2160,0.3138999377,31.4,h5,2025-11-03,16:56:12,0,0
1338,Z-ihuDLNVR8,hd2160,0.319998565,32.0,h5,2025-11-03,16:56:13,0,0
1339,Z-ihuDLNVR8,hd2160,0.319998565,32.0,h5,2025-11-03,16:56:14,0,0
1340,Z-ihuDLNVR8,hd2160,0.331837077,33.2,h5,2025-11-03,16:56:15,0,0
1341,Z-ihuDLNVR8,hd2160,0.331837077,33.2,h5,2025-11-03,16:56:16,0,0
1342,Z-ihuDLNVR8,hd2160,0.3391913041,33.9,h5,2025-11-03,16:56:17,0,0
1343,Z-ihuDLNVR8,hd2160,0.3391913041,33.9,h5,2025-11-03,16:56:18,0,0
1344,Z-ihuDLNVR8,hd2160,0.3391913041,33.9,h5,2025-11-03,16:56:19,0,0
1345,Z-ihuDLNVR8,hd2160,0.3483392451,34.8,h5,2025-11-03,16:56:20,0,0
1346,Z-ihuDLNVR8,hd2160,0.3483392451,34.8,h5,2025-11-03,16:56:21,0,0
1347,Z-ihuDLNVR8,hd2160,0.3648414133,36.5,h5,2025-11-03,16:56:22,0,0
1348,Z-ihuDLNVR8,hd2160,0.3648414133,36.5,h5,2025-11-03,16:56:23,0,0
1349,Z-ihuDLNVR8,hd2160,0.3648414133,36.5,h5,2025-11-03,16:56:24,0,0
1350,Z-ihuDLNVR8,hd2160,0.3748862113,37.5,h5,2025-11-03,16:56:25,0,0
1351,Z-ihuDLNVR8,hd2160,0.3748862113,37.5,h5,2025-11-03,16:56:26,0,0
1352,Z-ihuDLNVR8,hd2160,0.3845722665,38.5,h5,2025-11-03,16:56:27,0,0
1353,Z-ihuDLNVR8,hd2160,0.3845722665,38.5,h5,2025-11-03,16:56:28,0,0
1354,Z-ihuDLNVR8,hd2160,0.3931820934,39.3,h5,2025-11-03,16:56:29,0,0
1355,Z-ihuDLNVR8,hd2160,0.3931820934,39.3,h5,2025-11-03,16:56:30,0,0
1356,Z-ihuDLNVR8,hd2160,0.4035856341,40.4,h5,2025-11-03,16:56:31,0,0
1357,Z-ihuDLNVR8,hd2160,0.4078905476,40.8,h5,2025-11-03,16:56:32,0,0
1358,Z-ihuDLNVR8,hd2160,0.4078905476,40.8,h5,2025-11-03,16:56:33,0,0
1359,Z-ihuDLNVR8,hd2160,0.4195496881,42.0,h5,2025-11-03,16:56:34,0,0
1360,Z-ihuDLNVR8,hd2160,0.4195496881,42.0,h5,2025-11-03,16:56:35,0,0
1361,Z-ihuDLNVR8,hd2160,0.4195496881,42.0,h5,2025-11-03,16:56:36,0,0
1362,Z-ihuDLNVR8,hd2160,0.428159515,42.8,h5,2025-11-03,16:56:37,0,0
1363,Z-ihuDLNVR8,hd2160,0.428159515,42.8,h5,2025-11-03,16:56:38,0,0
1364,Z-ihuDLNVR8,hd2160,0.4360518563,43.6,h5,2025-11-03,16:56:39,0,0
1365,Z-ihuDLNVR8,hd2160,0.4360518563,43.6,h5,2025-11-03,16:56:40,0,0
1366,Z-ihuDLNVR8,hd2160,0.4484284824,44.8,h5,2025-11-03,16:56:41,0,0
1367,Z-ihuDLNVR8,hd2160,0.4484284824,44.8,h5,2025-11-03,16:56:42,0,0
1368,Z-ihuDLNVR8,hd2160,0.4545271097,45.5,h5,2025-11-03,16:56:43,0,0
1369,Z-ihuDLNVR8,hd2160,0.4545271097,45.5,h5,2025-11-03,16:56:44,0,0
1370,Z-ihuDLNVR8,hd2160,0.4643925364,46.4,h5,2025-11-03,16:56:45,0,0
1371,Z-ihuDLNVR8,hd2160,0.4643925364,46.4,h5,2025-11-03,16:56:46,0,0
1372,Z-ihuDLNVR8,hd2160,0.4730023632,47.3,h5,2025-11-03,16:56:47,0,0
1373,Z-ihuDLNVR8,hd2160,0.4730023632,47.3,h5,2025-11-03,16:56:48,0,0
1374,Z-ihuDLNVR8,hd2160,0.4816121901,48.2,h5,2025-11-03,16:56:49,0,0
1375,Z-ihuDLNVR8,hd2160,0.4816121901,48.2,h5,2025-11-03,16:56:50,0,0
1376,Z-ihuDLNVR8,hd2160,0.4932713306,49.3,h5,2025-11-03,16:56:51,0,0
1377,Z-ihuDLNVR8,hd2160,0.4932758149,49.3,h5,2025-11-03,16:56:52,0,0
1378,Z-ihuDLNVR8,hd2160,0.499369958,49.9,h5,2025-11-03,16:56:53,0,0
1379,Z-ihuDLNVR8,hd2160,0.499369958,49.9,h5,2025-11-03,16:56:54,0,0
1380,Z-ihuDLNVR8,hd2160,0.5092353846,50.9,h5,2025-11-03,16:56:55,0,0
1381,Z-ihuDLNVR8,hd2160,0.5092353846,50.9,h5,2025-11-03,16:56:56,0,0
1382,Z-ihuDLNVR8,hd2160,0.5178452115,51.8,h5,2025-11-03,16:56:57,0,0
1383,Z-ihuDLNVR8,hd2160,0.5178452115,51.8,h5,2025-11-03,16:56:58,0,0
1384,Z-ihuDLNVR8,hd2160,0.5277106381,52.8,h5,2025-11-03,16:56:59,0,0
1385,Z-ihuDLNVR8,hd2160,0.5277106381,52.8,h5,2025-11-03,16:57:00,0,0
1386,Z-ihuDLNVR8,hd2160,0.5381141789,53.8,h5,2025-11-03,16:57:01,0,0
1387,Z-ihuDLNVR8,hd2160,0.5381141789,53.8,h5,2025-11-03,16:57:02,0,0
1388,Z-ihuDLNVR8,hd2160,0.5461858915,54.6,h5,2025-11-03,16:57:03,0,0
1389,Z-ihuDLNVR8,hd2160,0.5461858915,54.6,h5,2025-11-03,16:57:04,0,0
1390,Z-ihuDLNVR8,hd2160,0.5582037749,55.8,h5,2025-11-03,16:57:05,0,0
1391,Z-ihuDLNVR8,hd2160,0.5582037749,55.8,h5,2025-11-03,16:57:06,0,0
1392,Z-ihuDLNVR8,hd2160,0.5682485729,56.8,h5,2025-11-03,16:57:07,0,0
1393,Z-ihuDLNVR8,hd2160,0.5682485729,56.8,h5,2025-11-03,16:57:08,0,0
1394,Z-ihuDLNVR8,hd2160,0.5804458276,58.0,h5,2025-11-03,16:57:09,0,0
1395,Z-ihuDLNVR8,hd2160,0.5804458276,58.0,h5,2025-11-03,16:57:10,0,0
1396,Z-ihuDLNVR8,hd2160,0.5804458276,58.0,h5,2025-11-03,16:57:11,0,0
1397,Z-ihuDLNVR8,hd2160,0.5804458276,58.0,h5,2025-11-03,16:57:12,0,0
1398,Z-ihuDLNVR8,hd2160,0.5894143972,58.9,h5,2025-11-03,16:57:13,0,0
1399,Z-ihuDLNVR8,hd2160,0.5894143972,58.9,h5,2025-11-03,16:57:14,0,0
1400,Z-ihuDLNVR8,hd2160,0.6010735378,60.1,h5,2025-11-03,16:57:15,0,0
1401,Z-ihuDLNVR8,hd2160,0.6010735378,60.1,h5,2025-11-03,16:57:16,0,0
1402,Z-ihuDLNVR8,hd2160,0.6114770786,61.1,h5,2025-11-03,16:57:17,0,0
1403,Z-ihuDLNVR8,hd2160,0.6114770786,61.1,h5,2025-11-03,16:57:18,0,0
1404,Z-ihuDLNVR8,hd2160,0.6114770786,61.1,h5,2025-11-03,16:57:19,0,0
1405,Z-ihuDLNVR8,hd2160,0.6114770786,61.1,h5,2025-11-03,16:57:20,0,0
1406,Z-ihuDLNVR8,hd2160,0.6233155905,62.3,h5,2025-11-03,16:57:21,0,0
1407,Z-ihuDLNVR8,hd2160,0.6321047888,63.2,h5,2025-11-03,16:57:22,0,0
1408,Z-ihuDLNVR8,hd2160,0.6321047888,63.2,h5,2025-11-03,16:57:23,0,0
1409,Z-ihuDLNVR8,hd2160,0.6439433007,64.4,h5,2025-11-03,16:57:24,0,0
1410,Z-ihuDLNVR8,hd2160,0.6439433007,64.4,h5,2025-11-03,16:57:25,0,0
1411,Z-ihuDLNVR8,hd2160,0.6502212995,65.0,h5,2025-11-03,16:57:26,0,0
1412,Z-ihuDLNVR8,hd2160,0.6543468415,65.4,h5,2025-11-03,16:57:27,0,0
1413,Z-ihuDLNVR8,hd2160,0.6543468415,65.4,h5,2025-11-03,16:57:28,0,0
1414,Z-ihuDLNVR8,hd2160,0.6543468415,65.4,h5,2025-11-03,16:57:29,0,0
1415,Z-ihuDLNVR8,hd2160,0.6658266106,66.6,h5,2025-11-03,16:57:30,0,0
1416,Z-ihuDLNVR8,hd2160,0.6658266106,66.6,h5,2025-11-03,16:57:31,0,0
1417,Z-ihuDLNVR8,hd2160,0.67605078,67.6,h5,2025-11-03,16:57:32,0,0
1418,Z-ihuDLNVR8,hd2160,0.67605078,67.6,h5,2025-11-03,16:57:33,0,0
1419,Z-ihuDLNVR8,hd2160,0.6866336922,68.7,h5,2025-11-03,16:57:34,0,0
1420,Z-ihuDLNVR8,hd2160,0.6866336922,68.7,h5,2025-11-03,16:57:35,0,0
1421,Z-ihuDLNVR8,hd2160,0.6950641477,69.5,h5,2025-11-03,16:57:36,0,0
1422,Z-ihuDLNVR8,hd2160,0.6950641477,69.5,h5,2025-11-03,16:57:37,0,0
1423,Z-ihuDLNVR8,hd2160,0.6972166044,69.7,h5,2025-11-03,16:57:38,0,0
1424,Z-ihuDLNVR8,hd2160,0.707082031,70.7,h5,2025-11-03,16:57:39,0,0
1425,Z-ihuDLNVR8,hd2160,0.707082031,70.7,h5,2025-11-03,16:57:40,0,0
1426,Z-ihuDLNVR8,hd2160,0.7174855718,71.7,h5,2025-11-03,16:57:41,0,0
1427,Z-ihuDLNVR8,hd2160,0.7255572845,72.6,h5,2025-11-03,16:57:42,0,0
1428,Z-ihuDLNVR8,hd2160,0.7255572845,72.6,h5,2025-11-03,16:57:43,0,0
1429,Z-ihuDLNVR8,hd2160,0.7255572845,72.6,h5,2025-11-03,16:57:44,0,0
1430,Z-ihuDLNVR8,hd2160,0.7255572845,72.6,h5,2025-11-03,16:57:45,0,0
1431,Z-ihuDLNVR8,hd2160,0.7373957964,73.7,h5,2025-11-03,16:57:46,0,0
1432,Z-ihuDLNVR8,hd2160,0.7465437375,74.7,h5,2025-11-03,16:57:47,0,0
1433,Z-ihuDLNVR8,hd2160,0.7465437375,74.7,h5,2025-11-03,16:57:48,0,0
1434,Z-ihuDLNVR8,hd2160,0.7465437375,74.7,h5,2025-11-03,16:57:49,0,0
1435,Z-ihuDLNVR8,hd2160,0.7580235066,75.8,h5,2025-11-03,16:57:50,0,0
1436,Z-ihuDLNVR8,hd2160,0.7580235066,75.8,h5,2025-11-03,16:57:51,0,0
1437,Z-ihuDLNVR8,hd2160,0.7684270474,76.8,h5,2025-11-03,16:57:52,0,0
1438,Z-ihuDLNVR8,hd2160,0.7684270474,76.8,h5,2025-11-03,16:57:53,0,0
1439,Z-ihuDLNVR8,hd2160,0.7684270474,76.8,h5,2025-11-03,16:57:54,0,0
1440,Z-ihuDLNVR8,hd2160,0.7802655593,78.0,h5,2025-11-03,16:57:55,0,0
1441,Z-ihuDLNVR8,hd2160,0.7802655593,78.0,h5,2025-11-03,16:57:56,0,0
1442,Z-ihuDLNVR8,hd2160,0.7897722432,79.0,h5,2025-11-03,16:57:57,0,0
1443,Z-ihuDLNVR8,hd2160,0.7897722432,79.0,h5,2025-11-03,16:57:58,0,0
1444,Z-ihuDLNVR8,hd2160,0.8021488693,80.2,h5,2025-11-03,16:57:59,0,0
1445,Z-ihuDLNVR8,hd2160,0.8021488693,80.2,h5,2025-11-03,16:58:00,0,0
1446,Z-ihuDLNVR8,hd2160,0.8021488693,80.2,h5,2025-11-03,16:58:01,0,0
1447,Z-ihuDLNVR8,hd2160,0.8112968103,81.1,h5,2025-11-03,16:58:02,0,0
1448,Z-ihuDLNVR8,hd2160,0.8112968103,81.1,h5,2025-11-03,16:58:03,0,0
1449,Z-ihuDLNVR8,hd2160,0.8112968103,81.1,h5,2025-11-03,16:58:04,0,0
1450,Z-ihuDLNVR8,hd2160,0.8231353223,82.3,h5,2025-11-03,16:58:05,0,0
1451,Z-ihuDLNVR8,hd2160,0.8231353223,82.3,h5,2025-11-03,16:58:06,0,0
1452,Z-ihuDLNVR8,hd2160,0.8331801203,83.3,h5,2025-11-03,16:58:07,0,0
1453,Z-ihuDLNVR8,hd2160,0.8331801203,83.3,h5,2025-11-03,16:58:08,0,0
1454,Z-ihuDLNVR8,hd2160,0.8435836611,84.4,h5,2025-11-03,16:58:09,0,0
1455,Z-ihuDLNVR8,hd2160,0.8435836611,84.4,h5,2025-11-03,16:58:10,0,0
1456,Z-ihuDLNVR8,hd2160,0.8435836611,84.4,h5,2025-11-03,16:58:11,0,0
1457,Z-ihuDLNVR8,hd2160,0.8543459446,85.4,h5,2025-11-03,16:58:12,0,0
1458,Z-ihuDLNVR8,hd2160,0.8543459446,85.4,h5,2025-11-03,16:58:13,0,0
1459,Z-ihuDLNVR8,hd2160,0.8649288568,86.5,h5,2025-11-03,16:58:14,0,0
1460,Z-ihuDLNVR8,hd2160,0.8649288568,86.5,h5,2025-11-03,16:58:15,0,0
1461,Z-ihuDLNVR8,hd2160,0.8744355406,87.4,h5,2025-11-03,16:58:16,0,0
1462,Z-ihuDLNVR8,hd2160,0.8765879974,87.7,h5,2025-11-03,16:58:17,0,0
1463,Z-ihuDLNVR8,hd2160,0.8765879974,87.7,h5,2025-11-03,16:58:18,0,0
1464,Z-ihuDLNVR8,hd2160,0.886453424,88.6,h5,2025-11-03,16:58:19,0,0
1465,Z-ihuDLNVR8,hd2160,0.886453424,88.6,h5,2025-11-03,16:58:20,0,0
1466,Z-ihuDLNVR8,hd2160,0.8968569648,89.7,h5,2025-11-03,16:58:21,0,0
1467,Z-ihuDLNVR8,hd2160,0.8968569648,89.7,h5,2025-11-03,16:58:22,0,0
1468,Z-ihuDLNVR8,hd2160,0.9049286774,90.5,h5,2025-11-03,16:58:23,0,0
1469,Z-ihuDLNVR8,hd2160,0.9049286774,90.5,h5,2025-11-03,16:58:24,0,0
1470,Z-ihuDLNVR8,hd2160,0.9176640463,91.8,h5,2025-11-03,16:58:25,0,0
1471,Z-ihuDLNVR8,hd2160,0.9176640463,91.8,h5,2025-11-03,16:58:26,0,0
1472,Z-ihuDLNVR8,hd2160,0.9273501016,92.7,h5,2025-11-03,16:58:27,0,0
1473,Z-ihuDLNVR8,hd2160,0.9273501016,92.7,h5,2025-11-03,16:58:28,0,0
1474,Z-ihuDLNVR8,hd2160,0.9273501016,92.7,h5,2025-11-03,16:58:29,0,0
1475,Z-ihuDLNVR8,hd2160,0.9397267277,94.0,h5,2025-11-03,16:58:30,0,0
1476,Z-ihuDLNVR8,hd2160,0.9397267277,94.0,h5,2025-11-03,16:58:31,0,0
1477,Z-ihuDLNVR8,hd2160,0.9497715257,95.0,h5,2025-11-03,16:58:32,0,0
1478,Z-ihuDLNVR8,hd2160,0.9497715257,95.0,h5,2025-11-03,16:58:33,0,0
1479,Z-ihuDLNVR8,hd2160,0.9497715257,95.0,h5,2025-11-03,16:58:34,0,0
1480,Z-ihuDLNVR8,hd2160,0.9497715257,95.0,h5,2025-11-03,16:58:35,0,0
1481,Z-ihuDLNVR8,hd2160,0.9616100376,96.2,h5,2025-11-03,16:58:36,0,0
1482,Z-ihuDLNVR8,hd2160,0.9696817503,97.0,h5,2025-11-03,16:58:37,0,0
1483,Z-ihuDLNVR8,hd2160,0.9696817503,97.0,h5,2025-11-03,16:58:38,0,0
1484,Z-ihuDLNVR8,hd2160,0.9696817503,97.0,h5,2025-11-03,16:58:39,0,0
1485,Z-ihuDLNVR8,hd2160,0.9696817503,97.0,h5,2025-11-03,16:58:40,0,0
1486,Z-ihuDLNVR8,hd2160,0.9696817503,97.0,h5,2025-11-03,16:58:41,0,0
1487,Z-ihuDLNVR8,hd2160,0.9696817503,97.0,h5,2025-11-03,16:58:42,0,0
1488,Z-ihuDLNVR8,hd2160,0.9696817503,97.0,h5,2025-11-03,16:58:43,0,0
1489,Z-ihuDLNVR8,hd2160,0.9696817503,97.0,h5,2025-11-03,16:58:44,0,0
1490,Z-ihuDLNVR8,hd2160,1.0,100.0,h5,2025-11-03,16:58:45,0,0
1491,Z-ihuDLNVR8,hd2160,1.0,100.0,h5,2025-11-03,16:58:46,0,0
1492,Z-ihuDLNVR8,hd2160,1.0,100.0,h5,2025-11-03,16:58:47,0,0
1493,Z-ihuDLNVR8,hd2160,1.0,100.0,h5,2025-11-03,16:58:48,0,0
1494,Z-ihuDLNVR8,hd2160,1.0,100.0,h5,2025-11-03,16:58:49,0,0
1495,Z-ihuDLNVR8,hd2160,1.0,100.0,h5,2025-11-03,16:58:50,0,0
1496,Z-ihuDLNVR8,hd2160,1.0,100.0,h5,2025-11-03,16:58:51,0,0
1497,Z-ihuDLNVR8,hd2160,1.0,100.0,h5,2025-11-03,16:58:52,0,0
1498,Z-ihuDLNVR8,hd2160,1.0,100.0,h5,2025-11-03,16:58:53,0,0
1499,Z-ihuDLNVR8,hd2160,1.0,100.0,h5,2025-11-03,16:58:54,0,0
1500,Z-ihuDLNVR8,hd2160,1.0,100.0,h5,2025-11-03,16:58:55,0,0
1501,Z-ihuDLNVR8,hd2160,1.0,100.0,h5,2025-11-03,16:58:56,0,0
1502,Z-ihuDLNVR8,hd2160,1.0,100.0,h5,2025-11-03,16:58:57,0,0
1503,Z-ihuDLNVR8,hd2160,1.0,100.0,h5,2025-11-03,16:58:58,0,0
1504,Z-ihuDLNVR8,hd2160,1.0,100.0,h5,2025-11-03,16:58:59,0,0
1505,Z-ihuDLNVR8,hd2160,1.0,100.0,h5,2025-11-03,16:59:00,0,0
1506,Z-ihuDLNVR8,hd2160,1.0,100.0,h5,2025-11-03,16:59:01,0,0
1507,Z-ihuDLNVR8,hd2160,1.0,100.0,h5,2025-11-03,16:59:02,0,0
1508,Z-ihuDLNVR8,hd2160,1.0,100.0,h5,2025-11-03,16:59:03,0,0
1509,Z-ihuDLNVR8,hd2160,1.0,100.0,h5,2025-11-03,16:59:04,0,0
1510,Z-ihuDLNVR8,hd2160,1.0,100.0,h5,2025-11-03,16:59:05,0,0
1511,Z-ihuDLNVR8,hd2160,1.0,100.0,h5,2025-11-03,16:59:06,0,0
1512,Z-ihuDLNVR8,hd2160,1.0,100.0,h5,2025-11-03,16:59:07,0,0
1513,Z-ihuDLNVR8,hd2160,1.0,100.0,h5,2025-11-03,16:59:08,0,0
1514,Z-ihuDLNVR8,hd2160,1.0,100.0,h5,2025-11-03,16:59:09,0,0
1515,Z-ihuDLNVR8,hd2160,1.0,100.0,h5,2025-11-03,16:59:10,0,0
1516,Z-ihuDLNVR8,hd2160,1.0,100.0,h5,2025-11-03,16:59:11,0,0
1517,Z-ihuDLNVR8,hd2160,1.0,100.0,h5,2025-11-03,16:59:12,0,0
1518,Z-ihuDLNVR8,hd2160,1.0,100.0,h5,2025-11-03,16:59:13,0,0
1519,Z-ihuDLNVR8,hd2160,1.0,100.0,h5,2025-11-03,16:59:14,0,0
1520,Z-ihuDLNVR8,hd2160,1.0,100.0,h5,2025-11-03,16:59:15,0,0
1521,Z-ihuDLNVR8,hd2160,1.0,100.0,h5,2025-11-03,16:59:16,0,0
1522,Z-ihuDLNVR8,hd2160,1.0,100.0,h5,2025-11-03,16:59:17,0,0
1523,Z-ihuDLNVR8,hd2160,1.0,100.0,h5,2025-11-03,16:59:18,0,0
1524,Z-ihuDLNVR8,hd2160,1.0,100.0,h5,2025-11-03,16:59:19,0,0
1525,Z-ihuDLNVR8,hd2160,1.0,100.0,h5,2025-11-03,16:59:20,0,0
1526,Z-ihuDLNVR8,hd2160,1.0,100.0,h5,2025-11-03,16:59:21,0,0
1527,Z-ihuDLNVR8,hd2160,1.0,100.0,h5,2025-11-03,16:59:22,0,0
1528,Z-ihuDLNVR8,hd2160,1.0,100.0,h5,2025-11-03,16:59:23,0,0
1529,Z-ihuDLNVR8,hd2160,1.0,100.0,h5,2025-11-03,16:59:24,0,0
1530,Z-ihuDLNVR8,hd2160,1.0,100.0,h5,2025-11-03,16:59:25,0,0
1531,Z-ihuDLNVR8,hd2160,1.0,100.0,h5,2025-11-03,16:59:26,0,0
1532,Z-ihuDLNVR8,hd2160,1.0,100.0,h5,2025-11-03,16:59:27,0,0
1533,Z-ihuDLNVR8,hd2160,1.0,100.0,h5,2025-11-03,16:59:28,0,0
1534,Z-ihuDLNVR8,hd2160,1.0,100.0,h5,2025-11-03,16:59:29,0,0
1535,Z-ihuDLNVR8,hd2160,1.0,100.0,h5,2025-11-03,16:59:30,0,0
1536,Z-ihuDLNVR8,hd2160,1.0,100.0,h5,2025-11-03,16:59:31,0,0
1537,Z-ihuDLNVR8,hd2160,1.0,100.0,h5,2025-11-03,16:59:32,0,0
1538,Z-ihuDLNVR8,hd2160,1.0,100.0,h5,2025-11-03,16:59:33,0,0
1539,Z-ihuDLNVR8,hd2160,1.0,100.0,h5,2025-11-03,16:59:34,0,0
1540,Z-ihuDLNVR8,hd2160,1.0,100.0,h5,2025-11-03,16:59:35,0,0
1541,Z-ihuDLNVR8,hd2160,1.0,100.0,h5,2025-11-03,16:59:36,0,0
1542,Z-ihuDLNVR8,hd2160,1.0,100.0,h5,2025-11-03,16:59:37,0,0
1543,Z-ihuDLNVR8,hd2160,1.0,100.0,h5,2025-11-03,16:59:38,0,0
1544,Z-ihuDLNVR8,hd2160,1.0,100.0,h5,2025-11-03,16:59:39,0,0
1545,Z-ihuDLNVR8,hd2160,1.0,100.0,h5,2025-11-03,16:59:40,0,0
1546,Z-ihuDLNVR8,hd2160,1.0,100.0,h5,2025-11-03,16:59:41,0,0
1547,Z-ihuDLNVR8,hd2160,1.0,100.0,h5,2025-11-03,16:59:42,0,0
1548,Z-ihuDLNVR8,hd2160,1.0,100.0,h5,2025-11-03,16:59:43,0,0
1549,Z-ihuDLNVR8,hd2160,1.0,100.0,h5,2025-11-03,16:59:44,0,0
1550,Z-ihuDLNVR8,hd2160,1.0,100.0,h5,2025-11-03,16:59:45,0,0
1551,Z-ihuDLNVR8,hd2160,1.0,100.0,h5,2025-11-03,16:59:46,0,0
1552,Z-ihuDLNVR8,hd2160,1.0,100.0,h5,2025-11-03,16:59:47,0,0
1553,Z-ihuDLNVR8,hd2160,1.0,100.0,h5,2025-11-03,16:59:48,0,0
1554,Z-ihuDLNVR8,hd2160,1.0,100.0,h5,2025-11-03,16:59:49,0,0
1555,Z-ihuDLNVR8,hd2160,1.0,100.0,h5,2025-11-03,16:59:50,0,0
1556,Z-ihuDLNVR8,hd2160,1.0,100.0,h5,2025-11-03,16:59:51,0,0
1557,Z-ihuDLNVR8,hd2160,1.0,100.0,h5,2025-11-03,16:59:52,0,0
1558,Z-ihuDLNVR8,hd2160,1.0,100.0,h5,2025-11-03,16:59:53,0,0
1559,Z-ihuDLNVR8,hd2160,1.0,100.0,h5,2025-11-03,16:59:54,0,0
1560,Z-ihuDLNVR8,hd2160,1.0,100.0,h5,2025-11-03,16:59:55,0,0
1561,Z-ihuDLNVR8,hd2160,1.0,100.0,h5,2025-11-03,16:59:56,0,0
10176,idCX7o-9Hr4,hd2160,0.0,0.0,h5,2025-12-24,15:33:58,0,0
10177,idCX7o-9Hr4,hd2160,0.01704875184,1.7,h5,2025-12-24,15:33:59,0,0
10178,idCX7o-9Hr4,hd2160,0.03860464966,3.9,h5,2025-12-24,15:34:00,0,0
10179,idCX7o-9Hr4,hd2160,0.03860464966,3.9,h5,2025-12-24,15:34:01,0,0
10180,idCX7o-9Hr4,hd2160,0.0451693981,4.5,h5,2025-12-24,15:34:02,0,0
10181,idCX7o-9Hr4,hd2160,0.05134222311,5.1,h5,2025-12-24,15:34:03,0,0
10182,idCX7o-9Hr4,hd2160,0.06574548145,6.6,h5,2025-12-24,15:34:04,0,0
10183,idCX7o-9Hr4,hd2160,0.07123243897,7.1,h5,2025-12-24,15:34:05,0,0
10184,idCX7o-9Hr4,hd2160,0.07740526398,7.7,h5,2025-12-24,15:34:06,0,0
10185,idCX7o-9Hr4,hd2160,0.07740526398,7.7,h5,2025-12-24,15:34:07,0,0
10186,idCX7o-9Hr4,hd2160,0.08279423623,8.3,h5,2025-12-24,15:34:08,0,0
10187,idCX7o-9Hr4,hd2160,0.08279423623,8.3,h5,2025-12-24,15:34:09,0,0
10188,idCX7o-9Hr4,hd2160,0.08808522909,8.8,h5,2025-12-24,15:34:10,0,0
10189,idCX7o-9Hr4,hd2160,0.09455199814,9.5,h5,2025-12-24,15:34:11,0,0
10190,idCX7o-9Hr4,hd2160,0.09455199814,9.5,h5,2025-12-24,15:34:12,0,0
10191,idCX7o-9Hr4,hd2160,0.09455199814,9.5,h5,2025-12-24,15:34:13,0,0
10192,idCX7o-9Hr4,hd2160,0.09984299101,10.0,h5,2025-12-24,15:34:14,0,0
10193,idCX7o-9Hr4,hd2160,0.09984299101,10.0,h5,2025-12-24,15:34:15,0,0
10194,idCX7o-9Hr4,hd2160,0.1063097601,10.6,h5,2025-12-24,15:34:16,0,0
10195,idCX7o-9Hr4,hd2160,0.1063097601,10.6,h5,2025-12-24,15:34:17,0,0
10196,idCX7o-9Hr4,hd2160,0.1116987352,11.2,h5,2025-12-24,15:34:18,0,0
10197,idCX7o-9Hr4,hd2160,0.1116987352,11.2,h5,2025-12-24,15:34:19,0,0
10198,idCX7o-9Hr4,hd2160,0.1168917458,11.7,h5,2025-12-24,15:34:20,0,0
10199,idCX7o-9Hr4,hd2160,0.1228686091,12.3,h5,2025-12-24,15:34:21,0,0
10200,idCX7o-9Hr4,hd2160,0.1228686091,12.3,h5,2025-12-24,15:34:22,0,0
10201,idCX7o-9Hr4,hd2160,0.1291394164,12.9,h5,2025-12-24,15:34:23,0,0
10202,idCX7o-9Hr4,hd2160,0.1291394164,12.9,h5,2025-12-24,15:34:24,0,0
10203,idCX7o-9Hr4,hd2160,0.1339405006,13.4,h5,2025-12-24,15:34:25,0,0
10204,idCX7o-9Hr4,hd2160,0.1339405006,13.4,h5,2025-12-24,15:34:26,0,0
10205,idCX7o-9Hr4,hd2160,0.1339405006,13.4,h5,2025-12-24,15:34:27,0,0
10206,idCX7o-9Hr4,hd2160,0.1398193815,14.0,h5,2025-12-24,15:34:28,0,0
10207,idCX7o-9Hr4,hd2160,0.1398193815,14.0,h5,2025-12-24,15:34:29,0,0
10208,idCX7o-9Hr4,hd2160,0.1456982625,14.6,h5,2025-12-24,15:34:30,0,0
10209,idCX7o-9Hr4,hd2160,0.1456982625,14.6,h5,2025-12-24,15:34:31,0,0
10210,idCX7o-9Hr4,hd2160,0.1509892553,15.1,h5,2025-12-24,15:34:32,0,0
10211,idCX7o-9Hr4,hd2160,0.1567701569,15.7,h5,2025-12-24,15:34:33,0,0
10212,idCX7o-9Hr4,hd2160,0.1567701569,15.7,h5,2025-12-24,15:34:34,0,0
10213,idCX7o-9Hr4,hd2160,0.1629429819,16.3,h5,2025-12-24,15:34:35,0,0
10214,idCX7o-9Hr4,hd2160,0.1629429819,16.3,h5,2025-12-24,15:34:36,0,0
10215,idCX7o-9Hr4,hd2160,0.1680380101,16.8,h5,2025-12-24,15:34:37,0,0
10216,idCX7o-9Hr4,hd2160,0.1743088174,17.4,h5,2025-12-24,15:34:38,0,0
10217,idCX7o-9Hr4,hd2160,0.1743088174,17.4,h5,2025-12-24,15:34:39,0,0
10218,idCX7o-9Hr4,hd2160,0.1803836601,18.0,h5,2025-12-24,15:34:40,0,0
10219,idCX7o-9Hr4,hd2160,0.1803836601,18.0,h5,2025-12-24,15:34:41,0,0
10220,idCX7o-9Hr4,hd2160,0.1803836601,18.0,h5,2025-12-24,15:34:42,0,0
10221,idCX7o-9Hr4,hd2160,0.1850867649,18.5,h5,2025-12-24,15:34:43,0,0
10222,idCX7o-9Hr4,hd2160,0.1850867649,18.5,h5,2025-12-24,15:34:44,0,0
10223,idCX7o-9Hr4,hd2160,0.1912595899,19.1,h5,2025-12-24,15:34:45,0,0
10224,idCX7o-9Hr4,hd2160,0.1912595899,19.1,h5,2025-12-24,15:34:46,0,0
10225,idCX7o-9Hr4,hd2160,0.1974324149,19.7,h5,2025-12-24,15:34:47,0,0
10226,idCX7o-9Hr4,hd2160,0.2021355197,20.2,h5,2025-12-24,15:34:48,0,0
10227,idCX7o-9Hr4,hd2160,0.2021355197,20.2,h5,2025-12-24,15:34:49,0,0
10228,idCX7o-9Hr4,hd2160,0.2073285331,20.7,h5,2025-12-24,15:34:50,0,0
10229,idCX7o-9Hr4,hd2160,0.2073285331,20.7,h5,2025-12-24,15:34:51,0,0
10230,idCX7o-9Hr4,hd2160,0.2139912639,21.4,h5,2025-12-24,15:34:52,0,0
10231,idCX7o-9Hr4,hd2160,0.2139912639,21.4,h5,2025-12-24,15:34:53,0,0
10232,idCX7o-9Hr4,hd2160,0.2191842744,21.9,h5,2025-12-24,15:34:54,0,0
10233,idCX7o-9Hr4,hd2160,0.2191842744,21.9,h5,2025-12-24,15:34:55,0,0
10234,idCX7o-9Hr4,hd2160,0.2250631554,22.5,h5,2025-12-24,15:34:56,0,0
10235,idCX7o-9Hr4,hd2160,0.2250631554,22.5,h5,2025-12-24,15:34:57,0,0
10236,idCX7o-9Hr4,hd2160,0.231138001,23.1,h5,2025-12-24,15:34:58,0,0
10237,idCX7o-9Hr4,hd2160,0.231138001,23.1,h5,2025-12-24,15:34:59,0,0
10238,idCX7o-9Hr4,hd2160,0.2362330292,23.6,h5,2025-12-24,15:35:00,0,0
10239,idCX7o-9Hr4,hd2160,0.2362330292,23.6,h5,2025-12-24,15:35:01,0,0
10240,idCX7o-9Hr4,hd2160,0.2420139308,24.2,h5,2025-12-24,15:35:02,0,0
10241,idCX7o-9Hr4,hd2160,0.2420139308,24.2,h5,2025-12-24,15:35:03,0,0
10242,idCX7o-9Hr4,hd2160,0.2481867558,24.8,h5,2025-12-24,15:35:04,0,0
10243,idCX7o-9Hr4,hd2160,0.2481867558,24.8,h5,2025-12-24,15:35:05,0,0
10244,idCX7o-9Hr4,hd2160,0.253281784,25.3,h5,2025-12-24,15:35:06,0,0
10245,idCX7o-9Hr4,hd2160,0.253281784,25.3,h5,2025-12-24,15:35:07,0,0
10246,idCX7o-9Hr4,hd2160,0.2589647032,25.9,h5,2025-12-24,15:35:08,0,0
10247,idCX7o-9Hr4,hd2160,0.2589647032,25.9,h5,2025-12-24,15:35:09,0,0
10248,idCX7o-9Hr4,hd2160,0.2647456019,26.5,h5,2025-12-24,15:35:10,0,0
10249,idCX7o-9Hr4,hd2160,0.2647456019,26.5,h5,2025-12-24,15:35:11,0,0
10250,idCX7o-9Hr4,hd2160,0.2703305388,27.0,h5,2025-12-24,15:35:12,0,0
10251,idCX7o-9Hr4,hd2160,0.276307402,27.6,h5,2025-12-24,15:35:13,0,0
10252,idCX7o-9Hr4,hd2160,0.276307402,27.6,h5,2025-12-24,15:35:14,0,0
10253,idCX7o-9Hr4,hd2160,0.276307402,27.6,h5,2025-12-24,15:35:15,0,0
10254,idCX7o-9Hr4,hd2160,0.282186283,28.2,h5,2025-12-24,15:35:16,0,0
10255,idCX7o-9Hr4,hd2160,0.2873792935,28.7,h5,2025-12-24,15:35:17,0,0
10256,idCX7o-9Hr4,hd2160,0.2873792935,28.7,h5,2025-12-24,15:35:18,0,0
10257,idCX7o-9Hr4,hd2160,0.2873792935,28.7,h5,2025-12-24,15:35:19,0,0
10258,idCX7o-9Hr4,hd2160,0.2936501009,29.4,h5,2025-12-24,15:35:20,0,0
10259,idCX7o-9Hr4,hd2160,0.2936501009,29.4,h5,2025-12-24,15:35:21,0,0
10260,idCX7o-9Hr4,hd2160,0.2996269642,30.0,h5,2025-12-24,15:35:22,0,0
10261,idCX7o-9Hr4,hd2160,0.2996269642,30.0,h5,2025-12-24,15:35:23,0,0
10262,idCX7o-9Hr4,hd2160,0.3044280483,30.4,h5,2025-12-24,15:35:24,0,0
10263,idCX7o-9Hr4,hd2160,0.3100129852,31.0,h5,2025-12-24,15:35:25,0,0
10264,idCX7o-9Hr4,hd2160,0.3100129852,31.0,h5,2025-12-24,15:35:26,0,0
10265,idCX7o-9Hr4,hd2160,0.3163817749,31.6,h5,2025-12-24,15:35:27,0,0
10266,idCX7o-9Hr4,hd2160,0.3163817749,31.6,h5,2025-12-24,15:35:28,0,0
10267,idCX7o-9Hr4,hd2160,0.3214768031,32.1,h5,2025-12-24,15:35:29,0,0
10268,idCX7o-9Hr4,hd2160,0.3214768031,32.1,h5,2025-12-24,15:35:30,0,0
10269,idCX7o-9Hr4,hd2160,0.3276496281,32.8,h5,2025-12-24,15:35:31,0,0
10270,idCX7o-9Hr4,hd2160,0.3276496281,32.8,h5,2025-12-24,15:35:32,0,0
10271,idCX7o-9Hr4,hd2160,0.3342143795,33.4,h5,2025-12-24,15:35:33,0,0
10272,idCX7o-9Hr4,hd2160,0.3342143795,33.4,h5,2025-12-24,15:35:34,0,0
10273,idCX7o-9Hr4,hd2160,0.3385255579,33.9,h5,2025-12-24,15:35:35,0,0
10274,idCX7o-9Hr4,hd2160,0.3385255579,33.9,h5,2025-12-24,15:35:36,0,0
10275,idCX7o-9Hr4,hd2160,0.3446004035,34.5,h5,2025-12-24,15:35:37,0,0
10276,idCX7o-9Hr4,hd2160,0.3446004035,34.5,h5,2025-12-24,15:35:38,0,0
10277,idCX7o-9Hr4,hd2160,0.3510671725,35.1,h5,2025-12-24,15:35:39,0,0
10278,idCX7o-9Hr4,hd2160,0.3510671725,35.1,h5,2025-12-24,15:35:40,0,0
10279,idCX7o-9Hr4,hd2160,0.3555743126,35.6,h5,2025-12-24,15:35:41,0,0
10280,idCX7o-9Hr4,hd2160,0.3555743126,35.6,h5,2025-12-24,15:35:42,0,0
10281,idCX7o-9Hr4,hd2160,0.3607673261,36.1,h5,2025-12-24,15:35:43,0,0
10282,idCX7o-9Hr4,hd2160,0.3607673261,36.1,h5,2025-12-24,15:35:44,0,0
10283,idCX7o-9Hr4,hd2160,0.3670381305,36.7,h5,2025-12-24,15:35:45,0,0
10284,idCX7o-9Hr4,hd2160,0.3670381305,36.7,h5,2025-12-24,15:35:46,0,0
10285,idCX7o-9Hr4,hd2160,0.3726230674,37.3,h5,2025-12-24,15:35:47,0,0
10286,idCX7o-9Hr4,hd2160,0.3785999307,37.9,h5,2025-12-24,15:35:48,0,0
10287,idCX7o-9Hr4,hd2160,0.3785999307,37.9,h5,2025-12-24,15:35:49,0,0
10288,idCX7o-9Hr4,hd2160,0.384576794,38.5,h5,2025-12-24,15:35:50,0,0
10289,idCX7o-9Hr4,hd2160,0.384576794,38.5,h5,2025-12-24,15:35:51,0,0
10290,idCX7o-9Hr4,hd2160,0.384576794,38.5,h5,2025-12-24,15:35:52,0,0
10291,idCX7o-9Hr4,hd2160,0.3896718222,39.0,h5,2025-12-24,15:35:53,0,0
10292,idCX7o-9Hr4,hd2160,0.3896718222,39.0,h5,2025-12-24,15:35:54,0,0
10293,idCX7o-9Hr4,hd2160,0.3951587797,39.5,h5,2025-12-24,15:35:55,0,0
10294,idCX7o-9Hr4,hd2160,0.4014295841,40.1,h5,2025-12-24,15:35:56,0,0
10295,idCX7o-9Hr4,hd2160,0.4014295841,40.1,h5,2025-12-24,15:35:57,0,0
10296,idCX7o-9Hr4,hd2160,0.406720577,40.7,h5,2025-12-24,15:35:58,0,0
10297,idCX7o-9Hr4,hd2160,0.406720577,40.7,h5,2025-12-24,15:35:59,0,0
10298,idCX7o-9Hr4,hd2160,0.4127954226,41.3,h5,2025-12-24,15:36:00,0,0
10299,idCX7o-9Hr4,hd2160,0.4127954226,41.3,h5,2025-12-24,15:36:01,0,0
10300,idCX7o-9Hr4,hd2160,0.4186743035,41.9,h5,2025-12-24,15:36:02,0,0
10301,idCX7o-9Hr4,hd2160,0.4186743035,41.9,h5,2025-12-24,15:36:03,0,0
10302,idCX7o-9Hr4,hd2160,0.4237693317,42.4,h5,2025-12-24,15:36:04,0,0
10303,idCX7o-9Hr4,hd2160,0.4237693317,42.4,h5,2025-12-24,15:36:05,0,0
10304,idCX7o-9Hr4,hd2160,0.4298441774,43.0,h5,2025-12-24,15:36:06,0,0
10305,idCX7o-9Hr4,hd2160,0.4361149817,43.6,h5,2025-12-24,15:36:07,0,0
10306,idCX7o-9Hr4,hd2160,0.4361149817,43.6,h5,2025-12-24,15:36:08,0,0
10307,idCX7o-9Hr4,hd2160,0.4408180865,44.1,h5,2025-12-24,15:36:09,0,0
10308,idCX7o-9Hr4,hd2160,0.4408180865,44.1,h5,2025-12-24,15:36:10,0,0
10309,idCX7o-9Hr4,hd2160,0.4408180865,44.1,h5,2025-12-24,15:36:11,0,0
10310,idCX7o-9Hr4,hd2160,0.4470888938,44.7,h5,2025-12-24,15:36:12,0,0
10311,idCX7o-9Hr4,hd2160,0.4470888938,44.7,h5,2025-12-24,15:36:13,0,0
10312,idCX7o-9Hr4,hd2160,0.4530657571,45.3,h5,2025-12-24,15:36:14,0,0
10313,idCX7o-9Hr4,hd2160,0.4530657571,45.3,h5,2025-12-24,15:36:15,0,0
10314,idCX7o-9Hr4,hd2160,0.4578668413,45.8,h5,2025-12-24,15:36:16,0,0
10315,idCX7o-9Hr4,hd2160,0.4628638901,46.3,h5,2025-12-24,15:36:17,0,0
10316,idCX7o-9Hr4,hd2160,0.4628638901,46.3,h5,2025-12-24,15:36:18,0,0
10317,idCX7o-9Hr4,hd2160,0.4693306592,46.9,h5,2025-12-24,15:36:19,0,0
10318,idCX7o-9Hr4,hd2160,0.4693306592,46.9,h5,2025-12-24,15:36:20,0,0
10319,idCX7o-9Hr4,hd2160,0.4749155961,47.5,h5,2025-12-24,15:36:21,0,0
10320,idCX7o-9Hr4,hd2160,0.4749155961,47.5,h5,2025-12-24,15:36:22,0,0
10321,idCX7o-9Hr4,hd2160,0.4749155961,47.5,h5,2025-12-24,15:36:23,0,0
10322,idCX7o-9Hr4,hd2160,0.4804025536,48.0,h5,2025-12-24,15:36:24,0,0
10323,idCX7o-9Hr4,hd2160,0.4867713403,48.7,h5,2025-12-24,15:36:25,0,0
10324,idCX7o-9Hr4,hd2160,0.4867713403,48.7,h5,2025-12-24,15:36:26,0,0
10325,idCX7o-9Hr4,hd2160,0.4867713403,48.7,h5,2025-12-24,15:36:27,0,0
10326,idCX7o-9Hr4,hd2160,0.4919643508,49.2,h5,2025-12-24,15:36:28,0,0
10327,idCX7o-9Hr4,hd2160,0.4977452524,49.8,h5,2025-12-24,15:36:29,0,0
10328,idCX7o-9Hr4,hd2160,0.4977452524,49.8,h5,2025-12-24,15:36:30,0,0
10329,idCX7o-9Hr4,hd2160,0.5039180774,50.4,h5,2025-12-24,15:36:31,0,0
10330,idCX7o-9Hr4,hd2160,0.5039180774,50.4,h5,2025-12-24,15:36:32,0,0
10331,idCX7o-9Hr4,hd2160,0.5090131056,50.9,h5,2025-12-24,15:36:33,0,0
10332,idCX7o-9Hr4,hd2160,0.5090131056,50.9,h5,2025-12-24,15:36:34,0,0
10333,idCX7o-9Hr4,hd2160,0.5147940072,51.5,h5,2025-12-24,15:36:35,0,0
10334,idCX7o-9Hr4,hd2160,0.5147940072,51.5,h5,2025-12-24,15:36:36,0,0
10335,idCX7o-9Hr4,hd2160,0.5209668322,52.1,h5,2025-12-24,15:36:37,0,0
10336,idCX7o-9Hr4,hd2160,0.5209668322,52.1,h5,2025-12-24,15:36:38,0,0
10337,idCX7o-9Hr4,hd2160,0.5260618604,52.6,h5,2025-12-24,15:36:39,0,0
10338,idCX7o-9Hr4,hd2160,0.5285736519,52.9,h5,2025-12-24,15:36:40,0,0
10339,idCX7o-9Hr4,hd2160,0.5313528533,53.1,h5,2025-12-24,15:36:41,0,0
10340,idCX7o-9Hr4,hd2160,0.5313528533,53.1,h5,2025-12-24,15:36:42,0,0
10341,idCX7o-9Hr4,hd2160,0.538309531,53.8,h5,2025-12-24,15:36:43,0,0
10342,idCX7o-9Hr4,hd2160,0.538309531,53.8,h5,2025-12-24,15:36:44,0,0
10343,idCX7o-9Hr4,hd2160,0.5431106152,54.3,h5,2025-12-24,15:36:45,0,0
10344,idCX7o-9Hr4,hd2160,0.5431106152,54.3,h5,2025-12-24,15:36:46,0,0
10345,idCX7o-9Hr4,hd2160,0.5486955521,54.9,h5,2025-12-24,15:36:47,0,0
10346,idCX7o-9Hr4,hd2160,0.5551623211,55.5,h5,2025-12-24,15:36:48,0,0
10347,idCX7o-9Hr4,hd2160,0.5551623211,55.5,h5,2025-12-24,15:36:49,0,0
10348,idCX7o-9Hr4,hd2160,0.5551623211,55.5,h5,2025-12-24,15:36:50,0,0
10349,idCX7o-9Hr4,hd2160,0.5601593699,56.0,h5,2025-12-24,15:36:51,0,0
10350,idCX7o-9Hr4,hd2160,0.5660382509,56.6,h5,2025-12-24,15:36:52,0,0
10351,idCX7o-9Hr4,hd2160,0.5660382509,56.6,h5,2025-12-24,15:36:53,0,0
10352,idCX7o-9Hr4,hd2160,0.5722110759,57.2,h5,2025-12-24,15:36:54,0,0
10353,idCX7o-9Hr4,hd2160,0.5722110759,57.2,h5,2025-12-24,15:36:55,0,0
10354,idCX7o-9Hr4,hd2160,0.5722110759,57.2,h5,2025-12-24,15:36:56,0,0
10355,idCX7o-9Hr4,hd2160,0.5772081247,57.7,h5,2025-12-24,15:36:57,0,0
10356,idCX7o-9Hr4,hd2160,0.5826950822,58.3,h5,2025-12-24,15:36:58,0,0
10357,idCX7o-9Hr4,hd2160,0.5826950822,58.3,h5,2025-12-24,15:36:59,0,0
10358,idCX7o-9Hr4,hd2160,0.5854243689,58.5,h5,2025-12-24,15:37:00,0,0
10359,idCX7o-9Hr4,hd2160,0.5889658866,58.9,h5,2025-12-24,15:37:01,0,0
10360,idCX7o-9Hr4,hd2160,0.5889658866,58.9,h5,2025-12-24,15:37:02,0,0
10361,idCX7o-9Hr4,hd2160,0.5942568795,59.4,h5,2025-12-24,15:37:03,0,0
10362,idCX7o-9Hr4,hd2160,0.6000377811,60.0,h5,2025-12-24,15:37:04,0,0
10363,idCX7o-9Hr4,hd2160,0.6000377811,60.0,h5,2025-12-24,15:37:05,0,0
10364,idCX7o-9Hr4,hd2160,0.6065045501,60.7,h5,2025-12-24,15:37:06,0,0
10365,idCX7o-9Hr4,hd2160,0.6065045501,60.7,h5,2025-12-24,15:37:07,0,0
10366,idCX7o-9Hr4,hd2160,0.6113056343,61.1,h5,2025-12-24,15:37:08,0,0
10367,idCX7o-9Hr4,hd2160,0.6113056343,61.1,h5,2025-12-24,15:37:09,0,0
10368,idCX7o-9Hr4,hd2160,0.6113056343,61.1,h5,2025-12-24,15:37:10,0,0
10369,idCX7o-9Hr4,hd2160,0.6174784593,61.7,h5,2025-12-24,15:37:11,0,0
10370,idCX7o-9Hr4,hd2160,0.6233573402,62.3,h5,2025-12-24,15:37:12,0,0
10371,idCX7o-9Hr4,hd2160,0.6233573402,62.3,h5,2025-12-24,15:37:13,0,0
10372,idCX7o-9Hr4,hd2160,0.628354389,62.8,h5,2025-12-24,15:37:14,0,0
10373,idCX7o-9Hr4,hd2160,0.6284523714,62.8,h5,2025-12-24,15:37:15,0,0
10374,idCX7o-9Hr4,hd2160,0.6346251964,63.5,h5,2025-12-24,15:37:16,0,0
10375,idCX7o-9Hr4,hd2160,0.6405040773,64.1,h5,2025-12-24,15:37:17,0,0
10376,idCX7o-9Hr4,hd2160,0.6405040773,64.1,h5,2025-12-24,15:37:18,0,0
10377,idCX7o-9Hr4,hd2160,0.6405040773,64.1,h5,2025-12-24,15:37:19,0,0
10378,idCX7o-9Hr4,hd2160,0.6454031438,64.5,h5,2025-12-24,15:37:20,0,0
10379,idCX7o-9Hr4,hd2160,0.6509880807,65.1,h5,2025-12-24,15:37:21,0,0
10380,idCX7o-9Hr4,hd2160,0.6509880807,65.1,h5,2025-12-24,15:37:22,0,0
10381,idCX7o-9Hr4,hd2160,0.6573568704,65.7,h5,2025-12-24,15:37:23,0,0
10382,idCX7o-9Hr4,hd2160,0.6573568704,65.7,h5,2025-12-24,15:37:24,0,0
10383,idCX7o-9Hr4,hd2160,0.6624518986,66.2,h5,2025-12-24,15:37:25,0,0
10384,idCX7o-9Hr4,hd2160,0.6624518986,66.2,h5,2025-12-24,15:37:26,0,0
10385,idCX7o-9Hr4,hd2160,0.6681348178,66.8,h5,2025-12-24,15:37:27,0,0
10386,idCX7o-9Hr4,hd2160,0.6681348178,66.8,h5,2025-12-24,15:37:28,0,0
10387,idCX7o-9Hr4,hd2160,0.6746015869,67.5,h5,2025-12-24,15:37:29,0,0
10388,idCX7o-9Hr4,hd2160,0.6746015869,67.5,h5,2025-12-24,15:37:30,0,0
10389,idCX7o-9Hr4,hd2160,0.6795006534,68.0,h5,2025-12-24,15:37:31,0,0
10390,idCX7o-9Hr4,hd2160,0.6795006534,68.0,h5,2025-12-24,15:37:32,0,0
10391,idCX7o-9Hr4,hd2160,0.6854775167,68.5,h5,2025-12-24,15:37:33,0,0
10392,idCX7o-9Hr4,hd2160,0.6854775167,68.5,h5,2025-12-24,15:37:34,0,0
10393,idCX7o-9Hr4,hd2160,0.6915523593,69.2,h5,2025-12-24,15:37:35,0,0
10394,idCX7o-9Hr4,hd2160,0.6915523593,69.2,h5,2025-12-24,15:37:36,0,0
10395,idCX7o-9Hr4,hd2160,0.6965494081,69.7,h5,2025-12-24,15:37:37,0,0
10396,idCX7o-9Hr4,hd2160,0.7025262714,70.3,h5,2025-12-24,15:37:38,0,0
10397,idCX7o-9Hr4,hd2160,0.7025262714,70.3,h5,2025-12-24,15:37:39,0,0
10398,idCX7o-9Hr4,hd2160,0.7025262714,70.3,h5,2025-12-24,15:37:40,0,0
10399,idCX7o-9Hr4,hd2160,0.7086990964,70.9,h5,2025-12-24,15:37:41,0,0
10400,idCX7o-9Hr4,hd2160,0.7086990964,70.9,h5,2025-12-24,15:37:42,0,0
10401,idCX7o-9Hr4,hd2160,0.7135981629,71.4,h5,2025-12-24,15:37:43,0,0
10402,idCX7o-9Hr4,hd2160,0.7188891558,71.9,h5,2025-12-24,15:37:44,0,0
10403,idCX7o-9Hr4,hd2160,0.7188891558,71.9,h5,2025-12-24,15:37:45,0,0
10404,idCX7o-9Hr4,hd2160,0.7188891558,71.9,h5,2025-12-24,15:37:46,0,0
10405,idCX7o-9Hr4,hd2160,0.7254539072,72.5,h5,2025-12-24,15:37:47,0,0
10406,idCX7o-9Hr4,hd2160,0.7306469177,73.1,h5,2025-12-24,15:37:48,0,0
10407,idCX7o-9Hr4,hd2160,0.7306469177,73.1,h5,2025-12-24,15:37:49,0,0
10408,idCX7o-9Hr4,hd2160,0.7306469177,73.1,h5,2025-12-24,15:37:50,0,0
10409,idCX7o-9Hr4,hd2160,0.7365257987,73.7,h5,2025-12-24,15:37:51,0,0
10410,idCX7o-9Hr4,hd2160,0.7365257987,73.7,h5,2025-12-24,15:37:52,0,0
10411,idCX7o-9Hr4,hd2160,0.7426986237,74.3,h5,2025-12-24,15:37:53,0,0
10412,idCX7o-9Hr4,hd2160,0.7426986237,74.3,h5,2025-12-24,15:37:54,0,0
10413,idCX7o-9Hr4,hd2160,0.7476956725,74.8,h5,2025-12-24,15:37:55,0,0
10414,idCX7o-9Hr4,hd2160,0.7543584062,75.4,h5,2025-12-24,15:37:56,0,0
10415,idCX7o-9Hr4,hd2160,0.7543584062,75.4,h5,2025-12-24,15:37:57,0,0
10416,idCX7o-9Hr4,hd2160,0.7606292106,76.1,h5,2025-12-24,15:37:58,0,0
10417,idCX7o-9Hr4,hd2160,0.7606292106,76.1,h5,2025-12-24,15:37:59,0,0
10418,idCX7o-9Hr4,hd2160,0.7647444272,76.5,h5,2025-12-24,15:38:00,0,0
10419,idCX7o-9Hr4,hd2160,0.7647444272,76.5,h5,2025-12-24,15:38:01,0,0
10420,idCX7o-9Hr4,hd2160,0.7704273465,77.0,h5,2025-12-24,15:38:02,0,0
10421,idCX7o-9Hr4,hd2160,0.7704273465,77.0,h5,2025-12-24,15:38:03,0,0
10422,idCX7o-9Hr4,hd2160,0.7771880596,77.7,h5,2025-12-24,15:38:04,0,0
10423,idCX7o-9Hr4,hd2160,0.7771880596,77.7,h5,2025-12-24,15:38:05,0,0
10424,idCX7o-9Hr4,hd2160,0.7771880596,77.7,h5,2025-12-24,15:38:06,0,0
10425,idCX7o-9Hr4,hd2160,0.7869861955,78.7,h5,2025-12-24,15:38:07,0,0
10426,idCX7o-9Hr4,hd2160,0.7869861955,78.7,h5,2025-12-24,15:38:08,0,0
10427,idCX7o-9Hr4,hd2160,0.7869861955,78.7,h5,2025-12-24,15:38:09,0,0
10428,idCX7o-9Hr4,hd2160,0.7937469086,79.4,h5,2025-12-24,15:38:10,0,0
10429,idCX7o-9Hr4,hd2160,0.7937469086,79.4,h5,2025-12-24,15:38:11,0,0
10430,idCX7o-9Hr4,hd2160,0.7988419368,79.9,h5,2025-12-24,15:38:12,0,0
10431,idCX7o-9Hr4,hd2160,0.7988419368,79.9,h5,2025-12-24,15:38:13,0,0
10432,idCX7o-9Hr4,hd2160,0.804524856,80.5,h5,2025-12-24,15:38:14,0,0
10433,idCX7o-9Hr4,hd2160,0.804524856,80.5,h5,2025-12-24,15:38:15,0,0
10434,idCX7o-9Hr4,hd2160,0.810403737,81.0,h5,2025-12-24,15:38:16,0,0
10435,idCX7o-9Hr4,hd2160,0.810403737,81.0,h5,2025-12-24,15:38:17,0,0
10436,idCX7o-9Hr4,hd2160,0.810403737,81.0,h5,2025-12-24,15:38:18,0,0
10437,idCX7o-9Hr4,hd2160,0.8214756285,82.1,h5,2025-12-24,15:38:19,0,0
10438,idCX7o-9Hr4,hd2160,0.8214756285,82.1,h5,2025-12-24,15:38:20,0,0
10439,idCX7o-9Hr4,hd2160,0.8214756285,82.1,h5,2025-12-24,15:38:21,0,0
10440,idCX7o-9Hr4,hd2160,0.8278444181,82.8,h5,2025-12-24,15:38:22,0,0
10441,idCX7o-9Hr4,hd2160,0.8329394464,83.3,h5,2025-12-24,15:38:23,0,0
10442,idCX7o-9Hr4,hd2160,0.8329394464,83.3,h5,2025-12-24,15:38:24,0,0
10443,idCX7o-9Hr4,hd2160,0.8329394464,83.3,h5,2025-12-24,15:38:25,0,0
10444,idCX7o-9Hr4,hd2160,0.8383284215,83.8,h5,2025-12-24,15:38:26,0,0
10445,idCX7o-9Hr4,hd2160,0.8383284215,83.8,h5,2025-12-24,15:38:27,0,0
10446,idCX7o-9Hr4,hd2160,0.8448931729,84.5,h5,2025-12-24,15:38:28,0,0
10447,idCX7o-9Hr4,hd2160,0.8448931729,84.5,h5,2025-12-24,15:38:29,0,0
10448,idCX7o-9Hr4,hd2160,0.8499882011,85.0,h5,2025-12-24,15:38:30,0,0
10449,idCX7o-9Hr4,hd2160,0.8559650644,85.6,h5,2025-12-24,15:38:31,0,0
10450,idCX7o-9Hr4,hd2160,0.8559650644,85.6,h5,2025-12-24,15:38:32,0,0
10451,idCX7o-9Hr4,hd2160,0.8620399071,86.2,h5,2025-12-24,15:38:33,0,0
10452,idCX7o-9Hr4,hd2160,0.8620399071,86.2,h5,2025-12-24,15:38:34,0,0
10453,idCX7o-9Hr4,hd2160,0.8670369559,86.7,h5,2025-12-24,15:38:35,0,0
10454,idCX7o-9Hr4,hd2160,0.8733077632,87.3,h5,2025-12-24,15:38:36,0,0
10455,idCX7o-9Hr4,hd2160,0.8733077632,87.3,h5,2025-12-24,15:38:37,0,0
10456,idCX7o-9Hr4,hd2160,0.8791866442,87.9,h5,2025-12-24,15:38:38,0,0
10457,idCX7o-9Hr4,hd2160,0.8791866442,87.9,h5,2025-12-24,15:38:39,0,0
10458,idCX7o-9Hr4,hd2160,0.8791866442,87.9,h5,2025-12-24,15:38:40,0,0
10459,idCX7o-9Hr4,hd2160,0.8840857107,88.4,h5,2025-12-24,15:38:41,0,0
10460,idCX7o-9Hr4,hd2160,0.8905524797,89.1,h5,2025-12-24,15:38:42,0,0
10461,idCX7o-9Hr4,hd2160,0.8905524797,89.1,h5,2025-12-24,15:38:43,0,0
10462,idCX7o-9Hr4,hd2160,0.8905524797,89.1,h5,2025-12-24,15:38:44,0,0
10463,idCX7o-9Hr4,hd2160,0.8963333813,89.6,h5,2025-12-24,15:38:45,0,0
10464,idCX7o-9Hr4,hd2160,0.8963333813,89.6,h5,2025-12-24,15:38:46,0,0
10465,idCX7o-9Hr4,hd2160,0.9011344655,90.1,h5,2025-12-24,15:38:47,0,0
10466,idCX7o-9Hr4,hd2160,0.9063274789,90.6,h5,2025-12-24,15:38:48,0,0
10467,idCX7o-9Hr4,hd2160,0.9063274789,90.6,h5,2025-12-24,15:38:49,0,0
10468,idCX7o-9Hr4,hd2160,0.912794248,91.3,h5,2025-12-24,15:38:50,0,0
10469,idCX7o-9Hr4,hd2160,0.912794248,91.3,h5,2025-12-24,15:38:51,0,0
10470,idCX7o-9Hr4,hd2160,0.9181832202,91.8,h5,2025-12-24,15:38:52,0,0
10471,idCX7o-9Hr4,hd2160,0.9181832202,91.8,h5,2025-12-24,15:38:53,0,0
10472,idCX7o-9Hr4,hd2160,0.9234742131,92.3,h5,2025-12-24,15:38:54,0,0
10473,idCX7o-9Hr4,hd2160,0.9234742131,92.3,h5,2025-12-24,15:38:55,0,0
10474,idCX7o-9Hr4,hd2160,0.9301369468,93.0,h5,2025-12-24,15:38:56,0,0
10475,idCX7o-9Hr4,hd2160,0.9301369468,93.0,h5,2025-12-24,15:38:57,0,0
10476,idCX7o-9Hr4,hd2160,0.935231975,93.5,h5,2025-12-24,15:38:58,0,0
10477,idCX7o-9Hr4,hd2160,0.9353299573,93.5,h5,2025-12-24,15:38:59,0,0
10478,idCX7o-9Hr4,hd2160,0.9406209502,94.1,h5,2025-12-24,15:39:00,0,0
10479,idCX7o-9Hr4,hd2160,0.9406209502,94.1,h5,2025-12-24,15:39:01,0,0
10480,idCX7o-9Hr4,hd2160,0.9471857016,94.7,h5,2025-12-24,15:39:02,0,0
10481,idCX7o-9Hr4,hd2160,0.9471857016,94.7,h5,2025-12-24,15:39:03,0,0
10482,idCX7o-9Hr4,hd2160,0.9522807298,95.2,h5,2025-12-24,15:39:04,0,0
10483,idCX7o-9Hr4,hd2160,0.9522807298,95.2,h5,2025-12-24,15:39:05,0,0
10484,idCX7o-9Hr4,hd2160,0.9583555754,95.8,h5,2025-12-24,15:39:06,0,0
10485,idCX7o-9Hr4,hd2160,0.9583555754,95.8,h5,2025-12-24,15:39:07,0,0
10486,idCX7o-9Hr4,hd2160,0.9642344564,96.4,h5,2025-12-24,15:39:08,0,0
10487,idCX7o-9Hr4,hd2160,0.9642344564,96.4,h5,2025-12-24,15:39:09,0,0
10488,idCX7o-9Hr4,hd2160,0.9693294846,96.9,h5,2025-12-24,15:39:10,0,0
10489,idCX7o-9Hr4,hd2160,0.9863782393,98.6,h5,2025-12-24,15:39:11,0,0
10490,idCX7o-9Hr4,hd2160,0.9863782393,98.6,h5,2025-12-24,15:39:12,0,0
10491,idCX7o-9Hr4,hd2160,0.9863782393,98.6,h5,2025-12-24,15:39:13,0,0
10492,idCX7o-9Hr4,hd2160,0.9863782393,98.6,h5,2025-12-24,15:39:14,0,0
10493,idCX7o-9Hr4,hd2160,0.9863782393,98.6,h5,2025-12-24,15:39:15,0,0
10494,idCX7o-9Hr4,hd2160,0.9863782393,98.6,h5,2025-12-24,15:39:16,0,0
10495,idCX7o-9Hr4,hd2160,1.0,100.0,h5,2025-12-24,15:39:17,0,0
10496,idCX7o-9Hr4,hd2160,1.0,100.0,h5,2025-12-24,15:39:18,0,0
10497,idCX7o-9Hr4,hd2160,1.0,100.0,h5,2025-12-24,15:39:19,0,0
10498,idCX7o-9Hr4,hd2160,1.0,100.0,h5,2025-12-24,15:39:20,0,0
10499,idCX7o-9Hr4,hd2160,1.0,100.0,h5,2025-12-24,15:39:21,0,0
10500,idCX7o-9Hr4,hd2160,1.0,100.0,h5,2025-12-24,15:39:22,0,0
10501,idCX7o-9Hr4,hd2160,1.0,100.0,h5,2025-12-24,15:39:23,0,0
10502,idCX7o-9Hr4,hd2160,1.0,100.0,h5,2025-12-24,15:39:24,0,0
10503,idCX7o-9Hr4,hd2160,1.0,100.0,h5,2025-12-24,15:39:25,0,0
10504,idCX7o-9Hr4,hd2160,1.0,100.0,h5,2025-12-24,15:39:26,0,0
10505,idCX7o-9Hr4,hd2160,1.0,100.0,h5,2025-12-24,15:39:27,0,0
10506,idCX7o-9Hr4,hd2160,1.0,100.0,h5,2025-12-24,15:39:28,0,0
10507,idCX7o-9Hr4,hd2160,1.0,100.0,h5,2025-12-24,15:39:29,0,0
10508,idCX7o-9Hr4,hd2160,1.0,100.0,h5,2025-12-24,15:39:30,0,0
10509,idCX7o-9Hr4,hd2160,1.0,100.0,h5,2025-12-24,15:39:31,0,0
10510,idCX7o-9Hr4,hd2160,1.0,100.0,h5,2025-12-24,15:39:32,0,0
10511,idCX7o-9Hr4,hd2160,1.0,100.0,h5,2025-12-24,15:39:33,0,0
10512,idCX7o-9Hr4,hd2160,1.0,100.0,h5,2025-12-24,15:39:34,0,0
10513,idCX7o-9Hr4,hd2160,1.0,100.0,h5,2025-12-24,15:39:35,0,0
10514,idCX7o-9Hr4,hd2160,1.0,100.0,h5,2025-12-24,15:39:36,0,0
10515,idCX7o-9Hr4,hd2160,1.0,100.0,h5,2025-12-24,15:39:37,0,0
10516,idCX7o-9Hr4,hd2160,1.0,100.0,h5,2025-12-24,15:39:38,0,0
10517,idCX7o-9Hr4,hd2160,1.0,100.0,h5,2025-12-24,15:39:39,0,0
10518,idCX7o-9Hr4,hd2160,1.0,100.0,h5,2025-12-24,15:39:40,0,0
10519,idCX7o-9Hr4,hd2160,1.0,100.0,h5,2025-12-24,15:39:41,0,0
10520,idCX7o-9Hr4,hd2160,1.0,100.0,h5,2025-12-24,15:39:42,0,0
10521,idCX7o-9Hr4,hd2160,1.0,100.0,h5,2025-12-24,15:39:43,0,0
10522,idCX7o-9Hr4,hd2160,1.0,100.0,h5,2025-12-24,15:39:44,0,0
10523,idCX7o-9Hr4,hd2160,1.0,100.0,h5,2025-12-24,15:39:45,0,0
5131,G-XZhKqQAHU,hd2160,0.0,0.0,h43,2025-11-11,14:14:06,0,0
5132,G-XZhKqQAHU,hd2160,0.0,0.0,h43,2025-11-11,14:14:07,0,0
5133,G-XZhKqQAHU,hd2160,0.0,0.0,h43,2025-11-11,14:14:08,0,0
5134,G-XZhKqQAHU,hd2160,0.01336943068,1.3,h43,2025-11-11,14:14:09,0,0
5135,G-XZhKqQAHU,hd2160,0.03455161773,3.5,h43,2025-11-11,14:14:10,0,0
5136,G-XZhKqQAHU,hd2160,0.04694019047,4.7,h43,2025-11-11,14:14:11,0,0
5137,G-XZhKqQAHU,hd2160,0.05626003389,5.6,h43,2025-11-11,14:14:12,0,0
5138,G-XZhKqQAHU,hd2160,0.07501337966,7.5,h43,2025-11-11,14:14:13,0,0
5139,G-XZhKqQAHU,hd2160,0.07501337966,7.5,h43,2025-11-11,14:14:14,0,0
5140,G-XZhKqQAHU,hd2160,0.07501337966,7.5,h43,2025-11-11,14:14:15,0,0
5141,G-XZhKqQAHU,hd2160,0.07501337966,7.5,h43,2025-11-11,14:14:16,0,0
5142,G-XZhKqQAHU,hd2160,0.09376672543,9.4,h43,2025-11-11,14:14:17,0,0
5143,G-XZhKqQAHU,hd2160,0.09376672543,9.4,h43,2025-11-11,14:14:18,0,0
5144,G-XZhKqQAHU,hd2160,0.09376672543,9.4,h43,2025-11-11,14:14:19,0,0
5145,G-XZhKqQAHU,hd2160,0.09376672543,9.4,h43,2025-11-11,14:14:20,0,0
5146,G-XZhKqQAHU,hd2160,0.09376672543,9.4,h43,2025-11-11,14:14:21,0,0
5147,G-XZhKqQAHU,hd2160,0.1125200712,11.3,h43,2025-11-11,14:14:22,0,0
5148,G-XZhKqQAHU,hd2160,0.1125200712,11.3,h43,2025-11-11,14:14:23,0,0
5149,G-XZhKqQAHU,hd2160,0.1125200712,11.3,h43,2025-11-11,14:14:24,0,0
5150,G-XZhKqQAHU,hd2160,0.1125200712,11.3,h43,2025-11-11,14:14:25,0,0
5151,G-XZhKqQAHU,hd2160,0.1125200712,11.3,h43,2025-11-11,14:14:26,0,0
5152,G-XZhKqQAHU,hd2160,0.1257531173,12.6,h43,2025-11-11,14:14:27,0,0
5153,G-XZhKqQAHU,hd2160,0.131273417,13.1,h43,2025-11-11,14:14:28,0,0
5154,G-XZhKqQAHU,hd2160,0.131273417,13.1,h43,2025-11-11,14:14:29,0,0
5155,G-XZhKqQAHU,hd2160,0.131273417,13.1,h43,2025-11-11,14:14:30,0,0
5156,G-XZhKqQAHU,hd2160,0.131273417,13.1,h43,2025-11-11,14:14:31,0,0
5157,G-XZhKqQAHU,hd2160,0.1441166185,14.4,h43,2025-11-11,14:14:32,0,0
5158,G-XZhKqQAHU,hd2160,0.1441166185,14.4,h43,2025-11-11,14:14:33,0,0
5159,G-XZhKqQAHU,hd2160,0.1441166185,14.4,h43,2025-11-11,14:14:34,0,0
5160,G-XZhKqQAHU,hd2160,0.1441166185,14.4,h43,2025-11-11,14:14:35,0,0
5161,G-XZhKqQAHU,hd2160,0.1441166185,14.4,h43,2025-11-11,14:14:36,0,0
5162,G-XZhKqQAHU,hd2160,0.1441166185,14.4,h43,2025-11-11,14:14:37,0,0
5163,G-XZhKqQAHU,hd2160,0.1585510108,15.9,h43,2025-11-11,14:14:38,0,0
5164,G-XZhKqQAHU,hd2160,0.1585510108,15.9,h43,2025-11-11,14:14:39,0,0
5165,G-XZhKqQAHU,hd2160,0.1687801085,16.9,h43,2025-11-11,14:14:40,0,0
5166,G-XZhKqQAHU,hd2160,0.1687801085,16.9,h43,2025-11-11,14:14:41,0,0
5167,G-XZhKqQAHU,hd2160,0.1687801085,16.9,h43,2025-11-11,14:14:42,0,0
5168,G-XZhKqQAHU,hd2160,0.1687801085,16.9,h43,2025-11-11,14:14:43,0,0
5169,G-XZhKqQAHU,hd2160,0.1875334543,18.8,h43,2025-11-11,14:14:44,0,0
5170,G-XZhKqQAHU,hd2160,0.1875334543,18.8,h43,2025-11-11,14:14:45,0,0
5171,G-XZhKqQAHU,hd2160,0.1875334543,18.8,h43,2025-11-11,14:14:46,0,0
5172,G-XZhKqQAHU,hd2160,0.1875334543,18.8,h43,2025-11-11,14:14:47,0,0
5173,G-XZhKqQAHU,hd2160,0.1875334543,18.8,h43,2025-11-11,14:14:48,0,0
5174,G-XZhKqQAHU,hd2160,0.1875334543,18.8,h43,2025-11-11,14:14:49,0,0
5175,G-XZhKqQAHU,hd2160,0.2062868,20.6,h43,2025-11-11,14:14:50,0,0
5176,G-XZhKqQAHU,hd2160,0.2062868,20.6,h43,2025-11-11,14:14:51,0,0
5177,G-XZhKqQAHU,hd2160,0.2062868,20.6,h43,2025-11-11,14:14:52,0,0
5178,G-XZhKqQAHU,hd2160,0.2062868,20.6,h43,2025-11-11,14:14:53,0,0
5179,G-XZhKqQAHU,hd2160,0.2062868,20.6,h43,2025-11-11,14:14:54,0,0
5180,G-XZhKqQAHU,hd2160,0.2250401458,22.5,h43,2025-11-11,14:14:55,0,0
5181,G-XZhKqQAHU,hd2160,0.2250401458,22.5,h43,2025-11-11,14:14:56,0,0
5182,G-XZhKqQAHU,hd2160,0.2250401458,22.5,h43,2025-11-11,14:14:57,0,0
5183,G-XZhKqQAHU,hd2160,0.2250401458,22.5,h43,2025-11-11,14:14:58,0,0
5184,G-XZhKqQAHU,hd2160,0.2250401458,22.5,h43,2025-11-11,14:14:59,0,0
5185,G-XZhKqQAHU,hd2160,0.2250401458,22.5,h43,2025-11-11,14:15:00,0,0
5186,G-XZhKqQAHU,hd2160,0.2437934916,24.4,h43,2025-11-11,14:15:01,0,0
5187,G-XZhKqQAHU,hd2160,0.2437934916,24.4,h43,2025-11-11,14:15:02,0,0
5188,G-XZhKqQAHU,hd2160,0.2437934916,24.4,h43,2025-11-11,14:15:03,0,0
5189,G-XZhKqQAHU,hd2160,0.2437934916,24.4,h43,2025-11-11,14:15:04,0,0
5190,G-XZhKqQAHU,hd2160,0.2437934916,24.4,h43,2025-11-11,14:15:05,0,0
5191,G-XZhKqQAHU,hd2160,0.2437934916,24.4,h43,2025-11-11,14:15:06,0,0
5192,G-XZhKqQAHU,hd2160,0.2595917669,26.0,h43,2025-11-11,14:15:07,0,0
5193,G-XZhKqQAHU,hd2160,0.2595917669,26.0,h43,2025-11-11,14:15:08,0,0
5194,G-XZhKqQAHU,hd2160,0.2595917669,26.0,h43,2025-11-11,14:15:09,0,0
5195,G-XZhKqQAHU,hd2160,0.2595917669,26.0,h43,2025-11-11,14:15:10,0,0
5196,G-XZhKqQAHU,hd2160,0.2736851893,27.4,h43,2025-11-11,14:15:11,0,0
5197,G-XZhKqQAHU,hd2160,0.2736851893,27.4,h43,2025-11-11,14:15:12,0,0
5198,G-XZhKqQAHU,hd2160,0.2736851893,27.4,h43,2025-11-11,14:15:13,0,0
5199,G-XZhKqQAHU,hd2160,0.2736851893,27.4,h43,2025-11-11,14:15:14,0,0
5200,G-XZhKqQAHU,hd2160,0.2736851893,27.4,h43,2025-11-11,14:15:15,0,0
5201,G-XZhKqQAHU,hd2160,0.2923248796,29.2,h43,2025-11-11,14:15:16,0,0
5202,G-XZhKqQAHU,hd2160,0.2923248796,29.2,h43,2025-11-11,14:15:17,0,0
5203,G-XZhKqQAHU,hd2160,0.2923248796,29.2,h43,2025-11-11,14:15:18,0,0
5204,G-XZhKqQAHU,hd2160,0.2923248796,29.2,h43,2025-11-11,14:15:19,0,0
5205,G-XZhKqQAHU,hd2160,0.2923248796,29.2,h43,2025-11-11,14:15:20,0,0
5206,G-XZhKqQAHU,hd2160,0.3078958371,30.8,h43,2025-11-11,14:15:21,0,0
5207,G-XZhKqQAHU,hd2160,0.3078958371,30.8,h43,2025-11-11,14:15:22,0,0
5208,G-XZhKqQAHU,hd2160,0.3078958371,30.8,h43,2025-11-11,14:15:23,0,0
5209,G-XZhKqQAHU,hd2160,0.3078958371,30.8,h43,2025-11-11,14:15:24,0,0
5210,G-XZhKqQAHU,hd2160,0.3078958371,30.8,h43,2025-11-11,14:15:25,0,0
5211,G-XZhKqQAHU,hd2160,0.3078958371,30.8,h43,2025-11-11,14:15:26,0,0
5212,G-XZhKqQAHU,hd2160,0.3277857515,32.8,h43,2025-11-11,14:15:27,0,0
5213,G-XZhKqQAHU,hd2160,0.3277857515,32.8,h43,2025-11-11,14:15:28,0,0
5214,G-XZhKqQAHU,hd2160,0.3277857515,32.8,h43,2025-11-11,14:15:29,0,0
5215,G-XZhKqQAHU,hd2160,0.3375602204,33.8,h43,2025-11-11,14:15:30,0,0
5216,G-XZhKqQAHU,hd2160,0.3375602204,33.8,h43,2025-11-11,14:15:31,0,0
5217,G-XZhKqQAHU,hd2160,0.3375602204,33.8,h43,2025-11-11,14:15:32,0,0
5218,G-XZhKqQAHU,hd2160,0.3409733327,34.1,h43,2025-11-11,14:15:33,0,0
5219,G-XZhKqQAHU,hd2160,0.3510853618,35.1,h43,2025-11-11,14:15:34,0,0
5220,G-XZhKqQAHU,hd2160,0.3510853618,35.1,h43,2025-11-11,14:15:35,0,0
5221,G-XZhKqQAHU,hd2160,0.3510853618,35.1,h43,2025-11-11,14:15:36,0,0
5222,G-XZhKqQAHU,hd2160,0.3510853618,35.1,h43,2025-11-11,14:15:37,0,0
5223,G-XZhKqQAHU,hd2160,0.363701249,36.4,h43,2025-11-11,14:15:38,0,0
5224,G-XZhKqQAHU,hd2160,0.363701249,36.4,h43,2025-11-11,14:15:39,0,0
5225,G-XZhKqQAHU,hd2160,0.363701249,36.4,h43,2025-11-11,14:15:40,0,0
5226,G-XZhKqQAHU,hd2160,0.363701249,36.4,h43,2025-11-11,14:15:41,0,0
5227,G-XZhKqQAHU,hd2160,0.363701249,36.4,h43,2025-11-11,14:15:42,0,0
5228,G-XZhKqQAHU,hd2160,0.3831365346,38.3,h43,2025-11-11,14:15:43,0,0
5229,G-XZhKqQAHU,hd2160,0.3831365346,38.3,h43,2025-11-11,14:15:44,0,0
5230,G-XZhKqQAHU,hd2160,0.3831365346,38.3,h43,2025-11-11,14:15:45,0,0
5231,G-XZhKqQAHU,hd2160,0.3831365346,38.3,h43,2025-11-11,14:15:46,0,0
5232,G-XZhKqQAHU,hd2160,0.3918880971,39.2,h43,2025-11-11,14:15:47,0,0
5233,G-XZhKqQAHU,hd2160,0.3918880971,39.2,h43,2025-11-11,14:15:48,0,0
5234,G-XZhKqQAHU,hd2160,0.3918880971,39.2,h43,2025-11-11,14:15:49,0,0
5235,G-XZhKqQAHU,hd2160,0.4001850307,40.0,h43,2025-11-11,14:15:50,0,0
5236,G-XZhKqQAHU,hd2160,0.4001850307,40.0,h43,2025-11-11,14:15:51,0,0
5237,G-XZhKqQAHU,hd2160,0.4001850307,40.0,h43,2025-11-11,14:15:52,0,0
5238,G-XZhKqQAHU,hd2160,0.4095048742,41.0,h43,2025-11-11,14:15:53,0,0
5239,G-XZhKqQAHU,hd2160,0.4210978515,42.1,h43,2025-11-11,14:15:54,0,0
5240,G-XZhKqQAHU,hd2160,0.4210978515,42.1,h43,2025-11-11,14:15:55,0,0
5241,G-XZhKqQAHU,hd2160,0.4210978515,42.1,h43,2025-11-11,14:15:56,0,0
5242,G-XZhKqQAHU,hd2160,0.4210978515,42.1,h43,2025-11-11,14:15:57,0,0
5243,G-XZhKqQAHU,hd2160,0.4210978515,42.1,h43,2025-11-11,14:15:58,0,0
5244,G-XZhKqQAHU,hd2160,0.4313269492,43.1,h43,2025-11-11,14:15:59,0,0
5245,G-XZhKqQAHU,hd2160,0.4313269492,43.1,h43,2025-11-11,14:16:00,0,0
5246,G-XZhKqQAHU,hd2160,0.4432643097,44.3,h43,2025-11-11,14:16:01,0,0
5247,G-XZhKqQAHU,hd2160,0.4443974652,44.4,h43,2025-11-11,14:16:02,0,0
5248,G-XZhKqQAHU,hd2160,0.4443974652,44.4,h43,2025-11-11,14:16:03,0,0
5249,G-XZhKqQAHU,hd2160,0.4443974652,44.4,h43,2025-11-11,14:16:04,0,0
5250,G-XZhKqQAHU,hd2160,0.4562177536,45.6,h43,2025-11-11,14:16:05,0,0
5251,G-XZhKqQAHU,hd2160,0.4562177536,45.6,h43,2025-11-11,14:16:06,0,0
5252,G-XZhKqQAHU,hd2160,0.4562177536,45.6,h43,2025-11-11,14:16:07,0,0
5253,G-XZhKqQAHU,hd2160,0.4562177536,45.6,h43,2025-11-11,14:16:08,0,0
5254,G-XZhKqQAHU,hd2160,0.4562177536,45.6,h43,2025-11-11,14:16:09,0,0
5255,G-XZhKqQAHU,hd2160,0.4812222169,48.1,h43,2025-11-11,14:16:10,0,0
5256,G-XZhKqQAHU,hd2160,0.4812222169,48.1,h43,2025-11-11,14:16:11,0,0
5257,G-XZhKqQAHU,hd2160,0.4812222169,48.1,h43,2025-11-11,14:16:12,0,0
5258,G-XZhKqQAHU,hd2160,0.4812222169,48.1,h43,2025-11-11,14:16:13,0,0
5259,G-XZhKqQAHU,hd2160,0.4812222169,48.1,h43,2025-11-11,14:16:14,0,0
5260,G-XZhKqQAHU,hd2160,0.4812222169,48.1,h43,2025-11-11,14:16:15,0,0
5261,G-XZhKqQAHU,hd2160,0.5063403323,50.6,h43,2025-11-11,14:16:16,0,0
5262,G-XZhKqQAHU,hd2160,0.5063403323,50.6,h43,2025-11-11,14:16:17,0,0
5263,G-XZhKqQAHU,hd2160,0.5063403323,50.6,h43,2025-11-11,14:16:18,0,0
5264,G-XZhKqQAHU,hd2160,0.5063403323,50.6,h43,2025-11-11,14:16:19,0,0
5265,G-XZhKqQAHU,hd2160,0.5063403323,50.6,h43,2025-11-11,14:16:20,0,0
5266,G-XZhKqQAHU,hd2160,0.5063403323,50.6,h43,2025-11-11,14:16:21,0,0
5267,G-XZhKqQAHU,hd2160,0.5063403323,50.6,h43,2025-11-11,14:16:22,0,0
5268,G-XZhKqQAHU,hd2160,0.5063403323,50.6,h43,2025-11-11,14:16:23,0,0
5269,G-XZhKqQAHU,hd2160,0.5250936781,52.5,h43,2025-11-11,14:16:24,0,0
5270,G-XZhKqQAHU,hd2160,0.5250936781,52.5,h43,2025-11-11,14:16:25,0,0
5271,G-XZhKqQAHU,hd2160,0.5250936781,52.5,h43,2025-11-11,14:16:26,0,0
5272,G-XZhKqQAHU,hd2160,0.5438470238,54.4,h43,2025-11-11,14:16:27,0,0
5273,G-XZhKqQAHU,hd2160,0.5438470238,54.4,h43,2025-11-11,14:16:28,0,0
5274,G-XZhKqQAHU,hd2160,0.5438470238,54.4,h43,2025-11-11,14:16:29,0,0
5275,G-XZhKqQAHU,hd2160,0.5438470238,54.4,h43,2025-11-11,14:16:30,0,0
5276,G-XZhKqQAHU,hd2160,0.5438470238,54.4,h43,2025-11-11,14:16:31,0,0
5277,G-XZhKqQAHU,hd2160,0.5438470238,54.4,h43,2025-11-11,14:16:32,0,0
5278,G-XZhKqQAHU,hd2160,0.5438470238,54.4,h43,2025-11-11,14:16:33,0,0
5279,G-XZhKqQAHU,hd2160,0.5438470238,54.4,h43,2025-11-11,14:16:34,0,0
5280,G-XZhKqQAHU,hd2160,0.5626003696,56.3,h43,2025-11-11,14:16:35,0,0
5281,G-XZhKqQAHU,hd2160,0.5626003696,56.3,h43,2025-11-11,14:16:36,0,0
5282,G-XZhKqQAHU,hd2160,0.5626003696,56.3,h43,2025-11-11,14:16:37,0,0
5283,G-XZhKqQAHU,hd2160,0.5626003696,56.3,h43,2025-11-11,14:16:38,0,0
5284,G-XZhKqQAHU,hd2160,0.5626003696,56.3,h43,2025-11-11,14:16:39,0,0
5285,G-XZhKqQAHU,hd2160,0.5765801365,57.7,h43,2025-11-11,14:16:40,0,0
5286,G-XZhKqQAHU,hd2160,0.5765801365,57.7,h43,2025-11-11,14:16:41,0,0
5287,G-XZhKqQAHU,hd2160,0.5765801365,57.7,h43,2025-11-11,14:16:42,0,0
5288,G-XZhKqQAHU,hd2160,0.5765801365,57.7,h43,2025-11-11,14:16:43,0,0
5289,G-XZhKqQAHU,hd2160,0.5878321439,58.8,h43,2025-11-11,14:16:44,0,0
5290,G-XZhKqQAHU,hd2160,0.5878321439,58.8,h43,2025-11-11,14:16:45,0,0
5291,G-XZhKqQAHU,hd2160,0.5878321439,58.8,h43,2025-11-11,14:16:46,0,0
5292,G-XZhKqQAHU,hd2160,0.6001070611,60.0,h43,2025-11-11,14:16:47,0,0
5293,G-XZhKqQAHU,hd2160,0.6001070611,60.0,h43,2025-11-11,14:16:48,0,0
5294,G-XZhKqQAHU,hd2160,0.6001070611,60.0,h43,2025-11-11,14:16:49,0,0
5295,G-XZhKqQAHU,hd2160,0.6001070611,60.0,h43,2025-11-11,14:16:50,0,0
5296,G-XZhKqQAHU,hd2160,0.6124956373,61.2,h43,2025-11-11,14:16:51,0,0
5297,G-XZhKqQAHU,hd2160,0.6124956373,61.2,h43,2025-11-11,14:16:52,0,0
5298,G-XZhKqQAHU,hd2160,0.6124956373,61.2,h43,2025-11-11,14:16:53,0,0
5299,G-XZhKqQAHU,hd2160,0.6188604069,61.9,h43,2025-11-11,14:16:54,0,0
5300,G-XZhKqQAHU,hd2160,0.6255661499,62.6,h43,2025-11-11,14:16:55,0,0
5301,G-XZhKqQAHU,hd2160,0.6255661499,62.6,h43,2025-11-11,14:16:56,0,0
5302,G-XZhKqQAHU,hd2160,0.6255661499,62.6,h43,2025-11-11,14:16:57,0,0
5303,G-XZhKqQAHU,hd2160,0.6376137527,63.8,h43,2025-11-11,14:16:58,0,0
5304,G-XZhKqQAHU,hd2160,0.6376137527,63.8,h43,2025-11-11,14:16:59,0,0
5305,G-XZhKqQAHU,hd2160,0.6376137527,63.8,h43,2025-11-11,14:17:00,0,0
5306,G-XZhKqQAHU,hd2160,0.6376137527,63.8,h43,2025-11-11,14:17:01,0,0
5307,G-XZhKqQAHU,hd2160,0.6382309117,63.8,h43,2025-11-11,14:17:02,0,0
5308,G-XZhKqQAHU,hd2160,0.6465926296,64.7,h43,2025-11-11,14:17:03,0,0
5309,G-XZhKqQAHU,hd2160,0.6465926296,64.7,h43,2025-11-11,14:17:04,0,0
5310,G-XZhKqQAHU,hd2160,0.6563670984,65.6,h43,2025-11-11,14:17:05,0,0
5311,G-XZhKqQAHU,hd2160,0.6563670984,65.6,h43,2025-11-11,14:17:06,0,0
5312,G-XZhKqQAHU,hd2160,0.6563670984,65.6,h43,2025-11-11,14:17:07,0,0
5313,G-XZhKqQAHU,hd2160,0.6690966445,66.9,h43,2025-11-11,14:17:08,0,0
5314,G-XZhKqQAHU,hd2160,0.6690966445,66.9,h43,2025-11-11,14:17:09,0,0
5315,G-XZhKqQAHU,hd2160,0.6690966445,66.9,h43,2025-11-11,14:17:10,0,0
5316,G-XZhKqQAHU,hd2160,0.6690966445,66.9,h43,2025-11-11,14:17:11,0,0
5317,G-XZhKqQAHU,hd2160,0.6819398427,68.2,h43,2025-11-11,14:17:12,0,0
5318,G-XZhKqQAHU,hd2160,0.6819398427,68.2,h43,2025-11-11,14:17:13,0,0
5319,G-XZhKqQAHU,hd2160,0.6819398427,68.2,h43,2025-11-11,14:17:14,0,0
5320,G-XZhKqQAHU,hd2160,0.69387379,69.4,h43,2025-11-11,14:17:15,0,0
5321,G-XZhKqQAHU,hd2160,0.69387379,69.4,h43,2025-11-11,14:17:16,0,0
5322,G-XZhKqQAHU,hd2160,0.7038755767,70.4,h43,2025-11-11,14:17:17,0,0
5323,G-XZhKqQAHU,hd2160,0.7038755767,70.4,h43,2025-11-11,14:17:18,0,0
5324,G-XZhKqQAHU,hd2160,0.7038755767,70.4,h43,2025-11-11,14:17:19,0,0
5325,G-XZhKqQAHU,hd2160,0.7038755767,70.4,h43,2025-11-11,14:17:20,0,0
5326,G-XZhKqQAHU,hd2160,0.7038755767,70.4,h43,2025-11-11,14:17:21,0,0
5327,G-XZhKqQAHU,hd2160,0.7189919088,71.9,h43,2025-11-11,14:17:22,0,0
5328,G-XZhKqQAHU,hd2160,0.7189919088,71.9,h43,2025-11-11,14:17:23,0,0
5329,G-XZhKqQAHU,hd2160,0.7189919088,71.9,h43,2025-11-11,14:17:24,0,0
5330,G-XZhKqQAHU,hd2160,0.7189919088,71.9,h43,2025-11-11,14:17:25,0,0
5331,G-XZhKqQAHU,hd2160,0.7313804815,73.1,h43,2025-11-11,14:17:26,0,0
5332,G-XZhKqQAHU,hd2160,0.7313804815,73.1,h43,2025-11-11,14:17:27,0,0
5333,G-XZhKqQAHU,hd2160,0.7313804815,73.1,h43,2025-11-11,14:17:28,0,0
5334,G-XZhKqQAHU,hd2160,0.7458148772,74.6,h43,2025-11-11,14:17:29,0,0
5335,G-XZhKqQAHU,hd2160,0.7458148772,74.6,h43,2025-11-11,14:17:30,0,0
5336,G-XZhKqQAHU,hd2160,0.7458148772,74.6,h43,2025-11-11,14:17:31,0,0
5337,G-XZhKqQAHU,hd2160,0.7458148772,74.6,h43,2025-11-11,14:17:32,0,0
5338,G-XZhKqQAHU,hd2160,0.7458148772,74.6,h43,2025-11-11,14:17:33,0,0
5339,G-XZhKqQAHU,hd2160,0.7574078546,75.7,h43,2025-11-11,14:17:34,0,0
5340,G-XZhKqQAHU,hd2160,0.7574078546,75.7,h43,2025-11-11,14:17:35,0,0
5341,G-XZhKqQAHU,hd2160,0.7574078546,75.7,h43,2025-11-11,14:17:36,0,0
5342,G-XZhKqQAHU,hd2160,0.7688871731,76.9,h43,2025-11-11,14:17:37,0,0
5343,G-XZhKqQAHU,hd2160,0.7688871731,76.9,h43,2025-11-11,14:17:38,0,0
5344,G-XZhKqQAHU,hd2160,0.7688871731,76.9,h43,2025-11-11,14:17:39,0,0
5345,G-XZhKqQAHU,hd2160,0.7688871731,76.9,h43,2025-11-11,14:17:40,0,0
5346,G-XZhKqQAHU,hd2160,0.7842308196,78.4,h43,2025-11-11,14:17:41,0,0
5347,G-XZhKqQAHU,hd2160,0.7842308196,78.4,h43,2025-11-11,14:17:42,0,0
5348,G-XZhKqQAHU,hd2160,0.7842308196,78.4,h43,2025-11-11,14:17:43,0,0
5349,G-XZhKqQAHU,hd2160,0.7842308196,78.4,h43,2025-11-11,14:17:44,0,0
5350,G-XZhKqQAHU,hd2160,0.8023022255,80.2,h43,2025-11-11,14:17:45,0,0
5351,G-XZhKqQAHU,hd2160,0.8023022255,80.2,h43,2025-11-11,14:17:46,0,0
5352,G-XZhKqQAHU,hd2160,0.8023022255,80.2,h43,2025-11-11,14:17:47,0,0
5353,G-XZhKqQAHU,hd2160,0.8023022255,80.2,h43,2025-11-11,14:17:48,0,0
5354,G-XZhKqQAHU,hd2160,0.8023022255,80.2,h43,2025-11-11,14:17:49,0,0
5355,G-XZhKqQAHU,hd2160,0.8251472104,82.5,h43,2025-11-11,14:17:50,0,0
5356,G-XZhKqQAHU,hd2160,0.8251472104,82.5,h43,2025-11-11,14:17:51,0,0
5357,G-XZhKqQAHU,hd2160,0.8251472104,82.5,h43,2025-11-11,14:17:52,0,0
5358,G-XZhKqQAHU,hd2160,0.8251472104,82.5,h43,2025-11-11,14:17:53,0,0
5359,G-XZhKqQAHU,hd2160,0.8251472104,82.5,h43,2025-11-11,14:17:54,0,0
5360,G-XZhKqQAHU,hd2160,0.8251472104,82.5,h43,2025-11-11,14:17:55,0,0
5361,G-XZhKqQAHU,hd2160,0.8251472104,82.5,h43,2025-11-11,14:17:56,0,0
5362,G-XZhKqQAHU,hd2160,0.8439005561,84.4,h43,2025-11-11,14:17:57,0,0
5363,G-XZhKqQAHU,hd2160,0.8439005561,84.4,h43,2025-11-11,14:17:58,0,0
5364,G-XZhKqQAHU,hd2160,0.8439005561,84.4,h43,2025-11-11,14:17:59,0,0
5365,G-XZhKqQAHU,hd2160,0.8439005561,84.4,h43,2025-11-11,14:18:00,0,0
5366,G-XZhKqQAHU,hd2160,0.8439005561,84.4,h43,2025-11-11,14:18:01,0,0
5367,G-XZhKqQAHU,hd2160,0.8524282173,85.2,h43,2025-11-11,14:18:02,0,0
5368,G-XZhKqQAHU,hd2160,0.8626539019,86.3,h43,2025-11-11,14:18:03,0,0
5369,G-XZhKqQAHU,hd2160,0.8626539019,86.3,h43,2025-11-11,14:18:04,0,0
5370,G-XZhKqQAHU,hd2160,0.8626539019,86.3,h43,2025-11-11,14:18:05,0,0
5371,G-XZhKqQAHU,hd2160,0.8814072477,88.1,h43,2025-11-11,14:18:06,0,0
5372,G-XZhKqQAHU,hd2160,0.8814072477,88.1,h43,2025-11-11,14:18:07,0,0
5373,G-XZhKqQAHU,hd2160,0.8814072477,88.1,h43,2025-11-11,14:18:08,0,0
5374,G-XZhKqQAHU,hd2160,0.8814072477,88.1,h43,2025-11-11,14:18:09,0,0
5375,G-XZhKqQAHU,hd2160,0.8814072477,88.1,h43,2025-11-11,14:18:10,0,0
5376,G-XZhKqQAHU,hd2160,0.8814072477,88.1,h43,2025-11-11,14:18:11,0,0
5377,G-XZhKqQAHU,hd2160,0.8814072477,88.1,h43,2025-11-11,14:18:12,0,0
5378,G-XZhKqQAHU,hd2160,0.8814072477,88.1,h43,2025-11-11,14:18:13,0,0
5379,G-XZhKqQAHU,hd2160,0.9001605934,90.0,h43,2025-11-11,14:18:14,0,0
5380,G-XZhKqQAHU,hd2160,0.9001605934,90.0,h43,2025-11-11,14:18:15,0,0
5381,G-XZhKqQAHU,hd2160,0.9001605934,90.0,h43,2025-11-11,14:18:16,0,0
5382,G-XZhKqQAHU,hd2160,0.9083438716,90.8,h43,2025-11-11,14:18:17,0,0
5383,G-XZhKqQAHU,hd2160,0.9083438716,90.8,h43,2025-11-11,14:18:18,0,0
5384,G-XZhKqQAHU,hd2160,0.9083438716,90.8,h43,2025-11-11,14:18:19,0,0
5385,G-XZhKqQAHU,hd2160,0.9083438716,90.8,h43,2025-11-11,14:18:20,0,0
5386,G-XZhKqQAHU,hd2160,0.9083438716,90.8,h43,2025-11-11,14:18:21,0,0
5387,G-XZhKqQAHU,hd2160,0.9189139392,91.9,h43,2025-11-11,14:18:22,0,0
5388,G-XZhKqQAHU,hd2160,0.9278928161,92.8,h43,2025-11-11,14:18:23,0,0
5389,G-XZhKqQAHU,hd2160,0.9278928161,92.8,h43,2025-11-11,14:18:24,0,0
5390,G-XZhKqQAHU,hd2160,0.9278928161,92.8,h43,2025-11-11,14:18:25,0,0
5391,G-XZhKqQAHU,hd2160,0.937667285,93.8,h43,2025-11-11,14:18:26,0,0
5392,G-XZhKqQAHU,hd2160,0.937667285,93.8,h43,2025-11-11,14:18:27,0,0
5393,G-XZhKqQAHU,hd2160,0.937667285,93.8,h43,2025-11-11,14:18:28,0,0
5394,G-XZhKqQAHU,hd2160,0.937667285,93.8,h43,2025-11-11,14:18:29,0,0
5395,G-XZhKqQAHU,hd2160,0.937667285,93.8,h43,2025-11-11,14:18:30,0,0
5396,G-XZhKqQAHU,hd2160,0.9455095932,94.6,h43,2025-11-11,14:18:31,0,0
5397,G-XZhKqQAHU,hd2160,0.9564206307,95.6,h43,2025-11-11,14:18:32,0,0
5398,G-XZhKqQAHU,hd2160,0.9564206307,95.6,h43,2025-11-11,14:18:33,0,0
5399,G-XZhKqQAHU,hd2160,0.9564206307,95.6,h43,2025-11-11,14:18:34,0,0
5400,G-XZhKqQAHU,hd2160,0.9626717483,96.3,h43,2025-11-11,14:18:35,0,0
5401,G-XZhKqQAHU,hd2160,0.9694911467,96.9,h43,2025-11-11,14:18:36,0,0
5402,G-XZhKqQAHU,hd2160,0.9694911467,96.9,h43,2025-11-11,14:18:37,0,0
5403,G-XZhKqQAHU,hd2160,0.9694911467,96.9,h43,2025-11-11,14:18:38,0,0
5404,G-XZhKqQAHU,hd2160,0.9751739765,97.5,h43,2025-11-11,14:18:39,0,0
5405,G-XZhKqQAHU,hd2160,0.9811977796,98.1,h43,2025-11-11,14:18:40,0,0
5406,G-XZhKqQAHU,hd2160,0.9811977796,98.1,h43,2025-11-11,14:18:41,0,0
5407,G-XZhKqQAHU,hd2160,0.9811977796,98.1,h43,2025-11-11,14:18:42,0,0
5408,G-XZhKqQAHU,hd2160,0.988358148,98.8,h43,2025-11-11,14:18:43,0,0
5409,G-XZhKqQAHU,hd2160,0.9944956066,99.4,h43,2025-11-11,14:18:44,0,0
5410,G-XZhKqQAHU,hd2160,0.9944956066,99.4,h43,2025-11-11,14:18:45,0,0
5411,G-XZhKqQAHU,hd2160,0.9944956066,99.4,h43,2025-11-11,14:18:46,0,0
5412,G-XZhKqQAHU,hd2160,1.0,100.0,h43,2025-11-11,14:18:47,0,0
5413,G-XZhKqQAHU,hd2160,1.0,100.0,h43,2025-11-11,14:18:48,0,0
5414,G-XZhKqQAHU,hd2160,1.0,100.0,h43,2025-11-11,14:18:49,0,0
5415,G-XZhKqQAHU,hd2160,1.0,100.0,h43,2025-11-11,14:18:50,0,0
5416,G-XZhKqQAHU,hd2160,1.0,100.0,h43,2025-11-11,14:18:51,0,0
5417,G-XZhKqQAHU,hd2160,1.0,100.0,h43,2025-11-11,14:18:52,0,0
5418,G-XZhKqQAHU,hd2160,1.0,100.0,h43,2025-11-11,14:18:53,0,0
5419,G-XZhKqQAHU,hd2160,1.0,100.0,h43,2025-11-11,14:18:54,0,0
5420,G-XZhKqQAHU,hd2160,1.0,100.0,h43,2025-11-11,14:18:55,0,0
5421,G-XZhKqQAHU,hd2160,1.0,100.0,h43,2025-11-11,14:18:56,0,0
5422,G-XZhKqQAHU,hd2160,1.0,100.0,h43,2025-11-11,14:18:57,0,0
5423,G-XZhKqQAHU,hd2160,1.0,100.0,h43,2025-11-11,14:18:58,0,0
5424,G-XZhKqQAHU,hd2160,1.0,100.0,h43,2025-11-11,14:18:59,0,0
5425,G-XZhKqQAHU,hd2160,1.0,100.0,h43,2025-11-11,14:19:00,0,0
5426,G-XZhKqQAHU,hd2160,1.0,100.0,h43,2025-11-11,14:19:01,0,0
5427,G-XZhKqQAHU,hd2160,1.0,100.0,h43,2025-11-11,14:19:02,0,0
5428,G-XZhKqQAHU,hd2160,1.0,100.0,h43,2025-11-11,14:19:03,0,0
5429,G-XZhKqQAHU,hd2160,1.0,100.0,h43,2025-11-11,14:19:04,0,0
5430,G-XZhKqQAHU,hd2160,1.0,100.0,h43,2025-11-11,14:19:05,0,0
5431,G-XZhKqQAHU,hd2160,1.0,100.0,h43,2025-11-11,14:19:06,0,0
5432,G-XZhKqQAHU,hd2160,1.0,100.0,h43,2025-11-11,14:19:07,0,0
5433,G-XZhKqQAHU,hd2160,1.0,100.0,h43,2025-11-11,14:19:08,0,0
5434,G-XZhKqQAHU,hd2160,1.0,100.0,h43,2025-11-11,14:19:09,0,0
5435,G-XZhKqQAHU,hd2160,1.0,100.0,h43,2025-11-11,14:19:10,0,0
5436,G-XZhKqQAHU,hd2160,1.0,100.0,h43,2025-11-11,14:19:11,0,0
9946,Zgaw2eNP9eo,hd2160,0.0,0.0,h4,2025-12-24,15:29:28,0,0
9947,Zgaw2eNP9eo,hd2160,0.0,0.0,h4,2025-12-24,15:29:29,0,0
9948,Zgaw2eNP9eo,hd2160,0.01250201914,1.3,h4,2025-12-24,15:29:30,0,0
9949,Zgaw2eNP9eo,hd2160,0.02685619458,2.7,h4,2025-12-24,15:29:31,0,0
9950,Zgaw2eNP9eo,hd2160,0.05371239378,5.4,h4,2025-12-24,15:29:32,0,0
9951,Zgaw2eNP9eo,hd2160,0.06019492462,6.0,h4,2025-12-24,15:29:33,0,0
9952,Zgaw2eNP9eo,hd2160,0.08566201007,8.6,h4,2025-12-24,15:29:34,0,0
9953,Zgaw2eNP9eo,hd2160,0.1074247922,10.7,h4,2025-12-24,15:29:35,0,0
9954,Zgaw2eNP9eo,hd2160,0.1074247922,10.7,h4,2025-12-24,15:29:36,0,0
9955,Zgaw2eNP9eo,hd2160,0.1074247922,10.7,h4,2025-12-24,15:29:37,0,0
9956,Zgaw2eNP9eo,hd2160,0.1125182093,11.3,h4,2025-12-24,15:29:38,0,0
9957,Zgaw2eNP9eo,hd2160,0.1223963531,12.2,h4,2025-12-24,15:29:39,0,0
9958,Zgaw2eNP9eo,hd2160,0.1223963531,12.2,h4,2025-12-24,15:29:40,0,0
9959,Zgaw2eNP9eo,hd2160,0.1342809914,13.4,h4,2025-12-24,15:29:41,0,0
9960,Zgaw2eNP9eo,hd2160,0.1342809914,13.4,h4,2025-12-24,15:29:42,0,0
9961,Zgaw2eNP9eo,hd2160,0.1393744085,13.9,h4,2025-12-24,15:29:43,0,0
9962,Zgaw2eNP9eo,hd2160,0.1393744085,13.9,h4,2025-12-24,15:29:44,0,0
9963,Zgaw2eNP9eo,hd2160,0.1492525523,14.9,h4,2025-12-24,15:29:45,0,0
9964,Zgaw2eNP9eo,hd2160,0.1492525523,14.9,h4,2025-12-24,15:29:46,0,0
9965,Zgaw2eNP9eo,hd2160,0.1611371906,16.1,h4,2025-12-24,15:29:47,0,0
9966,Zgaw2eNP9eo,hd2160,0.1683914498,16.8,h4,2025-12-24,15:29:48,0,0
9967,Zgaw2eNP9eo,hd2160,0.1683914498,16.8,h4,2025-12-24,15:29:49,0,0
9968,Zgaw2eNP9eo,hd2160,0.1683914498,16.8,h4,2025-12-24,15:29:50,0,0
9969,Zgaw2eNP9eo,hd2160,0.1778065556,17.8,h4,2025-12-24,15:29:51,0,0
9970,Zgaw2eNP9eo,hd2160,0.1778065556,17.8,h4,2025-12-24,15:29:52,0,0
9971,Zgaw2eNP9eo,hd2160,0.1881477373,18.8,h4,2025-12-24,15:29:53,0,0
9972,Zgaw2eNP9eo,hd2160,0.1881477373,18.8,h4,2025-12-24,15:29:54,0,0
9973,Zgaw2eNP9eo,hd2160,0.1944759206,19.4,h4,2025-12-24,15:29:55,0,0
9974,Zgaw2eNP9eo,hd2160,0.1944759206,19.4,h4,2025-12-24,15:29:56,0,0
9975,Zgaw2eNP9eo,hd2160,0.2020388748,20.2,h4,2025-12-24,15:29:57,0,0
9976,Zgaw2eNP9eo,hd2160,0.2120713615,21.2,h4,2025-12-24,15:29:58,0,0
9977,Zgaw2eNP9eo,hd2160,0.2120713615,21.2,h4,2025-12-24,15:29:59,0,0
9978,Zgaw2eNP9eo,hd2160,0.2125343994,21.3,h4,2025-12-24,15:30:00,0,0
9979,Zgaw2eNP9eo,hd2160,0.2216408102,22.2,h4,2025-12-24,15:30:01,0,0
9980,Zgaw2eNP9eo,hd2160,0.2325993774,23.3,h4,2025-12-24,15:30:02,0,0
9981,Zgaw2eNP9eo,hd2160,0.2325993774,23.3,h4,2025-12-24,15:30:03,0,0
9982,Zgaw2eNP9eo,hd2160,0.2389275607,23.9,h4,2025-12-24,15:30:04,0,0
9983,Zgaw2eNP9eo,hd2160,0.2415514407,24.2,h4,2025-12-24,15:30:05,0,0
9984,Zgaw2eNP9eo,hd2160,0.2532817361,25.3,h4,2025-12-24,15:30:06,0,0
9985,Zgaw2eNP9eo,hd2160,0.2532817361,25.3,h4,2025-12-24,15:30:07,0,0
9986,Zgaw2eNP9eo,hd2160,0.2622338041,26.2,h4,2025-12-24,15:30:08,0,0
9987,Zgaw2eNP9eo,hd2160,0.2622338041,26.2,h4,2025-12-24,15:30:09,0,0
9988,Zgaw2eNP9eo,hd2160,0.2622338041,26.2,h4,2025-12-24,15:30:10,0,0
9989,Zgaw2eNP9eo,hd2160,0.2673272212,26.7,h4,2025-12-24,15:30:11,0,0
9990,Zgaw2eNP9eo,hd2160,0.2673272212,26.7,h4,2025-12-24,15:30:12,0,0
9991,Zgaw2eNP9eo,hd2160,0.2772053603,27.7,h4,2025-12-24,15:30:13,0,0
9992,Zgaw2eNP9eo,hd2160,0.2772053603,27.7,h4,2025-12-24,15:30:14,0,0
9993,Zgaw2eNP9eo,hd2160,0.2890900033,28.9,h4,2025-12-24,15:30:15,0,0
9994,Zgaw2eNP9eo,hd2160,0.2978877237,29.8,h4,2025-12-24,15:30:16,0,0
9995,Zgaw2eNP9eo,hd2160,0.2978877237,29.8,h4,2025-12-24,15:30:17,0,0
9996,Zgaw2eNP9eo,hd2160,0.3059137112,30.6,h4,2025-12-24,15:30:18,0,0
9997,Zgaw2eNP9eo,hd2160,0.3059137112,30.6,h4,2025-12-24,15:30:19,0,0
9998,Zgaw2eNP9eo,hd2160,0.315791855,31.6,h4,2025-12-24,15:30:20,0,0
9999,Zgaw2eNP9eo,hd2160,0.315791855,31.6,h4,2025-12-24,15:30:21,0,0
10000,Zgaw2eNP9eo,hd2160,0.3222743858,32.2,h4,2025-12-24,15:30:22,0,0
10001,Zgaw2eNP9eo,hd2160,0.3222743858,32.2,h4,2025-12-24,15:30:23,0,0
10002,Zgaw2eNP9eo,hd2160,0.3316894917,33.2,h4,2025-12-24,15:30:24,0,0
10003,Zgaw2eNP9eo,hd2160,0.3316894917,33.2,h4,2025-12-24,15:30:25,0,0
10004,Zgaw2eNP9eo,hd2160,0.3428024017,34.3,h4,2025-12-24,15:30:26,0,0
10005,Zgaw2eNP9eo,hd2160,0.3428024017,34.3,h4,2025-12-24,15:30:27,0,0
10006,Zgaw2eNP9eo,hd2160,0.3478958188,34.8,h4,2025-12-24,15:30:28,0,0
10007,Zgaw2eNP9eo,hd2160,0.3478958188,34.8,h4,2025-12-24,15:30:29,0,0
10008,Zgaw2eNP9eo,hd2160,0.3593174192,35.9,h4,2025-12-24,15:30:30,0,0
10009,Zgaw2eNP9eo,hd2160,0.3593174192,35.9,h4,2025-12-24,15:30:31,0,0
10010,Zgaw2eNP9eo,hd2160,0.3696586009,37.0,h4,2025-12-24,15:30:32,0,0
10011,Zgaw2eNP9eo,hd2160,0.3696586009,37.0,h4,2025-12-24,15:30:33,0,0
10012,Zgaw2eNP9eo,hd2160,0.3792280496,37.9,h4,2025-12-24,15:30:34,0,0
10013,Zgaw2eNP9eo,hd2160,0.3792280496,37.9,h4,2025-12-24,15:30:35,0,0
10014,Zgaw2eNP9eo,hd2160,0.3875627322,38.8,h4,2025-12-24,15:30:36,0,0
10015,Zgaw2eNP9eo,hd2160,0.3875627322,38.8,h4,2025-12-24,15:30:37,0,0
10016,Zgaw2eNP9eo,hd2160,0.3965148001,39.7,h4,2025-12-24,15:30:38,0,0
10017,Zgaw2eNP9eo,hd2160,0.4029973309,40.3,h4,2025-12-24,15:30:39,0,0
10018,Zgaw2eNP9eo,hd2160,0.4029973309,40.3,h4,2025-12-24,15:30:40,0,0
10019,Zgaw2eNP9eo,hd2160,0.4130298176,41.3,h4,2025-12-24,15:30:41,0,0
10020,Zgaw2eNP9eo,hd2160,0.4130298176,41.3,h4,2025-12-24,15:30:42,0,0
10021,Zgaw2eNP9eo,hd2160,0.4163224335,41.6,h4,2025-12-24,15:30:43,0,0
10022,Zgaw2eNP9eo,hd2160,0.4233709993,42.3,h4,2025-12-24,15:30:44,0,0
10023,Zgaw2eNP9eo,hd2160,0.4233709993,42.3,h4,2025-12-24,15:30:45,0,0
10024,Zgaw2eNP9eo,hd2160,0.4298535301,43.0,h4,2025-12-24,15:30:46,0,0
10025,Zgaw2eNP9eo,hd2160,0.4298535301,43.0,h4,2025-12-24,15:30:47,0,0
10026,Zgaw2eNP9eo,hd2160,0.4398860168,44.0,h4,2025-12-24,15:30:48,0,0
10027,Zgaw2eNP9eo,hd2160,0.4398860168,44.0,h4,2025-12-24,15:30:49,0,0
10028,Zgaw2eNP9eo,hd2160,0.4479120089,44.8,h4,2025-12-24,15:30:50,0,0
10029,Zgaw2eNP9eo,hd2160,0.4543945398,45.4,h4,2025-12-24,15:30:51,0,0
10030,Zgaw2eNP9eo,hd2160,0.4543945398,45.4,h4,2025-12-24,15:30:52,0,0
10031,Zgaw2eNP9eo,hd2160,0.4543945398,45.4,h4,2025-12-24,15:30:53,0,0
10032,Zgaw2eNP9eo,hd2160,0.4633466031,46.3,h4,2025-12-24,15:30:54,0,0
10033,Zgaw2eNP9eo,hd2160,0.4747682081,47.5,h4,2025-12-24,15:30:55,0,0
10034,Zgaw2eNP9eo,hd2160,0.4747682081,47.5,h4,2025-12-24,15:30:56,0,0
10035,Zgaw2eNP9eo,hd2160,0.4800159681,48.0,h4,2025-12-24,15:30:57,0,0
10036,Zgaw2eNP9eo,hd2160,0.4912832256,49.1,h4,2025-12-24,15:30:58,0,0
10037,Zgaw2eNP9eo,hd2160,0.4912832256,49.1,h4,2025-12-24,15:30:59,0,0
10038,Zgaw2eNP9eo,hd2160,0.5016244073,50.2,h4,2025-12-24,15:31:00,0,0
10039,Zgaw2eNP9eo,hd2160,0.5016244073,50.2,h4,2025-12-24,15:31:01,0,0
10040,Zgaw2eNP9eo,hd2160,0.5016244073,50.2,h4,2025-12-24,15:31:02,0,0
10041,Zgaw2eNP9eo,hd2160,0.5067178244,50.7,h4,2025-12-24,15:31:03,0,0
10042,Zgaw2eNP9eo,hd2160,0.5067178244,50.7,h4,2025-12-24,15:31:04,0,0
10043,Zgaw2eNP9eo,hd2160,0.5181394248,51.8,h4,2025-12-24,15:31:05,0,0
10044,Zgaw2eNP9eo,hd2160,0.5181394248,51.8,h4,2025-12-24,15:31:06,0,0
10045,Zgaw2eNP9eo,hd2160,0.5280175686,52.8,h4,2025-12-24,15:31:07,0,0
10046,Zgaw2eNP9eo,hd2160,0.5331109857,53.3,h4,2025-12-24,15:31:08,0,0
10047,Zgaw2eNP9eo,hd2160,0.5331109857,53.3,h4,2025-12-24,15:31:09,0,0
10048,Zgaw2eNP9eo,hd2160,0.5422173965,54.2,h4,2025-12-24,15:31:10,0,0
10049,Zgaw2eNP9eo,hd2160,0.5422173965,54.2,h4,2025-12-24,15:31:11,0,0
10050,Zgaw2eNP9eo,hd2160,0.5548737678,55.5,h4,2025-12-24,15:31:12,0,0
10051,Zgaw2eNP9eo,hd2160,0.5548737678,55.5,h4,2025-12-24,15:31:13,0,0
10052,Zgaw2eNP9eo,hd2160,0.5548737678,55.5,h4,2025-12-24,15:31:14,0,0
10053,Zgaw2eNP9eo,hd2160,0.5599671849,56.0,h4,2025-12-24,15:31:15,0,0
10054,Zgaw2eNP9eo,hd2160,0.5707713999,57.1,h4,2025-12-24,15:31:16,0,0
10055,Zgaw2eNP9eo,hd2160,0.5707713999,57.1,h4,2025-12-24,15:31:17,0,0
10056,Zgaw2eNP9eo,hd2160,0.581729967,58.2,h4,2025-12-24,15:31:18,0,0
10057,Zgaw2eNP9eo,hd2160,0.581729967,58.2,h4,2025-12-24,15:31:19,0,0
10058,Zgaw2eNP9eo,hd2160,0.5868233841,58.7,h4,2025-12-24,15:31:20,0,0
10059,Zgaw2eNP9eo,hd2160,0.5868233841,58.7,h4,2025-12-24,15:31:21,0,0
10060,Zgaw2eNP9eo,hd2160,0.5957754474,59.6,h4,2025-12-24,15:31:22,0,0
10061,Zgaw2eNP9eo,hd2160,0.5957754474,59.6,h4,2025-12-24,15:31:23,0,0
10062,Zgaw2eNP9eo,hd2160,0.6071970525,60.7,h4,2025-12-24,15:31:24,0,0
10063,Zgaw2eNP9eo,hd2160,0.6122904696,61.2,h4,2025-12-24,15:31:25,0,0
10064,Zgaw2eNP9eo,hd2160,0.6122904696,61.2,h4,2025-12-24,15:31:26,0,0
10065,Zgaw2eNP9eo,hd2160,0.6218599183,62.2,h4,2025-12-24,15:31:27,0,0
10066,Zgaw2eNP9eo,hd2160,0.6218599183,62.2,h4,2025-12-24,15:31:28,0,0
10067,Zgaw2eNP9eo,hd2160,0.6340532517,63.4,h4,2025-12-24,15:31:29,0,0
10068,Zgaw2eNP9eo,hd2160,0.6340532517,63.4,h4,2025-12-24,15:31:30,0,0
10069,Zgaw2eNP9eo,hd2160,0.6340532517,63.4,h4,2025-12-24,15:31:31,0,0
10070,Zgaw2eNP9eo,hd2160,0.6391466688,63.9,h4,2025-12-24,15:31:32,0,0
10071,Zgaw2eNP9eo,hd2160,0.6391466688,63.9,h4,2025-12-24,15:31:33,0,0
10072,Zgaw2eNP9eo,hd2160,0.6609094509,66.1,h4,2025-12-24,15:31:34,0,0
10073,Zgaw2eNP9eo,hd2160,0.6609094509,66.1,h4,2025-12-24,15:31:35,0,0
10074,Zgaw2eNP9eo,hd2160,0.6609094509,66.1,h4,2025-12-24,15:31:36,0,0
10075,Zgaw2eNP9eo,hd2160,0.6672376342,66.7,h4,2025-12-24,15:31:37,0,0
10076,Zgaw2eNP9eo,hd2160,0.6672376342,66.7,h4,2025-12-24,15:31:38,0,0
10077,Zgaw2eNP9eo,hd2160,0.6749549313,67.5,h4,2025-12-24,15:31:39,0,0
10078,Zgaw2eNP9eo,hd2160,0.6749549313,67.5,h4,2025-12-24,15:31:40,0,0
10079,Zgaw2eNP9eo,hd2160,0.6877656501,68.8,h4,2025-12-24,15:31:41,0,0
10080,Zgaw2eNP9eo,hd2160,0.6877656501,68.8,h4,2025-12-24,15:31:42,0,0
10081,Zgaw2eNP9eo,hd2160,0.6928590672,69.3,h4,2025-12-24,15:31:43,0,0
10082,Zgaw2eNP9eo,hd2160,0.7038176297,70.4,h4,2025-12-24,15:31:44,0,0
10083,Zgaw2eNP9eo,hd2160,0.7038176297,70.4,h4,2025-12-24,15:31:45,0,0
10084,Zgaw2eNP9eo,hd2160,0.7146218493,71.5,h4,2025-12-24,15:31:46,0,0
10085,Zgaw2eNP9eo,hd2160,0.7146218493,71.5,h4,2025-12-24,15:31:47,0,0
10086,Zgaw2eNP9eo,hd2160,0.7174000768,71.7,h4,2025-12-24,15:31:48,0,0
10087,Zgaw2eNP9eo,hd2160,0.7174000768,71.7,h4,2025-12-24,15:31:49,0,0
10088,Zgaw2eNP9eo,hd2160,0.7174000768,71.7,h4,2025-12-24,15:31:50,0,0
10089,Zgaw2eNP9eo,hd2160,0.7292847151,72.9,h4,2025-12-24,15:31:51,0,0
10090,Zgaw2eNP9eo,hd2160,0.7396258968,74.0,h4,2025-12-24,15:31:52,0,0
10091,Zgaw2eNP9eo,hd2160,0.7396258968,74.0,h4,2025-12-24,15:31:53,0,0
10092,Zgaw2eNP9eo,hd2160,0.7447193139,74.5,h4,2025-12-24,15:31:54,0,0
10093,Zgaw2eNP9eo,hd2160,0.7447193139,74.5,h4,2025-12-24,15:31:55,0,0
10094,Zgaw2eNP9eo,hd2160,0.7450280043,74.5,h4,2025-12-24,15:31:56,0,0
10095,Zgaw2eNP9eo,hd2160,0.755060491,75.5,h4,2025-12-24,15:31:57,0,0
10096,Zgaw2eNP9eo,hd2160,0.766482096,76.6,h4,2025-12-24,15:31:58,0,0
10097,Zgaw2eNP9eo,hd2160,0.766482096,76.6,h4,2025-12-24,15:31:59,0,0
10098,Zgaw2eNP9eo,hd2160,0.7715755131,77.2,h4,2025-12-24,15:32:00,0,0
10099,Zgaw2eNP9eo,hd2160,0.7829971135,78.3,h4,2025-12-24,15:32:01,0,0
10100,Zgaw2eNP9eo,hd2160,0.7829971135,78.3,h4,2025-12-24,15:32:02,0,0
10101,Zgaw2eNP9eo,hd2160,0.7829971135,78.3,h4,2025-12-24,15:32:03,0,0
10102,Zgaw2eNP9eo,hd2160,0.7829971135,78.3,h4,2025-12-24,15:32:04,0,0
10103,Zgaw2eNP9eo,hd2160,0.7933382952,79.3,h4,2025-12-24,15:32:05,0,0
10104,Zgaw2eNP9eo,hd2160,0.799975169,80.0,h4,2025-12-24,15:32:06,0,0
10105,Zgaw2eNP9eo,hd2160,0.799975169,80.0,h4,2025-12-24,15:32:07,0,0
10106,Zgaw2eNP9eo,hd2160,0.8098533127,81.0,h4,2025-12-24,15:32:08,0,0
10107,Zgaw2eNP9eo,hd2160,0.8098533127,81.0,h4,2025-12-24,15:32:09,0,0
10108,Zgaw2eNP9eo,hd2160,0.8098533127,81.0,h4,2025-12-24,15:32:10,0,0
10109,Zgaw2eNP9eo,hd2160,0.8098533127,81.0,h4,2025-12-24,15:32:11,0,0
10110,Zgaw2eNP9eo,hd2160,0.8098533127,81.0,h4,2025-12-24,15:32:12,0,0
10111,Zgaw2eNP9eo,hd2160,0.8098533127,81.0,h4,2025-12-24,15:32:13,0,0
10112,Zgaw2eNP9eo,hd2160,0.8098533127,81.0,h4,2025-12-24,15:32:14,0,0
10113,Zgaw2eNP9eo,hd2160,0.8098533127,81.0,h4,2025-12-24,15:32:15,0,0
10114,Zgaw2eNP9eo,hd2160,0.8203488373,82.0,h4,2025-12-24,15:32:16,0,0
10115,Zgaw2eNP9eo,hd2160,0.8456615799,84.6,h4,2025-12-24,15:32:17,0,0
10116,Zgaw2eNP9eo,hd2160,0.8606331361,86.1,h4,2025-12-24,15:32:18,0,0
10117,Zgaw2eNP9eo,hd2160,0.8606331361,86.1,h4,2025-12-24,15:32:19,0,0
10118,Zgaw2eNP9eo,hd2160,0.8683510577,86.8,h4,2025-12-24,15:32:20,0,0
10119,Zgaw2eNP9eo,hd2160,0.8725177791,87.3,h4,2025-12-24,15:32:21,0,0
10120,Zgaw2eNP9eo,hd2160,0.8725177791,87.3,h4,2025-12-24,15:32:22,0,0
10121,Zgaw2eNP9eo,hd2160,0.8776111962,87.8,h4,2025-12-24,15:32:23,0,0
10122,Zgaw2eNP9eo,hd2160,0.8776111962,87.8,h4,2025-12-24,15:32:24,0,0
10123,Zgaw2eNP9eo,hd2160,0.8874893353,88.7,h4,2025-12-24,15:32:25,0,0
10124,Zgaw2eNP9eo,hd2160,0.8993739783,89.9,h4,2025-12-24,15:32:26,0,0
10125,Zgaw2eNP9eo,hd2160,0.8993739783,89.9,h4,2025-12-24,15:32:27,0,0
10126,Zgaw2eNP9eo,hd2160,0.9044673954,90.4,h4,2025-12-24,15:32:28,0,0
10127,Zgaw2eNP9eo,hd2160,0.9044673954,90.4,h4,2025-12-24,15:32:29,0,0
10128,Zgaw2eNP9eo,hd2160,0.9044673954,90.4,h4,2025-12-24,15:32:30,0,0
10129,Zgaw2eNP9eo,hd2160,0.9143455345,91.4,h4,2025-12-24,15:32:31,0,0
10130,Zgaw2eNP9eo,hd2160,0.9262301775,92.6,h4,2025-12-24,15:32:32,0,0
10131,Zgaw2eNP9eo,hd2160,0.9262301775,92.6,h4,2025-12-24,15:32:33,0,0
10132,Zgaw2eNP9eo,hd2160,0.9313235946,93.1,h4,2025-12-24,15:32:34,0,0
10133,Zgaw2eNP9eo,hd2160,0.9313235946,93.1,h4,2025-12-24,15:32:35,0,0
10134,Zgaw2eNP9eo,hd2160,0.9432082329,94.3,h4,2025-12-24,15:32:36,0,0
10135,Zgaw2eNP9eo,hd2160,0.9432082329,94.3,h4,2025-12-24,15:32:37,0,0
10136,Zgaw2eNP9eo,hd2160,0.9530863767,95.3,h4,2025-12-24,15:32:38,0,0
10137,Zgaw2eNP9eo,hd2160,0.9530863767,95.3,h4,2025-12-24,15:32:39,0,0
10138,Zgaw2eNP9eo,hd2160,0.9581797938,95.8,h4,2025-12-24,15:32:40,0,0
10139,Zgaw2eNP9eo,hd2160,0.9699100846,97.0,h4,2025-12-24,15:32:41,0,0
10140,Zgaw2eNP9eo,hd2160,0.9699100846,97.0,h4,2025-12-24,15:32:42,0,0
10141,Zgaw2eNP9eo,hd2160,0.9799425759,98.0,h4,2025-12-24,15:32:43,0,0
10142,Zgaw2eNP9eo,hd2160,0.9799425759,98.0,h4,2025-12-24,15:32:44,0,0
10143,Zgaw2eNP9eo,hd2160,0.9799425759,98.0,h4,2025-12-24,15:32:45,0,0
10144,Zgaw2eNP9eo,hd2160,0.985035993,98.5,h4,2025-12-24,15:32:46,0,0
10145,Zgaw2eNP9eo,hd2160,0.985035993,98.5,h4,2025-12-24,15:32:47,0,0
10146,Zgaw2eNP9eo,hd2160,0.9969206313,99.7,h4,2025-12-24,15:32:48,0,0
10147,Zgaw2eNP9eo,hd2160,0.9969206313,99.7,h4,2025-12-24,15:32:49,0,0
10148,Zgaw2eNP9eo,hd2160,1.0,100.0,h4,2025-12-24,15:32:50,0,0
10149,Zgaw2eNP9eo,hd2160,1.0,100.0,h4,2025-12-24,15:32:51,0,0
10150,Zgaw2eNP9eo,hd2160,1.0,100.0,h4,2025-12-24,15:32:52,0,0
10151,Zgaw2eNP9eo,hd2160,1.0,100.0,h4,2025-12-24,15:32:53,0,0
10152,Zgaw2eNP9eo,hd2160,1.0,100.0,h4,2025-12-24,15:32:54,0,0
10153,Zgaw2eNP9eo,hd2160,1.0,100.0,h4,2025-12-24,15:32:55,0,0
10154,Zgaw2eNP9eo,hd2160,1.0,100.0,h4,2025-12-24,15:32:56,0,0
10155,Zgaw2eNP9eo,hd2160,1.0,100.0,h4,2025-12-24,15:32:57,0,0
10156,Zgaw2eNP9eo,hd2160,1.0,100.0,h4,2025-12-24,15:32:58,0,0
10157,Zgaw2eNP9eo,hd2160,1.0,100.0,h4,2025-12-24,15:32:59,0,0
10158,Zgaw2eNP9eo,hd2160,1.0,100.0,h4,2025-12-24,15:33:00,0,0
10159,Zgaw2eNP9eo,hd2160,1.0,100.0,h4,2025-12-24,15:33:01,0,0
10160,Zgaw2eNP9eo,hd2160,1.0,100.0,h4,2025-12-24,15:33:02,0,0
10161,Zgaw2eNP9eo,hd2160,1.0,100.0,h4,2025-12-24,15:33:03,0,0
10162,Zgaw2eNP9eo,hd2160,1.0,100.0,h4,2025-12-24,15:33:04,0,0
10163,Zgaw2eNP9eo,hd2160,1.0,100.0,h4,2025-12-24,15:33:05,0,0
10164,Zgaw2eNP9eo,hd2160,1.0,100.0,h4,2025-12-24,15:33:06,0,0
10165,Zgaw2eNP9eo,hd2160,1.0,100.0,h4,2025-12-24,15:33:07,0,0
10166,Zgaw2eNP9eo,hd2160,1.0,100.0,h4,2025-12-24,15:33:08,0,0
10167,Zgaw2eNP9eo,hd2160,1.0,100.0,h4,2025-12-24,15:33:09,0,0
10168,Zgaw2eNP9eo,hd2160,1.0,100.0,h4,2025-12-24,15:33:10,0,0
10169,Zgaw2eNP9eo,hd2160,1.0,100.0,h4,2025-12-24,15:33:11,0,0
10170,Zgaw2eNP9eo,hd2160,1.0,100.0,h4,2025-12-24,15:33:12,0,0
10171,Zgaw2eNP9eo,hd2160,1.0,100.0,h4,2025-12-24,15:33:13,0,0
10172,Zgaw2eNP9eo,hd2160,1.0,100.0,h4,2025-12-24,15:33:14,0,0
10173,Zgaw2eNP9eo,hd2160,1.0,100.0,h4,2025-12-24,15:33:15,0,0
10174,Zgaw2eNP9eo,hd2160,1.0,100.0,h4,2025-12-24,15:33:16,0,0
10175,Zgaw2eNP9eo,hd2160,1.0,100.0,h4,2025-12-24,15:33:17,0,0
9713,LJyclVpwAio,hd2160,0.0,0.0,h3,2025-12-24,15:24:34,0,0
9714,LJyclVpwAio,hd2160,0.0149551703,1.5,h3,2025-12-24,15:24:35,0,0
9715,LJyclVpwAio,hd2160,0.02700674124,2.7,h3,2025-12-24,15:24:36,0,0
9716,LJyclVpwAio,hd2160,0.04401651291,4.4,h3,2025-12-24,15:24:37,0,0
9717,LJyclVpwAio,hd2160,0.06102628457,6.1,h3,2025-12-24,15:24:38,0,0
9718,LJyclVpwAio,hd2160,0.08967432106,9.0,h3,2025-12-24,15:24:39,0,0
9719,LJyclVpwAio,hd2160,0.1263796178,12.6,h3,2025-12-24,15:24:40,0,0
9720,LJyclVpwAio,hd2160,0.1263796178,12.6,h3,2025-12-24,15:24:41,0,0
9721,LJyclVpwAio,hd2160,0.1263796178,12.6,h3,2025-12-24,15:24:42,0,0
9722,LJyclVpwAio,hd2160,0.1342876666,13.4,h3,2025-12-24,15:24:43,0,0
9723,LJyclVpwAio,hd2160,0.1342921473,13.4,h3,2025-12-24,15:24:44,0,0
9724,LJyclVpwAio,hd2160,0.1442846406,14.4,h3,2025-12-24,15:24:45,0,0
9725,LJyclVpwAio,hd2160,0.1442846406,14.4,h3,2025-12-24,15:24:46,0,0
9726,LJyclVpwAio,hd2160,0.1442846406,14.4,h3,2025-12-24,15:24:47,0,0
9727,LJyclVpwAio,hd2160,0.1442846406,14.4,h3,2025-12-24,15:24:48,0,0
9728,LJyclVpwAio,hd2160,0.1611452008,16.1,h3,2025-12-24,15:24:49,0,0
9729,LJyclVpwAio,hd2160,0.1778565584,17.8,h3,2025-12-24,15:24:50,0,0
9730,LJyclVpwAio,hd2160,0.1778565584,17.8,h3,2025-12-24,15:24:51,0,0
9731,LJyclVpwAio,hd2160,0.1778565584,17.8,h3,2025-12-24,15:24:52,0,0
9732,LJyclVpwAio,hd2160,0.1778565584,17.8,h3,2025-12-24,15:24:53,0,0
9733,LJyclVpwAio,hd2160,0.188002735,18.8,h3,2025-12-24,15:24:54,0,0
9734,LJyclVpwAio,hd2160,0.188002735,18.8,h3,2025-12-24,15:24:55,0,0
9735,LJyclVpwAio,hd2160,0.188002735,18.8,h3,2025-12-24,15:24:56,0,0
9736,LJyclVpwAio,hd2160,0.1962092068,19.6,h3,2025-12-24,15:24:57,0,0
9737,LJyclVpwAio,hd2160,0.1962092068,19.6,h3,2025-12-24,15:24:58,0,0
9738,LJyclVpwAio,hd2160,0.2148602692,21.5,h3,2025-12-24,15:24:59,0,0
9739,LJyclVpwAio,hd2160,0.2148602692,21.5,h3,2025-12-24,15:25:00,0,0
9740,LJyclVpwAio,hd2160,0.2148602692,21.5,h3,2025-12-24,15:25:01,0,0
9741,LJyclVpwAio,hd2160,0.2287366619,22.9,h3,2025-12-24,15:25:02,0,0
9742,LJyclVpwAio,hd2160,0.2287366619,22.9,h3,2025-12-24,15:25:03,0,0
9743,LJyclVpwAio,hd2160,0.2287366619,22.9,h3,2025-12-24,15:25:04,0,0
9744,LJyclVpwAio,hd2160,0.2287366619,22.9,h3,2025-12-24,15:25:05,0,0
9745,LJyclVpwAio,hd2160,0.2417178034,24.2,h3,2025-12-24,15:25:06,0,0
9746,LJyclVpwAio,hd2160,0.2417178034,24.2,h3,2025-12-24,15:25:07,0,0
9747,LJyclVpwAio,hd2160,0.2418670149,24.2,h3,2025-12-24,15:25:08,0,0
9748,LJyclVpwAio,hd2160,0.2499242752,25.0,h3,2025-12-24,15:25:09,0,0
9749,LJyclVpwAio,hd2160,0.2499242752,25.0,h3,2025-12-24,15:25:10,0,0
9750,LJyclVpwAio,hd2160,0.2499242752,25.0,h3,2025-12-24,15:25:11,0,0
9751,LJyclVpwAio,hd2160,0.2685753376,26.9,h3,2025-12-24,15:25:12,0,0
9752,LJyclVpwAio,hd2160,0.2685753376,26.9,h3,2025-12-24,15:25:13,0,0
9753,LJyclVpwAio,hd2160,0.2808104395,28.1,h3,2025-12-24,15:25:14,0,0
9754,LJyclVpwAio,hd2160,0.2808104395,28.1,h3,2025-12-24,15:25:15,0,0
9755,LJyclVpwAio,hd2160,0.2808104395,28.1,h3,2025-12-24,15:25:16,0,0
9756,LJyclVpwAio,hd2160,0.2937915811,29.4,h3,2025-12-24,15:25:17,0,0
9757,LJyclVpwAio,hd2160,0.2937915811,29.4,h3,2025-12-24,15:25:18,0,0
9758,LJyclVpwAio,hd2160,0.2937915811,29.4,h3,2025-12-24,15:25:19,0,0
9759,LJyclVpwAio,hd2160,0.2937915811,29.4,h3,2025-12-24,15:25:20,0,0
9760,LJyclVpwAio,hd2160,0.3027440925,30.3,h3,2025-12-24,15:25:21,0,0
9761,LJyclVpwAio,hd2160,0.3027440925,30.3,h3,2025-12-24,15:25:22,0,0
9762,LJyclVpwAio,hd2160,0.3099061016,31.0,h3,2025-12-24,15:25:23,0,0
9763,LJyclVpwAio,hd2160,0.3146807713,31.5,h3,2025-12-24,15:25:24,0,0
9764,LJyclVpwAio,hd2160,0.322290406,32.2,h3,2025-12-24,15:25:25,0,0
9765,LJyclVpwAio,hd2160,0.3293032081,32.9,h3,2025-12-24,15:25:26,0,0
9766,LJyclVpwAio,hd2160,0.3293032081,32.9,h3,2025-12-24,15:25:27,0,0
9767,LJyclVpwAio,hd2160,0.3293032081,32.9,h3,2025-12-24,15:25:28,0,0
9768,LJyclVpwAio,hd2160,0.3400462218,34.0,h3,2025-12-24,15:25:29,0,0
9769,LJyclVpwAio,hd2160,0.3400462218,34.0,h3,2025-12-24,15:25:30,0,0
9770,LJyclVpwAio,hd2160,0.3400462218,34.0,h3,2025-12-24,15:25:31,0,0
9771,LJyclVpwAio,hd2160,0.3645164211,36.5,h3,2025-12-24,15:25:32,0,0
9772,LJyclVpwAio,hd2160,0.3645164211,36.5,h3,2025-12-24,15:25:33,0,0
9773,LJyclVpwAio,hd2160,0.3645164211,36.5,h3,2025-12-24,15:25:34,0,0
9774,LJyclVpwAio,hd2160,0.3645164211,36.5,h3,2025-12-24,15:25:35,0,0
9775,LJyclVpwAio,hd2160,0.3645164211,36.5,h3,2025-12-24,15:25:36,0,0
9776,LJyclVpwAio,hd2160,0.3760054745,37.6,h3,2025-12-24,15:25:37,0,0
9777,LJyclVpwAio,hd2160,0.3833166951,38.3,h3,2025-12-24,15:25:38,0,0
9778,LJyclVpwAio,hd2160,0.3833166951,38.3,h3,2025-12-24,15:25:39,0,0
9779,LJyclVpwAio,hd2160,0.3833166951,38.3,h3,2025-12-24,15:25:40,0,0
9780,LJyclVpwAio,hd2160,0.3922692065,39.2,h3,2025-12-24,15:25:41,0,0
9781,LJyclVpwAio,hd2160,0.4028630087,40.3,h3,2025-12-24,15:25:42,0,0
9782,LJyclVpwAio,hd2160,0.4028630087,40.3,h3,2025-12-24,15:25:43,0,0
9783,LJyclVpwAio,hd2160,0.4101742293,41.0,h3,2025-12-24,15:25:44,0,0
9784,LJyclVpwAio,hd2160,0.4101742293,41.0,h3,2025-12-24,15:25:45,0,0
9785,LJyclVpwAio,hd2160,0.4101742293,41.0,h3,2025-12-24,15:25:46,0,0
9786,LJyclVpwAio,hd2160,0.4215140756,42.2,h3,2025-12-24,15:25:47,0,0
9787,LJyclVpwAio,hd2160,0.4215140756,42.2,h3,2025-12-24,15:25:48,0,0
9788,LJyclVpwAio,hd2160,0.4215140756,42.2,h3,2025-12-24,15:25:49,0,0
9789,LJyclVpwAio,hd2160,0.4331523404,43.3,h3,2025-12-24,15:25:50,0,0
9790,LJyclVpwAio,hd2160,0.4331523404,43.3,h3,2025-12-24,15:25:51,0,0
9791,LJyclVpwAio,hd2160,0.4331523404,43.3,h3,2025-12-24,15:25:52,0,0
9792,LJyclVpwAio,hd2160,0.4565780771,45.7,h3,2025-12-24,15:25:53,0,0
9793,LJyclVpwAio,hd2160,0.4565780771,45.7,h3,2025-12-24,15:25:54,0,0
9794,LJyclVpwAio,hd2160,0.4565780771,45.7,h3,2025-12-24,15:25:55,0,0
9795,LJyclVpwAio,hd2160,0.4565780771,45.7,h3,2025-12-24,15:25:56,0,0
9796,LJyclVpwAio,hd2160,0.4834356113,48.3,h3,2025-12-24,15:25:57,0,0
9797,LJyclVpwAio,hd2160,0.4834356113,48.3,h3,2025-12-24,15:25:58,0,0
9798,LJyclVpwAio,hd2160,0.4834356113,48.3,h3,2025-12-24,15:25:59,0,0
9799,LJyclVpwAio,hd2160,0.4834356113,48.3,h3,2025-12-24,15:26:00,0,0
9800,LJyclVpwAio,hd2160,0.4834356113,48.3,h3,2025-12-24,15:26:01,0,0
9801,LJyclVpwAio,hd2160,0.4907468319,49.1,h3,2025-12-24,15:26:02,0,0
9802,LJyclVpwAio,hd2160,0.4907468319,49.1,h3,2025-12-24,15:26:03,0,0
9803,LJyclVpwAio,hd2160,0.4991025063,49.9,h3,2025-12-24,15:26:04,0,0
9804,LJyclVpwAio,hd2160,0.4991025063,49.9,h3,2025-12-24,15:26:05,0,0
9805,LJyclVpwAio,hd2160,0.5102931455,51.0,h3,2025-12-24,15:26:06,0,0
9806,LJyclVpwAio,hd2160,0.5102931455,51.0,h3,2025-12-24,15:26:07,0,0
9807,LJyclVpwAio,hd2160,0.5247663753,52.5,h3,2025-12-24,15:26:08,0,0
9808,LJyclVpwAio,hd2160,0.5247663753,52.5,h3,2025-12-24,15:26:09,0,0
9809,LJyclVpwAio,hd2160,0.5247663753,52.5,h3,2025-12-24,15:26:10,0,0
9810,LJyclVpwAio,hd2160,0.5355093889,53.6,h3,2025-12-24,15:26:11,0,0
9811,LJyclVpwAio,hd2160,0.5355093889,53.6,h3,2025-12-24,15:26:12,0,0
9812,LJyclVpwAio,hd2160,0.5355093889,53.6,h3,2025-12-24,15:26:13,0,0
9813,LJyclVpwAio,hd2160,0.5489381561,54.9,h3,2025-12-24,15:26:14,0,0
9814,LJyclVpwAio,hd2160,0.5489381561,54.9,h3,2025-12-24,15:26:15,0,0
9815,LJyclVpwAio,hd2160,0.5489381561,54.9,h3,2025-12-24,15:26:16,0,0
9816,LJyclVpwAio,hd2160,0.5489381561,54.9,h3,2025-12-24,15:26:17,0,0
9817,LJyclVpwAio,hd2160,0.5640082139,56.4,h3,2025-12-24,15:26:18,0,0
9818,LJyclVpwAio,hd2160,0.5640082139,56.4,h3,2025-12-24,15:26:19,0,0
9819,LJyclVpwAio,hd2160,0.5640082139,56.4,h3,2025-12-24,15:26:20,0,0
9820,LJyclVpwAio,hd2160,0.571021016,57.1,h3,2025-12-24,15:26:21,0,0
9821,LJyclVpwAio,hd2160,0.571021016,57.1,h3,2025-12-24,15:26:22,0,0
9822,LJyclVpwAio,hd2160,0.571021016,57.1,h3,2025-12-24,15:26:23,0,0
9823,LJyclVpwAio,hd2160,0.5901197085,59.0,h3,2025-12-24,15:26:24,0,0
9824,LJyclVpwAio,hd2160,0.5901197085,59.0,h3,2025-12-24,15:26:25,0,0
9825,LJyclVpwAio,hd2160,0.5998182595,60.0,h3,2025-12-24,15:26:26,0,0
9826,LJyclVpwAio,hd2160,0.5998182595,60.0,h3,2025-12-24,15:26:27,0,0
9827,LJyclVpwAio,hd2160,0.5998182595,60.0,h3,2025-12-24,15:26:28,0,0
9828,LJyclVpwAio,hd2160,0.6177232823,61.8,h3,2025-12-24,15:26:29,0,0
9829,LJyclVpwAio,hd2160,0.6177232823,61.8,h3,2025-12-24,15:26:30,0,0
9830,LJyclVpwAio,hd2160,0.6177232823,61.8,h3,2025-12-24,15:26:31,0,0
9831,LJyclVpwAio,hd2160,0.6177232823,61.8,h3,2025-12-24,15:26:32,0,0
9832,LJyclVpwAio,hd2160,0.6293615472,62.9,h3,2025-12-24,15:26:33,0,0
9833,LJyclVpwAio,hd2160,0.6293615472,62.9,h3,2025-12-24,15:26:34,0,0
9834,LJyclVpwAio,hd2160,0.6389108957,63.9,h3,2025-12-24,15:26:35,0,0
9835,LJyclVpwAio,hd2160,0.6389108957,63.9,h3,2025-12-24,15:26:36,0,0
9836,LJyclVpwAio,hd2160,0.6389108957,63.9,h3,2025-12-24,15:26:37,0,0
9837,LJyclVpwAio,hd2160,0.6471173629,64.7,h3,2025-12-24,15:26:38,0,0
9838,LJyclVpwAio,hd2160,0.6471173629,64.7,h3,2025-12-24,15:26:39,0,0
9839,LJyclVpwAio,hd2160,0.656666707,65.7,h3,2025-12-24,15:26:40,0,0
9840,LJyclVpwAio,hd2160,0.656666707,65.7,h3,2025-12-24,15:26:41,0,0
9841,LJyclVpwAio,hd2160,0.656666707,65.7,h3,2025-12-24,15:26:42,0,0
9842,LJyclVpwAio,hd2160,0.656666707,65.7,h3,2025-12-24,15:26:43,0,0
9843,LJyclVpwAio,hd2160,0.6799432366,68.0,h3,2025-12-24,15:26:44,0,0
9844,LJyclVpwAio,hd2160,0.6799432366,68.0,h3,2025-12-24,15:26:45,0,0
9845,LJyclVpwAio,hd2160,0.6903878362,69.0,h3,2025-12-24,15:26:46,0,0
9846,LJyclVpwAio,hd2160,0.6903878362,69.0,h3,2025-12-24,15:26:47,0,0
9847,LJyclVpwAio,hd2160,0.698295885,69.8,h3,2025-12-24,15:26:48,0,0
9848,LJyclVpwAio,hd2160,0.698295885,69.8,h3,2025-12-24,15:26:49,0,0
9849,LJyclVpwAio,hd2160,0.7070991894,70.7,h3,2025-12-24,15:26:50,0,0
9850,LJyclVpwAio,hd2160,0.7070991894,70.7,h3,2025-12-24,15:26:51,0,0
9851,LJyclVpwAio,hd2160,0.7070991894,70.7,h3,2025-12-24,15:26:52,0,0
9852,LJyclVpwAio,hd2160,0.7193342868,71.9,h3,2025-12-24,15:26:53,0,0
9853,LJyclVpwAio,hd2160,0.7193342868,71.9,h3,2025-12-24,15:26:54,0,0
9854,LJyclVpwAio,hd2160,0.7193342868,71.9,h3,2025-12-24,15:26:55,0,0
9855,LJyclVpwAio,hd2160,0.7294804679,72.9,h3,2025-12-24,15:26:56,0,0
9856,LJyclVpwAio,hd2160,0.7294804679,72.9,h3,2025-12-24,15:26:57,0,0
9857,LJyclVpwAio,hd2160,0.7426108164,74.3,h3,2025-12-24,15:26:58,0,0
9858,LJyclVpwAio,hd2160,0.7426108164,74.3,h3,2025-12-24,15:26:59,0,0
9859,LJyclVpwAio,hd2160,0.7426108164,74.3,h3,2025-12-24,15:27:00,0,0
9860,LJyclVpwAio,hd2160,0.7520109534,75.2,h3,2025-12-24,15:27:01,0,0
9861,LJyclVpwAio,hd2160,0.7788684876,77.9,h3,2025-12-24,15:27:02,0,0
9862,LJyclVpwAio,hd2160,0.7788684876,77.9,h3,2025-12-24,15:27:03,0,0
9863,LJyclVpwAio,hd2160,0.7788684876,77.9,h3,2025-12-24,15:27:04,0,0
9864,LJyclVpwAio,hd2160,0.7788684876,77.9,h3,2025-12-24,15:27:05,0,0
9865,LJyclVpwAio,hd2160,0.7788684876,77.9,h3,2025-12-24,15:27:06,0,0
9866,LJyclVpwAio,hd2160,0.7788684876,77.9,h3,2025-12-24,15:27:07,0,0
9867,LJyclVpwAio,hd2160,0.8057260218,80.6,h3,2025-12-24,15:27:08,0,0
9868,LJyclVpwAio,hd2160,0.8057260218,80.6,h3,2025-12-24,15:27:09,0,0
9869,LJyclVpwAio,hd2160,0.8057260218,80.6,h3,2025-12-24,15:27:10,0,0
9870,LJyclVpwAio,hd2160,0.8057260218,80.6,h3,2025-12-24,15:27:11,0,0
9871,LJyclVpwAio,hd2160,0.8057260218,80.6,h3,2025-12-24,15:27:12,0,0
9872,LJyclVpwAio,hd2160,0.8057260218,80.6,h3,2025-12-24,15:27:13,0,0
9873,LJyclVpwAio,hd2160,0.8178119122,81.8,h3,2025-12-24,15:27:14,0,0
9874,LJyclVpwAio,hd2160,0.8178119122,81.8,h3,2025-12-24,15:27:15,0,0
9875,LJyclVpwAio,hd2160,0.8178119122,81.8,h3,2025-12-24,15:27:16,0,0
9876,LJyclVpwAio,hd2160,0.8178119122,81.8,h3,2025-12-24,15:27:17,0,0
9877,LJyclVpwAio,hd2160,0.832583556,83.3,h3,2025-12-24,15:27:18,0,0
9878,LJyclVpwAio,hd2160,0.832583556,83.3,h3,2025-12-24,15:27:19,0,0
9879,LJyclVpwAio,hd2160,0.8464599487,84.6,h3,2025-12-24,15:27:20,0,0
9880,LJyclVpwAio,hd2160,0.8464599487,84.6,h3,2025-12-24,15:27:21,0,0
9881,LJyclVpwAio,hd2160,0.8464599487,84.6,h3,2025-12-24,15:27:22,0,0
9882,LJyclVpwAio,hd2160,0.8504930596,85.0,h3,2025-12-24,15:27:23,0,0
9883,LJyclVpwAio,hd2160,0.8594410902,85.9,h3,2025-12-24,15:27:24,0,0
9884,LJyclVpwAio,hd2160,0.8594410902,85.9,h3,2025-12-24,15:27:25,0,0
9885,LJyclVpwAio,hd2160,0.8651110156,86.5,h3,2025-12-24,15:27:26,0,0
9886,LJyclVpwAio,hd2160,0.8651110156,86.5,h3,2025-12-24,15:27:27,0,0
9887,LJyclVpwAio,hd2160,0.8651110156,86.5,h3,2025-12-24,15:27:28,0,0
9888,LJyclVpwAio,hd2160,0.8651110156,86.5,h3,2025-12-24,15:27:29,0,0
9889,LJyclVpwAio,hd2160,0.8651110156,86.5,h3,2025-12-24,15:27:30,0,0
9890,LJyclVpwAio,hd2160,0.8862986244,88.6,h3,2025-12-24,15:27:31,0,0
9891,LJyclVpwAio,hd2160,0.8862986244,88.6,h3,2025-12-24,15:27:32,0,0
9892,LJyclVpwAio,hd2160,0.9025623565,90.3,h3,2025-12-24,15:27:33,0,0
9893,LJyclVpwAio,hd2160,0.9025623565,90.3,h3,2025-12-24,15:27:34,0,0
9894,LJyclVpwAio,hd2160,0.9025623565,90.3,h3,2025-12-24,15:27:35,0,0
9895,LJyclVpwAio,hd2160,0.9131561587,91.3,h3,2025-12-24,15:27:36,0,0
9896,LJyclVpwAio,hd2160,0.9131561587,91.3,h3,2025-12-24,15:27:37,0,0
9897,LJyclVpwAio,hd2160,0.9191245026,91.9,h3,2025-12-24,15:27:38,0,0
9898,LJyclVpwAio,hd2160,0.9191245026,91.9,h3,2025-12-24,15:27:39,0,0
9899,LJyclVpwAio,hd2160,0.9400136929,94.0,h3,2025-12-24,15:27:40,0,0
9900,LJyclVpwAio,hd2160,0.9400136929,94.0,h3,2025-12-24,15:27:41,0,0
9901,LJyclVpwAio,hd2160,0.9400136929,94.0,h3,2025-12-24,15:27:42,0,0
9902,LJyclVpwAio,hd2160,0.9400136929,94.0,h3,2025-12-24,15:27:43,0,0
9903,LJyclVpwAio,hd2160,0.9668712271,96.7,h3,2025-12-24,15:27:44,0,0
9904,LJyclVpwAio,hd2160,0.9668712271,96.7,h3,2025-12-24,15:27:45,0,0
9905,LJyclVpwAio,hd2160,0.9668712271,96.7,h3,2025-12-24,15:27:46,0,0
9906,LJyclVpwAio,hd2160,0.9668712271,96.7,h3,2025-12-24,15:27:47,0,0
9907,LJyclVpwAio,hd2160,0.9668712271,96.7,h3,2025-12-24,15:27:48,0,0
9908,LJyclVpwAio,hd2160,0.9668712271,96.7,h3,2025-12-24,15:27:49,0,0
9909,LJyclVpwAio,hd2160,0.99805581,99.8,h3,2025-12-24,15:27:50,0,0
9910,LJyclVpwAio,hd2160,0.99805581,99.8,h3,2025-12-24,15:27:51,0,0
9911,LJyclVpwAio,hd2160,0.99805581,99.8,h3,2025-12-24,15:27:52,0,0
9912,LJyclVpwAio,hd2160,0.99805581,99.8,h3,2025-12-24,15:27:53,0,0
9913,LJyclVpwAio,hd2160,0.99805581,99.8,h3,2025-12-24,15:27:54,0,0
9914,LJyclVpwAio,hd2160,0.99805581,99.8,h3,2025-12-24,15:27:55,0,0
9915,LJyclVpwAio,hd2160,0.99805581,99.8,h3,2025-12-24,15:27:56,0,0
9916,LJyclVpwAio,hd2160,1.0,100.0,h3,2025-12-24,15:27:57,0,0
9917,LJyclVpwAio,hd2160,1.0,100.0,h3,2025-12-24,15:27:58,0,0
9918,LJyclVpwAio,hd2160,1.0,100.0,h3,2025-12-24,15:27:59,0,0
9919,LJyclVpwAio,hd2160,1.0,100.0,h3,2025-12-24,15:28:00,0,0
9920,LJyclVpwAio,hd2160,1.0,100.0,h3,2025-12-24,15:28:01,0,0
9921,LJyclVpwAio,hd2160,1.0,100.0,h3,2025-12-24,15:28:02,0,0
9922,LJyclVpwAio,hd2160,1.0,100.0,h3,2025-12-24,15:28:03,0,0
9923,LJyclVpwAio,hd2160,1.0,100.0,h3,2025-12-24,15:28:04,0,0
9924,LJyclVpwAio,hd2160,1.0,100.0,h3,2025-12-24,15:28:05,0,0
9925,LJyclVpwAio,hd2160,1.0,100.0,h3,2025-12-24,15:28:06,0,0
9926,LJyclVpwAio,hd2160,1.0,100.0,h3,2025-12-24,15:28:07,0,0
9927,LJyclVpwAio,hd2160,1.0,100.0,h3,2025-12-24,15:28:08,0,0
9928,LJyclVpwAio,hd2160,1.0,100.0,h3,2025-12-24,15:28:09,0,0
9929,LJyclVpwAio,hd2160,1.0,100.0,h3,2025-12-24,15:28:10,0,0
9930,LJyclVpwAio,hd2160,1.0,100.0,h3,2025-12-24,15:28:11,0,0
9931,LJyclVpwAio,hd2160,1.0,100.0,h3,2025-12-24,15:28:12,0,0
9932,LJyclVpwAio,hd2160,1.0,100.0,h3,2025-12-24,15:28:13,0,0
9933,LJyclVpwAio,hd2160,1.0,100.0,h3,2025-12-24,15:28:14,0,0
9934,LJyclVpwAio,hd2160,1.0,100.0,h3,2025-12-24,15:28:15,0,0
9935,LJyclVpwAio,hd2160,1.0,100.0,h3,2025-12-24,15:28:16,0,0
9936,LJyclVpwAio,hd2160,1.0,100.0,h3,2025-12-24,15:28:17,0,0
9937,LJyclVpwAio,hd2160,1.0,100.0,h3,2025-12-24,15:28:18,0,0
9938,LJyclVpwAio,hd2160,1.0,100.0,h3,2025-12-24,15:28:19,0,0
9939,LJyclVpwAio,hd2160,1.0,100.0,h3,2025-12-24,15:28:20,0,0
9940,LJyclVpwAio,hd2160,1.0,100.0,h3,2025-12-24,15:28:21,0,0
9941,LJyclVpwAio,hd2160,1.0,100.0,h3,2025-12-24,15:28:22,0,0
9942,LJyclVpwAio,hd2160,1.0,100.0,h3,2025-12-24,15:28:23,0,0
9943,LJyclVpwAio,hd2160,1.0,100.0,h3,2025-12-24,15:28:24,0,0
9944,LJyclVpwAio,hd2160,1.0,100.0,h3,2025-12-24,15:28:25,0,0
9945,LJyclVpwAio,hd2160,1.0,100.0,h3,2025-12-24,15:28:26,0,0
8645,dwHBpykTloY,hd2160,0.0,0.0,y5,2025-12-16,15:25:21,0,0
8646,dwHBpykTloY,hd2160,0.01395884419,1.4,y5,2025-12-16,15:25:22,0,0
8647,dwHBpykTloY,hd2160,0.04352644577,4.4,y5,2025-12-16,15:25:23,0,0
8648,dwHBpykTloY,hd2160,0.06661063996,6.7,y5,2025-12-16,15:25:24,0,0
8649,dwHBpykTloY,hd2160,0.07281074198,7.3,y5,2025-12-16,15:25:25,0,0
8650,dwHBpykTloY,hd2160,0.07297783127,7.3,y5,2025-12-16,15:25:26,0,0
8651,dwHBpykTloY,hd2160,0.0784879028,7.8,y5,2025-12-16,15:25:27,0,0
8652,dwHBpykTloY,hd2160,0.0784879028,7.8,y5,2025-12-16,15:25:28,0,0
8653,dwHBpykTloY,hd2160,0.0907325074,9.1,y5,2025-12-16,15:25:29,0,0
8654,dwHBpykTloY,hd2160,0.09722214597,9.7,y5,2025-12-16,15:25:30,0,0
8655,dwHBpykTloY,hd2160,0.1089769652,10.9,y5,2025-12-16,15:25:31,0,0
8656,dwHBpykTloY,hd2160,0.1089769652,10.9,y5,2025-12-16,15:25:32,0,0
8657,dwHBpykTloY,hd2160,0.1089769652,10.9,y5,2025-12-16,15:25:33,0,0
8658,dwHBpykTloY,hd2160,0.1089769652,10.9,y5,2025-12-16,15:25:34,0,0
8659,dwHBpykTloY,hd2160,0.1160788364,11.6,y5,2025-12-16,15:25:35,0,0
8660,dwHBpykTloY,hd2160,0.1160788364,11.6,y5,2025-12-16,15:25:36,0,0
8661,dwHBpykTloY,hd2160,0.1160788364,11.6,y5,2025-12-16,15:25:37,0,0
8662,dwHBpykTloY,hd2160,0.1266091941,12.7,y5,2025-12-16,15:25:38,0,0
8663,dwHBpykTloY,hd2160,0.1342008506,13.4,y5,2025-12-16,15:25:39,0,0
8664,dwHBpykTloY,hd2160,0.1342008506,13.4,y5,2025-12-16,15:25:40,0,0
8665,dwHBpykTloY,hd2160,0.1342008506,13.4,y5,2025-12-16,15:25:41,0,0
8666,dwHBpykTloY,hd2160,0.1454658845,14.5,y5,2025-12-16,15:25:42,0,0
8667,dwHBpykTloY,hd2160,0.1454658845,14.5,y5,2025-12-16,15:25:43,0,0
8668,dwHBpykTloY,hd2160,0.1454658845,14.5,y5,2025-12-16,15:25:44,0,0
8669,dwHBpykTloY,hd2160,0.1530575374,15.3,y5,2025-12-16,15:25:45,0,0
8670,dwHBpykTloY,hd2160,0.1530575374,15.3,y5,2025-12-16,15:25:46,0,0
8671,dwHBpykTloY,hd2160,0.1530575374,15.3,y5,2025-12-16,15:25:47,0,0
8672,dwHBpykTloY,hd2160,0.1642001277,16.4,y5,2025-12-16,15:25:48,0,0
8673,dwHBpykTloY,hd2160,0.1701999846,17.0,y5,2025-12-16,15:25:49,0,0
8674,dwHBpykTloY,hd2160,0.1701999846,17.0,y5,2025-12-16,15:25:50,0,0
8675,dwHBpykTloY,hd2160,0.1701999846,17.0,y5,2025-12-16,15:25:51,0,0
8676,dwHBpykTloY,hd2160,0.1819548038,18.2,y5,2025-12-16,15:25:52,0,0
8677,dwHBpykTloY,hd2160,0.1819548038,18.2,y5,2025-12-16,15:25:53,0,0
8678,dwHBpykTloY,hd2160,0.1884444424,18.8,y5,2025-12-16,15:25:54,0,0
8679,dwHBpykTloY,hd2160,0.1884444424,18.8,y5,2025-12-16,15:25:55,0,0
8680,dwHBpykTloY,hd2160,0.1884444424,18.8,y5,2025-12-16,15:25:56,0,0
8681,dwHBpykTloY,hd2160,0.2001992617,20.0,y5,2025-12-16,15:25:57,0,0
8682,dwHBpykTloY,hd2160,0.2001992617,20.0,y5,2025-12-16,15:25:58,0,0
8683,dwHBpykTloY,hd2160,0.2001992617,20.0,y5,2025-12-16,15:25:59,0,0
8684,dwHBpykTloY,hd2160,0.2066889002,20.7,y5,2025-12-16,15:26:00,0,0
8685,dwHBpykTloY,hd2160,0.2164845854,21.6,y5,2025-12-16,15:26:01,0,0
8686,dwHBpykTloY,hd2160,0.2164845854,21.6,y5,2025-12-16,15:26:02,0,0
8687,dwHBpykTloY,hd2160,0.2164845854,21.6,y5,2025-12-16,15:26:03,0,0
8688,dwHBpykTloY,hd2160,0.2164845854,21.6,y5,2025-12-16,15:26:04,0,0
8689,dwHBpykTloY,hd2160,0.2249333617,22.5,y5,2025-12-16,15:26:05,0,0
8690,dwHBpykTloY,hd2160,0.2249333617,22.5,y5,2025-12-16,15:26:06,0,0
8691,dwHBpykTloY,hd2160,0.2361983956,23.6,y5,2025-12-16,15:26:07,0,0
8692,dwHBpykTloY,hd2160,0.2361983956,23.6,y5,2025-12-16,15:26:08,0,0
8693,dwHBpykTloY,hd2160,0.2431778195,24.3,y5,2025-12-16,15:26:09,0,0
8694,dwHBpykTloY,hd2160,0.2431778195,24.3,y5,2025-12-16,15:26:10,0,0
8695,dwHBpykTloY,hd2160,0.2431778195,24.3,y5,2025-12-16,15:26:11,0,0
8696,dwHBpykTloY,hd2160,0.2551775296,25.5,y5,2025-12-16,15:26:12,0,0
8697,dwHBpykTloY,hd2160,0.2551775296,25.5,y5,2025-12-16,15:26:13,0,0
8698,dwHBpykTloY,hd2160,0.2551775296,25.5,y5,2025-12-16,15:26:14,0,0
8699,dwHBpykTloY,hd2160,0.273666882,27.4,y5,2025-12-16,15:26:15,0,0
8700,dwHBpykTloY,hd2160,0.273666882,27.4,y5,2025-12-16,15:26:16,0,0
8701,dwHBpykTloY,hd2160,0.273666882,27.4,y5,2025-12-16,15:26:17,0,0
8702,dwHBpykTloY,hd2160,0.273666882,27.4,y5,2025-12-16,15:26:18,0,0
8703,dwHBpykTloY,hd2160,0.273666882,27.4,y5,2025-12-16,15:26:19,0,0
8704,dwHBpykTloY,hd2160,0.2919113398,29.2,y5,2025-12-16,15:26:20,0,0
8705,dwHBpykTloY,hd2160,0.2919113398,29.2,y5,2025-12-16,15:26:21,0,0
8706,dwHBpykTloY,hd2160,0.2919113398,29.2,y5,2025-12-16,15:26:22,0,0
8707,dwHBpykTloY,hd2160,0.2919113398,29.2,y5,2025-12-16,15:26:23,0,0
8708,dwHBpykTloY,hd2160,0.2919113398,29.2,y5,2025-12-16,15:26:24,0,0
8709,dwHBpykTloY,hd2160,0.3101558013,31.0,y5,2025-12-16,15:26:25,0,0
8710,dwHBpykTloY,hd2160,0.3101558013,31.0,y5,2025-12-16,15:26:26,0,0
8711,dwHBpykTloY,hd2160,0.3101558013,31.0,y5,2025-12-16,15:26:27,0,0
8712,dwHBpykTloY,hd2160,0.3101558013,31.0,y5,2025-12-16,15:26:28,0,0
8713,dwHBpykTloY,hd2160,0.3101558013,31.0,y5,2025-12-16,15:26:29,0,0
8714,dwHBpykTloY,hd2160,0.3101558013,31.0,y5,2025-12-16,15:26:30,0,0
8715,dwHBpykTloY,hd2160,0.3101558013,31.0,y5,2025-12-16,15:26:31,0,0
8716,dwHBpykTloY,hd2160,0.3279104737,32.8,y5,2025-12-16,15:26:32,0,0
8717,dwHBpykTloY,hd2160,0.3279104737,32.8,y5,2025-12-16,15:26:33,0,0
8718,dwHBpykTloY,hd2160,0.3363592501,33.6,y5,2025-12-16,15:26:34,0,0
8719,dwHBpykTloY,hd2160,0.3363592501,33.6,y5,2025-12-16,15:26:35,0,0
8720,dwHBpykTloY,hd2160,0.3466447169,34.7,y5,2025-12-16,15:26:36,0,0
8721,dwHBpykTloY,hd2160,0.3466447169,34.7,y5,2025-12-16,15:26:37,0,0
8722,dwHBpykTloY,hd2160,0.3466447169,34.7,y5,2025-12-16,15:26:38,0,0
8723,dwHBpykTloY,hd2160,0.3526445738,35.3,y5,2025-12-16,15:26:39,0,0
8724,dwHBpykTloY,hd2160,0.3526445738,35.3,y5,2025-12-16,15:26:40,0,0
8725,dwHBpykTloY,hd2160,0.3604811212,36.0,y5,2025-12-16,15:26:41,0,0
8726,dwHBpykTloY,hd2160,0.3604811212,36.0,y5,2025-12-16,15:26:42,0,0
8727,dwHBpykTloY,hd2160,0.3716237078,37.2,y5,2025-12-16,15:26:43,0,0
8728,dwHBpykTloY,hd2160,0.3716237078,37.2,y5,2025-12-16,15:26:44,0,0
8729,dwHBpykTloY,hd2160,0.3775011174,37.8,y5,2025-12-16,15:26:45,0,0
8730,dwHBpykTloY,hd2160,0.3775011174,37.8,y5,2025-12-16,15:26:46,0,0
8731,dwHBpykTloY,hd2160,0.3775011174,37.8,y5,2025-12-16,15:26:47,0,0
8732,dwHBpykTloY,hd2160,0.3881539224,38.8,y5,2025-12-16,15:26:48,0,0
8733,dwHBpykTloY,hd2160,0.3881539224,38.8,y5,2025-12-16,15:26:49,0,0
8734,dwHBpykTloY,hd2160,0.3881539224,38.8,y5,2025-12-16,15:26:50,0,0
8735,dwHBpykTloY,hd2160,0.401378094,40.1,y5,2025-12-16,15:26:51,0,0
8736,dwHBpykTloY,hd2160,0.401378094,40.1,y5,2025-12-16,15:26:52,0,0
8737,dwHBpykTloY,hd2160,0.401378094,40.1,y5,2025-12-16,15:26:53,0,0
8738,dwHBpykTloY,hd2160,0.4142349276,41.4,y5,2025-12-16,15:26:54,0,0
8739,dwHBpykTloY,hd2160,0.4142349276,41.4,y5,2025-12-16,15:26:55,0,0
8740,dwHBpykTloY,hd2160,0.4142349276,41.4,y5,2025-12-16,15:26:56,0,0
8741,dwHBpykTloY,hd2160,0.4196225555,42.0,y5,2025-12-16,15:26:57,0,0
8742,dwHBpykTloY,hd2160,0.4256224087,42.6,y5,2025-12-16,15:26:58,0,0
8743,dwHBpykTloY,hd2160,0.4256224087,42.6,y5,2025-12-16,15:26:59,0,0
8744,dwHBpykTloY,hd2160,0.4256224087,42.6,y5,2025-12-16,15:27:00,0,0
8745,dwHBpykTloY,hd2160,0.4378670133,43.8,y5,2025-12-16,15:27:01,0,0
8746,dwHBpykTloY,hd2160,0.4378670133,43.8,y5,2025-12-16,15:27:02,0,0
8747,dwHBpykTloY,hd2160,0.4514585231,45.1,y5,2025-12-16,15:27:03,0,0
8748,dwHBpykTloY,hd2160,0.4514585231,45.1,y5,2025-12-16,15:27:04,0,0
8749,dwHBpykTloY,hd2160,0.4514585231,45.1,y5,2025-12-16,15:27:05,0,0
8750,dwHBpykTloY,hd2160,0.4514585231,45.1,y5,2025-12-16,15:27:06,0,0
8751,dwHBpykTloY,hd2160,0.4514585231,45.1,y5,2025-12-16,15:27:07,0,0
8752,dwHBpykTloY,hd2160,0.4719070095,47.2,y5,2025-12-16,15:27:08,0,0
8753,dwHBpykTloY,hd2160,0.4719070095,47.2,y5,2025-12-16,15:27:09,0,0
8754,dwHBpykTloY,hd2160,0.4719070095,47.2,y5,2025-12-16,15:27:10,0,0
8755,dwHBpykTloY,hd2160,0.4719070095,47.2,y5,2025-12-16,15:27:11,0,0
8756,dwHBpykTloY,hd2160,0.4719070095,47.2,y5,2025-12-16,15:27:12,0,0
8757,dwHBpykTloY,hd2160,0.4806006804,48.1,y5,2025-12-16,15:27:13,0,0
8758,dwHBpykTloY,hd2160,0.4806006804,48.1,y5,2025-12-16,15:27:14,0,0
8759,dwHBpykTloY,hd2160,0.4806006804,48.1,y5,2025-12-16,15:27:15,0,0
8760,dwHBpykTloY,hd2160,0.4806006804,48.1,y5,2025-12-16,15:27:16,0,0
8761,dwHBpykTloY,hd2160,0.5064367911,50.6,y5,2025-12-16,15:27:17,0,0
8762,dwHBpykTloY,hd2160,0.5064367911,50.6,y5,2025-12-16,15:27:18,0,0
8763,dwHBpykTloY,hd2160,0.5064367911,50.6,y5,2025-12-16,15:27:19,0,0
8764,dwHBpykTloY,hd2160,0.5064367911,50.6,y5,2025-12-16,15:27:20,0,0
8765,dwHBpykTloY,hd2160,0.5064367911,50.6,y5,2025-12-16,15:27:21,0,0
8766,dwHBpykTloY,hd2160,0.5290893098,52.9,y5,2025-12-16,15:27:22,0,0
8767,dwHBpykTloY,hd2160,0.5290893098,52.9,y5,2025-12-16,15:27:23,0,0
8768,dwHBpykTloY,hd2160,0.5290893098,52.9,y5,2025-12-16,15:27:24,0,0
8769,dwHBpykTloY,hd2160,0.5290893098,52.9,y5,2025-12-16,15:27:25,0,0
8770,dwHBpykTloY,hd2160,0.5290893098,52.9,y5,2025-12-16,15:27:26,0,0
8771,dwHBpykTloY,hd2160,0.5290893098,52.9,y5,2025-12-16,15:27:27,0,0
8772,dwHBpykTloY,hd2160,0.5473337676,54.7,y5,2025-12-16,15:27:28,0,0
8773,dwHBpykTloY,hd2160,0.5473337676,54.7,y5,2025-12-16,15:27:29,0,0
8774,dwHBpykTloY,hd2160,0.5473337676,54.7,y5,2025-12-16,15:27:30,0,0
8775,dwHBpykTloY,hd2160,0.5473337676,54.7,y5,2025-12-16,15:27:31,0,0
8776,dwHBpykTloY,hd2160,0.5473337676,54.7,y5,2025-12-16,15:27:32,0,0
8777,dwHBpykTloY,hd2160,0.5655782254,56.6,y5,2025-12-16,15:27:33,0,0
8778,dwHBpykTloY,hd2160,0.5655782254,56.6,y5,2025-12-16,15:27:34,0,0
8779,dwHBpykTloY,hd2160,0.5655782254,56.6,y5,2025-12-16,15:27:35,0,0
8780,dwHBpykTloY,hd2160,0.5655782254,56.6,y5,2025-12-16,15:27:36,0,0
8781,dwHBpykTloY,hd2160,0.5655782254,56.6,y5,2025-12-16,15:27:37,0,0
8782,dwHBpykTloY,hd2160,0.5838226869,58.4,y5,2025-12-16,15:27:38,0,0
8783,dwHBpykTloY,hd2160,0.5838226869,58.4,y5,2025-12-16,15:27:39,0,0
8784,dwHBpykTloY,hd2160,0.5838226869,58.4,y5,2025-12-16,15:27:40,0,0
8785,dwHBpykTloY,hd2160,0.5838226869,58.4,y5,2025-12-16,15:27:41,0,0
8786,dwHBpykTloY,hd2160,0.5838226869,58.4,y5,2025-12-16,15:27:42,0,0
8787,dwHBpykTloY,hd2160,0.6020671447,60.2,y5,2025-12-16,15:27:43,0,0
8788,dwHBpykTloY,hd2160,0.6020671447,60.2,y5,2025-12-16,15:27:44,0,0
8789,dwHBpykTloY,hd2160,0.6020671447,60.2,y5,2025-12-16,15:27:45,0,0
8790,dwHBpykTloY,hd2160,0.6020671447,60.2,y5,2025-12-16,15:27:46,0,0
8791,dwHBpykTloY,hd2160,0.6020671447,60.2,y5,2025-12-16,15:27:47,0,0
8792,dwHBpykTloY,hd2160,0.6203116025,62.0,y5,2025-12-16,15:27:48,0,0
8793,dwHBpykTloY,hd2160,0.6203116025,62.0,y5,2025-12-16,15:27:49,0,0
8794,dwHBpykTloY,hd2160,0.6203116025,62.0,y5,2025-12-16,15:27:50,0,0
8795,dwHBpykTloY,hd2160,0.6203116025,62.0,y5,2025-12-16,15:27:51,0,0
8796,dwHBpykTloY,hd2160,0.6203116025,62.0,y5,2025-12-16,15:27:52,0,0
8797,dwHBpykTloY,hd2160,0.638556064,63.9,y5,2025-12-16,15:27:53,0,0
8798,dwHBpykTloY,hd2160,0.638556064,63.9,y5,2025-12-16,15:27:54,0,0
8799,dwHBpykTloY,hd2160,0.638556064,63.9,y5,2025-12-16,15:27:55,0,0
8800,dwHBpykTloY,hd2160,0.638556064,63.9,y5,2025-12-16,15:27:56,0,0
8801,dwHBpykTloY,hd2160,0.6568005218,65.7,y5,2025-12-16,15:27:57,0,0
8802,dwHBpykTloY,hd2160,0.6568005218,65.7,y5,2025-12-16,15:27:58,0,0
8803,dwHBpykTloY,hd2160,0.6568005218,65.7,y5,2025-12-16,15:27:59,0,0
8804,dwHBpykTloY,hd2160,0.6568005218,65.7,y5,2025-12-16,15:28:00,0,0
8805,dwHBpykTloY,hd2160,0.6568005218,65.7,y5,2025-12-16,15:28:01,0,0
8806,dwHBpykTloY,hd2160,0.6750449797,67.5,y5,2025-12-16,15:28:02,0,0
8807,dwHBpykTloY,hd2160,0.6750449797,67.5,y5,2025-12-16,15:28:03,0,0
8808,dwHBpykTloY,hd2160,0.6750449797,67.5,y5,2025-12-16,15:28:04,0,0
8809,dwHBpykTloY,hd2160,0.6750449797,67.5,y5,2025-12-16,15:28:05,0,0
8810,dwHBpykTloY,hd2160,0.6750449797,67.5,y5,2025-12-16,15:28:06,0,0
8811,dwHBpykTloY,hd2160,0.6750449797,67.5,y5,2025-12-16,15:28:07,0,0
8812,dwHBpykTloY,hd2160,0.6932894411,69.3,y5,2025-12-16,15:28:08,0,0
8813,dwHBpykTloY,hd2160,0.6932894411,69.3,y5,2025-12-16,15:28:09,0,0
8814,dwHBpykTloY,hd2160,0.6932894411,69.3,y5,2025-12-16,15:28:10,0,0
8815,dwHBpykTloY,hd2160,0.6932894411,69.3,y5,2025-12-16,15:28:11,0,0
8816,dwHBpykTloY,hd2160,0.711533899,71.2,y5,2025-12-16,15:28:12,0,0
8817,dwHBpykTloY,hd2160,0.711533899,71.2,y5,2025-12-16,15:28:13,0,0
8818,dwHBpykTloY,hd2160,0.711533899,71.2,y5,2025-12-16,15:28:14,0,0
8819,dwHBpykTloY,hd2160,0.711533899,71.2,y5,2025-12-16,15:28:15,0,0
8820,dwHBpykTloY,hd2160,0.711533899,71.2,y5,2025-12-16,15:28:16,0,0
8821,dwHBpykTloY,hd2160,0.711533899,71.2,y5,2025-12-16,15:28:17,0,0
8822,dwHBpykTloY,hd2160,0.7297783568,73.0,y5,2025-12-16,15:28:18,0,0
8823,dwHBpykTloY,hd2160,0.7297783568,73.0,y5,2025-12-16,15:28:19,0,0
8824,dwHBpykTloY,hd2160,0.7297783568,73.0,y5,2025-12-16,15:28:20,0,0
8825,dwHBpykTloY,hd2160,0.7297783568,73.0,y5,2025-12-16,15:28:21,0,0
8826,dwHBpykTloY,hd2160,0.7297783568,73.0,y5,2025-12-16,15:28:22,0,0
8827,dwHBpykTloY,hd2160,0.7480228183,74.8,y5,2025-12-16,15:28:23,0,0
8828,dwHBpykTloY,hd2160,0.7480228183,74.8,y5,2025-12-16,15:28:24,0,0
8829,dwHBpykTloY,hd2160,0.7480228183,74.8,y5,2025-12-16,15:28:25,0,0
8830,dwHBpykTloY,hd2160,0.7480228183,74.8,y5,2025-12-16,15:28:26,0,0
8831,dwHBpykTloY,hd2160,0.7662672761,76.6,y5,2025-12-16,15:28:27,0,0
8832,dwHBpykTloY,hd2160,0.7662672761,76.6,y5,2025-12-16,15:28:28,0,0
8833,dwHBpykTloY,hd2160,0.7662672761,76.6,y5,2025-12-16,15:28:29,0,0
8834,dwHBpykTloY,hd2160,0.7662672761,76.6,y5,2025-12-16,15:28:30,0,0
8835,dwHBpykTloY,hd2160,0.7662672761,76.6,y5,2025-12-16,15:28:31,0,0
8836,dwHBpykTloY,hd2160,0.7662672761,76.6,y5,2025-12-16,15:28:32,0,0
8837,dwHBpykTloY,hd2160,0.7662672761,76.6,y5,2025-12-16,15:28:33,0,0
8838,dwHBpykTloY,hd2160,0.7827974907,78.3,y5,2025-12-16,15:28:34,0,0
8839,dwHBpykTloY,hd2160,0.7827974907,78.3,y5,2025-12-16,15:28:35,0,0
8840,dwHBpykTloY,hd2160,0.7827974907,78.3,y5,2025-12-16,15:28:36,0,0
8841,dwHBpykTloY,hd2160,0.7827974907,78.3,y5,2025-12-16,15:28:37,0,0
8842,dwHBpykTloY,hd2160,0.7827974907,78.3,y5,2025-12-16,15:28:38,0,0
8843,dwHBpykTloY,hd2160,0.7845117339,78.5,y5,2025-12-16,15:28:39,0,0
8844,dwHBpykTloY,hd2160,0.787572886,78.8,y5,2025-12-16,15:28:40,0,0
8845,dwHBpykTloY,hd2160,0.7983481382,79.8,y5,2025-12-16,15:28:41,0,0
8846,dwHBpykTloY,hd2160,0.7983481382,79.8,y5,2025-12-16,15:28:42,0,0
8847,dwHBpykTloY,hd2160,0.7983481382,79.8,y5,2025-12-16,15:28:43,0,0
8848,dwHBpykTloY,hd2160,0.8087560486,80.9,y5,2025-12-16,15:28:44,0,0
8849,dwHBpykTloY,hd2160,0.8195313008,82.0,y5,2025-12-16,15:28:45,0,0
8850,dwHBpykTloY,hd2160,0.8195313008,82.0,y5,2025-12-16,15:28:46,0,0
8851,dwHBpykTloY,hd2160,0.8195313008,82.0,y5,2025-12-16,15:28:47,0,0
8852,dwHBpykTloY,hd2160,0.8257760485,82.6,y5,2025-12-16,15:28:48,0,0
8853,dwHBpykTloY,hd2160,0.8257760485,82.6,y5,2025-12-16,15:28:49,0,0
8854,dwHBpykTloY,hd2160,0.8370410824,83.7,y5,2025-12-16,15:28:50,0,0
8855,dwHBpykTloY,hd2160,0.8370410824,83.7,y5,2025-12-16,15:28:51,0,0
8856,dwHBpykTloY,hd2160,0.8370410824,83.7,y5,2025-12-16,15:28:52,0,0
8857,dwHBpykTloY,hd2160,0.8370410824,83.7,y5,2025-12-16,15:28:53,0,0
8858,dwHBpykTloY,hd2160,0.8445102917,84.5,y5,2025-12-16,15:28:54,0,0
8859,dwHBpykTloY,hd2160,0.8445102917,84.5,y5,2025-12-16,15:28:55,0,0
8860,dwHBpykTloY,hd2160,0.8563875582,85.6,y5,2025-12-16,15:28:56,0,0
8861,dwHBpykTloY,hd2160,0.8563875582,85.6,y5,2025-12-16,15:28:57,0,0
8862,dwHBpykTloY,hd2160,0.8634894257,86.3,y5,2025-12-16,15:28:58,0,0
8863,dwHBpykTloY,hd2160,0.8634894257,86.3,y5,2025-12-16,15:28:59,0,0
8864,dwHBpykTloY,hd2160,0.8634894257,86.3,y5,2025-12-16,15:29:00,0,0
8865,dwHBpykTloY,hd2160,0.8745095688,87.5,y5,2025-12-16,15:29:01,0,0
8866,dwHBpykTloY,hd2160,0.8745095688,87.5,y5,2025-12-16,15:29:02,0,0
8867,dwHBpykTloY,hd2160,0.8745095688,87.5,y5,2025-12-16,15:29:03,0,0
8868,dwHBpykTloY,hd2160,0.880999211,88.1,y5,2025-12-16,15:29:04,0,0
8869,dwHBpykTloY,hd2160,0.880999211,88.1,y5,2025-12-16,15:29:05,0,0
8870,dwHBpykTloY,hd2160,0.8939784882,89.4,y5,2025-12-16,15:29:06,0,0
8871,dwHBpykTloY,hd2160,0.9122229496,91.2,y5,2025-12-16,15:29:07,0,0
8872,dwHBpykTloY,hd2160,0.9122229496,91.2,y5,2025-12-16,15:29:08,0,0
8873,dwHBpykTloY,hd2160,0.9122229496,91.2,y5,2025-12-16,15:29:09,0,0
8874,dwHBpykTloY,hd2160,0.9122229496,91.2,y5,2025-12-16,15:29:10,0,0
8875,dwHBpykTloY,hd2160,0.9122229496,91.2,y5,2025-12-16,15:29:11,0,0
8876,dwHBpykTloY,hd2160,0.9122229496,91.2,y5,2025-12-16,15:29:12,0,0
8877,dwHBpykTloY,hd2160,0.9122229496,91.2,y5,2025-12-16,15:29:13,0,0
8878,dwHBpykTloY,hd2160,0.9304674075,93.0,y5,2025-12-16,15:29:14,0,0
8879,dwHBpykTloY,hd2160,0.9304674075,93.0,y5,2025-12-16,15:29:15,0,0
8880,dwHBpykTloY,hd2160,0.9304674075,93.0,y5,2025-12-16,15:29:16,0,0
8881,dwHBpykTloY,hd2160,0.9487118653,94.9,y5,2025-12-16,15:29:17,0,0
8882,dwHBpykTloY,hd2160,0.9487118653,94.9,y5,2025-12-16,15:29:18,0,0
8883,dwHBpykTloY,hd2160,0.9487118653,94.9,y5,2025-12-16,15:29:19,0,0
8884,dwHBpykTloY,hd2160,0.9487118653,94.9,y5,2025-12-16,15:29:20,0,0
8885,dwHBpykTloY,hd2160,0.9487118653,94.9,y5,2025-12-16,15:29:21,0,0
8886,dwHBpykTloY,hd2160,0.9487118653,94.9,y5,2025-12-16,15:29:22,0,0
8887,dwHBpykTloY,hd2160,0.9669563268,96.7,y5,2025-12-16,15:29:23,0,0
8888,dwHBpykTloY,hd2160,0.9669563268,96.7,y5,2025-12-16,15:29:24,0,0
8889,dwHBpykTloY,hd2160,0.9669563268,96.7,y5,2025-12-16,15:29:25,0,0
8890,dwHBpykTloY,hd2160,0.9669563268,96.7,y5,2025-12-16,15:29:26,0,0
8891,dwHBpykTloY,hd2160,0.9852007846,98.5,y5,2025-12-16,15:29:27,0,0
8892,dwHBpykTloY,hd2160,0.9852007846,98.5,y5,2025-12-16,15:29:28,0,0
8893,dwHBpykTloY,hd2160,0.9852007846,98.5,y5,2025-12-16,15:29:29,0,0
8894,dwHBpykTloY,hd2160,0.9852007846,98.5,y5,2025-12-16,15:29:30,0,0
8895,dwHBpykTloY,hd2160,0.9852007846,98.5,y5,2025-12-16,15:29:31,0,0
8896,dwHBpykTloY,hd2160,1.0,100.0,y5,2025-12-16,15:29:32,0,0
8897,dwHBpykTloY,hd2160,1.0,100.0,y5,2025-12-16,15:29:33,0,0
8898,dwHBpykTloY,hd2160,1.0,100.0,y5,2025-12-16,15:29:34,0,0
8899,dwHBpykTloY,hd2160,1.0,100.0,y5,2025-12-16,15:29:35,0,0
8900,dwHBpykTloY,hd2160,1.0,100.0,y5,2025-12-16,15:29:36,0,0
8901,dwHBpykTloY,hd2160,1.0,100.0,y5,2025-12-16,15:29:37,0,0
8902,dwHBpykTloY,hd2160,1.0,100.0,y5,2025-12-16,15:29:38,0,0
8903,dwHBpykTloY,hd2160,1.0,100.0,y5,2025-12-16,15:29:39,0,0
8904,dwHBpykTloY,hd2160,1.0,100.0,y5,2025-12-16,15:29:40,0,0
8905,dwHBpykTloY,hd2160,1.0,100.0,y5,2025-12-16,15:29:41,0,0
8906,dwHBpykTloY,hd2160,1.0,100.0,y5,2025-12-16,15:29:42,0,0
8907,dwHBpykTloY,hd2160,1.0,100.0,y5,2025-12-16,15:29:43,0,0
8908,dwHBpykTloY,hd2160,1.0,100.0,y5,2025-12-16,15:29:44,0,0
8909,dwHBpykTloY,hd2160,1.0,100.0,y5,2025-12-16,15:29:45,0,0
8910,dwHBpykTloY,hd2160,1.0,100.0,y5,2025-12-16,15:29:46,0,0
8911,dwHBpykTloY,hd2160,1.0,100.0,y5,2025-12-16,15:29:47,0,0
8912,dwHBpykTloY,hd2160,1.0,100.0,y5,2025-12-16,15:29:48,0,0
8913,dwHBpykTloY,hd2160,1.0,100.0,y5,2025-12-16,15:29:49,0,0
8914,dwHBpykTloY,hd2160,1.0,100.0,y5,2025-12-16,15:29:50,0,0
8915,dwHBpykTloY,hd2160,1.0,100.0,y5,2025-12-16,15:29:51,0,0
8916,dwHBpykTloY,hd2160,1.0,100.0,y5,2025-12-16,15:29:52,0,0
8917,dwHBpykTloY,hd2160,1.0,100.0,y5,2025-12-16,15:29:53,0,0
8918,dwHBpykTloY,hd2160,1.0,100.0,y5,2025-12-16,15:29:54,0,0
8919,dwHBpykTloY,hd2160,1.0,100.0,y5,2025-12-16,15:29:55,0,0
8920,dwHBpykTloY,hd2160,1.0,100.0,y5,2025-12-16,15:29:56,0,0
8921,dwHBpykTloY,hd2160,1.0,100.0,y5,2025-12-16,15:29:57,0,0
8922,dwHBpykTloY,hd2160,1.0,100.0,y5,2025-12-16,15:29:58,0,0
8923,dwHBpykTloY,hd2160,1.0,100.0,y5,2025-12-16,15:29:59,0,0
8924,dwHBpykTloY,hd2160,1.0,100.0,y5,2025-12-16,15:30:00,0,0
8925,dwHBpykTloY,hd2160,1.0,100.0,y5,2025-12-16,15:30:01,0,0
8926,dwHBpykTloY,hd2160,1.0,100.0,y5,2025-12-16,15:30:02,0,0
8927,dwHBpykTloY,hd2160,1.0,100.0,y5,2025-12-16,15:30:03,0,0
8928,dwHBpykTloY,hd2160,1.0,100.0,y5,2025-12-16,15:30:04,0,0
8929,dwHBpykTloY,hd2160,1.0,100.0,y5,2025-12-16,15:30:05,0,0
8930,dwHBpykTloY,hd2160,1.0,100.0,y5,2025-12-16,15:30:06,0,0
8931,dwHBpykTloY,hd2160,1.0,100.0,y5,2025-12-16,15:30:07,0,0
