index,Date,Time,Longitude,Latitude,Level,Qual,SNR,DL_bitrate,UL_bitrate,State,EVENT,SecondCell_RSRP,SecondCell_RSRQ,SecondCell_SNR,Eid,Label,Quality Switching
2310,2025.11.11,13.50.38,-90.120246,29.934144,-103,-13,7.0,0,0,I,LOG START,,,,h99,0,0
2311,2025.11.11,13.50.39,-90.120246,29.934144,-105,-14,7.0,0,0,I,PERIODIC,,,,h99,0,0
2312,2025.11.11,13.50.40,-90.120246,29.934144,-105,-14,7.0,0,0,I,PERIODIC,,,,h99,0,0
2313,2025.11.11,13.50.41,-90.120246,29.934144,-105,-14,7.0,0,0,I,PERIODIC,,,,h99,0,0
2314,2025.11.11,13.50.42,-90.120246,29.934144,-104,-13,7.0,0,0,I,PERIODIC,,,,h99,0,0
2315,2025.11.11,13.50.43,-90.120246,29.934144,-104,-12,7.0,0,52,D,PERIODIC,,,,h99,0,0
2316,2025.11.11,13.50.44,-90.120246,29.934144,-104,-12,7.0,0,0,D,PERIODIC,,,,h99,0,0
2317,2025.11.11,13.50.44,-90.120293,29.934136,-104,-12,7.0,0,0,I,,,,,h99,0,0
2318,2025.11.11,13.50.45,-90.120293,29.934136,-105,-14,7.0,19,20,D,PERIODIC,,,,h99,0,0
2319,2025.11.11,13.50.46,-90.120293,29.934136,-105,-14,7.0,0,0,D,PERIODIC,,,,h99,0,0
2320,2025.11.11,13.50.47,-90.120293,29.934136,-104,-13,8.0,36,36,D,PERIODIC,,,,h99,0,0
2321,2025.11.11,13.50.48,-90.120293,29.934136,-104,-13,8.0,0,0,D,PERIODIC,,,,h99,0,0
2322,2025.11.11,13.50.49,-90.120293,29.934136,-109,-16,2.0,0,0,D,IRAT_HANDOVER_DATA_4G5G,-104.0,-12.0,8.0,h99,0,0
2323,2025.11.11,13.50.50,-90.120293,29.934136,-109,-16,-3.0,0,1,D,PERIODIC,-104.0,-12.0,8.0,h99,0,0
2324,2025.11.11,13.50.51,-90.120293,29.934136,-107,-16,-4.0,0,0,D,PERIODIC,-104.0,-12.0,10.0,h99,0,0
2325,2025.11.11,13.50.52,-90.120293,29.934136,-107,-16,-3.0,0,0,I,PERIODIC,-104.0,-12.0,10.0,h99,0,0
2326,2025.11.11,13.50.53,-90.120293,29.934136,-107,-16,-3.0,0,0,I,PERIODIC,-104.0,-13.0,7.0,h99,0,0
2327,2025.11.11,13.50.53,-90.120275,29.934031,-107,-16,-3.0,0,0,I,,-104.0,-13.0,7.0,h99,0,0
2328,2025.11.11,13.50.54,-90.120275,29.934031,-107,-16,-3.0,7,7,D,PERIODIC,-104.0,-13.0,7.0,h99,0,0
2329,2025.11.11,13.50.55,-90.120275,29.934031,-107,-16,-3.0,0,0,D,PERIODIC,-105.0,-13.0,7.0,h99,0,0
2330,2025.11.11,13.50.56,-90.120275,29.934031,-107,-16,-3.0,11,13,D,PERIODIC,-105.0,-13.0,7.0,h99,0,0
2331,2025.11.11,13.50.57,-90.120275,29.934031,-105,-15,-10.0,4,4,D,PERIODIC,-104.0,-14.0,6.0,h99,0,0
2332,2025.11.11,13.50.58,-90.120275,29.934031,-105,-15,-10.0,0,3,D,PERIODIC,-104.0,-14.0,6.0,h99,0,0
2333,2025.11.11,13.50.59,-90.120275,29.934031,-105,-15,-10.0,4,4,D,PERIODIC,-104.0,-13.0,6.0,h99,0,0
2334,2025.11.11,13.51.00,-90.120275,29.934031,-105,-15,-10.0,0,1,D,PERIODIC,-104.0,-13.0,6.0,h99,0,0
2335,2025.11.11,13.51.01,-90.120275,29.934031,-105,-15,-10.0,0,2,D,PERIODIC,-105.0,-13.0,6.0,h99,0,0
2336,2025.11.11,13.51.02,-90.120275,29.934031,-105,-15,-10.0,0,0,D,PERIODIC,-105.0,-13.0,6.0,h99,0,0
2337,2025.11.11,13.51.03,-90.120275,29.934031,-107,-16,-3.0,0,0,I,PERIODIC,-106.0,-14.0,5.0,h99,0,0
2338,2025.11.11,13.51.04,-90.120275,29.934031,-107,-16,-3.0,0,0,I,PERIODIC,-106.0,-14.0,5.0,h99,0,0
2339,2025.11.11,13.51.05,-90.120275,29.934031,-107,-16,-3.0,1,1,D,PERIODIC,-104.0,-13.0,5.0,h99,0,0
2340,2025.11.11,13.51.06,-90.120275,29.934031,-107,-16,-3.0,0,1,D,PERIODIC,-104.0,-13.0,5.0,h99,0,0
2341,2025.11.11,13.51.07,-90.120275,29.934031,-107,-16,-3.0,2,2,D,PERIODIC,-105.0,-13.0,5.0,h99,0,0
2342,2025.11.11,13.51.08,-90.120275,29.934031,-107,-16,-3.0,7,10,D,PERIODIC,-105.0,-13.0,5.0,h99,0,0
2343,2025.11.11,13.51.09,-90.120275,29.934031,-107,-16,-3.0,0,3,D,PERIODIC,-104.0,-12.0,5.0,h99,0,0
2344,2025.11.11,13.51.10,-90.120275,29.934031,-107,-16,-3.0,6,6,D,PERIODIC,-104.0,-12.0,5.0,h99,0,0
2345,2025.11.11,13.51.11,-90.120275,29.934031,-107,-16,-3.0,0,4,D,PERIODIC,-105.0,-13.0,5.0,h99,0,0
2346,2025.11.11,13.51.12,-90.120275,29.934031,-107,-16,-3.0,0,69,D,PERIODIC,-105.0,-13.0,5.0,h99,0,0
2347,2025.11.11,13.51.13,-90.120275,29.934031,-107,-16,-3.0,4,4,D,PERIODIC,-104.0,-13.0,5.0,h99,0,0
2348,2025.11.11,13.51.14,-90.120275,29.934031,-107,-16,-3.0,0,0,I,PERIODIC,-104.0,-13.0,5.0,h99,0,0
2349,2025.11.11,13.51.15,-90.120275,29.934031,-107,-16,-3.0,0,0,I,PERIODIC,-104.0,-14.0,5.0,h99,0,0
2350,2025.11.11,13.51.16,-90.120275,29.934031,-107,-16,-2.0,1,1,D,PERIODIC,-104.0,-14.0,5.0,h99,0,0
2351,2025.11.11,13.51.17,-90.120275,29.934031,-105,-15,-20.0,4,4,D,PERIODIC,-103.0,-13.0,8.0,h99,0,0
2352,2025.11.11,13.51.18,-90.120275,29.934031,-105,-15,-20.0,0,0,D,PERIODIC,-103.0,-13.0,8.0,h99,0,0
2353,2025.11.11,13.51.19,-90.120275,29.934031,-106,-15,-10.0,0,4,D,PERIODIC,-105.0,-14.0,8.0,h99,0,0
2354,2025.11.11,13.51.20,-90.120275,29.934031,-106,-15,-10.0,10404,12245,D,PERIODIC,-105.0,-14.0,8.0,h99,0,0
2355,2025.11.11,13.51.21,-90.120275,29.934031,-112,-13,30.0,4,4,D,HANDOVER_DATA_5G5G,-105.0,-13.0,5.0,h99,0,0
2356,2025.11.11,13.51.22,-90.120275,29.934031,-112,-13,30.0,3,3,D,PERIODIC,-105.0,-13.0,5.0,h99,0,0
2357,2025.11.11,13.51.23,-90.120275,29.934031,-113,-13,35.0,0,0,D,PERIODIC,-105.0,-12.0,5.0,h99,0,0
2358,2025.11.11,13.51.24,-90.120275,29.934031,-113,-13,35.0,0,0,I,PERIODIC,-105.0,-12.0,5.0,h99,0,0
2359,2025.11.11,13.51.25,-90.120275,29.934031,-113,-13,35.0,40388,2906,D,PERIODIC,-105.0,-14.0,5.0,h99,0,0
2360,2025.11.11,13.51.26,-90.120275,29.934031,-113,-13,35.0,0,0,D,PERIODIC,-105.0,-14.0,5.0,h99,0,0
2361,2025.11.11,13.51.27,-90.120275,29.934031,-113,-13,35.0,0,0,D,PERIODIC,-105.0,-13.0,5.0,h99,0,0
2362,2025.11.11,13.51.28,-90.120275,29.934031,-113,-13,35.0,0,0,I,PERIODIC,-105.0,-13.0,5.0,h99,0,0
2363,2025.11.11,13.51.29,-90.120275,29.934031,-113,-13,35.0,3,3,D,PERIODIC,-105.0,-12.0,5.0,h99,0,0
2364,2025.11.11,13.51.30,-90.120275,29.934031,-113,-13,35.0,0,0,D,PERIODIC,-105.0,-12.0,5.0,h99,0,0
2365,2025.11.11,13.51.31,-90.120275,29.934031,-113,-13,35.0,13,14,D,PERIODIC,-105.0,-13.0,5.0,h99,0,0
2366,2025.11.11,13.51.32,-90.120275,29.934031,-113,-13,35.0,19,22,D,PERIODIC,-105.0,-13.0,5.0,h99,0,0
2367,2025.11.11,13.51.33,-90.120275,29.934031,-113,-13,35.0,0,0,D,PERIODIC,-105.0,-13.0,5.0,h99,0,0
2368,2025.11.11,13.51.34,-90.120275,29.934031,-113,-12,35.0,38,39,D,PERIODIC,-105.0,-12.0,6.0,h99,0,0
2369,2025.11.11,13.51.35,-90.120275,29.934031,-113,-12,35.0,17073,2194,D,PERIODIC,-105.0,-12.0,6.0,h99,0,0
2370,2025.11.11,13.51.36,-90.120275,29.934031,-118,-13,35.0,0,0,I,PERIODIC,-105.0,-13.0,8.0,h99,0,0
2371,2025.11.11,13.51.37,-90.120275,29.934031,-118,-13,35.0,0,0,I,PERIODIC,-105.0,-13.0,8.0,h99,0,0
2372,2025.11.11,13.51.38,-90.120275,29.934031,-114,-12,4.0,0,0,I,PERIODIC,-105.0,-13.0,7.0,h99,0,0
2373,2025.11.11,13.51.39,-90.120275,29.934031,-114,-12,4.0,0,0,I,PERIODIC,-105.0,-13.0,7.0,h99,0,0
2374,2025.11.11,13.51.40,-90.120275,29.934031,-114,-12,4.0,129814,1118,D,PERIODIC,-105.0,-13.0,7.0,h99,0,0
2375,2025.11.11,13.51.41,-90.120275,29.934031,-114,-12,4.0,0,0,I,PERIODIC,-105.0,-13.0,7.0,h99,0,0
2376,2025.11.11,13.51.42,-90.120275,29.934031,-114,-13,35.0,0,0,I,PERIODIC,-105.0,-13.0,5.0,h99,0,0
2377,2025.11.11,13.51.43,-90.120275,29.934031,-114,-13,35.0,0,0,I,PERIODIC,-105.0,-13.0,5.0,h99,0,0
2378,2025.11.11,13.51.44,-90.120275,29.934031,-115,-12,4.0,0,1,D,PERIODIC,-105.0,-13.0,6.0,h99,0,0
2379,2025.11.11,13.51.45,-90.120275,29.934031,-115,-12,4.0,74286,623,D,PERIODIC,-105.0,-13.0,6.0,h99,0,0
2380,2025.11.11,13.51.46,-90.120275,29.934031,-113,-12,40.0,0,0,I,PERIODIC,-105.0,-14.0,7.0,h99,0,0
2381,2025.11.11,13.51.47,-90.120275,29.934031,-113,-12,40.0,0,0,I,PERIODIC,-105.0,-14.0,7.0,h99,0,0
2382,2025.11.11,13.51.48,-90.120275,29.934031,-113,-12,40.0,0,0,I,PERIODIC,-105.0,-13.0,7.0,h99,0,0
2383,2025.11.11,13.51.49,-90.120275,29.934031,-113,-12,40.0,0,0,I,PERIODIC,-105.0,-13.0,7.0,h99,0,0
2384,2025.11.11,13.51.50,-90.120275,29.934031,-114,-13,40.0,75423,675,D,PERIODIC,-105.0,-13.0,7.0,h99,0,0
2385,2025.11.11,13.51.51,-90.120275,29.934031,-114,-13,40.0,0,0,I,PERIODIC,-105.0,-13.0,7.0,h99,0,0
2386,2025.11.11,13.51.52,-90.120275,29.934031,-114,-13,40.0,0,0,I,PERIODIC,-104.0,-13.0,7.0,h99,0,0
2387,2025.11.11,13.51.53,-90.120275,29.934031,-114,-13,40.0,0,0,I,PERIODIC,-104.0,-13.0,7.0,h99,0,0
2388,2025.11.11,13.51.54,-90.120275,29.934031,-114,-13,40.0,0,0,I,PERIODIC,-105.0,-13.0,7.0,h99,0,0
2389,2025.11.11,13.51.55,-90.120275,29.934031,-114,-13,40.0,93645,971,D,PERIODIC,-105.0,-13.0,7.0,h99,0,0
2390,2025.11.11,13.51.56,-90.120275,29.934031,-113,-12,40.0,51,25,D,PERIODIC,-104.0,-13.0,6.0,h99,0,0
2391,2025.11.11,13.51.57,-90.120275,29.934031,-113,-12,40.0,8,8,D,PERIODIC,-104.0,-13.0,6.0,h99,0,0
2392,2025.11.11,13.51.58,-90.120275,29.934031,-115,-13,20.0,0,0,D,PERIODIC,-104.0,-13.0,8.0,h99,0,0
2393,2025.11.11,13.51.59,-90.120275,29.934031,-115,-13,20.0,4,2,D,PERIODIC,-104.0,-13.0,8.0,h99,0,0
2394,2025.11.11,13.52.00,-90.120275,29.934031,-115,-13,20.0,0,4914,D,PERIODIC,-105.0,-13.0,8.0,h99,0,0
2395,2025.11.11,13.52.01,-90.120275,29.934031,-115,-13,20.0,0,0,I,PERIODIC,-105.0,-13.0,8.0,h99,0,0
2396,2025.11.11,13.52.02,-90.120275,29.934031,-115,-13,20.0,0,0,I,PERIODIC,-104.0,-13.0,8.0,h99,0,0
2397,2025.11.11,13.52.03,-90.120275,29.934031,-115,-13,20.0,0,0,I,PERIODIC,-104.0,-13.0,8.0,h99,0,0
2398,2025.11.11,13.52.04,-90.120275,29.934031,-115,-13,20.0,0,0,I,PERIODIC,-105.0,-13.0,8.0,h99,0,0
2399,2025.11.11,13.52.05,-90.120275,29.934031,-115,-13,20.0,72055,723,D,PERIODIC,-105.0,-13.0,8.0,h99,0,0
2400,2025.11.11,13.52.06,-90.120275,29.934031,-115,-13,20.0,0,0,I,PERIODIC,-104.0,-12.0,8.0,h99,0,0
2401,2025.11.11,13.52.07,-90.120275,29.934031,-115,-13,20.0,0,0,I,PERIODIC,-104.0,-12.0,8.0,h99,0,0
2402,2025.11.11,13.52.08,-90.120275,29.934031,-115,-13,20.0,0,0,I,PERIODIC,-105.0,-13.0,8.0,h99,0,0
2403,2025.11.11,13.52.09,-90.120275,29.934031,-115,-13,20.0,0,0,I,PERIODIC,-105.0,-13.0,8.0,h99,0,0
2404,2025.11.11,13.52.10,-90.120275,29.934031,-115,-13,20.0,72624,570,D,PERIODIC,-104.0,-13.0,8.0,h99,0,0
2405,2025.11.11,13.52.11,-90.120275,29.934031,-115,-13,20.0,0,0,I,PERIODIC,-104.0,-13.0,8.0,h99,0,0
2406,2025.11.11,13.52.12,-90.120275,29.934031,-115,-13,20.0,0,0,I,PERIODIC,-104.0,-13.0,8.0,h99,0,0
2407,2025.11.11,13.52.13,-90.120275,29.934031,-115,-13,20.0,0,0,D,PERIODIC,-104.0,-13.0,8.0,h99,0,0
2408,2025.11.11,13.52.14,-90.120275,29.934031,-115,-13,20.0,0,0,I,PERIODIC,-104.0,-13.0,8.0,h99,0,0
2409,2025.11.11,13.52.15,-90.120275,29.934031,-115,-13,20.0,76397,598,D,PERIODIC,-104.0,-13.0,8.0,h99,0,0
2410,2025.11.11,13.52.16,-90.120275,29.934031,-115,-13,15.0,4,4,D,PERIODIC,-104.0,-12.0,8.0,h99,0,0
2411,2025.11.11,13.52.17,-90.120275,29.934031,-115,-13,15.0,1,1,D,PERIODIC,-104.0,-12.0,8.0,h99,0,0
2412,2025.11.11,13.52.18,-90.120275,29.934031,-115,-13,20.0,0,2,D,PERIODIC,-104.0,-12.0,9.0,h99,0,0
2413,2025.11.11,13.52.19,-90.120275,29.934031,-115,-13,20.0,0,0,D,PERIODIC,-104.0,-12.0,9.0,h99,0,0
2414,2025.11.11,13.52.20,-90.120275,29.934031,-115,-13,20.0,78985,1189,D,PERIODIC,-104.0,-13.0,9.0,h99,0,0
2415,2025.11.11,13.52.21,-90.120275,29.934031,-115,-13,20.0,0,0,I,PERIODIC,-104.0,-13.0,9.0,h99,0,0
2416,2025.11.11,13.52.22,-90.120275,29.934031,-115,-13,20.0,3,0,D,PERIODIC,-104.0,-13.0,8.0,h99,0,0
2417,2025.11.11,13.52.23,-90.120275,29.934031,-115,-13,20.0,0,0,D,PERIODIC,-104.0,-13.0,8.0,h99,0,0
2418,2025.11.11,13.52.24,-90.120275,29.934031,-115,-13,20.0,0,0,I,PERIODIC,-104.0,-13.0,8.0,h99,0,0
2419,2025.11.11,13.52.25,-90.120275,29.934031,-115,-13,20.0,72090,537,D,PERIODIC,-104.0,-13.0,8.0,h99,0,0
2420,2025.11.11,13.52.26,-90.120275,29.934031,-115,-13,20.0,0,3,D,PERIODIC,-104.0,-12.0,8.0,h99,0,0
2421,2025.11.11,13.52.27,-90.120275,29.934031,-115,-13,20.0,0,0,D,PERIODIC,-104.0,-12.0,8.0,h99,0,0
2422,2025.11.11,13.52.28,-90.120275,29.934031,-115,-13,20.0,0,0,I,PERIODIC,-104.0,-11.0,8.0,h99,0,0
2423,2025.11.11,13.52.29,-90.120275,29.934031,-115,-13,20.0,0,0,I,PERIODIC,-104.0,-11.0,8.0,h99,0,0
2424,2025.11.11,13.52.30,-90.120275,29.934031,-115,-13,20.0,0,1552,D,PERIODIC,-104.0,-11.0,8.0,h99,0,0
2425,2025.11.11,13.52.31,-90.120275,29.934031,-115,-13,20.0,0,0,I,PERIODIC,-104.0,-12.0,8.0,h99,0,0
2426,2025.11.11,13.52.32,-90.120275,29.934031,-115,-13,15.0,0,0,I,PERIODIC,-104.0,-13.0,8.0,h99,0,0
2427,2025.11.11,13.52.33,-90.120275,29.934031,-115,-13,15.0,29,30,D,PERIODIC,-104.0,-13.0,8.0,h99,0,0
2428,2025.11.11,13.52.34,-90.120275,29.934031,-115,-13,15.0,0,0,D,PERIODIC,-104.0,-13.0,8.0,h99,0,0
2429,2025.11.11,13.52.35,-90.120275,29.934031,-115,-13,15.0,0,284,D,PERIODIC,-104.0,-13.0,8.0,h99,0,0
2430,2025.11.11,13.52.36,-90.120275,29.934031,-115,-13,15.0,0,0,D,PERIODIC,-104.0,-12.0,8.0,h99,0,0
2431,2025.11.11,13.52.37,-90.120275,29.934031,-115,-13,15.0,5,5,D,PERIODIC,-104.0,-12.0,8.0,h99,0,0
2432,2025.11.11,13.52.38,-90.120275,29.934031,-113,-13,25.0,0,0,D,PERIODIC,-104.0,-12.0,6.0,h99,0,0
2433,2025.11.11,13.52.39,-90.120275,29.934031,-113,-13,25.0,0,0,D,PERIODIC,-104.0,-12.0,6.0,h99,0,0
2434,2025.11.11,13.52.40,-90.120275,29.934031,-113,-13,25.0,0,0,D,PERIODIC,-104.0,-12.0,6.0,h99,0,0
2435,2025.11.11,13.52.41,-90.120275,29.934031,-113,-13,25.0,32164,0,D,PERIODIC,-104.0,-12.0,6.0,h99,0,0
2436,2025.11.11,13.52.42,-90.120275,29.934031,-113,-13,25.0,0,0,I,PERIODIC,-104.0,-13.0,6.0,h99,0,0
2437,2025.11.11,13.52.43,-90.120275,29.934031,-113,-13,25.0,0,0,I,PERIODIC,-104.0,-13.0,6.0,h99,0,0
2438,2025.11.11,13.52.44,-90.120275,29.934031,-113,-13,25.0,0,0,D,PERIODIC,-104.0,-12.0,6.0,h99,0,0
2439,2025.11.11,13.52.45,-90.120275,29.934031,-113,-13,25.0,43473,362,D,PERIODIC,-104.0,-12.0,6.0,h99,0,0
2440,2025.11.11,13.52.46,-90.120275,29.934031,-114,-13,20.0,0,0,I,PERIODIC,-104.0,-12.0,8.0,h99,0,0
2441,2025.11.11,13.52.47,-90.120275,29.934031,-114,-13,20.0,0,0,I,PERIODIC,-104.0,-12.0,8.0,h99,0,0
2442,2025.11.11,13.52.48,-90.120275,29.934031,-114,-13,15.0,0,8,D,PERIODIC,-105.0,-11.0,9.0,h99,0,0
2443,2025.11.11,13.52.49,-90.120275,29.934031,-114,-13,15.0,0,0,D,PERIODIC,-105.0,-11.0,9.0,h99,0,0
2444,2025.11.11,13.52.50,-90.120275,29.934031,-112,-13,30.0,0,627,D,PERIODIC,-104.0,-12.0,8.0,h99,0,0
2445,2025.11.11,13.52.51,-90.120275,29.934031,-112,-13,30.0,0,0,D,PERIODIC,-104.0,-12.0,8.0,h99,0,0
2446,2025.11.11,13.52.52,-90.120275,29.934031,-113,-13,25.0,0,0,I,PERIODIC,-103.0,-12.0,6.0,h99,0,0
2447,2025.11.11,13.52.53,-90.120275,29.934031,-113,-13,25.0,0,0,I,PERIODIC,-103.0,-12.0,6.0,h99,0,0
2448,2025.11.11,13.52.54,-90.120275,29.934031,-113,-13,25.0,0,0,I,PERIODIC,-104.0,-12.0,6.0,h99,0,0
2449,2025.11.11,13.52.55,-90.120275,29.934031,-113,-13,25.0,81368,682,D,PERIODIC,-104.0,-12.0,6.0,h99,0,0
2450,2025.11.11,13.52.56,-90.120275,29.934031,-113,-13,25.0,11,11,D,PERIODIC,-104.0,-12.0,6.0,h99,0,0
2451,2025.11.11,13.52.57,-90.120275,29.934031,-113,-13,25.0,0,0,D,PERIODIC,-104.0,-12.0,6.0,h99,0,0
2452,2025.11.11,13.52.58,-90.120275,29.934031,-113,-13,30.0,0,0,D,PERIODIC,-105.0,-13.0,6.0,h99,0,0
2453,2025.11.11,13.52.59,-90.120275,29.934031,-113,-13,30.0,0,0,D,PERIODIC,-105.0,-13.0,6.0,h99,0,0
2454,2025.11.11,13.53.00,-90.120275,29.934031,-113,-13,30.0,82501,3795,D,PERIODIC,-104.0,-13.0,6.0,h99,0,0
2455,2025.11.11,13.53.01,-90.120275,29.934031,-113,-13,30.0,0,0,I,PERIODIC,-104.0,-13.0,6.0,h99,0,0
2456,2025.11.11,13.53.02,-90.120275,29.934031,-115,-13,20.0,0,0,I,PERIODIC,-104.0,-13.0,6.0,h99,0,0
2457,2025.11.11,13.53.03,-90.120275,29.934031,-115,-13,20.0,0,0,I,PERIODIC,-104.0,-13.0,6.0,h99,0,0
2458,2025.11.11,13.53.04,-90.120275,29.934031,-115,-13,20.0,0,0,I,PERIODIC,-105.0,-12.0,6.0,h99,0,0
2459,2025.11.11,13.53.05,-90.120275,29.934031,-115,-13,20.0,0,587,D,PERIODIC,-105.0,-12.0,6.0,h99,0,0
2460,2025.11.11,13.53.06,-90.120275,29.934031,-115,-13,20.0,0,0,I,PERIODIC,-105.0,-12.0,6.0,h99,0,0
2461,2025.11.11,13.53.07,-90.120275,29.934031,-115,-13,20.0,0,0,D,PERIODIC,-105.0,-12.0,6.0,h99,0,0
2462,2025.11.11,13.53.08,-90.120275,29.934031,-115,-13,20.0,43,61,D,PERIODIC,-104.0,-13.0,6.0,h99,0,0
2463,2025.11.11,13.53.09,-90.120275,29.934031,-115,-13,20.0,0,0,D,PERIODIC,-104.0,-13.0,6.0,h99,0,0
2464,2025.11.11,13.53.10,-90.120275,29.934031,-115,-13,25.0,45487,346,D,PERIODIC,-105.0,-15.0,7.0,h99,0,0
2465,2025.11.11,13.53.11,-90.120275,29.934031,-115,-13,25.0,0,19,D,PERIODIC,-105.0,-15.0,7.0,h99,0,0
2466,2025.11.11,13.53.12,-90.120275,29.934031,-115,-13,25.0,3,3,D,PERIODIC,-104.0,-13.0,7.0,h99,0,0
2467,2025.11.11,13.53.13,-90.120275,29.934031,-115,-13,25.0,0,0,D,PERIODIC,-104.0,-13.0,7.0,h99,0,0
2468,2025.11.11,13.53.14,-90.120275,29.934031,-113,-13,25.0,1,1,D,PERIODIC,-104.0,-13.0,4.0,h99,0,0
2469,2025.11.11,13.53.15,-90.120275,29.934031,-113,-13,25.0,75237,686,D,PERIODIC,-104.0,-13.0,4.0,h99,0,0
2470,2025.11.11,13.53.16,-90.120275,29.934031,-113,-13,25.0,1,1,D,PERIODIC,-104.0,-12.0,4.0,h99,0,0
2471,2025.11.11,13.53.17,-90.120275,29.934031,-113,-13,25.0,1,1,D,PERIODIC,-104.0,-12.0,4.0,h99,0,0
2472,2025.11.11,13.53.18,-90.120275,29.934031,-113,-13,25.0,3,3,D,PERIODIC,-104.0,-12.0,4.0,h99,0,0
2473,2025.11.11,13.53.19,-90.120275,29.934031,-113,-13,25.0,0,0,D,PERIODIC,-104.0,-12.0,4.0,h99,0,0
2474,2025.11.11,13.53.20,-90.120275,29.934031,-113,-13,30.0,0,0,I,PERIODIC,-104.0,-12.0,6.0,h99,0,0
2475,2025.11.11,13.53.21,-90.120275,29.934031,-113,-13,30.0,0,0,I,PERIODIC,-104.0,-12.0,6.0,h99,0,0
2476,2025.11.11,13.53.22,-90.120275,29.934031,-113,-13,20.0,0,0,I,PERIODIC,-104.0,-12.0,6.0,h99,0,0
2477,2025.11.11,13.53.23,-90.120275,29.934031,-113,-13,20.0,0,0,I,PERIODIC,-104.0,-12.0,6.0,h99,0,0
2478,2025.11.11,13.53.24,-90.120275,29.934031,-113,-13,20.0,0,0,I,PERIODIC,-104.0,-13.0,6.0,h99,0,0
2479,2025.11.11,13.53.25,-90.120275,29.934031,-113,-13,20.0,37598,970,D,PERIODIC,-104.0,-13.0,6.0,h99,0,0
2480,2025.11.11,13.53.26,-90.120275,29.934031,-113,-13,20.0,0,92,D,PERIODIC,-104.0,-12.0,6.0,h99,0,0
2481,2025.11.11,13.53.27,-90.120275,29.934031,-113,-13,20.0,0,0,D,PERIODIC,-104.0,-12.0,6.0,h99,0,0
2482,2025.11.11,13.53.28,-90.120275,29.934031,-114,-13,20.0,4,0,D,PERIODIC,-104.0,-13.0,8.0,h99,0,0
2483,2025.11.11,13.53.29,-90.120275,29.934031,-114,-13,20.0,2,0,D,PERIODIC,-104.0,-13.0,8.0,h99,0,0
2484,2025.11.11,13.53.30,-90.120275,29.934031,-114,-13,20.0,38093,3496,D,PERIODIC,-104.0,-13.0,8.0,h99,0,0
2485,2025.11.11,13.53.31,-90.120275,29.934031,-114,-13,20.0,0,0,D,PERIODIC,-104.0,-13.0,8.0,h99,0,0
2486,2025.11.11,13.53.32,-90.120275,29.934031,-114,-13,20.0,0,0,I,PERIODIC,-104.0,-14.0,8.0,h99,0,0
2487,2025.11.11,13.53.33,-90.120275,29.934031,-114,-13,20.0,0,0,I,PERIODIC,-104.0,-14.0,8.0,h99,0,0
2488,2025.11.11,13.53.34,-90.120275,29.934031,-114,-13,20.0,36060,334,D,PERIODIC,-104.0,-13.0,8.0,h99,0,0
2489,2025.11.11,13.53.35,-90.120275,29.934031,-114,-13,20.0,0,0,D,PERIODIC,-104.0,-13.0,8.0,h99,0,0
2490,2025.11.11,13.53.36,-90.120275,29.934031,-114,-13,20.0,0,0,D,PERIODIC,-104.0,-13.0,8.0,h99,0,0
2491,2025.11.11,13.53.37,-90.120275,29.934031,-114,-13,20.0,0,2,D,PERIODIC,-104.0,-13.0,8.0,h99,0,0
2492,2025.11.11,13.53.38,-90.120275,29.934031,-112,-13,30.0,0,0,D,PERIODIC,-105.0,-13.0,7.0,h99,0,0
2493,2025.11.11,13.53.39,-90.120275,29.934031,-112,-13,30.0,0,0,I,PERIODIC,-105.0,-13.0,7.0,h99,0,0
2494,2025.11.11,13.53.40,-90.120275,29.934031,-112,-13,40.0,36305,0,D,PERIODIC,-105.0,-12.0,6.0,h99,0,0
2495,2025.11.11,13.53.41,-90.120275,29.934031,-112,-13,40.0,0,0,I,PERIODIC,-105.0,-12.0,6.0,h99,0,0
2496,2025.11.11,13.53.42,-90.120275,29.934031,-112,-13,40.0,0,0,I,PERIODIC,-105.0,-14.0,6.0,h99,0,0
2497,2025.11.11,13.53.43,-90.120275,29.934031,-112,-13,40.0,0,0,I,PERIODIC,-105.0,-14.0,6.0,h99,0,0
2498,2025.11.11,13.53.44,-90.120275,29.934031,-112,-13,40.0,34719,306,D,PERIODIC,-104.0,-13.0,6.0,h99,0,0
2499,2025.11.11,13.53.45,-90.120275,29.934031,-112,-13,40.0,0,0,D,PERIODIC,-104.0,-13.0,6.0,h99,0,0
2500,2025.11.11,13.53.46,-90.120275,29.934031,-112,-13,40.0,0,0,I,PERIODIC,-104.0,-13.0,6.0,h99,0,0
2501,2025.11.11,13.53.47,-90.120275,29.934031,-112,-13,40.0,0,0,I,PERIODIC,-104.0,-13.0,6.0,h99,0,0
2502,2025.11.11,13.53.48,-90.120275,29.934031,-112,-13,40.0,0,0,I,PERIODIC,-105.0,-12.0,6.0,h99,0,0
2503,2025.11.11,13.53.49,-90.120275,29.934031,-112,-13,40.0,31174,327,D,PERIODIC,-105.0,-12.0,6.0,h99,0,0
2504,2025.11.11,13.53.50,-90.120275,29.934031,-112,-13,40.0,0,0,D,PERIODIC,-105.0,-13.0,6.0,h99,0,0
2505,2025.11.11,13.53.51,-90.120275,29.934031,-112,-13,40.0,0,0,I,PERIODIC,-105.0,-13.0,6.0,h99,0,0
2506,2025.11.11,13.53.52,-90.120275,29.934031,-111,-12,40.0,0,0,I,PERIODIC,-104.0,-13.0,8.0,h99,0,0
2507,2025.11.11,13.53.53,-90.120275,29.934031,-111,-12,40.0,0,0,I,PERIODIC,-104.0,-13.0,8.0,h99,0,0
2508,2025.11.11,13.53.54,-90.120275,29.934031,-113,-13,30.0,0,281,D,PERIODIC,-105.0,-13.0,6.0,h99,0,0
2509,2025.11.11,13.53.55,-90.120275,29.934031,-113,-13,30.0,8,9,D,PERIODIC,-105.0,-13.0,6.0,h99,0,0
2510,2025.11.11,13.53.56,-90.120275,29.934031,-113,-13,30.0,3,3,D,PERIODIC,-105.0,-13.0,6.0,h99,0,0
2511,2025.11.11,13.53.57,-90.120275,29.934031,-113,-13,30.0,8,8,D,PERIODIC,-105.0,-13.0,6.0,h99,0,0
2512,2025.11.11,13.53.58,-90.120275,29.934031,-113,-13,30.0,0,0,D,PERIODIC,-105.0,-13.0,6.0,h99,0,0
2513,2025.11.11,13.53.59,-90.120275,29.934031,-113,-13,30.0,0,0,I,PERIODIC,-105.0,-13.0,6.0,h99,0,0
2514,2025.11.11,13.54.00,-90.120275,29.934031,-113,-13,30.0,40199,3363,D,PERIODIC,-104.0,-12.0,6.0,h99,0,0
2515,2025.11.11,13.54.01,-90.120275,29.934031,-113,-13,30.0,0,0,I,PERIODIC,-104.0,-12.0,6.0,h99,0,0
2516,2025.11.11,13.54.02,-90.120275,29.934031,-113,-13,30.0,0,0,I,PERIODIC,-105.0,-13.0,6.0,h99,0,0
2517,2025.11.11,13.54.03,-90.120275,29.934031,-113,-13,30.0,0,0,I,PERIODIC,-105.0,-13.0,6.0,h99,0,0
2518,2025.11.11,13.54.04,-90.120275,29.934031,-113,-13,30.0,31553,324,D,PERIODIC,-105.0,-14.0,6.0,h99,0,0
2519,2025.11.11,13.54.05,-90.120275,29.934031,-113,-13,30.0,0,0,D,PERIODIC,-105.0,-14.0,6.0,h99,0,0
2520,2025.11.11,13.54.06,-90.120275,29.934031,-113,-13,30.0,0,0,I,PERIODIC,-105.0,-14.0,6.0,h99,0,0
2521,2025.11.11,13.54.07,-90.120275,29.934031,-113,-13,30.0,0,0,I,PERIODIC,-105.0,-14.0,6.0,h99,0,0
2522,2025.11.11,13.54.08,-90.120275,29.934031,-113,-13,30.0,0,0,I,PERIODIC,-105.0,-13.0,6.0,h99,0,0
2523,2025.11.11,13.54.09,-90.120275,29.934031,-113,-13,30.0,0,0,I,PERIODIC,-105.0,-13.0,6.0,h99,0,0
2524,2025.11.11,13.54.10,-90.120275,29.934031,-113,-13,30.0,43423,394,D,PERIODIC,-105.0,-12.0,6.0,h99,0,0
2525,2025.11.11,13.54.11,-90.120275,29.934031,-113,-13,30.0,0,0,D,PERIODIC,-105.0,-12.0,6.0,h99,0,0
2526,2025.11.11,13.54.12,-90.120275,29.934031,-113,-13,30.0,0,0,I,PERIODIC,-105.0,-12.0,6.0,h99,0,0
2527,2025.11.11,13.54.13,-90.120275,29.934031,-113,-13,30.0,0,0,I,PERIODIC,-104.0,-12.0,6.0,h99,0,0
2528,2025.11.11,13.54.14,-90.120275,29.934031,-113,-13,30.0,0,0,I,PERIODIC,-105.0,-12.0,6.0,h99,0,0
2529,2025.11.11,13.54.15,-90.120275,29.934031,-113,-13,30.0,1,1,D,PERIODIC,-105.0,-12.0,6.0,h99,0,0
2530,2025.11.11,13.54.16,-90.120275,29.934031,-113,-13,30.0,0,0,I,PERIODIC,-105.0,-12.0,6.0,h99,0,0
2531,2025.11.11,13.54.17,-90.120275,29.934031,-113,-13,30.0,1,1,D,PERIODIC,-105.0,-12.0,6.0,h99,0,0
2532,2025.11.11,13.54.18,-90.120275,29.934031,-113,-13,30.0,2,2,D,PERIODIC,-105.0,-14.0,6.0,h99,0,0
2533,2025.11.11,13.54.19,-90.120275,29.934031,-113,-13,30.0,1,1,D,PERIODIC,-105.0,-14.0,6.0,h99,0,0
2534,2025.11.11,13.54.20,-90.120275,29.934031,-113,-13,30.0,0,0,D,PERIODIC,-105.0,-12.0,6.0,h99,0,0
2535,2025.11.11,13.54.21,-90.120275,29.934031,-113,-13,30.0,5,7,D,PERIODIC,-105.0,-12.0,6.0,h99,0,0
2536,2025.11.11,13.54.22,-90.120275,29.934031,-113,-13,30.0,5,5,D,PERIODIC,-105.0,-13.0,6.0,h99,0,0
2537,2025.11.11,13.54.23,-90.120275,29.934031,-113,-13,30.0,0,0,D,PERIODIC,-105.0,-13.0,6.0,h99,0,0
2538,2025.11.11,13.54.24,-90.120275,29.934031,-113,-13,30.0,0,0,I,PERIODIC,-105.0,-13.0,6.0,h99,0,0
2539,2025.11.11,13.54.25,-90.120275,29.934031,-113,-13,30.0,3,2,D,PERIODIC,-105.0,-13.0,6.0,h99,0,0
2540,2025.11.11,13.54.26,-90.120275,29.934031,-113,-13,30.0,0,0,D,PERIODIC,-105.0,-13.0,6.0,h99,0,0
2541,2025.11.11,13.54.27,-90.120275,29.934031,-113,-13,30.0,5,7,D,PERIODIC,-105.0,-13.0,6.0,h99,0,0
2542,2025.11.11,13.54.28,-90.120275,29.934031,-111,-12,40.0,39,13,D,PERIODIC,-105.0,-13.0,5.0,h99,0,0
2543,2025.11.11,13.54.29,-90.120275,29.934031,-111,-12,40.0,0,0,D,PERIODIC,-105.0,-13.0,5.0,h99,0,0
2544,2025.11.11,13.54.30,-90.120275,29.934031,-112,-13,30.0,0,0,I,PERIODIC,-104.0,-11.0,7.0,h99,0,0
2545,2025.11.11,13.54.31,-90.120275,29.934031,-112,-13,30.0,2,2,D,PERIODIC,-104.0,-11.0,7.0,h99,0,0
2546,2025.11.11,13.54.32,-90.120275,29.934031,-113,-13,35.0,13,9,D,PERIODIC,-105.0,-14.0,7.0,h99,0,0
2547,2025.11.11,13.54.33,-90.120275,29.934031,-113,-13,35.0,0,0,D,PERIODIC,-105.0,-14.0,7.0,h99,0,0
2548,2025.11.11,13.54.34,-90.120275,29.934031,-112,-13,30.0,0,0,I,PERIODIC,-105.0,-11.0,6.0,h99,0,0
2549,2025.11.11,13.54.35,-90.120275,29.934031,-112,-13,30.0,32382,2325,D,PERIODIC,-105.0,-11.0,6.0,h99,0,0
2550,2025.11.11,13.54.36,-90.120275,29.934031,-111,-12,4.0,0,0,I,PERIODIC,-105.0,-14.0,6.0,h99,0,0
2551,2025.11.11,13.54.37,-90.120275,29.934031,-111,-12,3.0,0,0,I,PERIODIC,-105.0,-14.0,6.0,h99,0,0
2552,2025.11.11,13.54.38,-90.120275,29.934031,-112,-13,30.0,0,0,I,PERIODIC,-105.0,-12.0,6.0,h99,0,0
2553,2025.11.11,13.54.39,-90.120275,29.934031,-112,-13,30.0,0,0,I,PERIODIC,-105.0,-12.0,6.0,h99,0,0
2554,2025.11.11,13.54.40,-90.120275,29.934031,-111,-12,35.0,0,0,I,PERIODIC,-105.0,-12.0,7.0,h99,0,0
2555,2025.11.11,13.54.41,-90.120275,29.934031,-111,-12,35.0,0,0,I,PERIODIC,-105.0,-12.0,7.0,h99,0,0
2556,2025.11.11,13.54.42,-90.120275,29.934031,-111,-13,35.0,0,0,I,PERIODIC,-105.0,-13.0,6.0,h99,0,0
2557,2025.11.11,13.54.43,-90.120275,29.934031,-111,-13,35.0,0,0,I,PERIODIC,-105.0,-13.0,6.0,h99,0,0
2558,2025.11.11,13.54.44,-90.120275,29.934031,-111,-13,35.0,0,0,I,PERIODIC,-105.0,-13.0,6.0,h99,0,0
2559,2025.11.11,13.54.45,-90.120275,29.934031,-111,-13,35.0,14,15,D,PERIODIC,-105.0,-13.0,6.0,h99,0,0
2560,2025.11.11,13.54.46,-90.120275,29.934031,-113,-13,40.0,0,0,D,PERIODIC,-104.0,-13.0,6.0,h99,0,0
2561,2025.11.11,13.54.47,-90.120275,29.934031,-113,-13,40.0,0,0,I,PERIODIC,-104.0,-13.0,6.0,h99,0,0
2562,2025.11.11,13.54.48,-90.120275,29.934031,-113,-13,40.0,0,0,I,PERIODIC,-104.0,-12.0,6.0,h99,0,0
2563,2025.11.11,13.54.49,-90.120275,29.934031,-113,-13,40.0,0,0,D,PERIODIC,-104.0,-12.0,6.0,h99,0,0
2564,2025.11.11,13.54.50,-90.120275,29.934031,-112,-12,35.0,83781,0,D,PERIODIC,-104.0,-11.0,7.0,h99,0,0
2565,2025.11.11,13.54.51,-90.120275,29.934031,-112,-12,35.0,0,0,I,PERIODIC,-104.0,-11.0,7.0,h99,0,0
2566,2025.11.11,13.54.52,-90.120275,29.934031,-114,-13,20.0,0,0,I,PERIODIC,-104.0,-11.0,7.0,h99,0,0
2567,2025.11.11,13.54.53,-90.120275,29.934031,-114,-13,20.0,0,0,I,PERIODIC,-104.0,-11.0,7.0,h99,0,0
2568,2025.11.11,13.54.54,-90.120275,29.934031,-114,-13,20.0,74124,598,D,PERIODIC,-104.0,-12.0,8.0,h99,0,0
2569,2025.11.11,13.54.55,-90.120275,29.934031,-114,-13,20.0,0,0,D,PERIODIC,-104.0,-12.0,8.0,h99,0,0
2570,2025.11.11,13.54.56,-90.120275,29.934031,-114,-13,20.0,9,8,D,PERIODIC,-104.0,-13.0,8.0,h99,0,0
2571,2025.11.11,13.54.57,-90.120275,29.934031,-114,-13,20.0,3,3,D,PERIODIC,-104.0,-13.0,8.0,h99,0,0
2572,2025.11.11,13.54.58,-90.120275,29.934031,-114,-13,20.0,0,0,D,PERIODIC,-104.0,-12.0,8.0,h99,0,0
2573,2025.11.11,13.54.59,-90.120275,29.934031,-114,-13,20.0,60884,3476,D,PERIODIC,-104.0,-12.0,8.0,h99,0,0
2574,2025.11.11,13.55.00,-90.120275,29.934031,-112,-13,40.0,0,0,D,PERIODIC,-104.0,-13.0,7.0,h99,0,0
2575,2025.11.11,13.55.01,-90.120275,29.934031,-112,-13,40.0,0,0,D,PERIODIC,-104.0,-13.0,7.0,h99,0,0
2576,2025.11.11,13.55.02,-90.120275,29.934031,-112,-13,40.0,0,0,I,PERIODIC,-103.0,-11.0,7.0,h99,0,0
2577,2025.11.11,13.55.03,-90.120275,29.934031,-112,-13,40.0,0,0,I,PERIODIC,-103.0,-11.0,7.0,h99,0,0
2578,2025.11.11,13.55.04,-90.120275,29.934031,-112,-13,40.0,0,0,I,PERIODIC,-103.0,-12.0,7.0,h99,0,0
2579,2025.11.11,13.55.05,-90.120275,29.934031,-112,-13,40.0,47510,0,D,PERIODIC,-103.0,-12.0,7.0,h99,0,0
2580,2025.11.11,13.55.06,-90.120275,29.934031,-112,-13,40.0,0,0,I,PERIODIC,-104.0,-12.0,7.0,h99,0,0
2581,2025.11.11,13.55.07,-90.120275,29.934031,-112,-13,40.0,2,2,D,PERIODIC,-104.0,-12.0,7.0,h99,0,0
2582,2025.11.11,13.55.08,-90.120275,29.934031,-115,-13,40.0,0,0,D,PERIODIC,-104.0,-11.0,7.0,h99,0,0
2583,2025.11.11,13.55.09,-90.120275,29.934031,-115,-13,40.0,74931,595,D,PERIODIC,-104.0,-11.0,7.0,h99,0,0
2584,2025.11.11,13.55.10,-90.120275,29.934031,-118,-13,35.0,0,0,D,PERIODIC,-104.0,-12.0,8.0,h99,0,0
2585,2025.11.11,13.55.11,-90.120275,29.934031,-118,-13,35.0,1,1,D,PERIODIC,-104.0,-12.0,8.0,h99,0,0
2586,2025.11.11,13.55.12,-90.120275,29.934031,-114,-13,20.0,0,0,D,PERIODIC,-104.0,-13.0,6.0,h99,0,0
2587,2025.11.11,13.55.13,-90.120275,29.934031,-114,-13,20.0,8,8,D,PERIODIC,-104.0,-13.0,6.0,h99,0,0
2588,2025.11.11,13.55.14,-90.120275,29.934031,-119,-13,35.0,75343,3305,D,PERIODIC,-105.0,-13.0,7.0,h99,0,0
2589,2025.11.11,13.55.15,-90.120275,29.934031,-119,-13,35.0,0,0,D,PERIODIC,-105.0,-13.0,7.0,h99,0,0
2590,2025.11.11,13.55.16,-90.120275,29.934031,-118,-13,30.0,0,0,I,PERIODIC,-103.0,-13.0,3.0,h99,0,0
2591,2025.11.11,13.55.17,-90.120275,29.934031,-118,-13,30.0,1,1,D,PERIODIC,-103.0,-13.0,3.0,h99,0,0
2592,2025.11.11,13.55.18,-90.120275,29.934031,-116,-13,25.0,3,3,D,PERIODIC,-105.0,-14.0,7.0,h99,0,0
2593,2025.11.11,13.55.19,-90.120275,29.934031,-116,-13,25.0,64749,1033,D,PERIODIC,-105.0,-14.0,7.0,h99,0,0
2594,2025.11.11,13.55.20,-90.120275,29.934031,-104,-14,7.0,1,1,D,IRAT_HANDOVER_DATA_5G4G,,,,h99,0,0
2595,2025.11.11,13.55.21,-90.120275,29.934031,-104,-14,7.0,1,1,D,PERIODIC,,,,h99,0,0
2596,2025.11.11,13.55.22,-90.120275,29.934031,-104,-14,7.0,0,0,D,PERIODIC,,,,h99,0,0
2597,2025.11.11,13.55.23,-90.120275,29.934031,-104,-14,7.0,0,0,I,PERIODIC,,,,h99,0,0
2598,2025.11.11,13.55.24,-90.120275,29.934031,-104,-14,7.0,0,0,I,PERIODIC,,,,h99,0,0
2599,2025.11.11,13.55.25,-90.120275,29.934031,-107,-17,-,0,0,I,PERIODIC,-104.0,-14.0,7.0,h99,0,0
2600,2025.11.11,13.55.25,-90.120275,29.934031,-107,-17,-,0,0,I,,-104.0,-14.0,7.0,h99,0,0
2601,2025.11.11,13.55.26,-90.120275,29.934031,-107,-15,-10.0,0,0,D,IRAT_HANDOVER_DATA_4G5G,-103.0,-14.0,9.0,h99,0,0
2602,2025.11.11,13.55.27,-90.120275,29.934031,-107,-15,-10.0,0,1,D,PERIODIC,-103.0,-14.0,9.0,h99,0,0
2603,2025.11.11,13.55.28,-90.120275,29.934031,-106,-15,-2.0,0,0,D,PERIODIC,-104.0,-13.0,9.0,h99,0,0
2604,2025.11.11,13.55.29,-90.120275,29.934031,-106,-15,-2.0,28384,1076,D,PERIODIC,-104.0,-13.0,9.0,h99,0,0
2605,2025.11.11,13.55.30,-90.120275,29.934031,-106,-15,-2.0,0,0,D,PERIODIC,-104.0,-13.0,9.0,h99,0,0
2606,2025.11.11,13.55.31,-90.120275,29.934031,-106,-15,-2.0,0,0,I,PERIODIC,-104.0,-14.0,9.0,h99,0,0
2607,2025.11.11,13.55.32,-90.120275,29.934031,-106,-15,-2.0,0,0,I,PERIODIC,-104.0,-13.0,9.0,h99,0,0
2608,2025.11.11,13.55.33,-90.120275,29.934031,-106,-15,-1.0,0,0,I,PERIODIC,-104.0,-13.0,9.0,h99,0,0
2609,2025.11.11,13.55.34,-90.120275,29.934031,-106,-15,-15.0,0,0,I,PERIODIC,-104.0,-14.0,5.0,h99,0,0
2610,2025.11.11,13.55.35,-90.120275,29.934031,-106,-15,-15.0,0,1,D,PERIODIC,-104.0,-14.0,5.0,h99,0,0
2611,2025.11.11,13.55.36,-90.120275,29.934031,-106,-15,-15.0,0,0,I,PERIODIC,-105.0,-13.0,5.0,h99,0,0
2612,2025.11.11,13.55.37,-90.120275,29.934031,-106,-15,-15.0,0,0,I,PERIODIC,-105.0,-13.0,5.0,h99,0,0
2613,2025.11.11,13.55.38,-90.120275,29.934031,-106,-15,-15.0,0,0,I,PERIODIC,-105.0,-13.0,5.0,h99,0,0
2614,2025.11.11,13.55.39,-90.120275,29.934031,-108,-17,-3.0,16451,354,D,PERIODIC,-105.0,-13.0,8.0,h99,0,0
2615,2025.11.11,13.55.40,-90.120275,29.934031,-107,-16,-3.0,0,0,D,PERIODIC,-103.0,-13.0,8.0,h99,0,0
2616,2025.11.11,13.55.41,-90.120275,29.934031,-107,-16,-3.0,0,0,D,PERIODIC,-103.0,-13.0,8.0,h99,0,0
2617,2025.11.11,13.55.42,-90.120275,29.934031,-107,-16,-3.0,0,0,I,PERIODIC,-105.0,-13.0,8.0,h99,0,0
2618,2025.11.11,13.55.43,-90.120275,29.934031,-107,-16,-3.0,0,0,I,PERIODIC,-105.0,-13.0,8.0,h99,0,0
2619,2025.11.11,13.55.44,-90.120275,29.934031,-107,-16,-3.0,0,0,I,PERIODIC,-105.0,-14.0,8.0,h99,0,0
2620,2025.11.11,13.55.45,-90.120275,29.934031,-107,-16,-1.0,1,1,D,PERIODIC,-105.0,-14.0,8.0,h99,0,0
2621,2025.11.11,13.55.46,-90.120275,29.934031,-106,-15,-10.0,0,0,I,PERIODIC,-104.0,-13.0,6.0,h99,0,0
2622,2025.11.11,13.55.47,-90.120275,29.934031,-106,-15,-10.0,0,0,I,PERIODIC,-104.0,-13.0,6.0,h99,0,0
2623,2025.11.11,13.55.48,-90.120275,29.934031,-106,-15,-10.0,0,0,I,PERIODIC,-104.0,-13.0,6.0,h99,0,0
2624,2025.11.11,13.55.49,-90.120275,29.934031,-107,-17,-4.0,0,0,I,PERIODIC,-105.0,-14.0,6.0,h99,0,0
2625,2025.11.11,13.55.50,-90.120275,29.934031,-105,-15,-20.0,0,0,I,PERIODIC,-104.0,-13.0,6.0,h99,0,0
2626,2025.11.11,13.55.51,-90.120275,29.934031,-105,-15,-20.0,0,0,I,PERIODIC,-104.0,-13.0,6.0,h99,0,0
2627,2025.11.11,13.55.52,-90.120275,29.934031,-105,-15,-5.0,0,0,I,PERIODIC,-105.0,-14.0,7.0,h99,0,0
2628,2025.11.11,13.55.53,-90.120275,29.934031,-105,-15,-5.0,0,0,I,PERIODIC,-105.0,-14.0,7.0,h99,0,0
2629,2025.11.11,13.55.54,-90.120275,29.934031,-105,-14,-10.0,0,0,I,PERIODIC,-105.0,-14.0,7.0,h99,0,0
2630,2025.11.11,13.55.55,-90.120275,29.934031,-105,-14,-10.0,0,0,I,PERIODIC,-105.0,-14.0,7.0,h99,0,0
2631,2025.11.11,13.55.56,-90.120275,29.934031,-104,-14,-5.0,3,3,D,PERIODIC,-104.0,-14.0,6.0,h99,0,0
2632,2025.11.11,13.55.57,-90.120275,29.934031,-104,-14,-5.0,0,0,D,PERIODIC,-104.0,-14.0,6.0,h99,0,0
2633,2025.11.11,13.55.58,-90.120275,29.934031,-105,-15,0.0,14,14,D,PERIODIC,-105.0,-15.0,5.0,h99,0,0
2634,2025.11.11,13.55.59,-90.120275,29.934031,-105,-15,0.0,0,0,I,PERIODIC,-105.0,-15.0,5.0,h99,0,0
2635,2025.11.11,13.56.00,-90.120275,29.934031,-105,-15,0.0,0,0,I,PERIODIC,-105.0,-14.0,5.0,h99,0,0
2636,2025.11.11,13.56.01,-90.120275,29.934031,-105,-15,0.0,0,0,I,PERIODIC,-105.0,-14.0,5.0,h99,0,0
2637,2025.11.11,13.56.02,-90.120275,29.934031,-106,-15,-2.0,0,0,I,PERIODIC,-105.0,-14.0,6.0,h99,0,0
2638,2025.11.11,13.56.03,-90.120275,29.934031,-106,-15,-2.0,0,0,I,PERIODIC,-105.0,-14.0,6.0,h99,0,0
2639,2025.11.11,13.56.04,-90.120275,29.934031,-106,-15,-2.0,0,0,I,PERIODIC,-105.0,-15.0,6.0,h99,0,0
2640,2025.11.11,13.56.05,-90.120275,29.934031,-106,-15,-2.0,0,0,I,PERIODIC,-105.0,-15.0,6.0,h99,0,0
2641,2025.11.11,13.56.06,-90.120275,29.934031,-106,-15,-2.0,0,0,I,PERIODIC,-104.0,-14.0,6.0,h99,0,0
2642,2025.11.11,13.56.07,-90.120275,29.934031,-106,-15,-2.0,5,0,D,PERIODIC,-104.0,-14.0,6.0,h99,0,0
2643,2025.11.11,13.56.08,-90.120275,29.934031,-106,-15,-2.0,0,0,I,PERIODIC,-105.0,-13.0,6.0,h99,0,0
2644,2025.11.11,13.56.09,-90.120275,29.934031,-106,-15,-2.0,0,0,I,PERIODIC,-105.0,-13.0,6.0,h99,0,0
2645,2025.11.11,13.56.10,-90.120275,29.934031,-106,-15,-2.0,0,0,I,PERIODIC,-104.0,-11.0,6.0,h99,0,0
2646,2025.11.11,13.56.11,-90.120275,29.934031,-106,-15,-3.0,0,0,I,PERIODIC,-104.0,-11.0,6.0,h99,0,0
2647,2025.11.11,13.56.12,-90.120275,29.934031,-107,-16,-3.0,0,0,I,PERIODIC,-105.0,-13.0,7.0,h99,0,0
2648,2025.11.11,13.56.13,-90.120275,29.934031,-107,-16,-3.0,0,0,I,PERIODIC,-105.0,-13.0,7.0,h99,0,0
2649,2025.11.11,13.56.14,-90.120275,29.934031,-105,-14,-5.0,0,0,I,PERIODIC,-105.0,-12.0,7.0,h99,0,0
2650,2025.11.11,13.56.15,-90.120275,29.934031,-105,-14,-5.0,0,0,I,PERIODIC,-105.0,-12.0,7.0,h99,0,0
2651,2025.11.11,13.56.16,-90.120275,29.934031,-105,-14,-5.0,0,0,I,PERIODIC,-105.0,-12.0,7.0,h99,0,0
2652,2025.11.11,13.56.17,-90.120275,29.934031,-105,-14,-5.0,6,9,D,PERIODIC,-105.0,-12.0,7.0,h99,0,0
2653,2025.11.11,13.56.18,-90.120275,29.934031,-106,-15,-10.0,0,0,D,PERIODIC,-105.0,-12.0,5.0,h99,0,0
2654,2025.11.11,13.56.19,-90.120275,29.934031,-106,-15,-10.0,2,2,D,PERIODIC,-105.0,-12.0,5.0,h99,0,0
2655,2025.11.11,13.56.20,-90.120275,29.934031,-106,-15,-10.0,1,1,D,PERIODIC,-106.0,-13.0,5.0,h99,0,0
2656,2025.11.11,13.56.21,-90.120275,29.934031,-106,-15,-10.0,0,0,D,PERIODIC,-106.0,-13.0,5.0,h99,0,0
2657,2025.11.11,13.56.22,-90.120275,29.934031,-106,-15,-10.0,9,6,D,PERIODIC,-104.0,-11.0,5.0,h99,0,0
2658,2025.11.11,13.56.23,-90.120275,29.934031,-106,-15,-10.0,0,0,D,PERIODIC,-104.0,-11.0,5.0,h99,0,0
2659,2025.11.11,13.56.24,-90.120275,29.934031,-107,-15,-15.0,1,1,D,PERIODIC,-105.0,-11.0,9.0,h99,0,0
2660,2025.11.11,13.56.25,-90.120275,29.934031,-107,-15,-15.0,3,3,D,PERIODIC,-105.0,-11.0,9.0,h99,0,0
2661,2025.11.11,13.56.26,-90.120275,29.934031,-107,-15,-15.0,0,0,D,PERIODIC,-104.0,-11.0,9.0,h99,0,0
1570,2025.12.16,15.18.55,-90.120271,29.934141,-112,-16,30.0,0,0,D,LOG START,-111.0,-14.0,7.0,y4,0,0
1571,2025.12.16,15.18.55,-90.120271,29.934141,-112,-16,30.0,1,1,D,PERIODIC,-111.0,-14.0,7.0,y4,0,0
1572,2025.12.16,15.18.55,-90.120271,29.934141,-112,-16,30.0,1,1,D,,-111.0,-14.0,7.0,y4,0,0
1573,2025.12.16,15.18.56,-90.120271,29.934141,-109,-13,10.0,0,0,D,PERIODIC,-110.0,-12.0,5.0,y4,0,0
1574,2025.12.16,15.18.57,-90.120271,29.934141,-109,-13,10.0,0,4,D,PERIODIC,-110.0,-12.0,5.0,y4,0,0
1575,2025.12.16,15.18.58,-90.120271,29.934141,-107,-15,-15.0,2,2,D,PERIODIC,-108.0,-12.0,6.0,y4,0,0
1576,2025.12.16,15.18.59,-90.120271,29.934141,-107,-15,-15.0,6,6,D,PERIODIC,-108.0,-12.0,6.0,y4,0,0
1577,2025.12.16,15.19.00,-90.120271,29.934141,-108,-14,-5.0,0,0,D,PERIODIC,-109.0,-12.0,6.0,y4,0,0
1578,2025.12.16,15.19.01,-90.120271,29.934141,-108,-14,-5.0,0,0,D,PERIODIC,-109.0,-12.0,6.0,y4,0,0
1579,2025.12.16,15.19.02,-90.120271,29.934141,-112,-16,-3.0,2,2,D,PERIODIC,-108.0,-13.0,8.0,y4,0,0
1580,2025.12.16,15.19.03,-90.120271,29.934141,-112,-16,-3.0,1,1,D,PERIODIC,-108.0,-13.0,8.0,y4,0,0
1581,2025.12.16,15.19.04,-90.120271,29.934141,-112,-16,-3.0,0,0,I,PERIODIC,-107.0,-14.0,8.0,y4,0,0
1582,2025.12.16,15.19.05,-90.120271,29.934141,-112,-16,-3.0,0,0,I,PERIODIC,-107.0,-14.0,8.0,y4,0,0
1583,2025.12.16,15.19.06,-90.120271,29.934141,-111,-14,-20.0,0,0,I,CELL_RESELECTION_5G5G,-108.0,-13.0,7.0,y4,0,0
1584,2025.12.16,15.19.07,-90.120271,29.934141,-111,-14,-20.0,0,0,D,PERIODIC,-108.0,-13.0,7.0,y4,0,0
1585,2025.12.16,15.19.08,-90.120271,29.934141,-110,-14,-10.0,0,0,D,PERIODIC,-107.0,-13.0,7.0,y4,0,0
1586,2025.12.16,15.19.09,-90.120271,29.934141,-110,-14,-10.0,0,0,I,PERIODIC,-107.0,-13.0,7.0,y4,0,0
1587,2025.12.16,15.19.10,-90.120271,29.934141,-110,-15,-10.0,0,0,D,PERIODIC,-107.0,-14.0,7.0,y4,0,0
1588,2025.12.16,15.19.11,-90.120271,29.934141,-110,-15,-10.0,27,0,D,PERIODIC,-107.0,-14.0,7.0,y4,0,0
1589,2025.12.16,15.19.12,-90.120271,29.934141,-109,-14,0.0,0,0,I,PERIODIC,-108.0,-14.0,7.0,y4,0,0
1590,2025.12.16,15.19.13,-90.120271,29.934141,-109,-14,0.0,0,0,I,PERIODIC,-108.0,-14.0,7.0,y4,0,0
1591,2025.12.16,15.19.14,-90.120271,29.934141,-109,-14,10.0,0,0,I,PERIODIC,-108.0,-14.0,7.0,y4,0,0
1592,2025.12.16,15.19.15,-90.120271,29.934141,-109,-14,10.0,0,0,I,PERIODIC,-108.0,-14.0,7.0,y4,0,0
1593,2025.12.16,15.19.16,-90.120271,29.934141,-111,-14,10.0,1,1,D,PERIODIC,-108.0,-13.0,8.0,y4,0,0
1594,2025.12.16,15.19.17,-90.120271,29.934141,-111,-14,10.0,0,0,I,PERIODIC,-108.0,-13.0,8.0,y4,0,0
1595,2025.12.16,15.19.18,-90.120271,29.934141,-111,-13,20.0,0,0,I,PERIODIC,-108.0,-13.0,8.0,y4,0,0
1596,2025.12.16,15.19.19,-90.120271,29.934141,-111,-13,20.0,0,0,I,PERIODIC,-108.0,-13.0,8.0,y4,0,0
1597,2025.12.16,15.19.20,-90.120271,29.934141,-111,-13,20.0,0,0,I,PERIODIC,-109.0,-13.0,8.0,y4,0,0
1598,2025.12.16,15.19.21,-90.120271,29.934141,-111,-13,20.0,0,0,I,PERIODIC,-109.0,-13.0,8.0,y4,0,0
1599,2025.12.16,15.19.22,-90.120271,29.934141,-111,-14,0.0,5,5,D,PERIODIC,-108.0,-12.0,7.0,y4,0,0
1600,2025.12.16,15.19.23,-90.120271,29.934141,-111,-14,0.0,1,1,D,PERIODIC,-108.0,-12.0,7.0,y4,0,0
1601,2025.12.16,15.19.24,-90.120271,29.934141,-109,-15,0.0,4,6,D,PERIODIC,-108.0,-12.0,8.0,y4,0,0
1602,2025.12.16,15.19.25,-90.120271,29.934141,-109,-15,0.0,18,19,D,PERIODIC,-108.0,-12.0,8.0,y4,0,0
1603,2025.12.16,15.19.26,-90.120271,29.934141,-110,-15,0.0,0,25,D,PERIODIC,-107.0,-13.0,6.0,y4,0,0
1604,2025.12.16,15.19.27,-90.120271,29.934141,-110,-15,0.0,3,3,D,PERIODIC,-107.0,-13.0,6.0,y4,0,0
1605,2025.12.16,15.19.28,-90.120271,29.934141,-110,-15,0.0,2,2,D,PERIODIC,-108.0,-13.0,6.0,y4,0,0
1606,2025.12.16,15.19.29,-90.120271,29.934141,-110,-15,0.0,0,0,D,PERIODIC,-108.0,-13.0,6.0,y4,0,0
1607,2025.12.16,15.19.30,-90.120271,29.934141,-110,-15,0.0,0,0,I,PERIODIC,-108.0,-14.0,6.0,y4,0,0
1608,2025.12.16,15.19.31,-90.120271,29.934141,-110,-15,0.0,0,0,I,PERIODIC,-108.0,-14.0,6.0,y4,0,0
1609,2025.12.16,15.19.32,-90.120271,29.934141,-110,-15,0.0,41564,10679,D,PERIODIC,-108.0,-14.0,6.0,y4,0,0
1610,2025.12.16,15.19.33,-90.120271,29.934141,-110,-15,0.0,0,1,D,PERIODIC,-108.0,-14.0,6.0,y4,0,0
1611,2025.12.16,15.19.34,-90.120271,29.934141,-110,-15,0.0,0,0,I,PERIODIC,-107.0,-14.0,6.0,y4,0,0
1612,2025.12.16,15.19.35,-90.120271,29.934141,-110,-15,0.0,0,0,I,PERIODIC,-107.0,-14.0,6.0,y4,0,0
1613,2025.12.16,15.19.36,-90.120271,29.934141,-109,-14,-5.0,0,0,D,PERIODIC,-107.0,-14.0,8.0,y4,0,0
1614,2025.12.16,15.19.37,-90.120271,29.934141,-109,-14,-5.0,1,3,D,PERIODIC,-107.0,-14.0,8.0,y4,0,0
1615,2025.12.16,15.19.38,-90.120271,29.934141,-109,-15,-15.0,0,0,D,PERIODIC,-108.0,-12.0,9.0,y4,0,0
1616,2025.12.16,15.19.39,-90.120271,29.934141,-109,-15,-15.0,16,13,D,PERIODIC,-108.0,-12.0,9.0,y4,0,0
1617,2025.12.16,15.19.40,-90.120271,29.934141,-109,-15,-15.0,0,0,I,PERIODIC,-109.0,-13.0,9.0,y4,0,0
1618,2025.12.16,15.19.41,-90.120271,29.934141,-109,-15,-15.0,197808,1972,D,PERIODIC,-109.0,-13.0,9.0,y4,0,0
1619,2025.12.16,15.19.42,-90.120271,29.934141,-108,-15,-10.0,0,0,I,PERIODIC,-107.0,-12.0,8.0,y4,0,0
1620,2025.12.16,15.19.43,-90.120271,29.934141,-108,-15,-10.0,0,0,I,PERIODIC,-107.0,-12.0,8.0,y4,0,0
1621,2025.12.16,15.19.44,-90.120271,29.934141,-109,-15,-15.0,0,0,I,PERIODIC,-107.0,-13.0,9.0,y4,0,0
1622,2025.12.16,15.19.45,-90.120271,29.934141,-109,-15,-15.0,0,0,D,PERIODIC,-107.0,-13.0,9.0,y4,0,0
1623,2025.12.16,15.19.46,-90.120271,29.934141,-109,-15,-15.0,36137,458,D,PERIODIC,-109.0,-14.0,9.0,y4,0,0
1624,2025.12.16,15.19.47,-90.120271,29.934141,-109,-15,-15.0,0,0,D,PERIODIC,-109.0,-14.0,9.0,y4,0,0
1625,2025.12.16,15.19.48,-90.120271,29.934141,-109,-15,-15.0,1,0,D,PERIODIC,-108.0,-11.0,9.0,y4,0,0
1626,2025.12.16,15.19.49,-90.120271,29.934141,-109,-15,-15.0,0,0,D,PERIODIC,-108.0,-11.0,9.0,y4,0,0
1627,2025.12.16,15.19.50,-90.120271,29.934141,-112,-16,-15.0,0,0,I,PERIODIC,-109.0,-11.0,9.0,y4,0,0
1628,2025.12.16,15.19.51,-90.120271,29.934141,-112,-16,-15.0,72070,596,D,PERIODIC,-109.0,-11.0,9.0,y4,0,0
1629,2025.12.16,15.19.52,-90.120271,29.934141,-110,-16,-20.0,0,0,I,PERIODIC,-109.0,-14.0,6.0,y4,0,0
1630,2025.12.16,15.19.53,-90.120271,29.934141,-110,-16,-20.0,0,0,I,PERIODIC,-109.0,-14.0,6.0,y4,0,0
1631,2025.12.16,15.19.54,-90.120271,29.934141,-113,-16,-10.0,1,0,D,PERIODIC,-108.0,-13.0,5.0,y4,0,0
1632,2025.12.16,15.19.55,-90.120271,29.934141,-113,-16,-10.0,0,0,D,PERIODIC,-108.0,-13.0,5.0,y4,0,0
1633,2025.12.16,15.19.56,-90.120271,29.934141,-110,-16,-15.0,36076,354,D,PERIODIC,-109.0,-13.0,8.0,y4,0,0
1634,2025.12.16,15.19.57,-90.120271,29.934141,-110,-16,-15.0,10,8,D,PERIODIC,-109.0,-13.0,8.0,y4,0,0
1635,2025.12.16,15.19.58,-90.120271,29.934141,-109,-15,-15.0,7,7,D,PERIODIC,-108.0,-12.0,8.0,y4,0,0
1636,2025.12.16,15.19.59,-90.120271,29.934141,-109,-15,-15.0,0,0,D,PERIODIC,-108.0,-12.0,8.0,y4,0,0
1637,2025.12.16,15.20.00,-90.120271,29.934141,-110,-15,-5.0,0,0,I,PERIODIC,-107.0,-13.0,9.0,y4,0,0
1638,2025.12.16,15.20.01,-90.120271,29.934141,-110,-15,-5.0,63562,1887,D,PERIODIC,-107.0,-13.0,9.0,y4,0,0
1639,2025.12.16,15.20.02,-90.120271,29.934141,-109,-15,-10.0,1,1,D,PERIODIC,-107.0,-14.0,8.0,y4,0,0
1640,2025.12.16,15.20.03,-90.120271,29.934141,-109,-15,-10.0,1,1,D,PERIODIC,-107.0,-14.0,8.0,y4,0,0
1641,2025.12.16,15.20.04,-90.120271,29.934141,-109,-15,-10.0,0,0,I,PERIODIC,-107.0,-11.0,8.0,y4,0,0
1642,2025.12.16,15.20.05,-90.120271,29.934141,-109,-15,-10.0,0,0,I,PERIODIC,-107.0,-11.0,8.0,y4,0,0
1643,2025.12.16,15.20.06,-90.120271,29.934141,-109,-15,-10.0,0,592,D,PERIODIC,-107.0,-12.0,8.0,y4,0,0
1644,2025.12.16,15.20.07,-90.120271,29.934141,-109,-15,-10.0,6,6,D,PERIODIC,-107.0,-12.0,8.0,y4,0,0
1645,2025.12.16,15.20.08,-90.120271,29.934141,-109,-15,-10.0,0,0,I,PERIODIC,-107.0,-11.0,8.0,y4,0,0
1646,2025.12.16,15.20.09,-90.120271,29.934141,-109,-15,-10.0,0,0,D,PERIODIC,-107.0,-11.0,8.0,y4,0,0
1647,2025.12.16,15.20.10,-90.120271,29.934141,-109,-15,-10.0,0,0,I,PERIODIC,-107.0,-13.0,8.0,y4,0,0
1648,2025.12.16,15.20.11,-90.120271,29.934141,-109,-15,-10.0,64091,869,D,PERIODIC,-107.0,-13.0,8.0,y4,0,0
1649,2025.12.16,15.20.12,-90.120271,29.934141,-110,-14,0.0,0,0,D,PERIODIC,-107.0,-13.0,7.0,y4,0,0
1650,2025.12.16,15.20.13,-90.120271,29.934141,-110,-14,0.0,0,0,D,PERIODIC,-107.0,-13.0,7.0,y4,0,0
1651,2025.12.16,15.20.14,-90.120271,29.934141,-108,-14,-10.0,10,8,D,PERIODIC,-107.0,-13.0,9.0,y4,0,0
1652,2025.12.16,15.20.15,-90.120271,29.934141,-108,-14,-10.0,0,0,D,PERIODIC,-107.0,-13.0,9.0,y4,0,0
1653,2025.12.16,15.20.16,-90.120271,29.934141,-108,-15,-10.0,80248,729,D,PERIODIC,-107.0,-12.0,9.0,y4,0,0
1654,2025.12.16,15.20.17,-90.120271,29.934141,-108,-15,-10.0,3,3,D,PERIODIC,-107.0,-12.0,9.0,y4,0,0
1655,2025.12.16,15.20.18,-90.120271,29.934141,-108,-15,-10.0,0,0,D,PERIODIC,-108.0,-12.0,9.0,y4,0,0
1656,2025.12.16,15.20.19,-90.120271,29.934141,-108,-15,-10.0,1,0,D,PERIODIC,-108.0,-12.0,9.0,y4,0,0
1657,2025.12.16,15.20.20,-90.120271,29.934141,-109,-14,5.0,0,0,I,PERIODIC,-107.0,-13.0,9.0,y4,0,0
1658,2025.12.16,15.20.21,-90.120271,29.934141,-109,-14,5.0,0,0,I,PERIODIC,-107.0,-13.0,9.0,y4,0,0
1659,2025.12.16,15.20.22,-90.120271,29.934141,-109,-15,0.0,61632,552,D,PERIODIC,-107.0,-13.0,9.0,y4,0,0
1660,2025.12.16,15.20.23,-90.120271,29.934141,-109,-15,0.0,0,0,D,PERIODIC,-107.0,-13.0,9.0,y4,0,0
1661,2025.12.16,15.20.24,-90.120271,29.934141,-109,-15,0.0,4,4,D,PERIODIC,-107.0,-11.0,9.0,y4,0,0
1662,2025.12.16,15.20.25,-90.120271,29.934141,-109,-15,0.0,1,1,D,PERIODIC,-107.0,-11.0,9.0,y4,0,0
1663,2025.12.16,15.20.26,-90.120271,29.934141,-109,-15,0.0,66790,574,D,PERIODIC,-107.0,-13.0,8.0,y4,0,0
1664,2025.12.16,15.20.27,-90.120271,29.934141,-109,-15,0.0,3,3,D,PERIODIC,-107.0,-13.0,8.0,y4,0,0
1665,2025.12.16,15.20.28,-90.120271,29.934141,-109,-15,0.0,8,7,D,PERIODIC,-107.0,-13.0,8.0,y4,0,0
1666,2025.12.16,15.20.29,-90.120271,29.934141,-109,-15,0.0,1,1,D,PERIODIC,-107.0,-13.0,8.0,y4,0,0
1667,2025.12.16,15.20.30,-90.120271,29.934141,-111,-14,0.0,0,0,I,PERIODIC,-107.0,-14.0,9.0,y4,0,0
1668,2025.12.16,15.20.31,-90.120271,29.934141,-111,-14,0.0,0,0,I,PERIODIC,-107.0,-14.0,9.0,y4,0,0
1669,2025.12.16,15.20.32,-90.120271,29.934141,-109,-14,-5.0,71384,3245,D,PERIODIC,-107.0,-13.0,9.0,y4,0,0
1670,2025.12.16,15.20.33,-90.120271,29.934141,-109,-14,-5.0,3,3,D,PERIODIC,-107.0,-13.0,9.0,y4,0,0
1671,2025.12.16,15.20.34,-90.120271,29.934141,-109,-14,-5.0,0,0,D,PERIODIC,-108.0,-13.0,9.0,y4,0,0
1672,2025.12.16,15.20.35,-90.120271,29.934141,-109,-14,-5.0,79,79,D,PERIODIC,-108.0,-13.0,9.0,y4,0,0
1673,2025.12.16,15.20.36,-90.120271,29.934141,-111,-15,0.0,34055,377,D,PERIODIC,-108.0,-13.0,7.0,y4,0,0
1674,2025.12.16,15.20.37,-90.120271,29.934141,-111,-15,0.0,0,0,D,PERIODIC,-108.0,-13.0,7.0,y4,0,0
1675,2025.12.16,15.20.38,-90.120271,29.934141,-111,-15,0.0,1,1,D,PERIODIC,-107.0,-13.0,7.0,y4,0,0
1676,2025.12.16,15.20.39,-90.120271,29.934141,-111,-15,0.0,3,3,D,PERIODIC,-107.0,-13.0,7.0,y4,0,0
1677,2025.12.16,15.20.40,-90.120271,29.934141,-109,-15,-10.0,0,0,D,PERIODIC,-107.0,-11.0,8.0,y4,0,0
1678,2025.12.16,15.20.41,-90.120271,29.934141,-109,-15,-10.0,49923,760,D,PERIODIC,-107.0,-11.0,8.0,y4,0,0
1679,2025.12.16,15.20.42,-90.120271,29.934141,-111,-16,0.0,0,0,D,PERIODIC,-108.0,-12.0,9.0,y4,0,0
1680,2025.12.16,15.20.43,-90.120271,29.934141,-111,-16,0.0,1,1,D,PERIODIC,-108.0,-12.0,9.0,y4,0,0
1681,2025.12.16,15.20.44,-90.120271,29.934141,-110,-16,0.0,0,0,I,PERIODIC,-107.0,-11.0,9.0,y4,0,0
1682,2025.12.16,15.20.45,-90.120271,29.934141,-110,-16,0.0,0,0,I,PERIODIC,-107.0,-11.0,9.0,y4,0,0
1683,2025.12.16,15.20.46,-90.120271,29.934141,-111,-16,0.0,36067,343,D,PERIODIC,-107.0,-14.0,8.0,y4,0,0
1684,2025.12.16,15.20.47,-90.120271,29.934141,-111,-16,0.0,2,2,D,PERIODIC,-107.0,-14.0,8.0,y4,0,0
1685,2025.12.16,15.20.48,-90.120271,29.934141,-110,-15,0.0,0,0,I,PERIODIC,-107.0,-14.0,7.0,y4,0,0
1686,2025.12.16,15.20.49,-90.120271,29.934141,-110,-15,0.0,0,0,D,PERIODIC,-107.0,-14.0,7.0,y4,0,0
1687,2025.12.16,15.20.50,-90.120271,29.934141,-111,-15,-5.0,0,0,I,PERIODIC,-107.0,-13.0,8.0,y4,0,0
1688,2025.12.16,15.20.51,-90.120271,29.934141,-111,-15,-5.0,36063,354,D,PERIODIC,-107.0,-13.0,8.0,y4,0,0
1689,2025.12.16,15.20.52,-90.120271,29.934141,-110,-15,-5.0,0,0,D,PERIODIC,-108.0,-14.0,6.0,y4,0,0
1690,2025.12.16,15.20.53,-90.120271,29.934141,-110,-15,-5.0,0,0,I,PERIODIC,-108.0,-14.0,6.0,y4,0,0
1691,2025.12.16,15.20.54,-90.120271,29.934141,-109,-14,15.0,0,0,D,PERIODIC,-107.0,-13.0,7.0,y4,0,0
1692,2025.12.16,15.20.55,-90.120271,29.934141,-109,-14,15.0,0,0,D,PERIODIC,-107.0,-13.0,7.0,y4,0,0
1693,2025.12.16,15.20.56,-90.120271,29.934141,-110,-14,10.0,0,0,D,PERIODIC,-108.0,-11.0,6.0,y4,0,0
1694,2025.12.16,15.20.57,-90.120271,29.934141,-110,-14,10.0,0,1,D,PERIODIC,-108.0,-11.0,6.0,y4,0,0
1695,2025.12.16,15.20.58,-90.120271,29.934141,-110,-14,10.0,0,0,D,PERIODIC,-107.0,-13.0,6.0,y4,0,0
1696,2025.12.16,15.20.59,-90.120271,29.934141,-110,-14,10.0,0,0,I,PERIODIC,-107.0,-13.0,6.0,y4,0,0
1697,2025.12.16,15.21.00,-90.120271,29.934141,-111,-15,-5.0,0,0,I,PERIODIC,-107.0,-14.0,8.0,y4,0,0
1698,2025.12.16,15.21.01,-90.120271,29.934141,-111,-15,-5.0,37554,986,D,PERIODIC,-107.0,-14.0,8.0,y4,0,0
1699,2025.12.16,15.21.02,-90.120271,29.934141,-112,-14,-5.0,0,2,D,PERIODIC,-107.0,-13.0,9.0,y4,0,0
1700,2025.12.16,15.21.03,-90.120271,29.934141,-112,-14,-5.0,0,0,I,PERIODIC,-107.0,-13.0,9.0,y4,0,0
1701,2025.12.16,15.21.04,-90.120271,29.934141,-109,-15,-10.0,0,0,I,PERIODIC,-107.0,-13.0,8.0,y4,0,0
1702,2025.12.16,15.21.05,-90.120271,29.934141,-109,-15,-10.0,0,0,I,PERIODIC,-107.0,-13.0,8.0,y4,0,0
1703,2025.12.16,15.21.06,-90.120271,29.934141,-110,-15,-15.0,36084,350,D,PERIODIC,-107.0,-11.0,7.0,y4,0,0
1704,2025.12.16,15.21.07,-90.120271,29.934141,-110,-15,-15.0,1,1,D,PERIODIC,-107.0,-11.0,7.0,y4,0,0
1705,2025.12.16,15.21.08,-90.120271,29.934141,-109,-14,-5.0,4,4,D,PERIODIC,-107.0,-12.0,6.0,y4,0,0
1706,2025.12.16,15.21.09,-90.120271,29.934141,-109,-14,-5.0,0,0,D,PERIODIC,-107.0,-12.0,6.0,y4,0,0
1707,2025.12.16,15.21.10,-90.120271,29.934141,-111,-15,-5.0,0,0,I,PERIODIC,-107.0,-12.0,8.0,y4,0,0
1708,2025.12.16,15.21.11,-90.120271,29.934141,-111,-15,-5.0,36046,332,D,PERIODIC,-107.0,-12.0,8.0,y4,0,0
1709,2025.12.16,15.21.12,-90.120271,29.934141,-111,-14,5.0,0,0,I,PERIODIC,-107.0,-12.0,9.0,y4,0,0
1710,2025.12.16,15.21.13,-90.120271,29.934141,-111,-14,5.0,0,0,I,PERIODIC,-107.0,-12.0,9.0,y4,0,0
1711,2025.12.16,15.21.14,-90.120271,29.934141,-111,-14,0.0,0,0,I,PERIODIC,-107.0,-12.0,8.0,y4,0,0
1712,2025.12.16,15.21.15,-90.120271,29.934141,-111,-14,0.0,16,18,D,PERIODIC,-107.0,-12.0,8.0,y4,0,0
1713,2025.12.16,15.21.16,-90.120271,29.934141,-110,-14,0.0,72125,626,D,PERIODIC,-107.0,-12.0,8.0,y4,0,0
1714,2025.12.16,15.21.17,-90.120271,29.934141,-110,-14,0.0,0,3,D,PERIODIC,-107.0,-12.0,8.0,y4,0,0
1715,2025.12.16,15.21.18,-90.120271,29.934141,-111,-14,-20.0,3,3,D,HANDOVER_DATA_5G5G,-108.0,-13.0,9.0,y4,0,0
1716,2025.12.16,15.21.19,-90.120271,29.934141,-111,-14,-20.0,0,0,I,PERIODIC,-108.0,-13.0,9.0,y4,0,0
1717,2025.12.16,15.21.20,-90.120271,29.934141,-110,-15,-10.0,0,0,I,PERIODIC,-107.0,-13.0,8.0,y4,0,0
1718,2025.12.16,15.21.21,-90.120271,29.934141,-110,-15,-10.0,70335,668,D,PERIODIC,-107.0,-13.0,8.0,y4,0,0
1719,2025.12.16,15.21.22,-90.120271,29.934141,-111,-15,-5.0,0,0,I,PERIODIC,-107.0,-12.0,7.0,y4,0,0
1720,2025.12.16,15.21.23,-90.120271,29.934141,-111,-15,-5.0,0,0,I,PERIODIC,-107.0,-12.0,7.0,y4,0,0
1721,2025.12.16,15.21.24,-90.120271,29.934141,-110,-15,-5.0,0,0,I,PERIODIC,-107.0,-13.0,8.0,y4,0,0
1722,2025.12.16,15.21.25,-90.120271,29.934141,-110,-15,-5.0,8,10,D,PERIODIC,-107.0,-13.0,8.0,y4,0,0
1723,2025.12.16,15.21.26,-90.120271,29.934141,-110,-15,-10.0,0,466,D,PERIODIC,-107.0,-13.0,8.0,y4,0,0
1724,2025.12.16,15.21.27,-90.120271,29.934141,-110,-15,-10.0,1,1,D,PERIODIC,-107.0,-13.0,8.0,y4,0,0
1725,2025.12.16,15.21.28,-90.120271,29.934141,-110,-15,-10.0,0,0,I,PERIODIC,-107.0,-13.0,8.0,y4,0,0
1726,2025.12.16,15.21.29,-90.120271,29.934141,-109,-15,-20.0,0,0,I,PERIODIC,-107.0,-13.0,7.0,y4,0,0
1727,2025.12.16,15.21.30,-90.120271,29.934141,-111,-15,-3.0,0,0,I,PERIODIC,-107.0,-13.0,8.0,y4,0,0
1728,2025.12.16,15.21.31,-90.120271,29.934141,-111,-15,-3.0,0,0,D,PERIODIC,-107.0,-13.0,8.0,y4,0,0
1729,2025.12.16,15.21.32,-90.120271,29.934141,-111,-16,-20.0,8,8,D,PERIODIC,-107.0,-14.0,8.0,y4,0,0
1730,2025.12.16,15.21.33,-90.120271,29.934141,-111,-16,-20.0,0,0,I,PERIODIC,-107.0,-14.0,8.0,y4,0,0
1731,2025.12.16,15.21.34,-90.120271,29.934141,-106,-14,-3.0,7,7,D,HANDOVER_DATA_5G5G,-107.0,-14.0,9.0,y4,0,0
1732,2025.12.16,15.21.35,-90.120271,29.934141,-106,-14,-3.0,2,2,D,PERIODIC,-107.0,-14.0,9.0,y4,0,0
1733,2025.12.16,15.21.36,-90.120271,29.934141,-109,-15,-5.0,25713,1420,D,PERIODIC,-107.0,-13.0,8.0,y4,0,0
1734,2025.12.16,15.21.37,-90.120271,29.934141,-109,-15,-5.0,0,0,I,PERIODIC,-107.0,-13.0,8.0,y4,0,0
1735,2025.12.16,15.21.38,-90.120271,29.934141,-109,-15,-5.0,0,16,D,PERIODIC,-107.0,-13.0,8.0,y4,0,0
1736,2025.12.16,15.21.39,-90.120271,29.934141,-109,-15,-5.0,0,0,D,PERIODIC,-107.0,-13.0,8.0,y4,0,0
1737,2025.12.16,15.21.40,-90.120271,29.934141,-109,-14,-5.0,0,0,D,PERIODIC,-107.0,-12.0,8.0,y4,0,0
1738,2025.12.16,15.21.41,-90.120271,29.934141,-109,-14,-5.0,106214,1693,D,PERIODIC,-107.0,-12.0,8.0,y4,0,0
1739,2025.12.16,15.21.42,-90.120271,29.934141,-109,-14,-5.0,0,0,D,PERIODIC,-107.0,-13.0,8.0,y4,0,0
1740,2025.12.16,15.21.43,-90.120271,29.934141,-109,-14,-5.0,0,0,I,PERIODIC,-107.0,-13.0,8.0,y4,0,0
1741,2025.12.16,15.21.44,-90.120271,29.934141,-112,-15,-5.0,0,0,I,PERIODIC,-107.0,-12.0,8.0,y4,0,0
1742,2025.12.16,15.21.45,-90.120271,29.934141,-112,-15,-5.0,0,0,I,PERIODIC,-107.0,-12.0,8.0,y4,0,0
1743,2025.12.16,15.21.46,-90.120271,29.934141,-110,-15,-5.0,65156,536,D,PERIODIC,-107.0,-13.0,8.0,y4,0,0
1744,2025.12.16,15.21.47,-90.120271,29.934141,-110,-15,-5.0,1,1,D,PERIODIC,-107.0,-13.0,8.0,y4,0,0
1745,2025.12.16,15.21.48,-90.120271,29.934141,-110,-15,-5.0,0,0,D,PERIODIC,-107.0,-13.0,8.0,y4,0,0
1746,2025.12.16,15.21.49,-90.120271,29.934141,-111,-15,0.0,0,0,D,PERIODIC,-107.0,-12.0,8.0,y4,0,0
1747,2025.12.16,15.21.50,-90.120271,29.934141,-111,-15,0.0,0,0,I,PERIODIC,-106.0,-13.0,8.0,y4,0,0
1748,2025.12.16,15.21.51,-90.120271,29.934141,-111,-15,0.0,0,0,I,PERIODIC,-106.0,-13.0,8.0,y4,0,0
1749,2025.12.16,15.21.52,-90.120271,29.934141,-111,-14,0.0,0,0,D,PERIODIC,-107.0,-13.0,9.0,y4,0,0
1750,2025.12.16,15.21.53,-90.120271,29.934141,-111,-14,0.0,0,0,D,PERIODIC,-107.0,-13.0,9.0,y4,0,0
1751,2025.12.16,15.21.54,-90.120271,29.934141,-110,-14,0.0,60,58,D,PERIODIC,-106.0,-12.0,9.0,y4,0,0
1752,2025.12.16,15.21.55,-90.120271,29.934141,-110,-14,0.0,0,0,D,PERIODIC,-106.0,-12.0,9.0,y4,0,0
1753,2025.12.16,15.21.56,-90.120271,29.934141,-110,-14,0.0,0,0,I,PERIODIC,-106.0,-12.0,9.0,y4,0,0
1754,2025.12.16,15.21.57,-90.120271,29.934141,-110,-14,0.0,69040,583,D,PERIODIC,-106.0,-12.0,9.0,y4,0,0
1755,2025.12.16,15.21.58,-90.120271,29.934141,-110,-15,-15.0,0,0,I,PERIODIC,-106.0,-13.0,9.0,y4,0,0
1756,2025.12.16,15.21.59,-90.120271,29.934141,-110,-15,-15.0,1,1,D,PERIODIC,-106.0,-13.0,9.0,y4,0,0
1757,2025.12.16,15.22.00,-90.120271,29.934141,-109,-14,-5.0,7,0,D,PERIODIC,-107.0,-13.0,10.0,y4,0,0
1758,2025.12.16,15.22.01,-90.120271,29.934141,-109,-14,-5.0,0,1306,D,PERIODIC,-107.0,-13.0,10.0,y4,0,0
1759,2025.12.16,15.22.02,-90.120271,29.934141,-111,-14,0.0,0,3,D,PERIODIC,-107.0,-12.0,9.0,y4,0,0
1760,2025.12.16,15.22.03,-90.120271,29.934141,-111,-14,0.0,2,2,D,PERIODIC,-107.0,-12.0,9.0,y4,0,0
1761,2025.12.16,15.22.04,-90.120271,29.934141,-112,-14,-5.0,0,0,D,PERIODIC,-107.0,-13.0,9.0,y4,0,0
1762,2025.12.16,15.22.05,-90.120271,29.934141,-112,-14,-5.0,0,0,I,PERIODIC,-107.0,-13.0,9.0,y4,0,0
1763,2025.12.16,15.22.06,-90.120271,29.934141,-110,-14,-5.0,0,0,D,PERIODIC,-106.0,-12.0,10.0,y4,0,0
1764,2025.12.16,15.22.07,-90.120271,29.934141,-110,-14,-5.0,58827,504,D,PERIODIC,-106.0,-12.0,10.0,y4,0,0
1765,2025.12.16,15.22.08,-90.120271,29.934141,-113,-14,0.0,0,0,I,PERIODIC,-107.0,-13.0,9.0,y4,0,0
1766,2025.12.16,15.22.09,-90.120271,29.934141,-113,-14,0.0,0,0,I,PERIODIC,-107.0,-13.0,9.0,y4,0,0
1767,2025.12.16,15.22.10,-90.120271,29.934141,-110,-14,5.0,0,0,I,PERIODIC,-107.0,-13.0,9.0,y4,0,0
1768,2025.12.16,15.22.11,-90.120271,29.934141,-110,-14,5.0,36311,356,D,PERIODIC,-107.0,-13.0,9.0,y4,0,0
1769,2025.12.16,15.22.12,-90.120271,29.934141,-110,-14,5.0,0,0,I,PERIODIC,-107.0,-13.0,9.0,y4,0,0
1770,2025.12.16,15.22.13,-90.120271,29.934141,-110,-14,5.0,0,0,I,PERIODIC,-107.0,-13.0,9.0,y4,0,0
1771,2025.12.16,15.22.14,-90.120271,29.934141,-112,-14,5.0,8,0,D,PERIODIC,-106.0,-13.0,9.0,y4,0,0
1772,2025.12.16,15.22.15,-90.120271,29.934141,-112,-14,5.0,0,0,I,PERIODIC,-106.0,-13.0,9.0,y4,0,0
1773,2025.12.16,15.22.16,-90.120271,29.934141,-111,-14,10.0,0,452,D,PERIODIC,-107.0,-13.0,9.0,y4,0,0
1774,2025.12.16,15.22.17,-90.120271,29.934141,-111,-14,10.0,12,12,D,PERIODIC,-107.0,-13.0,9.0,y4,0,0
1775,2025.12.16,15.22.18,-90.120271,29.934141,-111,-14,10.0,1,1,D,PERIODIC,-106.0,-13.0,9.0,y4,0,0
1776,2025.12.16,15.22.19,-90.120271,29.934141,-111,-14,10.0,0,0,D,PERIODIC,-106.0,-13.0,9.0,y4,0,0
1777,2025.12.16,15.22.20,-90.120271,29.934141,-110,-14,-5.0,0,0,D,PERIODIC,-107.0,-12.0,11.0,y4,0,0
1778,2025.12.16,15.22.21,-90.120271,29.934141,-110,-14,-5.0,0,0,D,PERIODIC,-107.0,-12.0,11.0,y4,0,0
1779,2025.12.16,15.22.22,-90.120271,29.934141,-110,-15,-10.0,51930,0,D,PERIODIC,-107.0,-13.0,10.0,y4,0,0
1780,2025.12.16,15.22.23,-90.120271,29.934141,-110,-15,-10.0,0,0,D,PERIODIC,-107.0,-13.0,10.0,y4,0,0
1781,2025.12.16,15.22.24,-90.120271,29.934141,-110,-15,-10.0,4,4,D,PERIODIC,-106.0,-13.0,10.0,y4,0,0
1782,2025.12.16,15.22.25,-90.120271,29.934141,-110,-15,-10.0,1,1,D,PERIODIC,-106.0,-13.0,10.0,y4,0,0
1783,2025.12.16,15.22.26,-90.120271,29.934141,-109,-14,-5.0,0,0,D,PERIODIC,-106.0,-13.0,10.0,y4,0,0
1784,2025.12.16,15.22.27,-90.120271,29.934141,-109,-14,-5.0,42373,0,D,PERIODIC,-106.0,-13.0,10.0,y4,0,0
1785,2025.12.16,15.22.28,-90.120271,29.934141,-109,-15,-5.0,0,0,I,PERIODIC,-107.0,-13.0,9.0,y4,0,0
1786,2025.12.16,15.22.29,-90.120271,29.934141,-109,-15,-5.0,5,5,D,PERIODIC,-107.0,-13.0,9.0,y4,0,0
1787,2025.12.16,15.22.30,-90.120271,29.934141,-111,-16,-15.0,0,0,D,PERIODIC,-106.0,-13.0,10.0,y4,0,0
1788,2025.12.16,15.22.31,-90.120271,29.934141,-111,-16,-15.0,0,2505,D,PERIODIC,-106.0,-13.0,10.0,y4,0,0
1789,2025.12.16,15.22.32,-90.120271,29.934141,-111,-16,-15.0,7,5,D,PERIODIC,-106.0,-13.0,10.0,y4,0,0
1790,2025.12.16,15.22.33,-90.120271,29.934141,-111,-16,-15.0,1,1,D,PERIODIC,-106.0,-13.0,10.0,y4,0,0
1791,2025.12.16,15.22.34,-90.120271,29.934141,-112,-16,-10.0,0,0,D,PERIODIC,-107.0,-14.0,8.0,y4,0,0
1792,2025.12.16,15.22.35,-90.120271,29.934141,-112,-16,-10.0,0,0,I,PERIODIC,-107.0,-14.0,8.0,y4,0,0
1793,2025.12.16,15.22.36,-90.120271,29.934141,-113,-16,-10.0,0,0,D,PERIODIC,-108.0,-11.0,9.0,y4,0,0
1794,2025.12.16,15.22.37,-90.120271,29.934141,-113,-16,-10.0,50205,0,D,PERIODIC,-108.0,-11.0,9.0,y4,0,0
1795,2025.12.16,15.22.38,-90.120271,29.934141,-113,-16,-10.0,3,3,D,PERIODIC,-107.0,-12.0,9.0,y4,0,0
1796,2025.12.16,15.22.39,-90.120271,29.934141,-113,-16,-10.0,2,2,D,PERIODIC,-107.0,-12.0,9.0,y4,0,0
1797,2025.12.16,15.22.40,-90.120271,29.934141,-110,-15,-10.0,55793,866,D,PERIODIC,-108.0,-11.0,10.0,y4,0,0
1798,2025.12.16,15.22.41,-90.120271,29.934141,-110,-15,-10.0,0,0,I,PERIODIC,-108.0,-11.0,10.0,y4,0,0
1799,2025.12.16,15.22.42,-90.120271,29.934141,-113,-17,-10.0,0,0,D,PERIODIC,-107.0,-13.0,8.0,y4,0,0
1800,2025.12.16,15.22.43,-90.120271,29.934141,-113,-17,-10.0,0,0,I,PERIODIC,-107.0,-13.0,8.0,y4,0,0
1801,2025.12.16,15.22.44,-90.120271,29.934141,-112,-16,-10.0,0,0,I,PERIODIC,-107.0,-13.0,10.0,y4,0,0
1802,2025.12.16,15.22.45,-90.120271,29.934141,-112,-16,-10.0,36068,335,D,PERIODIC,-107.0,-13.0,10.0,y4,0,0
1803,2025.12.16,15.22.46,-90.120271,29.934141,-112,-16,-10.0,0,0,D,PERIODIC,-107.0,-13.0,10.0,y4,0,0
1804,2025.12.16,15.22.47,-90.120271,29.934141,-112,-16,-10.0,0,0,I,PERIODIC,-107.0,-13.0,10.0,y4,0,0
1805,2025.12.16,15.22.48,-90.120271,29.934141,-110,-15,-10.0,12,11,D,PERIODIC,-107.0,-13.0,7.0,y4,0,0
1806,2025.12.16,15.22.49,-90.120271,29.934141,-110,-15,-10.0,2,2,D,PERIODIC,-107.0,-13.0,7.0,y4,0,0
1807,2025.12.16,15.22.50,-90.120271,29.934141,-110,-15,-15.0,36096,355,D,PERIODIC,-108.0,-13.0,7.0,y4,0,0
1808,2025.12.16,15.22.51,-90.120271,29.934141,-110,-15,-15.0,0,0,I,PERIODIC,-108.0,-13.0,7.0,y4,0,0
1809,2025.12.16,15.22.52,-90.120271,29.934141,-110,-15,-15.0,0,0,D,PERIODIC,-107.0,-13.0,7.0,y4,0,0
1810,2025.12.16,15.22.53,-90.120271,29.934141,-110,-15,-15.0,0,0,I,PERIODIC,-107.0,-13.0,7.0,y4,0,0
1811,2025.12.16,15.22.54,-90.120271,29.934141,-110,-15,-15.0,0,0,I,PERIODIC,-107.0,-13.0,7.0,y4,0,0
1812,2025.12.16,15.22.55,-90.120271,29.934141,-110,-15,-15.0,0,0,I,PERIODIC,-107.0,-13.0,7.0,y4,0,0
1813,2025.12.16,15.22.56,-90.120271,29.934141,-110,-15,-15.0,4,4,D,PERIODIC,-107.0,-14.0,7.0,y4,0,0
1814,2025.12.16,15.22.57,-90.120271,29.934141,-110,-15,-15.0,0,0,D,PERIODIC,-107.0,-14.0,7.0,y4,0,0
1815,2025.12.16,15.22.58,-90.120271,29.934141,-110,-15,-15.0,0,0,D,PERIODIC,-106.0,-13.0,8.0,y4,0,0
1816,2025.12.16,15.22.59,-90.120271,29.934141,-110,-15,-15.0,2,2,D,PERIODIC,-106.0,-13.0,8.0,y4,0,0
1817,2025.12.16,15.23.00,-90.120271,29.934141,-110,-15,-15.0,40581,1180,D,PERIODIC,-107.0,-14.0,8.0,y4,0,0
1818,2025.12.16,15.23.01,-90.120271,29.934141,-110,-15,-15.0,0,0,I,PERIODIC,-107.0,-14.0,8.0,y4,0,0
1819,2025.12.16,15.23.02,-90.120271,29.934141,-114,-18,-10.0,0,0,D,PERIODIC,-108.0,-13.0,6.0,y4,0,0
1820,2025.12.16,15.23.03,-90.120271,29.934141,-114,-18,-10.0,2,2,D,PERIODIC,-108.0,-13.0,6.0,y4,0,0
1821,2025.12.16,15.23.04,-90.120271,29.934141,-111,-16,-10.0,0,0,I,PERIODIC,-110.0,-13.0,5.0,y4,0,0
1822,2025.12.16,15.23.05,-90.120271,29.934141,-111,-16,-10.0,0,0,I,PERIODIC,-110.0,-13.0,5.0,y4,0,0
1823,2025.12.16,15.23.06,-90.120271,29.934141,-112,-16,-5.0,68418,568,D,PERIODIC,-108.0,-13.0,8.0,y4,0,0
1824,2025.12.16,15.23.07,-90.120271,29.934141,-112,-16,-5.0,0,0,I,PERIODIC,-108.0,-13.0,8.0,y4,0,0
1825,2025.12.16,15.23.08,-90.120271,29.934141,-111,-14,-5.0,0,0,D,HANDOVER_DATA_5G5G,-107.0,-12.0,7.0,y4,0,0
1826,2025.12.16,15.23.09,-90.120271,29.934141,-111,-14,-5.0,0,0,I,PERIODIC,-107.0,-12.0,7.0,y4,0,0
1827,2025.12.16,15.23.10,-90.120271,29.934141,-110,-15,-3.0,0,0,I,PERIODIC,-107.0,-11.0,8.0,y4,0,0
1828,2025.12.16,15.23.11,-90.120271,29.934141,-110,-15,-3.0,36051,343,D,PERIODIC,-107.0,-11.0,8.0,y4,0,0
1829,2025.12.16,15.23.12,-90.120271,29.934141,-110,-15,-3.0,0,0,I,PERIODIC,-107.0,-13.0,8.0,y4,0,0
1830,2025.12.16,15.23.13,-90.120271,29.934141,-110,-15,-3.0,1,6,D,PERIODIC,-107.0,-13.0,8.0,y4,0,0
1831,2025.12.16,15.23.14,-90.120271,29.934141,-110,-15,-3.0,0,0,D,PERIODIC,-110.0,-13.0,8.0,y4,0,0
1832,2025.12.16,15.23.15,-90.120271,29.934141,-110,-15,-3.0,9,7,D,PERIODIC,-110.0,-13.0,8.0,y4,0,0
1833,2025.12.16,15.23.16,-90.120271,29.934141,-110,-15,-3.0,0,0,D,PERIODIC,-108.0,-13.0,8.0,y4,0,0
1834,2025.12.16,15.23.17,-90.120271,29.934141,-110,-15,0.0,6,6,D,PERIODIC,-108.0,-13.0,8.0,y4,0,0
1835,2025.12.16,15.23.18,-90.120271,29.934141,-109,-15,-5.0,0,0,D,PERIODIC,-107.0,-13.0,6.0,y4,0,0
1836,2025.12.16,15.23.19,-90.120271,29.934141,-109,-15,-5.0,4,4,D,PERIODIC,-107.0,-13.0,6.0,y4,0,0
1837,2025.12.16,15.23.20,-90.120271,29.934141,-109,-15,-5.0,58559,966,D,PERIODIC,-108.0,-14.0,6.0,y4,0,0
1838,2025.12.16,15.23.21,-90.120271,29.934141,-109,-15,-5.0,0,0,D,PERIODIC,-108.0,-14.0,6.0,y4,0,0
1839,2025.12.16,15.23.22,-90.120271,29.934141,-109,-15,-5.0,0,0,D,PERIODIC,-109.0,-11.0,6.0,y4,0,0
1840,2025.12.16,15.23.23,-90.120271,29.934141,-109,-15,-5.0,0,0,I,PERIODIC,-109.0,-11.0,6.0,y4,0,0
1841,2025.12.16,15.23.24,-90.120271,29.934141,-111,-15,-20.0,0,0,I,PERIODIC,-109.0,-11.0,7.0,y4,0,0
1842,2025.12.16,15.23.25,-90.120271,29.934141,-111,-15,-20.0,0,0,I,PERIODIC,-109.0,-11.0,7.0,y4,0,0
1843,2025.12.16,15.23.26,-90.120271,29.934141,-109,-15,-15.0,40264,1,D,PERIODIC,-107.0,-12.0,9.0,y4,0,0
1844,2025.12.16,15.23.27,-90.120271,29.934141,-109,-15,-15.0,2,2,D,PERIODIC,-107.0,-12.0,9.0,y4,0,0
1845,2025.12.16,15.23.28,-90.120271,29.934141,-109,-14,-20.0,0,0,D,PERIODIC,-107.0,-13.0,9.0,y4,0,0
1846,2025.12.16,15.23.29,-90.120271,29.934141,-109,-14,-20.0,0,0,I,PERIODIC,-107.0,-13.0,9.0,y4,0,0
1847,2025.12.16,15.23.30,-90.120271,29.934141,-109,-14,-15.0,4,4,D,PERIODIC,-107.0,-13.0,8.0,y4,0,0
1848,2025.12.16,15.23.31,-90.120271,29.934141,-109,-14,-15.0,0,0,D,PERIODIC,-107.0,-13.0,8.0,y4,0,0
1849,2025.12.16,15.23.32,-90.120271,29.934141,-110,-15,-2.0,2,2,D,PERIODIC,-107.0,-12.0,8.0,y4,0,0
1850,2025.12.16,15.23.33,-90.120271,29.934141,-110,-15,-2.0,1,1,D,PERIODIC,-107.0,-12.0,8.0,y4,0,0
1851,2025.12.16,15.23.34,-90.120271,29.934141,-110,-15,-2.0,0,0,D,PERIODIC,-107.0,-13.0,10.0,y4,0,0
1852,2025.12.16,15.23.35,-90.120271,29.934141,-110,-15,-2.0,72970,3562,D,PERIODIC,-107.0,-13.0,10.0,y4,0,0
1853,2025.12.16,15.23.36,-90.120271,29.934141,-111,-16,-2.0,0,0,D,PERIODIC,-107.0,-12.0,10.0,y4,0,0
1854,2025.12.16,15.23.37,-90.120271,29.934141,-111,-16,-2.0,0,0,I,PERIODIC,-107.0,-12.0,10.0,y4,0,0
1855,2025.12.16,15.23.38,-90.120271,29.934141,-111,-16,-2.0,1,1,D,PERIODIC,-106.0,-11.0,10.0,y4,0,0
1856,2025.12.16,15.23.39,-90.120271,29.934141,-111,-16,-2.0,3,3,D,PERIODIC,-106.0,-11.0,10.0,y4,0,0
1857,2025.12.16,15.23.40,-90.120271,29.934141,-108,-15,-2.0,0,1,D,PERIODIC,-107.0,-14.0,9.0,y4,0,0
1858,2025.12.16,15.23.41,-90.120271,29.934141,-108,-15,-2.0,5,7,D,PERIODIC,-107.0,-14.0,9.0,y4,0,0
1859,2025.12.16,15.23.42,-90.120271,29.934141,-108,-15,-2.0,6,3,D,PERIODIC,-107.0,-13.0,9.0,y4,0,0
1860,2025.12.16,15.23.43,-90.120271,29.934141,-108,-15,-2.0,0,0,D,PERIODIC,-107.0,-13.0,9.0,y4,0,0
1861,2025.12.16,15.23.44,-90.120271,29.934141,-108,-15,-2.0,0,0,I,PERIODIC,-107.0,-12.0,9.0,y4,0,0
1862,2025.12.16,15.23.45,-90.120271,29.934141,-108,-15,-2.0,0,0,I,PERIODIC,-107.0,-12.0,9.0,y4,0,0
1863,2025.12.16,15.23.46,-90.120271,29.934141,-108,-15,-2.0,39102,1120,D,PERIODIC,-107.0,-14.0,9.0,y4,0,0
1864,2025.12.16,15.23.47,-90.120271,29.934141,-108,-15,-2.0,4,9,D,PERIODIC,-107.0,-14.0,9.0,y4,0,0
1865,2025.12.16,15.23.48,-90.120271,29.934141,-108,-15,-2.0,0,25,D,PERIODIC,-107.0,-13.0,9.0,y4,0,0
1866,2025.12.16,15.23.49,-90.120271,29.934141,-108,-15,-2.0,0,0,I,PERIODIC,-107.0,-13.0,9.0,y4,0,0
1867,2025.12.16,15.23.50,-90.120271,29.934141,-109,-14,-5.0,0,0,D,PERIODIC,-107.0,-13.0,9.0,y4,0,0
1868,2025.12.16,15.23.51,-90.120271,29.934141,-109,-14,-5.0,0,0,I,PERIODIC,-107.0,-13.0,9.0,y4,0,0
1869,2025.12.16,15.23.52,-90.120271,29.934141,-109,-14,-10.0,0,0,I,PERIODIC,-107.0,-13.0,7.0,y4,0,0
1870,2025.12.16,15.23.53,-90.120271,29.934141,-109,-14,-10.0,0,0,I,PERIODIC,-107.0,-13.0,7.0,y4,0,0
1871,2025.12.16,15.23.54,-90.120271,29.934141,-109,-15,-15.0,0,0,I,PERIODIC,-107.0,-14.0,7.0,y4,0,0
1872,2025.12.16,15.23.55,-90.120271,29.934141,-109,-15,-15.0,36942,307,D,PERIODIC,-107.0,-14.0,7.0,y4,0,0
1873,2025.12.16,15.23.56,-90.120271,29.934141,-109,-15,-15.0,0,0,D,PERIODIC,-107.0,-13.0,7.0,y4,0,0
1874,2025.12.16,15.23.57,-90.120271,29.934141,-109,-15,-15.0,8,11,D,PERIODIC,-107.0,-13.0,7.0,y4,0,0
1875,2025.12.16,15.23.58,-90.120271,29.934141,-109,-15,-15.0,0,0,I,PERIODIC,-106.0,-11.0,7.0,y4,0,0
1876,2025.12.16,15.23.59,-90.120271,29.934141,-109,-15,-15.0,0,0,I,PERIODIC,-106.0,-11.0,7.0,y4,0,0
1877,2025.12.16,15.24.00,-90.120271,29.934141,-109,-15,-15.0,0,0,I,PERIODIC,-107.0,-12.0,7.0,y4,0,0
1878,2025.12.16,15.24.01,-90.120271,29.934141,-109,-15,-15.0,0,0,I,PERIODIC,-107.0,-12.0,7.0,y4,0,0
1879,2025.12.16,15.24.02,-90.120271,29.934141,-107,-14,5.0,12,12,D,PERIODIC,-107.0,-12.0,8.0,y4,0,0
1880,2025.12.16,15.24.03,-90.120271,29.934141,-107,-14,5.0,0,0,I,PERIODIC,-107.0,-12.0,8.0,y4,0,0
1881,2025.12.16,15.24.04,-90.120271,29.934141,-107,-14,5.0,16,16,D,PERIODIC,-107.0,-13.0,8.0,y4,0,0
1882,2025.12.16,15.24.05,-90.120271,29.934141,-107,-14,5.0,1,1,D,PERIODIC,-107.0,-13.0,8.0,y4,0,0
1883,2025.12.16,15.24.06,-90.120271,29.934141,-107,-14,5.0,4,4,D,PERIODIC,-107.0,-14.0,8.0,y4,0,0
1884,2025.12.16,15.24.07,-90.120271,29.934141,-107,-14,5.0,0,0,D,PERIODIC,-107.0,-14.0,8.0,y4,0,0
1885,2025.12.16,15.24.08,-90.120271,29.934141,-107,-15,-5.0,0,0,D,PERIODIC,-107.0,-14.0,8.0,y4,0,0
1886,2025.12.16,15.24.09,-90.120271,29.934141,-107,-15,-5.0,0,0,I,PERIODIC,-107.0,-14.0,8.0,y4,0,0
1887,2025.12.16,15.24.10,-90.120271,29.934141,-108,-14,-10.0,5,6,D,PERIODIC,-106.0,-14.0,9.0,y4,0,0
1888,2025.12.16,15.24.11,-90.120271,29.934141,-108,-14,-10.0,1,1,D,PERIODIC,-106.0,-14.0,9.0,y4,0,0
1889,2025.12.16,15.24.12,-90.120271,29.934141,-109,-15,-2.0,0,0,D,PERIODIC,-106.0,-13.0,9.0,y4,0,0
1890,2025.12.16,15.24.13,-90.120271,29.934141,-109,-15,-2.0,0,0,D,PERIODIC,-106.0,-13.0,9.0,y4,0,0
1891,2025.12.16,15.24.14,-90.120271,29.934141,-109,-15,-2.0,4,5,D,PERIODIC,-106.0,-11.0,9.0,y4,0,0
1892,2025.12.16,15.24.15,-90.120271,29.934141,-109,-15,-1.0,0,0,I,PERIODIC,-106.0,-11.0,9.0,y4,0,0
1893,2025.12.16,15.24.16,-90.120271,29.934141,-109,-15,-1.0,0,0,I,PERIODIC,-106.0,-11.0,9.0,y4,0,0
1894,2025.12.16,15.24.17,-90.120271,29.934141,-109,-15,-15.0,1,1,D,PERIODIC,-106.0,-13.0,11.0,y4,0,0
1895,2025.12.16,15.24.18,-90.120271,29.934141,-109,-15,-15.0,2,2,D,PERIODIC,-106.0,-13.0,11.0,y4,0,0
1896,2025.12.16,15.24.19,-90.120271,29.934141,-109,-15,-15.0,0,0,D,PERIODIC,-107.0,-13.0,11.0,y4,0,0
1897,2025.12.16,15.24.20,-90.120271,29.934141,-110,-15,-2.0,0,0,I,PERIODIC,-107.0,-13.0,8.0,y4,0,0
1898,2025.12.16,15.24.21,-90.120271,29.934141,-110,-15,-2.0,7,9,D,PERIODIC,-107.0,-13.0,8.0,y4,0,0
1899,2025.12.16,15.24.22,-90.120271,29.934141,-110,-15,-2.0,0,0,D,PERIODIC,-107.0,-13.0,8.0,y4,0,0
1900,2025.12.16,15.24.23,-90.120271,29.934141,-110,-15,-2.0,0,0,I,PERIODIC,-107.0,-13.0,8.0,y4,0,0
1901,2025.12.16,15.24.24,-90.120271,29.934141,-110,-15,-2.0,0,0,I,PERIODIC,-107.0,-13.0,8.0,y4,0,0
1902,2025.12.16,15.24.25,-90.120271,29.934141,-112,-15,-2.0,2,2,D,PERIODIC,-106.0,-14.0,7.0,y4,0,0
1903,2025.12.16,15.24.26,-90.120271,29.934141,-110,-15,-20.0,0,0,D,PERIODIC,-107.0,-14.0,8.0,y4,0,0
1904,2025.12.16,15.24.27,-90.120271,29.934141,-110,-15,-20.0,6,6,D,PERIODIC,-107.0,-14.0,8.0,y4,0,0
1905,2025.12.16,15.24.28,-90.120271,29.934141,-108,-14,-10.0,0,1,D,PERIODIC,-107.0,-13.0,6.0,y4,0,0
1906,2025.12.16,15.24.29,-90.120271,29.934141,-108,-14,-10.0,0,0,D,PERIODIC,-107.0,-13.0,6.0,y4,0,0
1907,2025.12.16,15.24.30,-90.120271,29.934141,-109,-15,-15.0,0,0,I,PERIODIC,-108.0,-13.0,7.0,y4,0,0
1908,2025.12.16,15.24.31,-90.120271,29.934141,-109,-15,-15.0,12441,5095,D,PERIODIC,-108.0,-13.0,7.0,y4,0,0
1909,2025.12.16,15.24.32,-90.120271,29.934141,-110,-14,5.0,0,8,D,PERIODIC,-111.0,-13.0,6.0,y4,0,0
1910,2025.12.16,15.24.33,-90.120271,29.934141,-110,-14,5.0,0,0,D,PERIODIC,-111.0,-13.0,6.0,y4,0,0
1911,2025.12.16,15.24.34,-90.120271,29.934141,-111,-14,4.0,0,0,I,PERIODIC,-112.0,-13.0,8.0,y4,0,0
11091,2026.01.01,06.53.41,-87.90121,42.340146,-103,-11,17.0,15,15,D,LOG START,-96.0,-8.0,16.0,f1,0,0
11092,2026.01.01,06.53.42,-87.90121,42.340146,-103,-11,17.0,5,5,D,PERIODIC,-96.0,-8.0,16.0,f1,0,0
11093,2026.01.01,06.53.42,-87.90121,42.340144,-103,-11,17.0,5,5,D,,-96.0,-8.0,16.0,f1,0,0
11094,2026.01.01,06.53.43,-87.90121,42.340144,-103,-11,17.0,6,6,D,PERIODIC,-96.0,-8.0,16.0,f1,0,0
11095,2026.01.01,06.53.44,-87.90121,42.340144,-103,-11,17.0,0,6,D,PERIODIC,-96.0,-9.0,16.0,f1,0,0
11096,2026.01.01,06.53.45,-87.90121,42.340144,-103,-11,17.0,2296,18249,D,PERIODIC,-96.0,-8.0,16.0,f1,0,0
11097,2026.01.01,06.53.46,-87.90121,42.340144,-103,-11,17.0,0,8,D,PERIODIC,-96.0,-8.0,16.0,f1,0,0
11098,2026.01.01,06.53.47,-87.90121,42.340144,-103,-11,17.0,0,6,D,PERIODIC,-96.0,-8.0,16.0,f1,0,0
11099,2026.01.01,06.53.48,-87.90121,42.340144,-103,-11,17.0,6,6,D,PERIODIC,-96.0,-8.0,16.0,f1,0,0
11100,2026.01.01,06.53.49,-87.90121,42.340144,-103,-11,17.0,0,0,D,PERIODIC,-96.0,-10.0,16.0,f1,0,0
11101,2026.01.01,06.53.50,-87.90121,42.340144,-103,-11,17.0,14,14,D,PERIODIC,-96.0,-10.0,16.0,f1,0,0
11102,2026.01.01,06.53.51,-87.90121,42.340144,-105,-11,17.0,7,7,D,PERIODIC,-96.0,-11.0,21.0,f1,0,0
11103,2026.01.01,06.53.52,-87.90121,42.340144,-105,-11,17.0,0,0,D,PERIODIC,-96.0,-11.0,21.0,f1,0,0
11104,2026.01.01,06.53.53,-87.90121,42.340144,-103,-11,17.0,16,16,D,PERIODIC,-96.0,-12.0,15.0,f1,0,0
11105,2026.01.01,06.53.54,-87.90121,42.340144,-103,-11,17.0,7,7,D,PERIODIC,-96.0,-12.0,15.0,f1,0,0
11106,2026.01.01,06.53.55,-87.90121,42.340144,-103,-11,17.0,1949,17728,D,PERIODIC,-96.0,-13.0,15.0,f1,0,0
11107,2026.01.01,06.53.56,-87.90121,42.340144,-103,-11,17.0,55,56,D,PERIODIC,-96.0,-13.0,15.0,f1,0,0
11108,2026.01.01,06.53.57,-87.90121,42.340144,-103,-11,17.0,15,15,D,PERIODIC,-95.0,-9.0,15.0,f1,0,0
11109,2026.01.01,06.53.58,-87.90121,42.340144,-103,-11,17.0,7,7,D,PERIODIC,-95.0,-9.0,15.0,f1,0,0
11110,2026.01.01,06.53.59,-87.90121,42.340144,-103,-11,17.0,7,7,D,PERIODIC,-96.0,-8.0,15.0,f1,0,0
11111,2026.01.01,06.54.00,-87.90121,42.340144,-103,-11,17.0,0,5,D,PERIODIC,-96.0,-8.0,15.0,f1,0,0
11112,2026.01.01,06.54.01,-87.90121,42.340144,-103,-11,17.0,17,18,D,PERIODIC,-96.0,-9.0,15.0,f1,0,0
11113,2026.01.01,06.54.02,-87.90121,42.340144,-103,-11,17.0,0,0,D,PERIODIC,-96.0,-9.0,15.0,f1,0,0
11114,2026.01.01,06.54.03,-87.90121,42.340144,-102,-11,18.0,19,19,D,PERIODIC,-96.0,-9.0,15.0,f1,0,0
11115,2026.01.01,06.54.04,-87.90121,42.340144,-102,-11,18.0,6,6,D,PERIODIC,-96.0,-9.0,15.0,f1,0,0
11116,2026.01.01,06.54.05,-87.90121,42.340144,-102,-11,18.0,0,0,D,PERIODIC,-96.0,-9.0,15.0,f1,0,0
11117,2026.01.01,06.54.06,-87.90121,42.340144,-102,-11,18.0,7605,17962,D,PERIODIC,-96.0,-10.0,15.0,f1,0,0
11118,2026.01.01,06.54.07,-87.90121,42.340144,-102,-11,18.0,0,0,D,PERIODIC,-96.0,-9.0,14.0,f1,0,0
11119,2026.01.01,06.54.08,-87.90121,42.340144,-102,-11,18.0,43,43,D,PERIODIC,-96.0,-9.0,14.0,f1,0,0
11120,2026.01.01,06.54.09,-87.90121,42.340144,-102,-11,18.0,6,6,D,PERIODIC,-96.0,-8.0,14.0,f1,0,0
11121,2026.01.01,06.54.10,-87.90121,42.340144,-102,-11,18.0,0,0,D,PERIODIC,-96.0,-8.0,14.0,f1,0,0
11122,2026.01.01,06.54.11,-87.90121,42.340144,-102,-11,18.0,0,0,D,PERIODIC,-96.0,-8.0,14.0,f1,0,0
11123,2026.01.01,06.54.12,-87.90121,42.340144,-102,-11,18.0,28,28,D,PERIODIC,-96.0,-8.0,14.0,f1,0,0
11124,2026.01.01,06.54.13,-87.90121,42.340144,-102,-11,18.0,0,0,D,PERIODIC,-96.0,-8.0,14.0,f1,0,0
11125,2026.01.01,06.54.14,-87.90121,42.340144,-102,-11,18.0,5,0,D,PERIODIC,-96.0,-9.0,14.0,f1,0,0
11126,2026.01.01,06.54.15,-87.90121,42.340144,-102,-11,18.0,2271,18145,D,PERIODIC,-96.0,-9.0,14.0,f1,0,0
11127,2026.01.01,06.54.16,-87.90121,42.340144,-102,-11,18.0,6,6,D,PERIODIC,-96.0,-8.0,14.0,f1,0,0
11128,2026.01.01,06.54.17,-87.90121,42.340144,-102,-11,18.0,0,0,D,PERIODIC,-96.0,-8.0,14.0,f1,0,0
11129,2026.01.01,06.54.18,-87.90121,42.340144,-102,-11,18.0,14,8,D,PERIODIC,-96.0,-9.0,14.0,f1,0,0
11130,2026.01.01,06.54.19,-87.90121,42.340144,-102,-11,18.0,6,6,D,PERIODIC,-96.0,-9.0,14.0,f1,0,0
11131,2026.01.01,06.54.20,-87.90121,42.340144,-102,-11,18.0,11,11,D,PERIODIC,-96.0,-13.0,14.0,f1,0,0
11132,2026.01.01,06.54.21,-87.90121,42.340144,-102,-11,18.0,0,0,D,PERIODIC,-96.0,-13.0,14.0,f1,0,0
11133,2026.01.01,06.54.22,-87.90121,42.340144,-102,-11,18.0,0,21,D,PERIODIC,-96.0,-13.0,14.0,f1,0,0
11134,2026.01.01,06.54.23,-87.90121,42.340144,-102,-11,18.0,41,43,D,PERIODIC,-96.0,-8.0,14.0,f1,0,0
11135,2026.01.01,06.54.24,-87.90121,42.340144,-102,-11,18.0,27,28,D,PERIODIC,-96.0,-10.0,20.0,f1,0,0
11136,2026.01.01,06.54.25,-87.90121,42.340144,-102,-11,17.0,6359,20214,D,PERIODIC,-96.0,-10.0,20.0,f1,0,0
11137,2026.01.01,06.54.26,-87.90121,42.340144,-99,-11,17.0,5,5,D,PERIODIC,-96.0,-8.0,16.0,f1,0,0
11138,2026.01.01,06.54.27,-87.90121,42.340144,-99,-11,17.0,6,6,D,PERIODIC,-96.0,-8.0,16.0,f1,0,0
11139,2026.01.01,06.54.28,-87.90121,42.340144,-99,-11,17.0,9,9,D,PERIODIC,-96.0,-13.0,16.0,f1,0,0
11140,2026.01.01,06.54.29,-87.90121,42.340144,-99,-11,17.0,8,8,D,PERIODIC,-96.0,-13.0,16.0,f1,0,0
11141,2026.01.01,06.54.30,-87.90121,42.340144,-103,-11,17.0,225748,12941,D,PERIODIC,-96.0,-14.0,19.0,f1,0,0
11142,2026.01.01,06.54.31,-87.90121,42.340144,-103,-11,17.0,6,6,D,PERIODIC,-96.0,-14.0,19.0,f1,0,0
11143,2026.01.01,06.54.32,-87.90121,42.340144,-103,-11,17.0,0,5,D,PERIODIC,-96.0,-9.0,13.0,f1,0,0
11144,2026.01.01,06.54.33,-87.90121,42.340144,-103,-11,17.0,7,7,D,PERIODIC,-96.0,-9.0,13.0,f1,0,0
11145,2026.01.01,06.54.34,-87.90121,42.340144,-103,-11,17.0,17,17,D,PERIODIC,-96.0,-7.0,13.0,f1,0,0
11146,2026.01.01,06.54.35,-87.90121,42.340144,-103,-11,17.0,76799,9880,D,PERIODIC,-96.0,-7.0,13.0,f1,0,0
11147,2026.01.01,06.54.36,-87.90121,42.340144,-103,-11,17.0,11,11,D,PERIODIC,-95.0,-10.0,13.0,f1,0,0
11148,2026.01.01,06.54.37,-87.90121,42.340144,-103,-11,17.0,7,7,D,PERIODIC,-95.0,-10.0,13.0,f1,0,0
11149,2026.01.01,06.54.38,-87.90121,42.340144,-103,-11,17.0,7,7,D,PERIODIC,-95.0,-10.0,13.0,f1,0,0
11150,2026.01.01,06.54.39,-87.90121,42.340144,-103,-11,17.0,6,6,D,PERIODIC,-96.0,-10.0,13.0,f1,0,0
11151,2026.01.01,06.54.40,-87.90121,42.340144,-103,-11,17.0,38044,11197,D,PERIODIC,-96.0,-8.0,13.0,f1,0,0
11152,2026.01.01,06.54.41,-87.90121,42.340144,-103,-11,17.0,10,11,D,PERIODIC,-96.0,-8.0,13.0,f1,0,0
11153,2026.01.01,06.54.42,-87.90121,42.340144,-103,-11,17.0,0,0,D,PERIODIC,-96.0,-10.0,13.0,f1,0,0
11154,2026.01.01,06.54.43,-87.90121,42.340144,-103,-11,17.0,17,17,D,PERIODIC,-96.0,-10.0,13.0,f1,0,0
11155,2026.01.01,06.54.44,-87.90121,42.340144,-103,-11,17.0,6,6,D,PERIODIC,-95.0,-8.0,13.0,f1,0,0
11156,2026.01.01,06.54.45,-87.90121,42.340144,-103,-11,17.0,80546,9813,D,PERIODIC,-95.0,-8.0,13.0,f1,0,0
11157,2026.01.01,06.54.46,-87.90121,42.340144,-103,-11,17.0,15,15,D,PERIODIC,-95.0,-8.0,13.0,f1,0,0
11158,2026.01.01,06.54.47,-87.90121,42.340144,-103,-11,17.0,6,9,D,PERIODIC,-97.0,-9.0,13.0,f1,0,0
11159,2026.01.01,06.54.48,-87.90121,42.340144,-103,-11,17.0,6,7,D,PERIODIC,-96.0,-8.0,13.0,f1,0,0
11160,2026.01.01,06.54.49,-87.90121,42.340144,-103,-11,17.0,13,13,D,PERIODIC,-96.0,-8.0,13.0,f1,0,0
11161,2026.01.01,06.54.50,-87.90121,42.340144,-103,-11,17.0,73648,12543,D,PERIODIC,-94.0,-10.0,13.0,f1,0,0
11162,2026.01.01,06.54.51,-87.90121,42.340144,-103,-11,17.0,4,5,D,PERIODIC,-94.0,-10.0,13.0,f1,0,0
11163,2026.01.01,06.54.52,-87.90121,42.340144,-102,-11,17.0,12,12,D,PERIODIC,-95.0,-8.0,15.0,f1,0,0
11164,2026.01.01,06.54.53,-87.90121,42.340144,-102,-11,17.0,7,7,D,PERIODIC,-95.0,-8.0,15.0,f1,0,0
11165,2026.01.01,06.54.54,-87.90121,42.340144,-102,-11,17.0,7,7,D,PERIODIC,-96.0,-8.0,15.0,f1,0,0
11166,2026.01.01,06.54.55,-87.90121,42.340144,-102,-11,17.0,71342,11895,D,PERIODIC,-96.0,-8.0,15.0,f1,0,0
11167,2026.01.01,06.54.56,-87.90121,42.340144,-103,-11,17.0,8,8,D,PERIODIC,-96.0,-9.0,11.0,f1,0,0
11168,2026.01.01,06.54.57,-87.90121,42.340144,-103,-11,17.0,13,13,D,PERIODIC,-96.0,-9.0,11.0,f1,0,0
11169,2026.01.01,06.54.58,-87.90121,42.340144,-99,-11,17.0,4,5,D,PERIODIC,-95.0,-8.0,13.0,f1,0,0
11170,2026.01.01,06.54.59,-87.90121,42.340144,-99,-11,17.0,7,7,D,PERIODIC,-95.0,-8.0,13.0,f1,0,0
11171,2026.01.01,06.55.00,-87.90121,42.340144,-103,-11,17.0,67397,12169,D,PERIODIC,-96.0,-8.0,14.0,f1,0,0
11172,2026.01.01,06.55.01,-87.90121,42.340144,-103,-11,17.0,9,10,D,PERIODIC,-96.0,-8.0,14.0,f1,0,0
11173,2026.01.01,06.55.02,-87.90121,42.340144,-103,-11,17.0,0,0,D,PERIODIC,-97.0,-9.0,14.0,f1,0,0
11174,2026.01.01,06.55.03,-87.90121,42.340144,-103,-11,17.0,24,27,D,PERIODIC,-97.0,-9.0,14.0,f1,0,0
11175,2026.01.01,06.55.04,-87.90121,42.340144,-103,-11,17.0,13,13,D,PERIODIC,-96.0,-9.0,14.0,f1,0,0
11176,2026.01.01,06.55.05,-87.90121,42.340144,-103,-11,17.0,0,12945,D,PERIODIC,-96.0,-9.0,14.0,f1,0,0
11177,2026.01.01,06.55.06,-87.90121,42.340144,-103,-11,17.0,7,7,D,PERIODIC,-97.0,-13.0,14.0,f1,0,0
11178,2026.01.01,06.55.07,-87.90121,42.340144,-103,-11,17.0,10,10,D,PERIODIC,-97.0,-13.0,14.0,f1,0,0
11179,2026.01.01,06.55.08,-87.90121,42.340144,-103,-11,17.0,5,5,D,PERIODIC,-94.0,-7.0,14.0,f1,0,0
11180,2026.01.01,06.55.09,-87.90121,42.340144,-103,-11,17.0,6,6,D,PERIODIC,-94.0,-7.0,14.0,f1,0,0
11181,2026.01.01,06.55.10,-87.90121,42.340144,-103,-11,17.0,61253,10975,D,PERIODIC,-96.0,-9.0,14.0,f1,0,0
11182,2026.01.01,06.55.11,-87.90121,42.340144,-103,-11,18.0,8,8,D,PERIODIC,-96.0,-9.0,14.0,f1,0,0
11183,2026.01.01,06.55.12,-87.90121,42.340144,-100,-11,18.0,10,10,D,PERIODIC,-96.0,-8.0,13.0,f1,0,0
11184,2026.01.01,06.55.13,-87.90121,42.340144,-100,-11,18.0,11,11,D,PERIODIC,-96.0,-8.0,13.0,f1,0,0
11185,2026.01.01,06.55.14,-87.90121,42.340144,-100,-11,18.0,6,6,D,PERIODIC,-96.0,-9.0,13.0,f1,0,0
11186,2026.01.01,06.55.15,-87.90121,42.340144,-100,-11,17.0,77639,13123,D,PERIODIC,-96.0,-9.0,13.0,f1,0,0
11187,2026.01.01,06.55.16,-87.90121,42.340144,-101,-11,17.0,9,9,D,PERIODIC,-97.0,-10.0,15.0,f1,0,0
11188,2026.01.01,06.55.17,-87.90121,42.340144,-101,-11,17.0,4,4,D,PERIODIC,-97.0,-10.0,15.0,f1,0,0
11189,2026.01.01,06.55.18,-87.90121,42.340144,-101,-11,17.0,5,6,D,PERIODIC,-96.0,-8.0,15.0,f1,0,0
11190,2026.01.01,06.55.19,-87.90121,42.340144,-101,-11,17.0,9,11,D,PERIODIC,-96.0,-8.0,15.0,f1,0,0
11191,2026.01.01,06.55.20,-87.90121,42.340144,-102,-11,17.0,78137,12670,D,PERIODIC,-95.0,-7.0,15.0,f1,0,0
11192,2026.01.01,06.55.21,-87.90121,42.340144,-102,-11,17.0,7,7,D,PERIODIC,-95.0,-7.0,15.0,f1,0,0
11193,2026.01.01,06.55.22,-87.90121,42.340144,-102,-11,17.0,8,8,D,PERIODIC,-96.0,-8.0,15.0,f1,0,0
11194,2026.01.01,06.55.23,-87.90121,42.340144,-102,-11,17.0,5,5,D,PERIODIC,-96.0,-8.0,15.0,f1,0,0
11195,2026.01.01,06.55.24,-87.90121,42.340144,-102,-11,17.0,25,25,D,PERIODIC,-96.0,-9.0,15.0,f1,0,0
11196,2026.01.01,06.55.25,-87.90121,42.340144,-102,-11,17.0,76751,13776,D,PERIODIC,-96.0,-9.0,15.0,f1,0,0
11197,2026.01.01,06.55.26,-87.90121,42.340144,-101,-11,17.0,4,4,D,PERIODIC,-96.0,-9.0,15.0,f1,0,0
11198,2026.01.01,06.55.27,-87.90121,42.340144,-101,-11,17.0,12,12,D,PERIODIC,-96.0,-9.0,15.0,f1,0,0
11199,2026.01.01,06.55.28,-87.90121,42.340144,-101,-11,17.0,6,6,D,PERIODIC,-96.0,-8.0,15.0,f1,0,0
11200,2026.01.01,06.55.29,-87.90121,42.340144,-101,-11,17.0,7,7,D,PERIODIC,-96.0,-8.0,15.0,f1,0,0
11201,2026.01.01,06.55.30,-87.90121,42.340144,-101,-11,17.0,23446,11486,D,PERIODIC,-96.0,-8.0,15.0,f1,0,0
11202,2026.01.01,06.55.31,-87.90121,42.340144,-101,-11,17.0,5,5,D,PERIODIC,-96.0,-8.0,15.0,f1,0,0
11203,2026.01.01,06.55.32,-87.90121,42.340144,-101,-11,17.0,7,7,D,PERIODIC,-96.0,-8.0,15.0,f1,0,0
11204,2026.01.01,06.55.33,-87.90121,42.340144,-101,-11,17.0,0,30,D,PERIODIC,-96.0,-8.0,15.0,f1,0,0
11205,2026.01.01,06.55.34,-87.90121,42.340144,-101,-11,17.0,5,5,D,PERIODIC,-96.0,-9.0,15.0,f1,0,0
11206,2026.01.01,06.55.35,-87.90121,42.340144,-101,-11,17.0,34170,13073,D,PERIODIC,-96.0,-9.0,15.0,f1,0,0
11207,2026.01.01,06.55.36,-87.90121,42.340144,-101,-11,17.0,0,9,D,PERIODIC,-96.0,-8.0,15.0,f1,0,0
11208,2026.01.01,06.55.37,-87.90121,42.340144,-101,-11,17.0,0,0,D,PERIODIC,-96.0,-8.0,15.0,f1,0,0
11209,2026.01.01,06.55.38,-87.90121,42.340144,-101,-11,17.0,17,0,D,PERIODIC,-96.0,-9.0,15.0,f1,0,0
11210,2026.01.01,06.55.39,-87.90121,42.340144,-101,-11,17.0,7,7,D,PERIODIC,-96.0,-9.0,15.0,f1,0,0
11211,2026.01.01,06.55.40,-87.90121,42.340144,-101,-11,17.0,30634,9690,D,PERIODIC,-96.0,-8.0,15.0,f1,0,0
11212,2026.01.01,06.55.41,-87.90121,42.340144,-101,-11,17.0,6,6,D,PERIODIC,-96.0,-8.0,15.0,f1,0,0
11213,2026.01.01,06.55.42,-87.90121,42.340144,-101,-11,17.0,9,8,D,PERIODIC,-95.0,-9.0,15.0,f1,0,0
11214,2026.01.01,06.55.43,-87.90121,42.340144,-101,-11,17.0,8,8,D,PERIODIC,-95.0,-9.0,15.0,f1,0,0
11215,2026.01.01,06.55.44,-87.90121,42.340144,-101,-11,17.0,0,11,D,PERIODIC,-96.0,-8.0,15.0,f1,0,0
11216,2026.01.01,06.55.45,-87.90121,42.340144,-101,-11,17.0,0,0,D,PERIODIC,-96.0,-8.0,15.0,f1,0,0
11217,2026.01.01,06.55.46,-87.90121,42.340144,-101,-11,17.0,45478,12249,D,PERIODIC,-96.0,-9.0,14.0,f1,0,0
11218,2026.01.01,06.55.47,-87.90121,42.340144,-101,-11,17.0,6,6,D,PERIODIC,-96.0,-9.0,14.0,f1,0,0
11219,2026.01.01,06.55.48,-87.90121,42.340144,-101,-11,18.0,6,6,D,PERIODIC,-95.0,-9.0,14.0,f1,0,0
11220,2026.01.01,06.55.49,-87.90121,42.340144,-101,-11,18.0,6,6,D,PERIODIC,-95.0,-9.0,14.0,f1,0,0
11221,2026.01.01,06.55.50,-87.90121,42.340144,-101,-11,18.0,0,0,D,PERIODIC,-95.0,-8.0,14.0,f1,0,0
11222,2026.01.01,06.55.51,-87.90121,42.340144,-101,-11,18.0,30810,11162,D,PERIODIC,-95.0,-8.0,14.0,f1,0,0
11223,2026.01.01,06.55.52,-87.90121,42.340144,-105,-11,16.0,9,9,D,PERIODIC,-96.0,-8.0,13.0,f1,0,0
11224,2026.01.01,06.55.53,-87.90121,42.340144,-105,-11,18.0,4,4,D,PERIODIC,-96.0,-8.0,13.0,f1,0,0
11225,2026.01.01,06.55.54,-87.90121,42.340144,-102,-11,18.0,5,5,D,PERIODIC,-96.0,-7.0,15.0,f1,0,0
11226,2026.01.01,06.55.55,-87.90121,42.340144,-102,-11,18.0,0,0,D,PERIODIC,-96.0,-7.0,15.0,f1,0,0
11227,2026.01.01,06.55.56,-87.90121,42.340144,-101,-11,18.0,77065,12534,D,PERIODIC,-96.0,-8.0,15.0,f1,0,0
11228,2026.01.01,06.55.57,-87.90121,42.340144,-101,-11,19.0,6,6,D,PERIODIC,-96.0,-8.0,15.0,f1,0,0
11229,2026.01.01,06.55.58,-87.90121,42.340144,-101,-11,19.0,16,14,D,PERIODIC,-96.0,-8.0,13.0,f1,0,0
11230,2026.01.01,06.55.59,-87.90121,42.340144,-101,-11,19.0,16,16,D,PERIODIC,-96.0,-8.0,13.0,f1,0,0
11231,2026.01.01,06.56.00,-87.90121,42.340144,-101,-11,19.0,37243,11693,D,PERIODIC,-97.0,-8.0,13.0,f1,0,0
11232,2026.01.01,06.56.01,-87.90121,42.340144,-101,-11,19.0,10,10,D,PERIODIC,-97.0,-8.0,13.0,f1,0,0
11233,2026.01.01,06.56.02,-87.90121,42.340144,-101,-11,19.0,7,7,D,PERIODIC,-97.0,-7.0,13.0,f1,0,0
11234,2026.01.01,06.56.03,-87.90121,42.340144,-101,-11,19.0,8,8,D,PERIODIC,-97.0,-7.0,13.0,f1,0,0
11235,2026.01.01,06.56.04,-87.90121,42.340144,-101,-11,19.0,12,11,D,PERIODIC,-96.0,-9.0,13.0,f1,0,0
11236,2026.01.01,06.56.05,-87.90121,42.340144,-101,-11,19.0,0,10921,D,PERIODIC,-96.0,-9.0,13.0,f1,0,0
11237,2026.01.01,06.56.06,-87.90121,42.340144,-101,-11,19.0,0,0,D,PERIODIC,-97.0,-8.0,13.0,f1,0,0
11238,2026.01.01,06.56.07,-87.90121,42.340144,-101,-11,19.0,6,6,D,PERIODIC,-97.0,-8.0,13.0,f1,0,0
11239,2026.01.01,06.56.08,-87.90121,42.340144,-101,-11,19.0,6,6,D,PERIODIC,-97.0,-9.0,13.0,f1,0,0
11240,2026.01.01,06.56.09,-87.90121,42.340144,-101,-11,19.0,4,4,D,PERIODIC,-97.0,-9.0,13.0,f1,0,0
11241,2026.01.01,06.56.10,-87.90121,42.340144,-101,-11,19.0,36983,10012,D,PERIODIC,-97.0,-9.0,13.0,f1,0,0
11242,2026.01.01,06.56.11,-87.90121,42.340144,-101,-11,19.0,4,4,D,PERIODIC,-97.0,-9.0,13.0,f1,0,0
11243,2026.01.01,06.56.12,-87.90121,42.340144,-101,-11,19.0,6,6,D,PERIODIC,-97.0,-8.0,13.0,f1,0,0
11244,2026.01.01,06.56.13,-87.90121,42.340144,-101,-11,19.0,8,8,D,PERIODIC,-97.0,-8.0,13.0,f1,0,0
11245,2026.01.01,06.56.14,-87.90121,42.340144,-101,-11,19.0,6,6,D,PERIODIC,-97.0,-8.0,13.0,f1,0,0
11246,2026.01.01,06.56.15,-87.90121,42.340144,-101,-11,18.0,75600,11662,D,PERIODIC,-97.0,-8.0,13.0,f1,0,0
11247,2026.01.01,06.56.16,-87.90121,42.340144,-99,-11,18.0,12,15,D,PERIODIC,-97.0,-8.0,14.0,f1,0,0
11248,2026.01.01,06.56.17,-87.90121,42.340144,-99,-11,18.0,4,4,D,PERIODIC,-97.0,-8.0,14.0,f1,0,0
11249,2026.01.01,06.56.18,-87.90121,42.340144,-100,-11,18.0,0,0,D,PERIODIC,-97.0,-10.0,14.0,f1,0,0
11250,2026.01.01,06.56.19,-87.90121,42.340144,-100,-11,18.0,1,1,D,PERIODIC,-97.0,-10.0,14.0,f1,0,0
11251,2026.01.01,06.56.20,-87.90121,42.340144,-100,-11,18.0,72708,8842,D,PERIODIC,-96.0,-8.0,14.0,f1,0,0
11252,2026.01.01,06.56.21,-87.90121,42.340144,-100,-11,18.0,12,12,D,PERIODIC,-96.0,-8.0,14.0,f1,0,0
11253,2026.01.01,06.56.22,-87.90121,42.340144,-100,-11,18.0,1,1,D,PERIODIC,-97.0,-9.0,14.0,f1,0,0
11254,2026.01.01,06.56.23,-87.90121,42.340144,-100,-11,18.0,1,1,D,PERIODIC,-97.0,-9.0,14.0,f1,0,0
11255,2026.01.01,06.56.24,-87.90121,42.340144,-100,-11,18.0,0,0,D,PERIODIC,-96.0,-8.0,14.0,f1,0,0
11256,2026.01.01,06.56.25,-87.90121,42.340144,-100,-11,18.0,0,0,I,PERIODIC,-96.0,-8.0,14.0,f1,0,0
11257,2026.01.01,06.56.26,-87.90121,42.340144,-100,-11,18.0,95293,1026,D,PERIODIC,-97.0,-7.0,14.0,f1,0,0
11258,2026.01.01,06.56.27,-87.90121,42.340144,-100,-11,18.0,0,0,D,PERIODIC,-97.0,-7.0,14.0,f1,0,0
11259,2026.01.01,06.56.28,-87.90121,42.340144,-100,-11,18.0,0,0,I,PERIODIC,-95.0,-8.0,14.0,f1,0,0
11260,2026.01.01,06.56.29,-87.90121,42.340144,-100,-11,18.0,0,0,I,PERIODIC,-95.0,-8.0,14.0,f1,0,0
11261,2026.01.01,06.56.30,-87.90121,42.340144,-100,-11,18.0,36052,278,D,PERIODIC,-95.0,-8.0,14.0,f1,0,0
11262,2026.01.01,06.56.31,-87.90121,42.340144,-100,-11,18.0,12,13,D,PERIODIC,-95.0,-8.0,14.0,f1,0,0
11263,2026.01.01,06.56.32,-87.90121,42.340144,-100,-11,18.0,9,18,D,PERIODIC,-96.0,-9.0,14.0,f1,0,0
11264,2026.01.01,06.56.33,-87.90121,42.340144,-100,-11,19.0,24,19,D,PERIODIC,-96.0,-9.0,14.0,f1,0,0
11265,2026.01.01,06.56.34,-87.90121,42.340144,-101,-11,19.0,0,0,D,PERIODIC,-96.0,-8.0,17.0,f1,0,0
11266,2026.01.01,06.56.35,-87.90121,42.340144,-101,-11,19.0,63823,1887,D,PERIODIC,-96.0,-8.0,17.0,f1,0,0
11267,2026.01.01,06.56.36,-87.90121,42.340144,-101,-11,19.0,2,3,D,PERIODIC,-96.0,-8.0,17.0,f1,0,0
11268,2026.01.01,06.56.37,-87.90121,42.340144,-100,-11,19.0,74,43,D,PERIODIC,-96.0,-10.0,15.0,f1,0,0
11269,2026.01.01,06.56.38,-87.90121,42.340144,-100,-11,19.0,1,6,D,PERIODIC,-96.0,-8.0,15.0,f1,0,0
11270,2026.01.01,06.56.39,-87.90121,42.340144,-100,-11,19.0,0,1,D,PERIODIC,-96.0,-8.0,15.0,f1,0,0
11271,2026.01.01,06.56.40,-87.90121,42.340144,-99,-11,19.0,36066,261,D,PERIODIC,-96.0,-9.0,13.0,f1,0,0
11272,2026.01.01,06.56.41,-87.90121,42.340144,-99,-11,19.0,0,0,D,PERIODIC,-96.0,-9.0,13.0,f1,0,0
11273,2026.01.01,06.56.42,-87.90121,42.340144,-98,-11,20.0,0,0,I,PERIODIC,-97.0,-10.0,14.0,f1,0,0
11274,2026.01.01,06.56.43,-87.90121,42.340144,-98,-11,19.0,8,12,D,PERIODIC,-97.0,-10.0,14.0,f1,0,0
11275,2026.01.01,06.56.44,-87.90121,42.340144,-98,-11,20.0,0,0,D,PERIODIC,-96.0,-13.0,14.0,f1,0,0
11276,2026.01.01,06.56.45,-87.90121,42.340144,-98,-11,19.0,36099,327,D,PERIODIC,-96.0,-13.0,14.0,f1,0,0
11277,2026.01.01,06.56.46,-87.90121,42.340144,-98,-11,20.0,0,0,D,PERIODIC,-96.0,-13.0,14.0,f1,0,0
11278,2026.01.01,06.56.47,-87.90121,42.340144,-99,-11,20.0,3,3,D,PERIODIC,-96.0,-9.0,17.0,f1,0,0
11279,2026.01.01,06.56.48,-87.90121,42.340144,-99,-11,20.0,2,2,D,PERIODIC,-96.0,-9.0,17.0,f1,0,0
11280,2026.01.01,06.56.49,-87.90121,42.340144,-99,-11,20.0,0,0,D,PERIODIC,-96.0,-9.0,17.0,f1,0,0
11281,2026.01.01,06.56.50,-87.90121,42.340144,-101,-11,19.0,65768,2134,D,PERIODIC,-96.0,-7.0,16.0,f1,0,0
11282,2026.01.01,06.56.51,-87.90121,42.340144,-101,-11,19.0,0,0,D,PERIODIC,-96.0,-7.0,16.0,f1,0,0
11283,2026.01.01,06.56.52,-87.90121,42.340144,-101,-11,19.0,4,4,D,PERIODIC,-96.0,-7.0,16.0,f1,0,0
11284,2026.01.01,06.56.53,-87.90121,42.340144,-101,-11,19.0,0,0,D,PERIODIC,-96.0,-7.0,16.0,f1,0,0
11285,2026.01.01,06.56.54,-87.90121,42.340144,-101,-11,19.0,0,1,D,PERIODIC,-97.0,-10.0,16.0,f1,0,0
11286,2026.01.01,06.56.55,-87.90121,42.340144,-101,-11,19.0,75880,998,D,PERIODIC,-97.0,-10.0,16.0,f1,0,0
11287,2026.01.01,06.56.56,-87.90121,42.340144,-101,-11,19.0,5,8,D,PERIODIC,-97.0,-10.0,16.0,f1,0,0
11288,2026.01.01,06.56.57,-87.90121,42.340144,-101,-11,15.0,0,0,D,PERIODIC,-97.0,-10.0,16.0,f1,0,0
11289,2026.01.01,06.56.58,-87.90121,42.340144,-101,-11,15.0,0,0,I,PERIODIC,-97.0,-10.0,16.0,f1,0,0
11290,2026.01.01,06.56.59,-87.90121,42.340144,-101,-11,16.0,0,0,I,PERIODIC,-94.0,-9.0,19.0,f1,0,0
11291,2026.01.01,06.57.00,-87.90121,42.340144,-101,-11,16.0,66195,539,D,PERIODIC,-94.0,-9.0,19.0,f1,0,0
11292,2026.01.01,06.57.01,-87.90121,42.340144,-100,-11,16.0,0,0,D,PERIODIC,-96.0,-7.0,14.0,f1,0,0
11293,2026.01.01,06.57.02,-87.90121,42.340144,-100,-11,16.0,1,1,D,PERIODIC,-95.0,-9.0,14.0,f1,0,0
11294,2026.01.01,06.57.03,-87.90121,42.340144,-100,-11,16.0,2,2,D,PERIODIC,-95.0,-9.0,14.0,f1,0,0
11295,2026.01.01,06.57.04,-87.90121,42.340144,-100,-11,16.0,0,5,D,PERIODIC,-96.0,-9.0,14.0,f1,0,0
11296,2026.01.01,06.57.05,-87.90121,42.340144,-100,-11,16.0,36112,778,D,PERIODIC,-96.0,-9.0,14.0,f1,0,0
11297,2026.01.01,06.57.06,-87.90121,42.340144,-100,-11,16.0,0,1,D,PERIODIC,-95.0,-8.0,14.0,f1,0,0
11298,2026.01.01,06.57.07,-87.90121,42.340144,-100,-11,16.0,0,0,I,PERIODIC,-95.0,-8.0,14.0,f1,0,0
11299,2026.01.01,06.57.08,-87.90121,42.340144,-100,-11,16.0,0,0,I,PERIODIC,-95.0,-8.0,14.0,f1,0,0
11300,2026.01.01,06.57.09,-87.90121,42.340144,-100,-11,16.0,0,0,I,PERIODIC,-96.0,-9.0,14.0,f1,0,0
11301,2026.01.01,06.57.10,-87.90121,42.340144,-100,-11,18.0,63203,523,D,PERIODIC,-96.0,-9.0,14.0,f1,0,0
11302,2026.01.01,06.57.11,-87.90121,42.340144,-100,-11,18.0,0,30,D,PERIODIC,-96.0,-7.0,16.0,f1,0,0
11303,2026.01.01,06.57.12,-87.90121,42.340144,-100,-11,18.0,0,0,D,PERIODIC,-96.0,-7.0,16.0,f1,0,0
11304,2026.01.01,06.57.13,-87.90121,42.340144,-100,-11,18.0,0,0,I,PERIODIC,-96.0,-7.0,16.0,f1,0,0
11305,2026.01.01,06.57.14,-87.90121,42.340144,-99,-11,18.0,1,1,D,PERIODIC,-96.0,-9.0,15.0,f1,0,0
11306,2026.01.01,06.57.15,-87.90121,42.340144,-99,-11,18.0,42219,420,D,PERIODIC,-96.0,-9.0,15.0,f1,0,0
11307,2026.01.01,06.57.16,-87.90121,42.340144,-99,-11,18.0,0,0,D,PERIODIC,-96.0,-8.0,15.0,f1,0,0
11308,2026.01.01,06.57.17,-87.90121,42.340144,-99,-11,18.0,0,0,I,PERIODIC,-96.0,-8.0,15.0,f1,0,0
11309,2026.01.01,06.57.18,-87.90121,42.340144,-99,-11,18.0,0,0,I,PERIODIC,-96.0,-8.0,15.0,f1,0,0
11310,2026.01.01,06.57.19,-87.90121,42.340144,-99,-11,18.0,0,0,I,PERIODIC,-96.0,-8.0,15.0,f1,0,0
11311,2026.01.01,06.57.20,-87.90121,42.340144,-99,-11,20.0,33489,261,D,PERIODIC,-96.0,-8.0,15.0,f1,0,0
11312,2026.01.01,06.57.21,-87.90121,42.340144,-99,-11,20.0,0,0,D,PERIODIC,-95.0,-9.0,15.0,f1,0,0
11313,2026.01.01,06.57.22,-87.90121,42.340144,-99,-11,20.0,0,0,I,PERIODIC,-95.0,-9.0,15.0,f1,0,0
11314,2026.01.01,06.57.23,-87.90121,42.340144,-98,-11,19.0,0,0,I,PERIODIC,-94.0,-8.0,15.0,f1,0,0
11315,2026.01.01,06.57.24,-87.90121,42.340144,-98,-11,19.0,0,0,I,PERIODIC,-94.0,-8.0,15.0,f1,0,0
11316,2026.01.01,06.57.25,-87.90121,42.340144,-100,-11,17.0,72448,530,D,PERIODIC,-96.0,-9.0,15.0,f1,0,0
11317,2026.01.01,06.57.26,-87.90121,42.340144,-100,-11,17.0,0,0,D,PERIODIC,-96.0,-9.0,15.0,f1,0,0
11318,2026.01.01,06.57.27,-87.90121,42.340144,-100,-11,17.0,0,0,I,PERIODIC,-95.0,-8.0,15.0,f1,0,0
11319,2026.01.01,06.57.28,-87.90121,42.340144,-100,-11,17.0,10,13,D,PERIODIC,-95.0,-8.0,15.0,f1,0,0
11320,2026.01.01,06.57.29,-87.90121,42.340144,-100,-11,17.0,0,0,D,PERIODIC,-96.0,-9.0,15.0,f1,0,0
11321,2026.01.01,06.57.30,-87.90121,42.340144,-100,-11,17.0,36102,301,D,PERIODIC,-96.0,-9.0,15.0,f1,0,0
11322,2026.01.01,06.57.31,-87.90121,42.340144,-100,-11,17.0,5,5,D,PERIODIC,-95.0,-8.0,15.0,f1,0,0
11323,2026.01.01,06.57.32,-87.90121,42.340144,-100,-11,17.0,1,1,D,PERIODIC,-95.0,-8.0,15.0,f1,0,0
11324,2026.01.01,06.57.33,-87.90121,42.340144,-100,-11,17.0,1,1,D,PERIODIC,-96.0,-10.0,15.0,f1,0,0
11325,2026.01.01,06.57.34,-87.90121,42.340144,-100,-11,17.0,0,0,I,PERIODIC,-96.0,-10.0,15.0,f1,0,0
11326,2026.01.01,06.57.35,-87.90121,42.340144,-100,-11,17.0,30035,2448,D,PERIODIC,-94.0,-8.0,15.0,f1,0,0
11327,2026.01.01,06.57.36,-87.90121,42.340144,-100,-11,17.0,0,0,D,PERIODIC,-94.0,-8.0,15.0,f1,0,0
11328,2026.01.01,06.57.37,-87.90121,42.340144,-100,-11,17.0,0,0,I,PERIODIC,-95.0,-9.0,15.0,f1,0,0
11329,2026.01.01,06.57.38,-87.90121,42.340144,-100,-11,17.0,0,0,I,PERIODIC,-95.0,-9.0,15.0,f1,0,0
11330,2026.01.01,06.57.39,-87.90121,42.340144,-100,-11,17.0,0,0,I,PERIODIC,-94.0,-8.0,15.0,f1,0,0
11331,2026.01.01,06.57.40,-87.90121,42.340144,-100,-11,17.0,0,0,I,PERIODIC,-94.0,-8.0,15.0,f1,0,0
11332,2026.01.01,06.57.41,-87.90121,42.340144,-100,-11,17.0,41302,306,D,PERIODIC,-95.0,-8.0,16.0,f1,0,0
11333,2026.01.01,06.57.42,-87.90121,42.340144,-100,-11,17.0,0,0,I,PERIODIC,-95.0,-8.0,16.0,f1,0,0
11334,2026.01.01,06.57.43,-87.90121,42.340144,-100,-11,17.0,0,0,I,PERIODIC,-95.0,-12.0,16.0,f1,0,0
11335,2026.01.01,06.57.44,-87.90121,42.340144,-100,-11,17.0,0,0,I,PERIODIC,-95.0,-12.0,16.0,f1,0,0
11336,2026.01.01,06.57.45,-87.90121,42.340144,-100,-11,17.0,85177,540,D,PERIODIC,-96.0,-8.0,16.0,f1,0,0
11337,2026.01.01,06.57.46,-87.90121,42.340144,-100,-11,17.0,0,0,D,PERIODIC,-96.0,-8.0,16.0,f1,0,0
11338,2026.01.01,06.57.47,-87.90121,42.340144,-100,-11,17.0,0,0,I,PERIODIC,-94.0,-7.0,15.0,f1,0,0
11339,2026.01.01,06.57.48,-87.90121,42.340144,-100,-11,17.0,0,0,I,PERIODIC,-94.0,-7.0,15.0,f1,0,0
11340,2026.01.01,06.57.49,-87.90121,42.340144,-99,-11,17.0,1,1,D,PERIODIC,-96.0,-9.0,16.0,f1,0,0
11341,2026.01.01,06.57.50,-87.90121,42.340144,-99,-11,14.0,33884,260,D,PERIODIC,-96.0,-9.0,16.0,f1,0,0
11342,2026.01.01,06.57.51,-87.90121,42.340144,-101,-11,14.0,0,0,D,PERIODIC,-95.0,-7.0,14.0,f1,0,0
11343,2026.01.01,06.57.52,-87.90121,42.340144,-101,-11,16.0,4,5,D,PERIODIC,-95.0,-7.0,14.0,f1,0,0
11344,2026.01.01,06.57.53,-87.90121,42.340144,-100,-11,18.0,0,0,D,PERIODIC,-95.0,-10.0,16.0,f1,0,0
11345,2026.01.01,06.57.54,-87.90121,42.340144,-100,-11,18.0,16,18,D,PERIODIC,-95.0,-10.0,16.0,f1,0,0
11346,2026.01.01,06.57.55,-87.90121,42.340144,-98,-11,18.0,0,0,D,PERIODIC,-96.0,-10.0,16.0,f1,0,0
11347,2026.01.01,06.57.56,-87.90121,42.340144,-98,-11,17.0,39412,2580,D,PERIODIC,-96.0,-10.0,16.0,f1,0,0
11348,2026.01.01,06.57.57,-87.90121,42.340144,-100,-11,17.0,0,0,D,PERIODIC,-96.0,-9.0,16.0,f1,0,0
11349,2026.01.01,06.57.58,-87.90121,42.340144,-100,-11,16.0,0,0,I,PERIODIC,-96.0,-9.0,16.0,f1,0,0
11350,2026.01.01,06.57.59,-87.90121,42.340144,-100,-11,16.0,0,0,I,PERIODIC,-96.0,-8.0,14.0,f1,0,0
11351,2026.01.01,06.58.00,-87.90121,42.340144,-100,-11,16.0,36198,326,D,PERIODIC,-96.0,-8.0,14.0,f1,0,0
11352,2026.01.01,06.58.01,-87.90121,42.340144,-100,-11,16.0,0,0,D,PERIODIC,-96.0,-10.0,16.0,f1,0,0
11353,2026.01.01,06.58.02,-87.90121,42.340144,-100,-11,16.0,0,0,I,PERIODIC,-96.0,-10.0,16.0,f1,0,0
11354,2026.01.01,06.58.03,-87.90121,42.340144,-100,-11,16.0,0,1,D,PERIODIC,-96.0,-7.0,16.0,f1,0,0
11355,2026.01.01,06.58.04,-87.90121,42.340144,-100,-11,18.0,0,0,D,PERIODIC,-96.0,-7.0,16.0,f1,0,0
11356,2026.01.01,06.58.05,-87.90121,42.340144,-99,-11,18.0,74687,967,D,PERIODIC,-96.0,-9.0,15.0,f1,0,0
11357,2026.01.01,06.58.06,-87.90121,42.340144,-99,-11,18.0,0,0,D,PERIODIC,-96.0,-9.0,15.0,f1,0,0
11358,2026.01.01,06.58.07,-87.90121,42.340144,-99,-11,18.0,0,0,I,PERIODIC,-95.0,-8.0,15.0,f1,0,0
11359,2026.01.01,06.58.08,-87.90121,42.340144,-99,-11,18.0,0,0,I,PERIODIC,-95.0,-8.0,15.0,f1,0,0
11360,2026.01.01,06.58.09,-87.90121,42.340144,-99,-11,18.0,0,0,I,PERIODIC,-95.0,-9.0,15.0,f1,0,0
11361,2026.01.01,06.58.10,-87.90121,42.340144,-99,-11,18.0,39281,341,D,PERIODIC,-95.0,-9.0,15.0,f1,0,0
11362,2026.01.01,06.58.11,-87.90121,42.340144,-99,-11,18.0,0,0,D,PERIODIC,-94.0,-8.0,15.0,f1,0,0
11363,2026.01.01,06.58.12,-87.90121,42.340144,-99,-11,18.0,0,0,I,PERIODIC,-94.0,-8.0,15.0,f1,0,0
11364,2026.01.01,06.58.13,-87.90121,42.340144,-99,-11,18.0,0,0,I,PERIODIC,-95.0,-8.0,15.0,f1,0,0
11365,2026.01.01,06.58.14,-87.90121,42.340144,-99,-11,18.0,8,11,D,PERIODIC,-95.0,-8.0,15.0,f1,0,0
11366,2026.01.01,06.58.15,-87.90121,42.340144,-99,-11,18.0,0,0,D,PERIODIC,-94.0,-8.0,15.0,f1,0,0
11367,2026.01.01,06.58.16,-87.90121,42.340144,-99,-11,18.0,0,0,I,PERIODIC,-94.0,-8.0,15.0,f1,0,0
11368,2026.01.01,06.58.17,-87.90121,42.340144,-99,-11,18.0,0,0,I,PERIODIC,-95.0,-9.0,15.0,f1,0,0
11369,2026.01.01,06.58.18,-87.90121,42.340144,-99,-11,18.0,0,0,I,PERIODIC,-95.0,-9.0,15.0,f1,0,0
11370,2026.01.01,06.58.19,-87.90121,42.340144,-99,-11,18.0,1,1,D,PERIODIC,-94.0,-7.0,15.0,f1,0,0
11371,2026.01.01,06.58.20,-87.90121,42.340144,-99,-11,18.0,36140,336,D,PERIODIC,-94.0,-7.0,15.0,f1,0,0
11372,2026.01.01,06.58.21,-87.90121,42.340144,-99,-11,18.0,2,2,D,PERIODIC,-95.0,-8.0,15.0,f1,0,0
11373,2026.01.01,06.58.22,-87.90121,42.340144,-99,-11,17.0,0,0,D,PERIODIC,-95.0,-8.0,15.0,f1,0,0
11374,2026.01.01,06.58.23,-87.90121,42.340144,-99,-11,17.0,24,24,D,PERIODIC,-95.0,-11.0,15.0,f1,0,0
11375,2026.01.01,06.58.24,-87.90121,42.340144,-99,-11,18.0,8,8,D,PERIODIC,-95.0,-11.0,15.0,f1,0,0
11376,2026.01.01,06.58.25,-87.90121,42.340144,-99,-11,17.0,36071,313,D,PERIODIC,-95.0,-9.0,16.0,f1,0,0
11377,2026.01.01,06.58.26,-87.90121,42.340144,-99,-11,17.0,3,3,D,PERIODIC,-95.0,-9.0,16.0,f1,0,0
11378,2026.01.01,06.58.27,-87.90121,42.340144,-99,-11,17.0,0,0,D,PERIODIC,-95.0,-12.0,16.0,f1,0,0
11379,2026.01.01,06.58.28,-87.90121,42.340144,-99,-11,17.0,0,0,I,PERIODIC,-95.0,-12.0,16.0,f1,0,0
11380,2026.01.01,06.58.29,-87.90121,42.340144,-99,-11,17.0,0,0,I,PERIODIC,-95.0,-9.0,16.0,f1,0,0
11381,2026.01.01,06.58.30,-87.90121,42.340144,-99,-11,17.0,0,717,D,PERIODIC,-95.0,-9.0,16.0,f1,0,0
11382,2026.01.01,06.58.31,-87.90121,42.340144,-99,-11,17.0,0,0,D,PERIODIC,-95.0,-11.0,16.0,f1,0,0
11383,2026.01.01,06.58.32,-87.90121,42.340144,-99,-11,17.0,0,0,I,PERIODIC,-95.0,-11.0,16.0,f1,0,0
11384,2026.01.01,06.58.33,-87.90121,42.340144,-99,-11,17.0,0,0,I,PERIODIC,-94.0,-7.0,16.0,f1,0,0
11385,2026.01.01,06.58.34,-87.90121,42.340144,-99,-11,17.0,0,0,I,PERIODIC,-94.0,-7.0,16.0,f1,0,0
11386,2026.01.01,06.58.35,-87.90121,42.340144,-99,-11,17.0,37970,319,D,PERIODIC,-95.0,-10.0,16.0,f1,0,0
11387,2026.01.01,06.58.36,-87.90121,42.340144,-99,-11,17.0,0,1,D,PERIODIC,-95.0,-10.0,16.0,f1,0,0
11388,2026.01.01,06.58.37,-87.90121,42.340144,-99,-11,17.0,0,5,D,PERIODIC,-94.0,-7.0,16.0,f1,0,0
11389,2026.01.01,06.58.38,-87.90121,42.340144,-99,-11,17.0,0,0,D,PERIODIC,-94.0,-7.0,16.0,f1,0,0
11390,2026.01.01,06.58.39,-87.90121,42.340144,-99,-11,17.0,0,0,D,PERIODIC,-95.0,-8.0,16.0,f1,0,0
11391,2026.01.01,06.58.40,-87.90121,42.340144,-99,-11,17.0,24724,3404,D,PERIODIC,-95.0,-8.0,16.0,f1,0,0
11392,2026.01.01,06.58.41,-87.90121,42.340144,-99,-11,17.0,0,0,D,PERIODIC,-95.0,-8.0,16.0,f1,0,0
11393,2026.01.01,06.58.42,-87.90121,42.340144,-99,-11,18.0,0,0,I,PERIODIC,-95.0,-8.0,16.0,f1,0,0
11394,2026.01.01,06.58.43,-87.90121,42.340144,-100,-11,18.0,0,0,I,PERIODIC,-95.0,-10.0,15.0,f1,0,0
11395,2026.01.01,06.58.44,-87.90121,42.340144,-100,-11,18.0,0,0,I,PERIODIC,-95.0,-10.0,15.0,f1,0,0
11396,2026.01.01,06.58.45,-87.90121,42.340144,-99,-11,17.0,29401,244,D,PERIODIC,-94.0,-8.0,12.0,f1,0,0
11397,2026.01.01,06.58.46,-87.90121,42.340144,-99,-11,17.0,0,0,D,PERIODIC,-94.0,-8.0,12.0,f1,0,0
11398,2026.01.01,06.58.47,-87.90121,42.340144,-99,-11,17.0,0,0,I,PERIODIC,-95.0,-9.0,12.0,f1,0,0
11399,2026.01.01,06.58.48,-87.90121,42.340144,-99,-11,17.0,0,0,I,PERIODIC,-95.0,-9.0,12.0,f1,0,0
11400,2026.01.01,06.58.49,-87.90121,42.340144,-99,-11,17.0,0,0,I,PERIODIC,-94.0,-8.0,12.0,f1,0,0
11401,2026.01.01,06.58.50,-87.90121,42.340144,-99,-11,17.0,38241,289,D,PERIODIC,-94.0,-8.0,12.0,f1,0,0
11402,2026.01.01,06.58.51,-87.90121,42.340144,-99,-11,17.0,0,0,D,PERIODIC,-95.0,-9.0,12.0,f1,0,0
11403,2026.01.01,06.58.52,-87.90121,42.340144,-99,-11,17.0,4,4,D,PERIODIC,-95.0,-9.0,12.0,f1,0,0
11404,2026.01.01,06.58.53,-87.90121,42.340144,-100,-11,17.0,0,0,D,PERIODIC,-94.0,-8.0,16.0,f1,0,0
11405,2026.01.01,06.58.54,-87.90121,42.340144,-100,-11,17.0,0,0,I,PERIODIC,-94.0,-8.0,16.0,f1,0,0
11406,2026.01.01,06.58.55,-87.90121,42.340144,-100,-11,17.0,1,3,D,PERIODIC,-95.0,-10.0,16.0,f1,0,0
11407,2026.01.01,06.58.56,-87.90121,42.340144,-100,-11,17.0,3,3,D,PERIODIC,-95.0,-10.0,16.0,f1,0,0
11408,2026.01.01,06.58.57,-87.90121,42.340144,-100,-11,17.0,0,0,I,PERIODIC,-94.0,-8.0,16.0,f1,0,0
11409,2026.01.01,06.58.58,-87.90121,42.340144,-100,-11,17.0,0,0,I,PERIODIC,-94.0,-8.0,16.0,f1,0,0
11410,2026.01.01,06.58.59,-87.90121,42.340144,-100,-11,17.0,4,4,D,PERIODIC,-95.0,-10.0,16.0,f1,0,0
11411,2026.01.01,06.59.00,-87.90121,42.340144,-100,-11,17.0,0,0,D,PERIODIC,-95.0,-10.0,16.0,f1,0,0
11412,2026.01.01,06.59.01,-87.90121,42.340144,-100,-11,17.0,0,0,D,PERIODIC,-95.0,-7.0,16.0,f1,0,0
11413,2026.01.01,06.59.02,-87.90121,42.340144,-100,-11,17.0,0,0,I,PERIODIC,-95.0,-7.0,16.0,f1,0,0
11414,2026.01.01,06.59.03,-87.90121,42.340144,-99,-11,17.0,1,1,D,PERIODIC,-95.0,-8.0,16.0,f1,0,0
11415,2026.01.01,06.59.04,-87.90121,42.340144,-99,-11,17.0,0,0,D,PERIODIC,-95.0,-8.0,16.0,f1,0,0
11416,2026.01.01,06.59.05,-87.90121,42.340144,-99,-11,17.0,0,0,I,PERIODIC,-95.0,-9.0,16.0,f1,0,0
11417,2026.01.01,06.59.06,-87.90121,42.340144,-99,-11,17.0,0,0,I,PERIODIC,-95.0,-9.0,16.0,f1,0,0
11418,2026.01.01,06.59.07,-87.90121,42.340144,-99,-11,17.0,0,0,I,PERIODIC,-94.0,-7.0,16.0,f1,0,0
11419,2026.01.01,06.59.08,-87.90121,42.340144,-99,-11,17.0,0,0,I,PERIODIC,-94.0,-7.0,16.0,f1,0,0
11420,2026.01.01,06.59.09,-87.90121,42.340144,-99,-11,17.0,0,0,I,PERIODIC,-95.0,-11.0,16.0,f1,0,0
11421,2026.01.01,06.59.10,-87.90121,42.340144,-99,-11,19.0,0,0,I,PERIODIC,-95.0,-11.0,16.0,f1,0,0
11422,2026.01.01,06.59.11,-87.90121,42.340144,-101,-11,16.0,0,0,I,PERIODIC,-95.0,-9.0,16.0,f1,0,0
11423,2026.01.01,06.59.12,-87.90121,42.340144,-101,-11,16.0,0,0,I,PERIODIC,-95.0,-9.0,16.0,f1,0,0
11424,2026.01.01,06.59.13,-87.90121,42.340144,-101,-11,16.0,0,0,I,PERIODIC,-95.0,-13.0,16.0,f1,0,0
11425,2026.01.01,06.59.14,-87.90121,42.340144,-101,-11,16.0,0,0,I,PERIODIC,-95.0,-13.0,16.0,f1,0,0
11426,2026.01.01,06.59.15,-87.90121,42.340144,-101,-11,16.0,0,0,I,PERIODIC,-96.0,-9.0,16.0,f1,0,0
11427,2026.01.01,06.59.16,-87.90121,42.340144,-101,-11,17.0,0,0,I,PERIODIC,-96.0,-9.0,16.0,f1,0,0
11428,2026.01.01,06.59.17,-87.90121,42.340144,-100,-11,17.0,0,0,I,PERIODIC,-96.0,-7.0,14.0,f1,0,0
11429,2026.01.01,06.59.18,-87.90121,42.340144,-100,-11,17.0,0,0,I,PERIODIC,-96.0,-7.0,14.0,f1,0,0
11430,2026.01.01,06.59.19,-87.90121,42.340144,-100,-11,17.0,37,38,D,PERIODIC,-96.0,-9.0,14.0,f1,0,0
11431,2026.01.01,06.59.20,-87.90121,42.340144,-100,-11,17.0,8,8,D,PERIODIC,-96.0,-9.0,14.0,f1,0,0
11432,2026.01.01,06.59.21,-87.90121,42.340144,-100,-11,17.0,11,11,D,PERIODIC,-94.0,-8.0,14.0,f1,0,0
11433,2026.01.01,06.59.22,-87.90121,42.340144,-100,-11,17.0,0,0,D,PERIODIC,-94.0,-8.0,14.0,f1,0,0
11434,2026.01.01,06.59.23,-87.90121,42.340144,-100,-11,17.0,0,0,I,PERIODIC,-94.0,-8.0,14.0,f1,0,0
11435,2026.01.01,06.59.24,-87.90121,42.340144,-100,-11,17.0,0,0,I,PERIODIC,-94.0,-8.0,14.0,f1,0,0
11436,2026.01.01,06.59.25,-87.90121,42.340144,-100,-11,17.0,0,0,I,PERIODIC,-95.0,-9.0,14.0,f1,0,0
11437,2026.01.01,06.59.26,-87.90121,42.340144,-100,-11,17.0,14443,0,D,PERIODIC,-95.0,-9.0,14.0,f1,0,0
11438,2026.01.01,06.59.27,-87.90121,42.340144,-100,-11,17.0,0,0,I,PERIODIC,-95.0,-8.0,14.0,f1,0,0
11439,2026.01.01,06.59.28,-87.90121,42.340144,-100,-11,17.0,10,13,D,PERIODIC,-95.0,-8.0,14.0,f1,0,0
11440,2026.01.01,06.59.29,-87.90121,42.340144,-98,-11,19.0,0,0,D,PERIODIC,-94.0,-10.0,16.0,f1,0,0
11441,2026.01.01,06.59.30,-87.90121,42.340144,-98,-11,18.0,0,0,I,PERIODIC,-94.0,-10.0,16.0,f1,0,0
11442,2026.01.01,06.59.31,-87.90121,42.340144,-98,-11,18.0,0,0,I,PERIODIC,-94.0,-10.0,16.0,f1,0,0
11443,2026.01.01,06.59.32,-87.90121,42.340144,-100,-11,18.0,0,0,I,PERIODIC,-93.0,-8.0,14.0,f1,0,0
9608,2026.01.01,06.59.42,-87.901214,42.340121,-98,-11,19.0,0,0,I,LOG START,-94.0,-7.0,17.0,f2,0,0
9609,2026.01.01,06.59.42,-87.901214,42.340121,-98,-11,19.0,0,0,I,,-94.0,-7.0,17.0,f2,0,0
9610,2026.01.01,06.59.42,-87.901214,42.340121,-98,-11,16.0,0,0,I,PERIODIC,-94.0,-7.0,17.0,f2,0,0
9611,2026.01.01,06.59.43,-87.901214,42.340121,-98,-11,19.0,0,0,D,PERIODIC,-97.0,-9.0,18.0,f2,0,0
9612,2026.01.01,06.59.44,-87.901214,42.340121,-98,-11,15.0,0,0,I,PERIODIC,-97.0,-9.0,18.0,f2,0,0
9613,2026.01.01,06.59.45,-87.901214,42.340121,-101,-11,15.0,0,0,I,PERIODIC,-95.0,-10.0,14.0,f2,0,0
9614,2026.01.01,06.59.46,-87.901214,42.340121,-101,-11,15.0,0,0,I,PERIODIC,-95.0,-10.0,14.0,f2,0,0
9615,2026.01.01,06.59.47,-87.901214,42.340121,-101,-11,15.0,0,0,I,PERIODIC,-95.0,-10.0,14.0,f2,0,0
9616,2026.01.01,06.59.48,-87.901214,42.340121,-101,-11,15.0,0,0,I,PERIODIC,-96.0,-9.0,14.0,f2,0,0
9617,2026.01.01,06.59.49,-87.901214,42.340121,-101,-11,15.0,1,0,D,PERIODIC,-95.0,-8.0,14.0,f2,0,0
9618,2026.01.01,06.59.50,-87.901214,42.340121,-101,-11,15.0,0,0,D,PERIODIC,-95.0,-8.0,14.0,f2,0,0
9619,2026.01.01,06.59.51,-87.901214,42.340121,-101,-11,15.0,0,0,I,PERIODIC,-96.0,-9.0,14.0,f2,0,0
9620,2026.01.01,06.59.52,-87.901214,42.340121,-101,-11,15.0,3,3,D,PERIODIC,-96.0,-9.0,14.0,f2,0,0
9621,2026.01.01,06.59.53,-87.901214,42.340121,-101,-11,15.0,7,10,D,PERIODIC,-96.0,-9.0,14.0,f2,0,0
9622,2026.01.01,06.59.54,-87.901214,42.340121,-101,-11,15.0,0,0,D,PERIODIC,-96.0,-9.0,14.0,f2,0,0
9623,2026.01.01,06.59.55,-87.901214,42.340121,-101,-11,15.0,0,0,I,PERIODIC,-96.0,-8.0,14.0,f2,0,0
9624,2026.01.01,06.59.56,-87.901214,42.340121,-101,-11,15.0,0,0,I,PERIODIC,-96.0,-8.0,14.0,f2,0,0
9625,2026.01.01,06.59.57,-87.901214,42.340121,-101,-11,15.0,0,0,I,PERIODIC,-96.0,-8.0,14.0,f2,0,0
9626,2026.01.01,06.59.58,-87.901214,42.340121,-101,-11,15.0,0,0,I,PERIODIC,-95.0,-8.0,14.0,f2,0,0
9627,2026.01.01,06.59.59,-87.901214,42.340121,-99,-11,17.0,0,0,I,PERIODIC,-96.0,-7.0,13.0,f2,0,0
9628,2026.01.01,07.00.00,-87.901214,42.340121,-99,-11,17.0,0,0,I,PERIODIC,-96.0,-7.0,13.0,f2,0,0
9629,2026.01.01,07.00.01,-87.901214,42.340121,-99,-11,17.0,0,0,I,PERIODIC,-96.0,-7.0,13.0,f2,0,0
9630,2026.01.01,07.00.02,-87.901214,42.340121,-99,-11,18.0,1,1,D,PERIODIC,-97.0,-9.0,15.0,f2,0,0
9631,2026.01.01,07.00.03,-87.901214,42.340121,-99,-11,18.0,2,2,D,PERIODIC,-96.0,-8.0,15.0,f2,0,0
9632,2026.01.01,07.00.04,-87.901214,42.340121,-99,-11,18.0,0,0,D,PERIODIC,-96.0,-8.0,15.0,f2,0,0
9633,2026.01.01,07.00.05,-87.901214,42.340121,-98,-11,18.0,0,0,I,PERIODIC,-97.0,-9.0,16.0,f2,0,0
9634,2026.01.01,07.00.06,-87.901214,42.340121,-98,-11,18.0,0,0,I,PERIODIC,-97.0,-9.0,16.0,f2,0,0
9635,2026.01.01,07.00.07,-87.901214,42.340121,-98,-11,18.0,0,0,I,PERIODIC,-96.0,-8.0,16.0,f2,0,0
9636,2026.01.01,07.00.08,-87.901214,42.340121,-98,-11,18.0,0,0,I,PERIODIC,-96.0,-8.0,16.0,f2,0,0
9637,2026.01.01,07.00.09,-87.901214,42.340121,-98,-11,16.0,4,4,D,PERIODIC,-96.0,-8.0,16.0,f2,0,0
9638,2026.01.01,07.00.10,-87.901214,42.340121,-100,-11,16.0,0,0,D,PERIODIC,-96.0,-9.0,15.0,f2,0,0
9639,2026.01.01,07.00.11,-87.901214,42.340121,-100,-11,16.0,0,0,I,PERIODIC,-95.0,-9.0,15.0,f2,0,0
9640,2026.01.01,07.00.12,-87.901214,42.340121,-100,-11,15.0,0,0,I,PERIODIC,-95.0,-9.0,15.0,f2,0,0
9641,2026.01.01,07.00.13,-87.901214,42.340121,-100,-11,15.0,0,0,I,PERIODIC,-96.0,-10.0,17.0,f2,0,0
9642,2026.01.01,07.00.14,-87.901214,42.340121,-100,-11,15.0,0,0,I,PERIODIC,-96.0,-10.0,17.0,f2,0,0
9643,2026.01.01,07.00.15,-87.901214,42.340121,-105,-11,18.0,0,0,I,PERIODIC,-96.0,-9.0,16.0,f2,0,0
9644,2026.01.01,07.00.16,-87.901214,42.340121,-105,-11,18.0,0,0,I,PERIODIC,-96.0,-9.0,16.0,f2,0,0
9645,2026.01.01,07.00.17,-87.901214,42.340121,-105,-11,18.0,0,0,I,PERIODIC,-96.0,-9.0,16.0,f2,0,0
9646,2026.01.01,07.00.18,-87.901214,42.340121,-105,-11,17.0,0,0,I,PERIODIC,-96.0,-7.0,15.0,f2,0,0
9647,2026.01.01,07.00.19,-87.901214,42.340121,-104,-11,18.0,0,0,I,PERIODIC,-96.0,-9.0,17.0,f2,0,0
9648,2026.01.01,07.00.20,-87.901214,42.340121,-104,-11,18.0,0,0,I,PERIODIC,-96.0,-9.0,17.0,f2,0,0
9649,2026.01.01,07.00.21,-87.901214,42.340121,-104,-11,18.0,0,0,I,PERIODIC,-96.0,-9.0,17.0,f2,0,0
9650,2026.01.01,07.00.22,-87.901214,42.340121,-104,-11,18.0,0,0,I,PERIODIC,-96.0,-8.0,17.0,f2,0,0
9651,2026.01.01,07.00.23,-87.901214,42.340121,-104,-11,18.0,0,0,I,PERIODIC,-96.0,-9.0,17.0,f2,0,0
9652,2026.01.01,07.00.24,-87.901214,42.340121,-104,-11,18.0,0,0,I,PERIODIC,-96.0,-9.0,17.0,f2,0,0
9653,2026.01.01,07.00.25,-87.901214,42.340121,-100,-11,16.0,3,3,D,PERIODIC,-96.0,-10.0,14.0,f2,0,0
9654,2026.01.01,07.00.26,-87.901214,42.340121,-100,-11,16.0,0,0,D,PERIODIC,-96.0,-10.0,14.0,f2,0,0
9655,2026.01.01,07.00.27,-87.901214,42.340121,-100,-11,16.0,0,0,I,PERIODIC,-96.0,-9.0,14.0,f2,0,0
9656,2026.01.01,07.00.28,-87.901214,42.340121,-100,-11,16.0,0,0,I,PERIODIC,-96.0,-9.0,14.0,f2,0,0
9657,2026.01.01,07.00.29,-87.901214,42.340121,-100,-11,16.0,0,2,D,PERIODIC,-96.0,-9.0,15.0,f2,0,0
9658,2026.01.01,07.00.30,-87.901214,42.340121,-100,-11,16.0,0,0,D,PERIODIC,-96.0,-9.0,15.0,f2,0,0
9659,2026.01.01,07.00.31,-87.901214,42.340121,-100,-11,16.0,1,1,D,PERIODIC,-95.0,-8.0,15.0,f2,0,0
9660,2026.01.01,07.00.32,-87.901214,42.340121,-100,-11,16.0,23,28,D,PERIODIC,-95.0,-8.0,15.0,f2,0,0
9661,2026.01.01,07.00.33,-87.901214,42.340121,-100,-11,16.0,32,35,D,PERIODIC,-96.0,-9.0,16.0,f2,0,0
9662,2026.01.01,07.00.34,-87.901214,42.340121,-100,-11,18.0,0,0,D,PERIODIC,-96.0,-9.0,16.0,f2,0,0
9663,2026.01.01,07.00.35,-87.901214,42.340121,-100,-11,18.0,14427,6069,D,PERIODIC,-95.0,-9.0,15.0,f2,0,0
9664,2026.01.01,07.00.36,-87.901214,42.340121,-100,-11,17.0,1,1,D,PERIODIC,-95.0,-9.0,15.0,f2,0,0
9665,2026.01.01,07.00.37,-87.901214,42.340121,-99,-11,17.0,8,8,D,PERIODIC,-96.0,-10.0,16.0,f2,0,0
9666,2026.01.01,07.00.38,-87.901214,42.340121,-99,-11,18.0,4,4,D,PERIODIC,-96.0,-10.0,16.0,f2,0,0
9667,2026.01.01,07.00.39,-87.901214,42.340121,-99,-11,18.0,0,0,D,PERIODIC,-94.0,-8.0,16.0,f2,0,0
9668,2026.01.01,07.00.40,-87.901214,42.340121,-99,-11,18.0,188172,5753,D,PERIODIC,-94.0,-8.0,16.0,f2,0,0
9669,2026.01.01,07.00.41,-87.901214,42.340121,-99,-11,18.0,1,1,D,PERIODIC,-94.0,-8.0,16.0,f2,0,0
9670,2026.01.01,07.00.42,-87.901214,42.340121,-98,-11,18.0,0,0,D,PERIODIC,-96.0,-9.0,16.0,f2,0,0
9671,2026.01.01,07.00.43,-87.901214,42.340121,-100,-11,16.0,0,0,I,PERIODIC,-95.0,-8.0,15.0,f2,0,0
9672,2026.01.01,07.00.44,-87.901214,42.340121,-100,-11,16.0,0,1,D,PERIODIC,-95.0,-8.0,15.0,f2,0,0
9673,2026.01.01,07.00.45,-87.901214,42.340121,-100,-11,16.0,80835,708,D,PERIODIC,-97.0,-8.0,15.0,f2,0,0
9674,2026.01.01,07.00.46,-87.901214,42.340121,-100,-11,18.0,0,0,I,PERIODIC,-97.0,-8.0,15.0,f2,0,0
9675,2026.01.01,07.00.47,-87.901214,42.340121,-100,-11,18.0,0,0,I,PERIODIC,-96.0,-8.0,14.0,f2,0,0
9676,2026.01.01,07.00.48,-87.901214,42.340121,-100,-11,18.0,0,0,I,PERIODIC,-96.0,-8.0,14.0,f2,0,0
9677,2026.01.01,07.00.49,-87.901214,42.340121,-100,-11,18.0,0,0,I,PERIODIC,-96.0,-8.0,14.0,f2,0,0
9678,2026.01.01,07.00.50,-87.901214,42.340121,-100,-11,18.0,99365,831,D,PERIODIC,-96.0,-8.0,14.0,f2,0,0
9679,2026.01.01,07.00.51,-87.901214,42.340121,-98,-11,19.0,0,0,D,PERIODIC,-96.0,-7.0,16.0,f2,0,0
9680,2026.01.01,07.00.52,-87.901214,42.340121,-98,-11,17.0,4,4,D,PERIODIC,-96.0,-7.0,16.0,f2,0,0
9681,2026.01.01,07.00.53,-87.901214,42.340121,-100,-11,17.0,0,0,D,PERIODIC,-96.0,-8.0,16.0,f2,0,0
9682,2026.01.01,07.00.54,-87.901214,42.340121,-100,-11,17.0,0,0,I,PERIODIC,-96.0,-8.0,16.0,f2,0,0
9683,2026.01.01,07.00.55,-87.901214,42.340121,-101,-11,18.0,0,0,D,PERIODIC,-96.0,-9.0,16.0,f2,0,0
9684,2026.01.01,07.00.56,-87.901214,42.340121,-101,-11,18.0,98474,1518,D,PERIODIC,-96.0,-9.0,16.0,f2,0,0
9685,2026.01.01,07.00.57,-87.901214,42.340121,-101,-11,18.0,2,2,D,PERIODIC,-95.0,-9.0,16.0,f2,0,0
9686,2026.01.01,07.00.58,-87.901214,42.340121,-101,-11,18.0,0,0,D,PERIODIC,-95.0,-9.0,16.0,f2,0,0
9687,2026.01.01,07.00.59,-87.901214,42.340121,-101,-11,18.0,0,0,I,PERIODIC,-95.0,-9.0,16.0,f2,0,0
9688,2026.01.01,07.01.00,-87.901214,42.340121,-99,-11,18.0,78849,1448,D,PERIODIC,-96.0,-9.0,15.0,f2,0,0
9689,2026.01.01,07.01.01,-87.901214,42.340121,-99,-11,16.0,0,0,I,PERIODIC,-96.0,-9.0,15.0,f2,0,0
9690,2026.01.01,07.01.02,-87.901214,42.340121,-100,-11,16.0,0,0,I,PERIODIC,-96.0,-9.0,15.0,f2,0,0
9691,2026.01.01,07.01.03,-87.901214,42.340121,-100,-11,16.0,0,0,I,PERIODIC,-96.0,-9.0,15.0,f2,0,0
9692,2026.01.01,07.01.04,-87.901214,42.340121,-100,-11,16.0,0,0,I,PERIODIC,-96.0,-8.0,15.0,f2,0,0
9693,2026.01.01,07.01.05,-87.901214,42.340121,-100,-11,16.0,0,797,D,PERIODIC,-96.0,-8.0,15.0,f2,0,0
9694,2026.01.01,07.01.06,-87.901214,42.340121,-100,-11,16.0,0,0,I,PERIODIC,-96.0,-10.0,15.0,f2,0,0
9695,2026.01.01,07.01.07,-87.901214,42.340121,-100,-11,16.0,1,1,D,PERIODIC,-95.0,-8.0,15.0,f2,0,0
9696,2026.01.01,07.01.08,-87.901214,42.340121,-100,-11,16.0,0,0,D,PERIODIC,-95.0,-8.0,15.0,f2,0,0
9697,2026.01.01,07.01.09,-87.901214,42.340121,-100,-11,16.0,0,0,I,PERIODIC,-95.0,-9.0,15.0,f2,0,0
9698,2026.01.01,07.01.10,-87.901214,42.340121,-100,-11,19.0,86018,1213,D,PERIODIC,-95.0,-9.0,15.0,f2,0,0
9699,2026.01.01,07.01.11,-87.901214,42.340121,-99,-11,19.0,29,31,D,PERIODIC,-95.0,-9.0,16.0,f2,0,0
9700,2026.01.01,07.01.12,-87.901214,42.340121,-99,-11,19.0,0,0,D,PERIODIC,-95.0,-9.0,16.0,f2,0,0
9701,2026.01.01,07.01.13,-87.901214,42.340121,-99,-11,18.0,0,0,I,PERIODIC,-94.0,-9.0,17.0,f2,0,0
9702,2026.01.01,07.01.14,-87.901214,42.340121,-99,-11,18.0,0,0,I,PERIODIC,-94.0,-9.0,17.0,f2,0,0
9703,2026.01.01,07.01.15,-87.901214,42.340121,-99,-11,18.0,110683,868,D,PERIODIC,-96.0,-11.0,17.0,f2,0,0
9704,2026.01.01,07.01.16,-87.901214,42.340121,-99,-11,18.0,0,0,I,PERIODIC,-96.0,-11.0,17.0,f2,0,0
9705,2026.01.01,07.01.17,-87.901214,42.340121,-99,-11,18.0,4,4,D,PERIODIC,-96.0,-8.0,17.0,f2,0,0
9706,2026.01.01,07.01.18,-87.901214,42.340121,-99,-11,18.0,0,0,D,PERIODIC,-96.0,-8.0,17.0,f2,0,0
9707,2026.01.01,07.01.19,-87.901214,42.340121,-99,-11,18.0,0,1,D,PERIODIC,-95.0,-10.0,17.0,f2,0,0
9708,2026.01.01,07.01.20,-87.901214,42.340121,-99,-11,18.0,120921,889,D,PERIODIC,-95.0,-10.0,17.0,f2,0,0
9709,2026.01.01,07.01.21,-87.901214,42.340121,-99,-11,18.0,0,0,D,PERIODIC,-94.0,-8.0,17.0,f2,0,0
9710,2026.01.01,07.01.22,-87.901214,42.340121,-99,-11,18.0,0,0,I,PERIODIC,-94.0,-8.0,17.0,f2,0,0
9711,2026.01.01,07.01.23,-87.901214,42.340121,-99,-11,18.0,0,0,I,PERIODIC,-95.0,-10.0,17.0,f2,0,0
9712,2026.01.01,07.01.24,-87.901214,42.340121,-99,-11,18.0,7,9,D,PERIODIC,-95.0,-10.0,17.0,f2,0,0
9713,2026.01.01,07.01.25,-87.901214,42.340121,-99,-11,18.0,82555,545,D,PERIODIC,-95.0,-8.0,17.0,f2,0,0
9714,2026.01.01,07.01.26,-87.901214,42.340121,-99,-11,18.0,0,0,I,PERIODIC,-95.0,-8.0,17.0,f2,0,0
9715,2026.01.01,07.01.27,-87.901214,42.340121,-101,-11,18.0,6,6,D,PERIODIC,-96.0,-9.0,13.0,f2,0,0
9716,2026.01.01,07.01.28,-87.901214,42.340121,-101,-11,18.0,0,0,D,PERIODIC,-96.0,-9.0,13.0,f2,0,0
9717,2026.01.01,07.01.29,-87.901214,42.340121,-99,-11,18.0,2,2,D,PERIODIC,-95.0,-8.0,14.0,f2,0,0
9718,2026.01.01,07.01.30,-87.901214,42.340121,-99,-11,18.0,102605,2450,D,PERIODIC,-95.0,-8.0,14.0,f2,0,0
9719,2026.01.01,07.01.31,-87.901214,42.340121,-99,-11,18.0,0,0,I,PERIODIC,-95.0,-10.0,14.0,f2,0,0
9720,2026.01.01,07.01.32,-87.901214,42.340121,-99,-11,18.0,0,0,I,PERIODIC,-95.0,-10.0,14.0,f2,0,0
9721,2026.01.01,07.01.33,-87.901214,42.340121,-99,-11,18.0,0,0,I,PERIODIC,-95.0,-9.0,14.0,f2,0,0
9722,2026.01.01,07.01.34,-87.901214,42.340121,-99,-11,18.0,5,4,D,PERIODIC,-95.0,-9.0,14.0,f2,0,0
9723,2026.01.01,07.01.35,-87.901214,42.340121,-99,-11,18.0,0,0,D,PERIODIC,-97.0,-8.0,14.0,f2,0,0
9724,2026.01.01,07.01.36,-87.901214,42.340121,-99,-11,18.0,72279,0,D,PERIODIC,-97.0,-8.0,14.0,f2,0,0
9725,2026.01.01,07.01.37,-87.901214,42.340121,-99,-11,18.0,0,0,I,PERIODIC,-95.0,-7.0,14.0,f2,0,0
9726,2026.01.01,07.01.38,-87.901214,42.340121,-99,-11,18.0,0,0,I,PERIODIC,-95.0,-7.0,14.0,f2,0,0
9727,2026.01.01,07.01.39,-87.901214,42.340121,-99,-11,18.0,0,0,I,PERIODIC,-95.0,-7.0,14.0,f2,0,0
9728,2026.01.01,07.01.40,-87.901214,42.340121,-99,-11,18.0,80533,553,D,PERIODIC,-96.0,-8.0,14.0,f2,0,0
9729,2026.01.01,07.01.41,-87.901214,42.340121,-99,-11,18.0,0,0,D,PERIODIC,-95.0,-9.0,14.0,f2,0,0
9730,2026.01.01,07.01.42,-87.901214,42.340121,-99,-11,18.0,0,0,I,PERIODIC,-95.0,-9.0,14.0,f2,0,0
9731,2026.01.01,07.01.43,-87.901214,42.340121,-99,-11,18.0,0,0,I,PERIODIC,-95.0,-9.0,14.0,f2,0,0
9732,2026.01.01,07.01.44,-87.901214,42.340121,-99,-11,18.0,0,0,I,PERIODIC,-95.0,-7.0,14.0,f2,0,0
9733,2026.01.01,07.01.45,-87.901214,42.340121,-99,-11,18.0,84329,605,D,PERIODIC,-96.0,-9.0,14.0,f2,0,0
9734,2026.01.01,07.01.46,-87.901214,42.340121,-99,-11,18.0,0,0,D,PERIODIC,-96.0,-9.0,14.0,f2,0,0
9735,2026.01.01,07.01.47,-87.901214,42.340121,-99,-11,18.0,5,8,D,PERIODIC,-96.0,-9.0,14.0,f2,0,0
9736,2026.01.01,07.01.48,-87.901214,42.340121,-99,-11,18.0,0,0,D,PERIODIC,-96.0,-9.0,14.0,f2,0,0
9737,2026.01.01,07.01.49,-87.901214,42.340121,-99,-11,18.0,0,0,I,PERIODIC,-96.0,-9.0,14.0,f2,0,0
9738,2026.01.01,07.01.50,-87.901214,42.340121,-99,-11,19.0,0,0,D,PERIODIC,-95.0,-9.0,14.0,f2,0,0
9739,2026.01.01,07.01.51,-87.901214,42.340121,-98,-11,19.0,78530,547,D,PERIODIC,-95.0,-9.0,16.0,f2,0,0
9740,2026.01.01,07.01.52,-87.901214,42.340121,-98,-11,16.0,4,4,D,PERIODIC,-95.0,-9.0,16.0,f2,0,0
9741,2026.01.01,07.01.53,-87.901214,42.340121,-102,-11,16.0,1,1,D,PERIODIC,-96.0,-8.0,15.0,f2,0,0
9742,2026.01.01,07.01.54,-87.901214,42.340121,-102,-11,17.0,1,1,D,PERIODIC,-96.0,-8.0,15.0,f2,0,0
9743,2026.01.01,07.01.55,-87.901214,42.340121,-100,-11,17.0,114911,1405,D,PERIODIC,-96.0,-9.0,18.0,f2,0,0
9744,2026.01.01,07.01.56,-87.901214,42.340121,-100,-11,17.0,0,0,D,PERIODIC,-96.0,-9.0,18.0,f2,0,0
9745,2026.01.01,07.01.57,-87.901214,42.340121,-102,-11,16.0,0,0,I,PERIODIC,-97.0,-9.0,17.0,f2,0,0
9746,2026.01.01,07.01.58,-87.901214,42.340121,-102,-11,16.0,0,0,I,PERIODIC,-97.0,-9.0,17.0,f2,0,0
9747,2026.01.01,07.01.59,-87.901214,42.340121,-102,-11,16.0,0,0,I,PERIODIC,-97.0,-9.0,17.0,f2,0,0
9748,2026.01.01,07.02.00,-87.901214,42.340121,-102,-11,16.0,75571,615,D,PERIODIC,-96.0,-8.0,17.0,f2,0,0
9749,2026.01.01,07.02.01,-87.901214,42.340121,-102,-11,16.0,0,0,D,PERIODIC,-96.0,-9.0,17.0,f2,0,0
9750,2026.01.01,07.02.02,-87.901214,42.340121,-102,-11,16.0,1,1,D,PERIODIC,-96.0,-9.0,17.0,f2,0,0
9751,2026.01.01,07.02.03,-87.901214,42.340121,-102,-11,16.0,0,2,D,PERIODIC,-94.0,-7.0,17.0,f2,0,0
9752,2026.01.01,07.02.04,-87.901214,42.340121,-102,-11,16.0,0,0,D,PERIODIC,-94.0,-7.0,17.0,f2,0,0
9753,2026.01.01,07.02.05,-87.901214,42.340121,-102,-11,16.0,111979,2961,D,PERIODIC,-95.0,-9.0,17.0,f2,0,0
9754,2026.01.01,07.02.06,-87.901214,42.340121,-102,-11,16.0,0,0,I,PERIODIC,-95.0,-9.0,17.0,f2,0,0
9755,2026.01.01,07.02.07,-87.901214,42.340121,-100,-11,17.0,0,0,I,PERIODIC,-94.0,-7.0,20.0,f2,0,0
9756,2026.01.01,07.02.08,-87.901214,42.340121,-100,-11,17.0,0,0,I,PERIODIC,-94.0,-7.0,20.0,f2,0,0
9757,2026.01.01,07.02.09,-87.901214,42.340121,-101,-11,17.0,0,0,I,PERIODIC,-95.0,-7.0,17.0,f2,0,0
9758,2026.01.01,07.02.10,-87.901214,42.340121,-101,-11,17.0,81755,599,D,PERIODIC,-95.0,-7.0,17.0,f2,0,0
9759,2026.01.01,07.02.11,-87.901214,42.340121,-101,-11,17.0,0,0,I,PERIODIC,-96.0,-9.0,17.0,f2,0,0
9760,2026.01.01,07.02.12,-87.901214,42.340121,-101,-11,17.0,0,0,I,PERIODIC,-96.0,-9.0,17.0,f2,0,0
9761,2026.01.01,07.02.13,-87.901214,42.340121,-101,-11,17.0,0,0,I,PERIODIC,-94.0,-8.0,17.0,f2,0,0
9762,2026.01.01,07.02.14,-87.901214,42.340121,-101,-11,17.0,8,11,D,PERIODIC,-94.0,-8.0,17.0,f2,0,0
9763,2026.01.01,07.02.15,-87.901214,42.340121,-101,-11,17.0,113975,783,D,PERIODIC,-95.0,-9.0,17.0,f2,0,0
9764,2026.01.01,07.02.16,-87.901214,42.340121,-101,-11,17.0,0,0,I,PERIODIC,-95.0,-9.0,17.0,f2,0,0
9765,2026.01.01,07.02.17,-87.901214,42.340121,-101,-11,17.0,1,1,D,PERIODIC,-95.0,-8.0,17.0,f2,0,0
9766,2026.01.01,07.02.18,-87.901214,42.340121,-101,-11,17.0,64,684,D,PERIODIC,-95.0,-8.0,17.0,f2,0,0
9767,2026.01.01,07.02.19,-87.901214,42.340121,-101,-11,17.0,47675,417,D,PERIODIC,-96.0,-9.0,14.0,f2,0,0
9768,2026.01.01,07.02.20,-87.901214,42.340121,-101,-11,18.0,1,1,D,PERIODIC,-96.0,-9.0,14.0,f2,0,0
9769,2026.01.01,07.02.21,-87.901214,42.340121,-100,-11,18.0,2,2,D,PERIODIC,-95.0,-8.0,20.0,f2,0,0
9770,2026.01.01,07.02.22,-87.901214,42.340121,-100,-11,18.0,0,0,D,PERIODIC,-95.0,-8.0,20.0,f2,0,0
9771,2026.01.01,07.02.23,-87.901214,42.340121,-99,-11,17.0,0,0,I,PERIODIC,-95.0,-9.0,15.0,f2,0,0
9772,2026.01.01,07.02.24,-87.901214,42.340121,-99,-11,17.0,77810,531,D,PERIODIC,-95.0,-9.0,15.0,f2,0,0
9773,2026.01.01,07.02.25,-87.901214,42.340121,-99,-11,17.0,9,12,D,PERIODIC,-95.0,-9.0,15.0,f2,0,0
9774,2026.01.01,07.02.26,-87.901214,42.340121,-99,-11,17.0,0,0,D,PERIODIC,-95.0,-9.0,15.0,f2,0,0
9775,2026.01.01,07.02.27,-87.901214,42.340121,-100,-11,17.0,0,0,I,PERIODIC,-96.0,-7.0,17.0,f2,0,0
9776,2026.01.01,07.02.28,-87.901214,42.340121,-100,-11,17.0,0,0,D,PERIODIC,-96.0,-7.0,17.0,f2,0,0
9777,2026.01.01,07.02.29,-87.901214,42.340121,-100,-11,17.0,80298,622,D,PERIODIC,-96.0,-11.0,17.0,f2,0,0
9778,2026.01.01,07.02.30,-87.901214,42.340121,-100,-11,17.0,0,0,D,PERIODIC,-96.0,-11.0,17.0,f2,0,0
9779,2026.01.01,07.02.31,-87.901214,42.340121,-100,-11,17.0,1,1,D,PERIODIC,-96.0,-10.0,17.0,f2,0,0
9780,2026.01.01,07.02.32,-87.901214,42.340121,-100,-11,17.0,0,0,I,PERIODIC,-96.0,-10.0,17.0,f2,0,0
9781,2026.01.01,07.02.33,-87.901214,42.340121,-100,-11,17.0,1,1,D,PERIODIC,-96.0,-9.0,17.0,f2,0,0
9782,2026.01.01,07.02.34,-87.901214,42.340121,-100,-11,17.0,119020,840,D,PERIODIC,-96.0,-9.0,17.0,f2,0,0
9783,2026.01.01,07.02.35,-87.901214,42.340121,-100,-11,17.0,0,0,D,PERIODIC,-96.0,-10.0,17.0,f2,0,0
9784,2026.01.01,07.02.36,-87.901214,42.340121,-100,-11,18.0,8,9,D,PERIODIC,-96.0,-10.0,17.0,f2,0,0
9785,2026.01.01,07.02.37,-87.901214,42.340121,-101,-11,18.0,0,0,D,PERIODIC,-95.0,-8.0,22.0,f2,0,0
9786,2026.01.01,07.02.38,-87.901214,42.340121,-101,-11,18.0,8,3,D,PERIODIC,-95.0,-8.0,22.0,f2,0,0
9787,2026.01.01,07.02.39,-87.901214,42.340121,-101,-11,18.0,83641,3576,D,PERIODIC,-96.0,-9.0,22.0,f2,0,0
9788,2026.01.01,07.02.40,-87.901214,42.340121,-101,-11,18.0,0,0,D,PERIODIC,-96.0,-9.0,22.0,f2,0,0
9789,2026.01.01,07.02.41,-87.901214,42.340121,-101,-11,17.0,0,0,I,PERIODIC,-96.0,-10.0,15.0,f2,0,0
9790,2026.01.01,07.02.42,-87.901214,42.340121,-101,-11,17.0,0,0,I,PERIODIC,-96.0,-10.0,15.0,f2,0,0
9791,2026.01.01,07.02.43,-87.901214,42.340121,-101,-11,16.0,0,0,I,PERIODIC,-95.0,-9.0,17.0,f2,0,0
9792,2026.01.01,07.02.44,-87.901214,42.340121,-101,-11,16.0,68375,503,D,PERIODIC,-95.0,-9.0,17.0,f2,0,0
9793,2026.01.01,07.02.45,-87.901214,42.340121,-101,-11,16.0,0,0,D,PERIODIC,-95.0,-8.0,17.0,f2,0,0
9794,2026.01.01,07.02.46,-87.901214,42.340121,-101,-11,16.0,0,0,I,PERIODIC,-95.0,-8.0,17.0,f2,0,0
9795,2026.01.01,07.02.47,-87.901214,42.340121,-101,-11,16.0,0,0,I,PERIODIC,-95.0,-9.0,17.0,f2,0,0
9796,2026.01.01,07.02.48,-87.901214,42.340121,-101,-11,16.0,0,0,I,PERIODIC,-95.0,-9.0,17.0,f2,0,0
9797,2026.01.01,07.02.49,-87.901214,42.340121,-101,-11,16.0,54802,434,D,PERIODIC,-95.0,-9.0,17.0,f2,0,0
9798,2026.01.01,07.02.50,-87.901214,42.340121,-101,-11,16.0,0,0,D,PERIODIC,-95.0,-9.0,17.0,f2,0,0
9799,2026.01.01,07.02.51,-87.901214,42.340121,-101,-11,16.0,1,1,D,PERIODIC,-95.0,-9.0,17.0,f2,0,0
9800,2026.01.01,07.02.52,-87.901214,42.340121,-101,-11,16.0,2,2,D,PERIODIC,-95.0,-9.0,17.0,f2,0,0
9801,2026.01.01,07.02.53,-87.901214,42.340121,-101,-11,16.0,12,13,D,PERIODIC,-94.0,-10.0,17.0,f2,0,0
9802,2026.01.01,07.02.54,-87.901214,42.340121,-101,-11,16.0,64203,1032,D,PERIODIC,-94.0,-10.0,17.0,f2,0,0
9803,2026.01.01,07.02.55,-87.901214,42.340121,-101,-11,16.0,0,0,D,PERIODIC,-94.0,-7.0,17.0,f2,0,0
9804,2026.01.01,07.02.56,-87.901214,42.340121,-101,-11,16.0,0,0,I,PERIODIC,-94.0,-7.0,17.0,f2,0,0
9805,2026.01.01,07.02.57,-87.901214,42.340121,-101,-11,16.0,0,1,D,PERIODIC,-97.0,-10.0,17.0,f2,0,0
9806,2026.01.01,07.02.58,-87.901214,42.340121,-101,-11,16.0,0,0,D,PERIODIC,-97.0,-10.0,17.0,f2,0,0
9807,2026.01.01,07.02.59,-87.901214,42.340121,-101,-11,16.0,77333,593,D,PERIODIC,-95.0,-8.0,17.0,f2,0,0
9808,2026.01.01,07.03.00,-87.901214,42.340121,-101,-11,16.0,0,0,D,PERIODIC,-95.0,-8.0,17.0,f2,0,0
9809,2026.01.01,07.03.01,-87.901214,42.340121,-101,-11,16.0,0,0,I,PERIODIC,-96.0,-9.0,17.0,f2,0,0
9810,2026.01.01,07.03.02,-87.901214,42.340121,-101,-11,16.0,1,1,D,PERIODIC,-96.0,-9.0,17.0,f2,0,0
9811,2026.01.01,07.03.03,-87.901214,42.340121,-101,-11,16.0,1,1,D,PERIODIC,-96.0,-9.0,17.0,f2,0,0
9812,2026.01.01,07.03.04,-87.901214,42.340121,-101,-11,16.0,117945,1444,D,PERIODIC,-96.0,-9.0,17.0,f2,0,0
9813,2026.01.01,07.03.05,-87.901214,42.340121,-101,-11,16.0,1,1,D,PERIODIC,-95.0,-8.0,17.0,f2,0,0
9814,2026.01.01,07.03.06,-87.901214,42.340121,-101,-11,16.0,0,0,D,PERIODIC,-95.0,-8.0,17.0,f2,0,0
9815,2026.01.01,07.03.07,-87.901214,42.340121,-101,-11,16.0,0,0,I,PERIODIC,-95.0,-8.0,17.0,f2,0,0
9816,2026.01.01,07.03.08,-87.901214,42.340121,-101,-11,18.0,0,0,I,PERIODIC,-96.0,-10.0,17.0,f2,0,0
9817,2026.01.01,07.03.09,-87.901214,42.340121,-101,-11,18.0,80326,610,D,PERIODIC,-95.0,-8.0,21.0,f2,0,0
9818,2026.01.01,07.03.10,-87.901214,42.340121,-101,-11,16.0,0,0,D,PERIODIC,-95.0,-8.0,21.0,f2,0,0
9819,2026.01.01,07.03.11,-87.901214,42.340121,-101,-11,17.0,0,0,I,PERIODIC,-95.0,-8.0,21.0,f2,0,0
9820,2026.01.01,07.03.13,-87.901312,42.340296,-103,-11,17.0,0,0,I,PERIODIC,-96.0,-10.0,14.0,f2,0,0
9821,2026.01.01,07.03.14,-87.901156,42.340215,-103,-11,17.0,0,0,I,,-96.0,-10.0,14.0,f2,0,0
9822,2026.01.01,07.03.14,-87.901156,42.340215,-100,-11,17.0,0,0,I,PERIODIC,-94.0,-8.0,18.0,f2,0,0
9823,2026.01.01,07.03.15,-87.901156,42.340215,-100,-11,17.0,79002,527,D,PERIODIC,-96.0,-10.0,18.0,f2,0,0
9824,2026.01.01,07.03.16,-87.901156,42.340215,-100,-11,17.0,0,0,I,PERIODIC,-96.0,-10.0,18.0,f2,0,0
9825,2026.01.01,07.03.17,-87.901156,42.340215,-100,-11,17.0,0,0,I,PERIODIC,-95.0,-8.0,18.0,f2,0,0
9826,2026.01.01,07.03.18,-87.901156,42.340215,-100,-11,17.0,0,0,I,PERIODIC,-95.0,-8.0,18.0,f2,0,0
9827,2026.01.01,07.03.19,-87.901156,42.340215,-100,-11,17.0,0,0,I,PERIODIC,-95.0,-9.0,18.0,f2,0,0
9828,2026.01.01,07.03.20,-87.901156,42.340215,-100,-11,17.0,119650,768,D,PERIODIC,-95.0,-9.0,18.0,f2,0,0
9829,2026.01.01,07.03.21,-87.901156,42.340215,-100,-11,17.0,0,0,I,PERIODIC,-94.0,-8.0,18.0,f2,0,0
9830,2026.01.01,07.03.22,-87.901156,42.340215,-100,-11,17.0,0,0,I,PERIODIC,-94.0,-8.0,18.0,f2,0,0
9831,2026.01.01,07.03.23,-87.901156,42.340215,-100,-11,17.0,0,0,I,PERIODIC,-95.0,-9.0,18.0,f2,0,0
9832,2026.01.01,07.03.24,-87.901156,42.340215,-100,-11,17.0,75715,578,D,PERIODIC,-95.0,-9.0,18.0,f2,0,0
9833,2026.01.01,07.03.25,-87.901156,42.340215,-100,-11,17.0,0,0,D,PERIODIC,-95.0,-9.0,18.0,f2,0,0
9834,2026.01.01,07.03.26,-87.901156,42.340215,-100,-11,17.0,0,0,I,PERIODIC,-95.0,-9.0,18.0,f2,0,0
9835,2026.01.01,07.03.27,-87.901156,42.340215,-100,-11,17.0,1,1,D,PERIODIC,-95.0,-8.0,18.0,f2,0,0
9836,2026.01.01,07.03.28,-87.901156,42.340215,-100,-11,17.0,0,0,D,PERIODIC,-95.0,-8.0,18.0,f2,0,0
9837,2026.01.01,07.03.29,-87.901156,42.340215,-100,-11,17.0,0,0,I,PERIODIC,-95.0,-10.0,18.0,f2,0,0
9838,2026.01.01,07.03.30,-87.901156,42.340215,-100,-11,18.0,88270,0,D,PERIODIC,-95.0,-10.0,18.0,f2,0,0
9839,2026.01.01,07.03.31,-87.901156,42.340215,-102,-11,18.0,0,0,D,PERIODIC,-95.0,-8.0,14.0,f2,0,0
9840,2026.01.01,07.03.32,-87.901156,42.340215,-102,-11,18.0,0,0,I,PERIODIC,-95.0,-8.0,14.0,f2,0,0
9841,2026.01.01,07.03.33,-87.901156,42.340215,-102,-11,18.0,0,0,I,PERIODIC,-95.0,-9.0,14.0,f2,0,0
9842,2026.01.01,07.03.34,-87.901156,42.340215,-102,-11,18.0,0,0,I,PERIODIC,-95.0,-9.0,14.0,f2,0,0
9843,2026.01.01,07.03.35,-87.901156,42.340215,-102,-11,18.0,87436,0,D,PERIODIC,-96.0,-8.0,14.0,f2,0,0
9844,2026.01.01,07.03.36,-87.901156,42.340215,-102,-11,18.0,0,3,D,PERIODIC,-96.0,-8.0,14.0,f2,0,0
9845,2026.01.01,07.03.37,-87.901156,42.340215,-102,-11,18.0,0,5,D,PERIODIC,-96.0,-10.0,14.0,f2,0,0
9846,2026.01.01,07.03.38,-87.901156,42.340215,-102,-11,19.0,1,1,D,PERIODIC,-96.0,-10.0,14.0,f2,0,0
9847,2026.01.01,07.03.39,-87.901156,42.340215,-100,-11,19.0,80414,3831,D,PERIODIC,-97.0,-10.0,12.0,f2,0,0
9848,2026.01.01,07.03.40,-87.901156,42.340215,-100,-11,19.0,0,0,D,PERIODIC,-97.0,-10.0,12.0,f2,0,0
9849,2026.01.01,07.03.41,-87.901156,42.340215,-100,-11,19.0,0,0,I,PERIODIC,-95.0,-10.0,12.0,f2,0,0
9850,2026.01.01,07.03.42,-87.901156,42.340215,-100,-11,19.0,1,1,D,PERIODIC,-95.0,-10.0,12.0,f2,0,0
9851,2026.01.01,07.03.43,-87.901156,42.340215,-100,-11,19.0,0,0,D,PERIODIC,-95.0,-9.0,12.0,f2,0,0
9852,2026.01.01,07.03.44,-87.901156,42.340215,-100,-11,20.0,80929,623,D,PERIODIC,-95.0,-9.0,12.0,f2,0,0
9853,2026.01.01,07.03.45,-87.901156,42.340215,-100,-11,20.0,0,0,D,PERIODIC,-96.0,-8.0,15.0,f2,0,0
9854,2026.01.01,07.03.46,-87.901156,42.340215,-100,-11,20.0,0,0,I,PERIODIC,-96.0,-8.0,15.0,f2,0,0
9855,2026.01.01,07.03.47,-87.901156,42.340215,-100,-11,20.0,5,6,D,PERIODIC,-96.0,-11.0,15.0,f2,0,0
9856,2026.01.01,07.03.48,-87.901156,42.340215,-100,-11,20.0,1,1,D,PERIODIC,-96.0,-11.0,15.0,f2,0,0
9857,2026.01.01,07.03.49,-87.901156,42.340215,-100,-11,20.0,0,0,D,PERIODIC,-96.0,-8.0,15.0,f2,0,0
9858,2026.01.01,07.03.50,-87.901156,42.340215,-100,-11,20.0,80077,546,D,PERIODIC,-96.0,-8.0,15.0,f2,0,0
9859,2026.01.01,07.03.51,-87.901156,42.340215,-100,-11,20.0,0,0,D,PERIODIC,-96.0,-10.0,15.0,f2,0,0
9860,2026.01.01,07.03.52,-87.901156,42.340215,-100,-11,18.0,6,6,D,PERIODIC,-96.0,-10.0,15.0,f2,0,0
9861,2026.01.01,07.03.53,-87.901156,42.340215,-102,-11,18.0,0,0,I,PERIODIC,-96.0,-9.0,14.0,f2,0,0
9862,2026.01.01,07.03.54,-87.901156,42.340215,-102,-11,18.0,113767,1392,D,PERIODIC,-96.0,-9.0,14.0,f2,0,0
9863,2026.01.01,07.03.55,-87.901156,42.340215,-102,-11,18.0,3,3,D,PERIODIC,-96.0,-10.0,14.0,f2,0,0
9864,2026.01.01,07.03.56,-87.901156,42.340215,-102,-11,18.0,0,0,D,PERIODIC,-96.0,-10.0,14.0,f2,0,0
9865,2026.01.01,07.03.57,-87.901156,42.340215,-102,-11,18.0,0,0,I,PERIODIC,-96.0,-10.0,14.0,f2,0,0
9866,2026.01.01,07.03.58,-87.901156,42.340215,-102,-11,18.0,0,0,I,PERIODIC,-96.0,-10.0,14.0,f2,0,0
9867,2026.01.01,07.03.59,-87.901156,42.340215,-102,-11,18.0,44684,379,D,PERIODIC,-95.0,-10.0,16.0,f2,0,0
9868,2026.01.01,07.04.00,-87.901156,42.340215,-102,-11,19.0,0,0,D,PERIODIC,-95.0,-10.0,16.0,f2,0,0
9869,2026.01.01,07.04.01,-87.901156,42.340215,-103,-11,19.0,0,0,I,PERIODIC,-96.0,-10.0,13.0,f2,0,0
9870,2026.01.01,07.04.02,-87.901156,42.340215,-103,-11,19.0,0,0,I,PERIODIC,-96.0,-10.0,13.0,f2,0,0
9871,2026.01.01,07.04.03,-87.901156,42.340215,-103,-11,19.0,0,0,D,PERIODIC,-94.0,-9.0,13.0,f2,0,0
9872,2026.01.01,07.04.04,-87.901156,42.340215,-103,-11,19.0,78374,1338,D,PERIODIC,-94.0,-9.0,13.0,f2,0,0
9873,2026.01.01,07.04.05,-87.901156,42.340215,-103,-11,19.0,0,0,D,PERIODIC,-95.0,-9.0,13.0,f2,0,0
9874,2026.01.01,07.04.06,-87.901156,42.340215,-103,-11,19.0,0,0,D,PERIODIC,-95.0,-9.0,13.0,f2,0,0
9875,2026.01.01,07.04.07,-87.901156,42.340215,-103,-11,19.0,0,0,I,PERIODIC,-94.0,-9.0,13.0,f2,0,0
9876,2026.01.01,07.04.08,-87.901156,42.340215,-103,-11,19.0,0,0,I,PERIODIC,-94.0,-9.0,13.0,f2,0,0
9877,2026.01.01,07.04.09,-87.901156,42.340215,-103,-11,19.0,125368,904,D,PERIODIC,-96.0,-9.0,13.0,f2,0,0
9878,2026.01.01,07.04.10,-87.901156,42.340215,-103,-11,19.0,2,2,D,PERIODIC,-96.0,-9.0,13.0,f2,0,0
9879,2026.01.01,07.04.11,-87.901156,42.340215,-103,-11,19.0,0,0,I,PERIODIC,-95.0,-8.0,13.0,f2,0,0
9880,2026.01.01,07.04.12,-87.901156,42.340215,-103,-11,19.0,6,9,D,PERIODIC,-95.0,-8.0,13.0,f2,0,0
9881,2026.01.01,07.04.13,-87.901156,42.340215,-103,-11,19.0,0,0,I,PERIODIC,-96.0,-10.0,13.0,f2,0,0
9882,2026.01.01,07.04.14,-87.901156,42.340215,-103,-11,19.0,0,0,I,PERIODIC,-96.0,-10.0,13.0,f2,0,0
9883,2026.01.01,07.04.15,-87.901156,42.340215,-103,-11,19.0,82375,858,D,PERIODIC,-96.0,-9.0,13.0,f2,0,0
9884,2026.01.01,07.04.16,-87.901156,42.340215,-103,-11,19.0,0,0,D,PERIODIC,-96.0,-9.0,13.0,f2,0,0
9885,2026.01.01,07.04.17,-87.901156,42.340215,-103,-11,19.0,12,12,D,PERIODIC,-96.0,-8.0,13.0,f2,0,0
9886,2026.01.01,07.04.18,-87.901156,42.340215,-103,-11,19.0,3,3,D,PERIODIC,-96.0,-8.0,13.0,f2,0,0
9887,2026.01.01,07.04.19,-87.901156,42.340215,-103,-11,19.0,86785,735,D,PERIODIC,-95.0,-13.0,13.0,f2,0,0
9888,2026.01.01,07.04.20,-87.901156,42.340215,-103,-11,19.0,0,0,D,PERIODIC,-95.0,-13.0,13.0,f2,0,0
9889,2026.01.01,07.04.21,-87.901156,42.340215,-103,-11,19.0,0,0,D,PERIODIC,-96.0,-11.0,13.0,f2,0,0
9890,2026.01.01,07.04.22,-87.901156,42.340215,-103,-11,19.0,1,0,D,PERIODIC,-96.0,-11.0,13.0,f2,0,0
9891,2026.01.01,07.04.23,-87.901156,42.340215,-101,-11,19.0,0,0,I,PERIODIC,-95.0,-8.0,16.0,f2,0,0
9892,2026.01.01,07.04.24,-87.901156,42.340215,-101,-11,19.0,120458,882,D,PERIODIC,-95.0,-8.0,16.0,f2,0,0
9893,2026.01.01,07.04.25,-87.901156,42.340215,-101,-11,19.0,0,0,D,PERIODIC,-95.0,-9.0,16.0,f2,0,0
9894,2026.01.01,07.04.26,-87.901156,42.340215,-101,-11,19.0,0,0,I,PERIODIC,-95.0,-9.0,16.0,f2,0,0
9895,2026.01.01,07.04.27,-87.901156,42.340215,-101,-11,19.0,0,0,I,PERIODIC,-97.0,-11.0,16.0,f2,0,0
9896,2026.01.01,07.04.28,-87.901156,42.340215,-101,-11,19.0,0,0,I,PERIODIC,-97.0,-11.0,16.0,f2,0,0
9897,2026.01.01,07.04.29,-87.901156,42.340215,-101,-11,18.0,0,575,D,PERIODIC,-96.0,-10.0,14.0,f2,0,0
9898,2026.01.01,07.04.30,-87.901156,42.340215,-101,-11,18.0,2,2,D,PERIODIC,-96.0,-10.0,14.0,f2,0,0
9899,2026.01.01,07.04.31,-87.901156,42.340215,-106,-11,18.0,0,0,I,PERIODIC,-95.0,-8.0,15.0,f2,0,0
9900,2026.01.01,07.04.32,-87.901156,42.340215,-106,-11,18.0,0,0,I,PERIODIC,-95.0,-8.0,15.0,f2,0,0
9901,2026.01.01,07.04.34,-87.901156,42.340215,-104,-11,17.0,0,0,I,PERIODIC,-96.0,-10.0,17.0,f2,0,0
9902,2026.01.01,07.04.34,-87.901156,42.340215,-104,-11,17.0,0,354,D,PERIODIC,-96.0,-10.0,17.0,f2,0,0
9903,2026.01.01,07.04.36,-87.901156,42.340215,-104,-11,17.0,7,10,D,PERIODIC,-96.0,-12.0,14.0,f2,0,0
9904,2026.01.01,07.04.37,-87.901156,42.340215,-104,-11,17.0,5,5,D,PERIODIC,-96.0,-12.0,14.0,f2,0,0
9905,2026.01.01,07.04.38,-87.901156,42.340215,-104,-11,17.0,4,4,D,PERIODIC,-95.0,-8.0,14.0,f2,0,0
9906,2026.01.01,07.04.39,-87.901156,42.340215,-104,-11,17.0,0,0,D,PERIODIC,-95.0,-8.0,14.0,f2,0,0
9907,2026.01.01,07.04.40,-87.901156,42.340215,-104,-11,17.0,0,0,I,PERIODIC,-96.0,-9.0,15.0,f2,0,0
9908,2026.01.01,07.04.41,-87.901156,42.340215,-104,-11,17.0,40666,4263,D,PERIODIC,-96.0,-9.0,15.0,f2,0,0
9909,2026.01.01,07.04.42,-87.901156,42.340215,-104,-11,17.0,0,0,I,PERIODIC,-96.0,-9.0,15.0,f2,0,0
9910,2026.01.01,07.04.43,-87.901156,42.340215,-104,-11,17.0,0,0,I,PERIODIC,-95.0,-8.0,15.0,f2,0,0
9911,2026.01.01,07.04.44,-87.901156,42.340215,-103,-11,18.0,0,0,I,PERIODIC,-96.0,-10.0,16.0,f2,0,0
9912,2026.01.01,07.04.45,-87.901156,42.340215,-103,-11,18.0,77999,550,D,PERIODIC,-96.0,-10.0,16.0,f2,0,0
9913,2026.01.01,07.04.45,-87.901192,42.340128,-103,-11,18.0,77999,550,D,,-96.0,-10.0,16.0,f2,0,0
9914,2026.01.01,07.04.46,-87.901192,42.340128,-103,-11,18.0,0,0,D,PERIODIC,-95.0,-8.0,16.0,f2,0,0
9915,2026.01.01,07.04.47,-87.901192,42.340128,-103,-11,18.0,2,2,D,PERIODIC,-95.0,-8.0,16.0,f2,0,0
9916,2026.01.01,07.04.48,-87.901192,42.340128,-104,-11,18.0,0,0,I,PERIODIC,-95.0,-9.0,16.0,f2,0,0
9917,2026.01.01,07.04.49,-87.901192,42.340128,-104,-11,18.0,1,1,D,PERIODIC,-95.0,-9.0,16.0,f2,0,0
9918,2026.01.01,07.04.50,-87.901192,42.340128,-104,-11,18.0,113100,771,D,PERIODIC,-95.0,-9.0,16.0,f2,0,0
9919,2026.01.01,07.04.51,-87.901192,42.340128,-104,-11,18.0,0,0,D,PERIODIC,-95.0,-9.0,16.0,f2,0,0
9920,2026.01.01,07.04.52,-87.901192,42.340128,-104,-11,18.0,3,3,D,PERIODIC,-97.0,-9.0,16.0,f2,0,0
9921,2026.01.01,07.04.53,-87.901192,42.340128,-104,-11,18.0,0,0,D,PERIODIC,-97.0,-9.0,16.0,f2,0,0
9922,2026.01.01,07.04.54,-87.901192,42.340128,-103,-11,18.0,0,0,I,PERIODIC,-95.0,-9.0,13.0,f2,0,0
9923,2026.01.01,07.04.55,-87.901192,42.340128,-103,-11,18.0,0,1412,D,PERIODIC,-95.0,-9.0,13.0,f2,0,0
9924,2026.01.01,07.04.56,-87.901192,42.340128,-103,-11,18.0,0,0,D,PERIODIC,-96.0,-8.0,13.0,f2,0,0
9925,2026.01.01,07.04.57,-87.901192,42.340128,-103,-11,18.0,0,0,I,PERIODIC,-96.0,-8.0,13.0,f2,0,0
9926,2026.01.01,07.04.58,-87.901192,42.340128,-103,-11,18.0,0,0,I,PERIODIC,-96.0,-8.0,13.0,f2,0,0
9927,2026.01.01,07.04.59,-87.901192,42.340128,-103,-11,18.0,0,0,D,PERIODIC,-96.0,-8.0,13.0,f2,0,0
9928,2026.01.01,07.05.00,-87.901192,42.340128,-103,-11,18.0,79023,621,D,PERIODIC,-96.0,-7.0,13.0,f2,0,0
9929,2026.01.01,07.05.01,-87.901192,42.340128,-103,-11,18.0,10,12,D,PERIODIC,-96.0,-7.0,13.0,f2,0,0
9930,2026.01.01,07.05.02,-87.901192,42.340128,-103,-11,18.0,0,0,D,PERIODIC,-97.0,-7.0,13.0,f2,0,0
9931,2026.01.01,07.05.03,-87.901192,42.340128,-103,-11,18.0,1,1,D,PERIODIC,-97.0,-7.0,13.0,f2,0,0
9932,2026.01.01,07.05.04,-87.901192,42.340128,-103,-11,18.0,0,0,D,PERIODIC,-97.0,-9.0,13.0,f2,0,0
9933,2026.01.01,07.05.05,-87.901192,42.340128,-103,-11,18.0,123062,1709,D,PERIODIC,-97.0,-9.0,13.0,f2,0,0
9934,2026.01.01,07.05.06,-87.901192,42.340128,-103,-11,18.0,0,0,D,PERIODIC,-97.0,-9.0,13.0,f2,0,0
9935,2026.01.01,07.05.07,-87.901192,42.340128,-103,-11,18.0,1,1,D,PERIODIC,-97.0,-9.0,13.0,f2,0,0
9936,2026.01.01,07.05.08,-87.901192,42.340128,-103,-11,18.0,5,5,D,PERIODIC,-96.0,-9.0,13.0,f2,0,0
9937,2026.01.01,07.05.09,-87.901192,42.340128,-103,-11,18.0,0,0,I,PERIODIC,-96.0,-9.0,13.0,f2,0,0
9938,2026.01.01,07.05.10,-87.901192,42.340128,-103,-11,18.0,80075,656,D,PERIODIC,-97.0,-9.0,13.0,f2,0,0
9939,2026.01.01,07.05.11,-87.901192,42.340128,-103,-11,18.0,0,0,D,PERIODIC,-97.0,-9.0,13.0,f2,0,0
9940,2026.01.01,07.05.12,-87.901192,42.340128,-103,-11,18.0,0,0,I,PERIODIC,-97.0,-12.0,13.0,f2,0,0
9941,2026.01.01,07.05.13,-87.901192,42.340128,-103,-11,18.0,1,1,D,PERIODIC,-97.0,-12.0,13.0,f2,0,0
9942,2026.01.01,07.05.14,-87.901192,42.340128,-103,-11,18.0,0,0,D,PERIODIC,-96.0,-8.0,13.0,f2,0,0
9943,2026.01.01,07.05.15,-87.901192,42.340128,-103,-11,18.0,0,0,I,PERIODIC,-96.0,-8.0,13.0,f2,0,0
9944,2026.01.01,07.05.16,-87.901192,42.340128,-103,-11,18.0,120025,1,D,PERIODIC,-97.0,-10.0,13.0,f2,0,0
9945,2026.01.01,07.05.17,-87.901192,42.340128,-103,-11,18.0,0,0,D,PERIODIC,-97.0,-10.0,13.0,f2,0,0
9946,2026.01.01,07.05.18,-87.901192,42.340128,-103,-11,18.0,0,0,I,PERIODIC,-97.0,-9.0,13.0,f2,0,0
9947,2026.01.01,07.05.19,-87.901192,42.340128,-103,-11,18.0,0,0,I,PERIODIC,-97.0,-9.0,13.0,f2,0,0
9948,2026.01.01,07.05.20,-87.901192,42.340128,-103,-11,18.0,83872,635,D,PERIODIC,-96.0,-9.0,13.0,f2,0,0
9949,2026.01.01,07.05.21,-87.901192,42.340128,-103,-11,18.0,0,0,D,PERIODIC,-96.0,-9.0,13.0,f2,0,0
9950,2026.01.01,07.05.22,-87.901192,42.340128,-103,-11,18.0,11,0,D,PERIODIC,-97.0,-10.0,13.0,f2,0,0
9951,2026.01.01,07.05.23,-87.901192,42.340128,-103,-11,18.0,0,0,D,PERIODIC,-97.0,-10.0,13.0,f2,0,0
9952,2026.01.01,07.05.24,-87.901192,42.340128,-103,-11,18.0,0,0,I,PERIODIC,-96.0,-9.0,13.0,f2,0,0
9953,2026.01.01,07.05.25,-87.901192,42.340128,-103,-11,17.0,87070,1908,D,PERIODIC,-96.0,-9.0,13.0,f2,0,0
9954,2026.01.01,07.05.26,-87.901192,42.340128,-101,-11,17.0,0,0,D,PERIODIC,-97.0,-8.0,14.0,f2,0,0
9955,2026.01.01,07.05.27,-87.901192,42.340128,-101,-11,17.0,0,0,I,PERIODIC,-97.0,-8.0,14.0,f2,0,0
9956,2026.01.01,07.05.28,-87.901192,42.340128,-101,-11,17.0,0,0,I,PERIODIC,-96.0,-9.0,14.0,f2,0,0
9957,2026.01.01,07.05.29,-87.901192,42.340128,-101,-11,17.0,0,0,I,PERIODIC,-96.0,-9.0,14.0,f2,0,0
9958,2026.01.01,07.05.30,-87.901192,42.340128,-101,-11,17.0,114559,829,D,PERIODIC,-96.0,-9.0,14.0,f2,0,0
9959,2026.01.01,07.05.31,-87.901192,42.340128,-101,-11,17.0,0,0,D,PERIODIC,-97.0,-10.0,14.0,f2,0,0
9960,2026.01.01,07.05.32,-87.901192,42.340128,-102,-11,18.0,0,0,D,PERIODIC,-96.0,-10.0,14.0,f2,0,0
9961,2026.01.01,07.05.33,-87.901192,42.340128,-102,-11,18.0,0,0,I,PERIODIC,-96.0,-10.0,14.0,f2,0,0
9962,2026.01.01,07.05.34,-87.901192,42.340128,-102,-11,18.0,6,9,D,PERIODIC,-96.0,-10.0,14.0,f2,0,0
9963,2026.01.01,07.05.35,-87.901192,42.340128,-102,-11,18.0,0,0,D,PERIODIC,-97.0,-9.0,14.0,f2,0,0
9964,2026.01.01,07.05.36,-87.901192,42.340128,-102,-11,18.0,0,0,D,PERIODIC,-97.0,-9.0,14.0,f2,0,0
9965,2026.01.01,07.05.37,-87.901192,42.340128,-102,-11,18.0,25,25,D,PERIODIC,-97.0,-9.0,14.0,f2,0,0
9966,2026.01.01,07.05.38,-87.901192,42.340128,-102,-11,18.0,3,3,D,PERIODIC,-97.0,-12.0,14.0,f2,0,0
9967,2026.01.01,07.05.39,-87.901192,42.340128,-102,-11,18.0,0,0,D,PERIODIC,-97.0,-10.0,14.0,f2,0,0
9968,2026.01.01,07.05.40,-87.901192,42.340128,-102,-11,18.0,79629,3317,D,PERIODIC,-97.0,-10.0,14.0,f2,0,0
9969,2026.01.01,07.05.41,-87.901192,42.340128,-102,-11,18.0,1,1,D,PERIODIC,-97.0,-8.0,14.0,f2,0,0
9970,2026.01.01,07.05.42,-87.901192,42.340128,-102,-11,18.0,0,0,D,PERIODIC,-97.0,-8.0,14.0,f2,0,0
9971,2026.01.01,07.05.43,-87.901192,42.340128,-102,-11,17.0,0,0,I,PERIODIC,-97.0,-8.0,14.0,f2,0,0
9972,2026.01.01,07.05.44,-87.901192,42.340128,-102,-11,17.0,0,0,I,PERIODIC,-97.0,-8.0,14.0,f2,0,0
9973,2026.01.01,07.05.45,-87.901192,42.340128,-102,-11,17.0,0,843,D,PERIODIC,-97.0,-13.0,14.0,f2,0,0
9974,2026.01.01,07.05.46,-87.901192,42.340128,-102,-11,17.0,0,0,D,PERIODIC,-97.0,-13.0,14.0,f2,0,0
9975,2026.01.01,07.05.47,-87.901192,42.340128,-99,-11,18.0,0,0,I,PERIODIC,-98.0,-8.0,9.0,f2,0,0
9976,2026.01.01,07.05.48,-87.901192,42.340128,-99,-11,14.0,0,0,I,PERIODIC,-98.0,-8.0,9.0,f2,0,0
9977,2026.01.01,07.05.49,-87.901192,42.340128,-102,-11,18.0,0,0,I,PERIODIC,-96.0,-10.0,15.0,f2,0,0
9978,2026.01.01,07.05.50,-87.901192,42.340128,-102,-11,18.0,77140,533,D,PERIODIC,-96.0,-10.0,15.0,f2,0,0
9979,2026.01.01,07.05.51,-87.901192,42.340128,-102,-11,19.0,0,0,D,PERIODIC,-94.0,-10.0,15.0,f2,0,0
9980,2026.01.01,07.05.52,-87.901192,42.340128,-102,-11,19.0,8,9,D,PERIODIC,-94.0,-10.0,15.0,f2,0,0
9981,2026.01.01,07.05.53,-87.901192,42.340128,-99,-11,18.0,0,0,D,PERIODIC,-96.0,-10.0,14.0,f2,0,0
9982,2026.01.01,07.05.54,-87.901192,42.340128,-99,-11,18.0,0,0,I,PERIODIC,-96.0,-10.0,14.0,f2,0,0
9983,2026.01.01,07.05.55,-87.901192,42.340128,-99,-11,18.0,127435,1446,D,PERIODIC,-93.0,-9.0,14.0,f2,0,0
9984,2026.01.01,07.05.56,-87.901192,42.340128,-99,-11,18.0,6,5,D,PERIODIC,-93.0,-9.0,14.0,f2,0,0
9985,2026.01.01,07.05.57,-87.901192,42.340128,-102,-11,18.0,0,0,D,PERIODIC,-95.0,-10.0,14.0,f2,0,0
9986,2026.01.01,07.05.58,-87.901192,42.340128,-102,-11,18.0,0,0,I,PERIODIC,-95.0,-10.0,14.0,f2,0,0
9987,2026.01.01,07.05.59,-87.901192,42.340128,-101,-11,18.0,1,1,D,PERIODIC,-95.0,-9.0,15.0,f2,0,0
9988,2026.01.01,07.06.00,-87.901192,42.340128,-101,-11,18.0,78465,574,D,PERIODIC,-95.0,-9.0,15.0,f2,0,0
9989,2026.01.01,07.06.01,-87.901192,42.340128,-101,-11,18.0,0,0,D,PERIODIC,-96.0,-10.0,15.0,f2,0,0
9990,2026.01.01,07.06.02,-87.901192,42.340128,-101,-11,18.0,0,0,I,PERIODIC,-96.0,-10.0,15.0,f2,0,0
9991,2026.01.01,07.06.03,-87.901192,42.340128,-101,-11,18.0,0,0,D,PERIODIC,-96.0,-10.0,15.0,f2,0,0
9992,2026.01.01,07.06.04,-87.901192,42.340128,-101,-11,18.0,0,0,D,PERIODIC,-95.0,-9.0,15.0,f2,0,0
9993,2026.01.01,07.06.05,-87.901192,42.340128,-101,-11,19.0,114593,2001,D,PERIODIC,-95.0,-9.0,16.0,f2,0,0
9994,2026.01.01,07.06.06,-87.901192,42.340128,-101,-11,19.0,0,0,D,PERIODIC,-95.0,-9.0,16.0,f2,0,0
9995,2026.01.01,07.06.07,-87.901192,42.340128,-101,-11,19.0,0,0,I,PERIODIC,-97.0,-8.0,16.0,f2,0,0
9996,2026.01.01,07.06.08,-87.901192,42.340128,-101,-11,19.0,0,0,I,PERIODIC,-97.0,-8.0,16.0,f2,0,0
9997,2026.01.01,07.06.09,-87.901192,42.340128,-101,-11,19.0,0,0,I,PERIODIC,-94.0,-10.0,16.0,f2,0,0
9998,2026.01.01,07.06.10,-87.901192,42.340128,-101,-11,19.0,116243,818,D,PERIODIC,-94.0,-10.0,16.0,f2,0,0
9999,2026.01.01,07.06.11,-87.901192,42.340128,-101,-11,19.0,1,1,D,PERIODIC,-94.0,-10.0,16.0,f2,0,0
10000,2026.01.01,07.06.12,-87.901192,42.340128,-101,-11,19.0,3,3,D,PERIODIC,-94.0,-10.0,16.0,f2,0,0
10001,2026.01.01,07.06.13,-87.901192,42.340128,-101,-11,19.0,1,1,D,PERIODIC,-95.0,-9.0,16.0,f2,0,0
10002,2026.01.01,07.06.14,-87.901192,42.340128,-101,-11,19.0,0,0,I,PERIODIC,-95.0,-9.0,16.0,f2,0,0
10003,2026.01.01,07.06.15,-87.901192,42.340128,-101,-11,19.0,74569,538,D,PERIODIC,-94.0,-10.0,16.0,f2,0,0
10004,2026.01.01,07.06.16,-87.901192,42.340128,-101,-11,19.0,0,0,D,PERIODIC,-94.0,-10.0,16.0,f2,0,0
10005,2026.01.01,07.06.17,-87.901192,42.340128,-102,-11,19.0,0,0,D,PERIODIC,-96.0,-9.0,16.0,f2,0,0
10006,2026.01.01,07.06.18,-87.901192,42.340128,-102,-11,19.0,0,0,I,PERIODIC,-96.0,-9.0,16.0,f2,0,0
10007,2026.01.01,07.06.19,-87.901192,42.340128,-103,-11,19.0,7,5,D,PERIODIC,-95.0,-10.0,15.0,f2,0,0
10008,2026.01.01,07.06.20,-87.901192,42.340128,-103,-11,18.0,75101,552,D,PERIODIC,-95.0,-10.0,15.0,f2,0,0
10009,2026.01.01,07.06.21,-87.901192,42.340128,-103,-11,18.0,0,0,D,PERIODIC,-97.0,-10.0,14.0,f2,0,0
10010,2026.01.01,07.06.22,-87.901192,42.340128,-103,-11,18.0,0,0,I,PERIODIC,-97.0,-10.0,14.0,f2,0,0
10011,2026.01.01,07.06.23,-87.901192,42.340128,-103,-11,18.0,1,1,D,PERIODIC,-97.0,-9.0,14.0,f2,0,0
10012,2026.01.01,07.06.24,-87.901192,42.340128,-103,-11,18.0,0,0,I,PERIODIC,-97.0,-9.0,14.0,f2,0,0
10013,2026.01.01,07.06.25,-87.901192,42.340128,-102,-11,18.0,0,0,D,PERIODIC,-96.0,-10.0,14.0,f2,0,0
10014,2026.01.01,07.06.26,-87.901192,42.340128,-102,-11,18.0,2,2,D,PERIODIC,-96.0,-10.0,14.0,f2,0,0
10015,2026.01.01,07.06.27,-87.901192,42.340128,-102,-11,18.0,0,0,I,PERIODIC,-95.0,-10.0,14.0,f2,0,0
10016,2026.01.01,07.06.28,-87.901192,42.340128,-102,-11,18.0,0,0,I,PERIODIC,-95.0,-10.0,14.0,f2,0,0
10017,2026.01.01,07.06.29,-87.901192,42.340128,-102,-11,18.0,0,0,I,PERIODIC,-97.0,-13.0,14.0,f2,0,0
10018,2026.01.01,07.06.30,-87.901192,42.340128,-102,-11,18.0,0,0,I,PERIODIC,-97.0,-13.0,14.0,f2,0,0
10019,2026.01.01,07.06.31,-87.901192,42.340128,-102,-11,18.0,0,0,I,PERIODIC,-97.0,-13.0,14.0,f2,0,0
10020,2026.01.01,07.06.32,-87.901192,42.340128,-102,-11,18.0,0,0,I,PERIODIC,-97.0,-14.0,14.0,f2,0,0
10021,2026.01.01,07.06.33,-87.901192,42.340128,-102,-11,18.0,0,0,I,PERIODIC,-96.0,-9.0,14.0,f2,0,0
10022,2026.01.01,07.06.34,-87.901192,42.340128,-102,-11,18.0,0,0,I,PERIODIC,-96.0,-9.0,14.0,f2,0,0
10023,2026.01.01,07.06.35,-87.901192,42.340128,-102,-11,18.0,0,0,I,PERIODIC,-96.0,-9.0,14.0,f2,0,0
10024,2026.01.01,07.06.36,-87.901192,42.340128,-102,-11,18.0,0,0,I,PERIODIC,-97.0,-9.0,14.0,f2,0,0
10025,2026.01.01,07.06.37,-87.901192,42.340128,-102,-11,18.0,8,9,D,PERIODIC,-97.0,-9.0,14.0,f2,0,0
10026,2026.01.01,07.06.38,-87.901192,42.340128,-102,-11,18.0,6,6,D,PERIODIC,-96.0,-11.0,14.0,f2,0,0
10027,2026.01.01,07.06.39,-87.901192,42.340128,-103,-11,18.0,0,0,D,PERIODIC,-95.0,-13.0,14.0,f2,0,0
10028,2026.01.01,07.06.40,-87.901192,42.340128,-103,-11,18.0,0,0,I,PERIODIC,-95.0,-13.0,14.0,f2,0,0
10029,2026.01.01,07.06.41,-87.901192,42.340128,-103,-11,18.0,0,1,D,PERIODIC,-96.0,-10.0,14.0,f2,0,0
10030,2026.01.01,07.06.42,-87.901192,42.340128,-103,-11,18.0,0,0,I,PERIODIC,-96.0,-10.0,14.0,f2,0,0
10031,2026.01.01,07.06.43,-87.901192,42.340128,-103,-11,18.0,0,0,I,PERIODIC,-96.0,-10.0,14.0,f2,0,0
10032,2026.01.01,07.06.44,-87.901192,42.340128,-103,-11,18.0,1,1,D,PERIODIC,-96.0,-10.0,14.0,f2,0,0
10033,2026.01.01,07.06.45,-87.901192,42.340128,-103,-11,18.0,0,0,I,PERIODIC,-96.0,-8.0,14.0,f2,0,0
10034,2026.01.01,07.06.46,-87.901192,42.340128,-103,-11,18.0,7,7,D,PERIODIC,-96.0,-8.0,14.0,f2,0,0
10035,2026.01.01,07.06.47,-87.901192,42.340128,-99,-11,19.0,0,0,D,PERIODIC,-96.0,-9.0,17.0,f2,0,0
10036,2026.01.01,07.06.48,-87.901192,42.340128,-99,-11,19.0,0,0,I,PERIODIC,-96.0,-9.0,17.0,f2,0,0
10037,2026.01.01,07.06.49,-87.901192,42.340128,-99,-11,19.0,0,0,D,PERIODIC,-97.0,-10.0,13.0,f2,0,0
10038,2026.01.01,07.06.50,-87.901192,42.340128,-99,-11,19.0,0,0,D,PERIODIC,-97.0,-10.0,13.0,f2,0,0
10039,2026.01.01,07.06.51,-87.901192,42.340128,-100,-11,19.0,0,0,I,PERIODIC,-96.0,-9.0,16.0,f2,0,0
10040,2026.01.01,07.06.52,-87.901192,42.340128,-100,-11,19.0,0,0,D,PERIODIC,-96.0,-9.0,16.0,f2,0,0
10041,2026.01.01,07.06.53,-87.901192,42.340128,-100,-11,19.0,0,0,D,PERIODIC,-95.0,-9.0,16.0,f2,0,0
10042,2026.01.01,07.06.54,-87.901192,42.340128,-100,-11,19.0,0,0,I,PERIODIC,-95.0,-9.0,16.0,f2,0,0
10043,2026.01.01,07.06.55,-87.901192,42.340128,-100,-11,19.0,0,0,D,PERIODIC,-96.0,-8.0,16.0,f2,0,0
10044,2026.01.01,07.06.56,-87.901192,42.340128,-100,-11,19.0,9,9,D,PERIODIC,-96.0,-8.0,16.0,f2,0,0
10045,2026.01.01,07.06.57,-87.901192,42.340128,-100,-11,19.0,0,0,I,PERIODIC,-96.0,-8.0,16.0,f2,0,0
10046,2026.01.01,07.06.58,-87.901192,42.340128,-100,-11,19.0,0,0,I,PERIODIC,-96.0,-9.0,16.0,f2,0,0
10047,2026.01.01,07.06.59,-87.901192,42.340128,-103,-11,18.0,6,6,D,PERIODIC,-94.0,-8.0,16.0,f2,0,0
10048,2026.01.01,07.07.00,-87.901192,42.340128,-103,-11,18.0,0,0,D,PERIODIC,-94.0,-8.0,16.0,f2,0,0
10049,2026.01.01,07.07.01,-87.901192,42.340128,-102,-11,18.0,6,6,D,PERIODIC,-97.0,-8.0,14.0,f2,0,0
10050,2026.01.01,07.07.02,-87.901192,42.340128,-102,-11,19.0,0,0,I,PERIODIC,-97.0,-8.0,14.0,f2,0,0
10051,2026.01.01,07.07.03,-87.901192,42.340128,-102,-11,19.0,0,0,I,PERIODIC,-96.0,-9.0,16.0,f2,0,0
10052,2026.01.01,07.07.04,-87.901192,42.340128,-102,-11,19.0,0,0,I,PERIODIC,-96.0,-9.0,16.0,f2,0,0
10053,2026.01.01,07.07.05,-87.901192,42.340128,-102,-11,19.0,0,0,I,PERIODIC,-96.0,-9.0,16.0,f2,0,0
10054,2026.01.01,07.07.06,-87.901192,42.340128,-102,-11,19.0,0,0,I,PERIODIC,-96.0,-9.0,16.0,f2,0,0
10055,2026.01.01,07.07.07,-87.901192,42.340128,-102,-11,19.0,0,0,I,PERIODIC,-95.0,-7.0,16.0,f2,0,0
10056,2026.01.01,07.07.08,-87.901192,42.340128,-102,-11,19.0,0,0,I,PERIODIC,-95.0,-7.0,16.0,f2,0,0
10057,2026.01.01,07.07.09,-87.901192,42.340128,-101,-11,18.0,0,0,I,PERIODIC,-96.0,-10.0,14.0,f2,0,0
10058,2026.01.01,07.07.10,-87.901192,42.340128,-101,-11,18.0,0,0,I,PERIODIC,-96.0,-10.0,14.0,f2,0,0
10059,2026.01.01,07.07.11,-87.901192,42.340128,-103,-11,18.0,1,1,D,PERIODIC,-96.0,-10.0,15.0,f2,0,0
10060,2026.01.01,07.07.12,-87.901192,42.340128,-103,-11,18.0,0,0,I,PERIODIC,-96.0,-10.0,15.0,f2,0,0
10061,2026.01.01,07.07.13,-87.901192,42.340128,-103,-11,18.0,0,0,I,PERIODIC,-96.0,-8.0,15.0,f2,0,0
10062,2026.01.01,07.07.14,-87.901192,42.340128,-103,-11,18.0,1,1,D,PERIODIC,-96.0,-8.0,15.0,f2,0,0
10063,2026.01.01,07.07.15,-87.901192,42.340128,-102,-11,18.0,0,0,I,PERIODIC,-95.0,-10.0,12.0,f2,0,0
10064,2026.01.01,07.07.16,-87.901192,42.340128,-102,-11,18.0,0,0,I,PERIODIC,-95.0,-10.0,12.0,f2,0,0
7535,2026.01.01,07.07.32,-87.9012,42.340117,-107,-11,17.0,0,0,I,LOG START,-96.0,-9.0,18.0,f3,0,0
7536,2026.01.01,07.07.34,-87.901201,42.340116,-103,-11,17.0,1,0,D,PERIODIC,-96.0,-9.0,19.0,f3,0,0
7537,2026.01.01,07.07.35,-87.901201,42.340116,-103,-11,17.0,0,0,D,PERIODIC,-95.0,-8.0,19.0,f3,0,0
7538,2026.01.01,07.07.36,-87.901201,42.340116,-103,-11,17.0,10,13,D,PERIODIC,-95.0,-8.0,19.0,f3,0,0
7539,2026.01.01,07.07.37,-87.901201,42.340116,-103,-11,17.0,7,7,D,PERIODIC,-94.0,-9.0,19.0,f3,0,0
7540,2026.01.01,07.07.38,-87.901201,42.340116,-103,-11,17.0,4,4,D,PERIODIC,-94.0,-9.0,19.0,f3,0,0
7541,2026.01.01,07.07.39,-87.901201,42.340116,-103,-11,17.0,0,0,I,PERIODIC,-95.0,-9.0,19.0,f3,0,0
7542,2026.01.01,07.07.40,-87.901201,42.340116,-103,-11,17.0,0,0,I,PERIODIC,-95.0,-9.0,19.0,f3,0,0
7543,2026.01.01,07.07.41,-87.901201,42.340116,-103,-11,17.0,0,0,I,PERIODIC,-95.0,-9.0,19.0,f3,0,0
7544,2026.01.01,07.07.42,-87.901201,42.340116,-103,-11,17.0,0,0,I,PERIODIC,-95.0,-9.0,19.0,f3,0,0
7545,2026.01.01,07.07.43,-87.901201,42.340116,-103,-11,17.0,0,0,I,PERIODIC,-95.0,-9.0,19.0,f3,0,0
7546,2026.01.01,07.07.44,-87.901201,42.340116,-103,-11,17.0,0,0,I,PERIODIC,-96.0,-11.0,15.0,f3,0,0
7547,2026.01.01,07.07.45,-87.901201,42.340116,-103,-11,17.0,0,0,I,PERIODIC,-95.0,-8.0,15.0,f3,0,0
7548,2026.01.01,07.07.46,-87.901201,42.340116,-103,-11,18.0,20,20,D,PERIODIC,-95.0,-8.0,15.0,f3,0,0
7549,2026.01.01,07.07.47,-87.901201,42.340116,-99,-11,18.0,0,0,I,PERIODIC,-94.0,-9.0,15.0,f3,0,0
7550,2026.01.01,07.07.48,-87.901201,42.340116,-99,-11,18.0,0,0,I,PERIODIC,-94.0,-9.0,15.0,f3,0,0
7551,2026.01.01,07.07.49,-87.901201,42.340116,-99,-11,18.0,0,0,I,PERIODIC,-95.0,-9.0,14.0,f3,0,0
7552,2026.01.01,07.07.50,-87.901201,42.340116,-99,-11,18.0,0,0,I,PERIODIC,-95.0,-9.0,14.0,f3,0,0
7553,2026.01.01,07.07.51,-87.901201,42.340116,-99,-11,18.0,0,0,I,PERIODIC,-95.0,-8.0,14.0,f3,0,0
7554,2026.01.01,07.07.52,-87.901201,42.340116,-99,-11,18.0,2,2,D,PERIODIC,-95.0,-8.0,14.0,f3,0,0
7555,2026.01.01,07.07.53,-87.901201,42.340116,-99,-11,18.0,2,2,D,PERIODIC,-96.0,-11.0,14.0,f3,0,0
7556,2026.01.01,07.07.54,-87.901201,42.340116,-99,-11,18.0,0,0,I,PERIODIC,-96.0,-11.0,14.0,f3,0,0
7557,2026.01.01,07.07.55,-87.901201,42.340116,-99,-11,18.0,0,0,I,PERIODIC,-96.0,-8.0,14.0,f3,0,0
7558,2026.01.01,07.07.56,-87.901201,42.340116,-99,-11,18.0,0,0,I,PERIODIC,-96.0,-8.0,14.0,f3,0,0
7559,2026.01.01,07.07.57,-87.901201,42.340116,-99,-11,18.0,0,0,I,PERIODIC,-95.0,-10.0,14.0,f3,0,0
7560,2026.01.01,07.07.58,-87.901201,42.340116,-99,-11,18.0,0,0,I,PERIODIC,-95.0,-10.0,14.0,f3,0,0
7561,2026.01.01,07.07.59,-87.901201,42.340116,-99,-11,18.0,0,0,I,PERIODIC,-96.0,-10.0,14.0,f3,0,0
7562,2026.01.01,07.08.00,-87.901201,42.340116,-99,-11,18.0,33,34,D,PERIODIC,-96.0,-10.0,14.0,f3,0,0
7563,2026.01.01,07.08.01,-87.901201,42.340116,-99,-11,18.0,37,40,D,PERIODIC,-95.0,-13.0,14.0,f3,0,0
7564,2026.01.01,07.08.02,-87.901201,42.340116,-99,-11,18.0,0,0,D,PERIODIC,-95.0,-13.0,14.0,f3,0,0
7565,2026.01.01,07.08.03,-87.901201,42.340116,-99,-11,18.0,0,0,D,PERIODIC,-95.0,-9.0,14.0,f3,0,0
7566,2026.01.01,07.08.04,-87.901201,42.340116,-99,-11,18.0,6,6,D,PERIODIC,-95.0,-9.0,14.0,f3,0,0
7567,2026.01.01,07.08.05,-87.901201,42.340116,-99,-11,18.0,54061,12869,D,PERIODIC,-96.0,-9.0,14.0,f3,0,0
7568,2026.01.01,07.08.06,-87.901201,42.340116,-99,-11,18.0,0,0,I,PERIODIC,-96.0,-9.0,14.0,f3,0,0
7569,2026.01.01,07.08.07,-87.901201,42.340116,-99,-11,18.0,0,0,I,PERIODIC,-94.0,-9.0,14.0,f3,0,0
7570,2026.01.01,07.08.08,-87.901201,42.340116,-99,-11,18.0,0,0,I,PERIODIC,-94.0,-9.0,14.0,f3,0,0
7571,2026.01.01,07.08.09,-87.901201,42.340116,-99,-11,18.0,0,0,I,PERIODIC,-95.0,-7.0,14.0,f3,0,0
7572,2026.01.01,07.08.10,-87.901201,42.340116,-99,-11,18.0,31974,397,D,PERIODIC,-95.0,-7.0,14.0,f3,0,0
7573,2026.01.01,07.08.11,-87.901201,42.340116,-99,-11,18.0,10,13,D,PERIODIC,-95.0,-9.0,14.0,f3,0,0
7574,2026.01.01,07.08.12,-87.901201,42.340116,-99,-11,18.0,0,0,I,PERIODIC,-95.0,-9.0,14.0,f3,0,0
7575,2026.01.01,07.08.13,-87.901201,42.340116,-99,-11,18.0,0,0,I,PERIODIC,-95.0,-10.0,14.0,f3,0,0
7576,2026.01.01,07.08.14,-87.901201,42.340116,-99,-11,18.0,0,0,I,PERIODIC,-95.0,-10.0,14.0,f3,0,0
7577,2026.01.01,07.08.15,-87.901201,42.340116,-106,-11,15.0,0,0,I,PERIODIC,-95.0,-9.0,15.0,f3,0,0
7578,2026.01.01,07.08.16,-87.901201,42.340116,-106,-11,17.0,0,0,I,PERIODIC,-95.0,-9.0,15.0,f3,0,0
7579,2026.01.01,07.08.17,-87.901201,42.340116,-103,-11,17.0,0,0,I,PERIODIC,-95.0,-8.0,15.0,f3,0,0
7580,2026.01.01,07.08.18,-87.901201,42.340116,-103,-11,16.0,0,0,I,PERIODIC,-95.0,-8.0,15.0,f3,0,0
7581,2026.01.01,07.08.19,-87.901201,42.340116,-103,-11,15.0,0,0,I,PERIODIC,-96.0,-10.0,14.0,f3,0,0
7582,2026.01.01,07.08.20,-87.901201,42.340116,-103,-11,15.0,0,0,I,PERIODIC,-96.0,-10.0,14.0,f3,0,0
7583,2026.01.01,07.08.21,-87.901201,42.340116,-103,-11,15.0,0,0,I,PERIODIC,-96.0,-8.0,13.0,f3,0,0
7584,2026.01.01,07.08.22,-87.901201,42.340116,-103,-11,15.0,0,0,I,PERIODIC,-96.0,-8.0,13.0,f3,0,0
7585,2026.01.01,07.08.23,-87.901201,42.340116,-103,-11,15.0,0,0,I,PERIODIC,-95.0,-13.0,13.0,f3,0,0
7586,2026.01.01,07.08.24,-87.901201,42.340116,-103,-11,15.0,0,0,I,PERIODIC,-95.0,-13.0,13.0,f3,0,0
7587,2026.01.01,07.08.25,-87.901201,42.340116,-103,-11,15.0,38505,2404,D,PERIODIC,-96.0,-9.0,13.0,f3,0,0
7588,2026.01.01,07.08.26,-87.901201,42.340116,-103,-11,15.0,0,0,I,PERIODIC,-96.0,-9.0,13.0,f3,0,0
7589,2026.01.01,07.08.27,-87.901201,42.340116,-103,-11,15.0,6,7,D,PERIODIC,-95.0,-9.0,13.0,f3,0,0
7590,2026.01.01,07.08.28,-87.901201,42.340116,-103,-11,15.0,6,6,D,PERIODIC,-95.0,-9.0,13.0,f3,0,0
7591,2026.01.01,07.08.29,-87.901201,42.340116,-103,-11,15.0,0,0,D,PERIODIC,-95.0,-10.0,13.0,f3,0,0
7592,2026.01.01,07.08.30,-87.901201,42.340116,-103,-11,19.0,0,0,I,PERIODIC,-95.0,-10.0,13.0,f3,0,0
7593,2026.01.01,07.08.31,-87.901201,42.340116,-101,-11,19.0,0,0,I,PERIODIC,-96.0,-9.0,14.0,f3,0,0
7594,2026.01.01,07.08.32,-87.901201,42.340116,-101,-11,19.0,0,0,I,PERIODIC,-96.0,-9.0,14.0,f3,0,0
7595,2026.01.01,07.08.33,-87.901201,42.340116,-101,-11,19.0,0,0,I,PERIODIC,-96.0,-9.0,14.0,f3,0,0
7596,2026.01.01,07.08.34,-87.901201,42.340116,-101,-11,19.0,0,0,I,PERIODIC,-96.0,-9.0,14.0,f3,0,0
7597,2026.01.01,07.08.35,-87.901201,42.340116,-101,-11,19.0,0,0,D,PERIODIC,-96.0,-10.0,13.0,f3,0,0
7598,2026.01.01,07.08.36,-87.901201,42.340116,-101,-11,18.0,31272,2708,D,PERIODIC,-96.0,-10.0,13.0,f3,0,0
7599,2026.01.01,07.08.37,-87.901201,42.340116,-101,-11,18.0,0,0,I,PERIODIC,-96.0,-11.0,13.0,f3,0,0
7600,2026.01.01,07.08.38,-87.901201,42.340116,-101,-11,18.0,0,0,I,PERIODIC,-96.0,-11.0,13.0,f3,0,0
7601,2026.01.01,07.08.39,-87.901201,42.340116,-101,-11,18.0,10,11,D,PERIODIC,-95.0,-8.0,16.0,f3,0,0
7602,2026.01.01,07.08.40,-87.901201,42.340116,-101,-11,18.0,33499,270,D,PERIODIC,-95.0,-8.0,16.0,f3,0,0
7603,2026.01.01,07.08.41,-87.901201,42.340116,-101,-11,18.0,11,11,D,PERIODIC,-95.0,-14.0,16.0,f3,0,0
7604,2026.01.01,07.08.42,-87.901201,42.340116,-101,-11,18.0,0,0,I,PERIODIC,-95.0,-14.0,16.0,f3,0,0
7605,2026.01.01,07.08.43,-87.901201,42.340116,-102,-11,18.0,0,0,I,PERIODIC,-96.0,-8.0,13.0,f3,0,0
7606,2026.01.01,07.08.44,-87.901201,42.340116,-102,-11,18.0,0,0,I,PERIODIC,-96.0,-8.0,13.0,f3,0,0
7607,2026.01.01,07.08.45,-87.901201,42.340116,-102,-11,18.0,24882,295,D,PERIODIC,-96.0,-8.0,13.0,f3,0,0
7608,2026.01.01,07.08.46,-87.901201,42.340116,-102,-11,18.0,0,0,D,PERIODIC,-96.0,-8.0,13.0,f3,0,0
7609,2026.01.01,07.08.47,-87.901201,42.340116,-102,-11,18.0,1,0,D,PERIODIC,-96.0,-8.0,13.0,f3,0,0
7610,2026.01.01,07.08.48,-87.901201,42.340116,-100,-11,18.0,0,0,I,PERIODIC,-96.0,-10.0,15.0,f3,0,0
7611,2026.01.01,07.08.49,-87.901201,42.340116,-100,-11,18.0,0,0,I,PERIODIC,-97.0,-10.0,15.0,f3,0,0
7612,2026.01.01,07.08.50,-87.901201,42.340116,-100,-11,18.0,0,0,I,PERIODIC,-97.0,-10.0,15.0,f3,0,0
7613,2026.01.01,07.08.51,-87.901201,42.340116,-100,-11,18.0,0,0,I,PERIODIC,-96.0,-8.0,15.0,f3,0,0
7614,2026.01.01,07.08.52,-87.901201,42.340116,-100,-11,18.0,4,4,D,PERIODIC,-96.0,-8.0,15.0,f3,0,0
7615,2026.01.01,07.08.53,-87.901201,42.340116,-102,-11,18.0,0,0,I,PERIODIC,-96.0,-11.0,13.0,f3,0,0
7616,2026.01.01,07.08.54,-87.901201,42.340116,-102,-11,18.0,0,0,I,PERIODIC,-96.0,-11.0,13.0,f3,0,0
7617,2026.01.01,07.08.55,-87.901201,42.340116,-102,-11,18.0,0,0,I,PERIODIC,-96.0,-10.0,13.0,f3,0,0
7618,2026.01.01,07.08.56,-87.901201,42.340116,-102,-11,17.0,0,0,I,PERIODIC,-96.0,-10.0,13.0,f3,0,0
7619,2026.01.01,07.08.57,-87.901201,42.340116,-103,-11,17.0,0,0,I,PERIODIC,-96.0,-9.0,12.0,f3,0,0
7620,2026.01.01,07.08.58,-87.901201,42.340116,-103,-11,17.0,0,0,I,PERIODIC,-96.0,-9.0,12.0,f3,0,0
7621,2026.01.01,07.08.59,-87.901201,42.340116,-103,-11,17.0,0,0,I,PERIODIC,-96.0,-10.0,12.0,f3,0,0
7622,2026.01.01,07.09.00,-87.901201,42.340116,-103,-11,17.0,0,0,D,PERIODIC,-96.0,-10.0,12.0,f3,0,0
7623,2026.01.01,07.09.01,-87.901201,42.340116,-103,-11,17.0,12936,3873,D,PERIODIC,-95.0,-11.0,16.0,f3,0,0
7624,2026.01.01,07.09.02,-87.901201,42.340116,-103,-11,17.0,0,0,I,PERIODIC,-95.0,-11.0,16.0,f3,0,0
7625,2026.01.01,07.09.03,-87.901201,42.340116,-103,-11,17.0,0,6,D,PERIODIC,-95.0,-9.0,16.0,f3,0,0
7626,2026.01.01,07.09.04,-87.901201,42.340116,-103,-11,18.0,0,0,I,PERIODIC,-95.0,-9.0,16.0,f3,0,0
7627,2026.01.01,07.09.05,-87.901201,42.340116,-100,-11,18.0,36485,1369,D,PERIODIC,-96.0,-10.0,15.0,f3,0,0
7628,2026.01.01,07.09.06,-87.901201,42.340116,-100,-11,18.0,0,0,I,PERIODIC,-96.0,-10.0,15.0,f3,0,0
7629,2026.01.01,07.09.07,-87.901201,42.340116,-100,-11,18.0,0,0,I,PERIODIC,-96.0,-12.0,15.0,f3,0,0
7630,2026.01.01,07.09.08,-87.901201,42.340116,-100,-11,18.0,0,0,I,PERIODIC,-96.0,-12.0,15.0,f3,0,0
7631,2026.01.01,07.09.09,-87.901201,42.340116,-100,-11,18.0,0,0,I,PERIODIC,-96.0,-12.0,15.0,f3,0,0
7632,2026.01.01,07.09.10,-87.901201,42.340116,-100,-11,18.0,0,0,I,PERIODIC,-96.0,-9.0,15.0,f3,0,0
7633,2026.01.01,07.09.11,-87.901201,42.340116,-100,-11,18.0,0,0,I,PERIODIC,-96.0,-9.0,15.0,f3,0,0
7634,2026.01.01,07.09.12,-87.901201,42.340116,-100,-11,18.0,27,28,D,PERIODIC,-97.0,-9.0,15.0,f3,0,0
7635,2026.01.01,07.09.13,-87.901201,42.340116,-100,-11,18.0,0,0,I,PERIODIC,-96.0,-9.0,15.0,f3,0,0
7636,2026.01.01,07.09.14,-87.901201,42.340116,-100,-11,18.0,0,0,I,PERIODIC,-96.0,-9.0,15.0,f3,0,0
7637,2026.01.01,07.09.15,-87.901201,42.340116,-100,-11,18.0,40497,406,D,PERIODIC,-97.0,-10.0,15.0,f3,0,0
7638,2026.01.01,07.09.16,-87.901201,42.340116,-100,-11,18.0,0,0,I,PERIODIC,-97.0,-10.0,15.0,f3,0,0
7639,2026.01.01,07.09.17,-87.901201,42.340116,-100,-11,18.0,0,0,I,PERIODIC,-96.0,-9.0,15.0,f3,0,0
7640,2026.01.01,07.09.18,-87.901201,42.340116,-100,-11,19.0,0,0,I,PERIODIC,-96.0,-9.0,15.0,f3,0,0
7641,2026.01.01,07.09.19,-87.901201,42.340116,-101,-11,19.0,0,0,I,PERIODIC,-95.0,-9.0,14.0,f3,0,0
7642,2026.01.01,07.09.20,-87.901201,42.340116,-101,-11,19.0,0,0,I,PERIODIC,-95.0,-9.0,14.0,f3,0,0
7643,2026.01.01,07.09.21,-87.901201,42.340116,-101,-11,19.0,0,0,I,PERIODIC,-95.0,-11.0,14.0,f3,0,0
7644,2026.01.01,07.09.22,-87.901201,42.340116,-101,-11,19.0,0,0,I,PERIODIC,-95.0,-11.0,14.0,f3,0,0
7645,2026.01.01,07.09.23,-87.901201,42.340116,-101,-11,19.0,0,0,I,PERIODIC,-95.0,-11.0,14.0,f3,0,0
7646,2026.01.01,07.09.24,-87.901201,42.340116,-101,-11,18.0,0,0,I,PERIODIC,-95.0,-9.0,14.0,f3,0,0
7647,2026.01.01,07.09.25,-87.901201,42.340116,-100,-11,18.0,34390,380,D,PERIODIC,-95.0,-10.0,16.0,f3,0,0
7648,2026.01.01,07.09.26,-87.901201,42.340116,-100,-11,18.0,0,0,I,PERIODIC,-95.0,-10.0,16.0,f3,0,0
7649,2026.01.01,07.09.27,-87.901201,42.340116,-100,-11,18.0,0,0,I,PERIODIC,-96.0,-8.0,14.0,f3,0,0
7650,2026.01.01,07.09.28,-87.901201,42.340116,-100,-11,18.0,0,0,I,PERIODIC,-96.0,-8.0,14.0,f3,0,0
7651,2026.01.01,07.09.29,-87.901201,42.340116,-100,-11,18.0,0,0,I,PERIODIC,-97.0,-12.0,14.0,f3,0,0
7652,2026.01.01,07.09.30,-87.901201,42.340116,-100,-11,18.0,0,0,I,PERIODIC,-97.0,-12.0,14.0,f3,0,0
7653,2026.01.01,07.09.31,-87.901201,42.340116,-100,-11,18.0,0,0,I,PERIODIC,-97.0,-8.0,14.0,f3,0,0
7654,2026.01.01,07.09.32,-87.901201,42.340116,-100,-11,18.0,0,0,I,PERIODIC,-97.0,-8.0,14.0,f3,0,0
7655,2026.01.01,07.09.33,-87.901201,42.340116,-100,-11,18.0,0,0,I,PERIODIC,-96.0,-9.0,14.0,f3,0,0
7656,2026.01.01,07.09.34,-87.901201,42.340116,-100,-11,18.0,0,0,I,PERIODIC,-96.0,-9.0,14.0,f3,0,0
7657,2026.01.01,07.09.35,-87.901201,42.340116,-100,-11,18.0,0,0,I,PERIODIC,-96.0,-9.0,14.0,f3,0,0
7658,2026.01.01,07.09.36,-87.901201,42.340116,-100,-11,18.0,0,0,I,PERIODIC,-95.0,-11.0,14.0,f3,0,0
7659,2026.01.01,07.09.37,-87.901201,42.340116,-100,-11,18.0,0,0,D,PERIODIC,-95.0,-10.0,14.0,f3,0,0
7660,2026.01.01,07.09.38,-87.901201,42.340116,-100,-11,18.0,12,13,D,PERIODIC,-95.0,-10.0,14.0,f3,0,0
7661,2026.01.01,07.09.39,-87.901201,42.340116,-100,-11,18.0,0,0,I,PERIODIC,-96.0,-10.0,14.0,f3,0,0
7662,2026.01.01,07.09.40,-87.901201,42.340116,-100,-11,18.0,0,0,I,PERIODIC,-96.0,-10.0,14.0,f3,0,0
7663,2026.01.01,07.09.41,-87.901201,42.340116,-100,-11,18.0,0,3156,D,PERIODIC,-96.0,-10.0,14.0,f3,0,0
7664,2026.01.01,07.09.42,-87.901201,42.340116,-100,-11,18.0,0,0,I,PERIODIC,-96.0,-13.0,14.0,f3,0,0
7665,2026.01.01,07.09.43,-87.901201,42.340116,-100,-11,18.0,0,0,I,PERIODIC,-96.0,-9.0,14.0,f3,0,0
7666,2026.01.01,07.09.44,-87.901201,42.340116,-100,-11,19.0,0,0,I,PERIODIC,-96.0,-9.0,14.0,f3,0,0
7667,2026.01.01,07.09.45,-87.901201,42.340116,-100,-11,19.0,0,0,I,PERIODIC,-96.0,-9.0,14.0,f3,0,0
7668,2026.01.01,07.09.46,-87.901201,42.340116,-101,-11,18.0,0,0,I,PERIODIC,-96.0,-10.0,12.0,f3,0,0
7669,2026.01.01,07.09.47,-87.901201,42.340116,-101,-11,18.0,0,0,I,PERIODIC,-96.0,-10.0,12.0,f3,0,0
7670,2026.01.01,07.09.48,-87.901201,42.340116,-101,-11,18.0,0,0,I,PERIODIC,-96.0,-10.0,13.0,f3,0,0
7671,2026.01.01,07.09.49,-87.901201,42.340116,-101,-11,18.0,0,0,I,PERIODIC,-95.0,-8.0,13.0,f3,0,0
7672,2026.01.01,07.09.50,-87.901201,42.340116,-101,-11,19.0,30066,245,D,PERIODIC,-95.0,-8.0,13.0,f3,0,0
7673,2026.01.01,07.09.51,-87.901201,42.340116,-101,-11,19.0,2,2,D,PERIODIC,-95.0,-8.0,13.0,f3,0,0
7674,2026.01.01,07.09.52,-87.901201,42.340116,-100,-11,19.0,3,3,D,PERIODIC,-95.0,-10.0,18.0,f3,0,0
7675,2026.01.01,07.09.53,-87.901201,42.340116,-100,-11,19.0,0,0,D,PERIODIC,-96.0,-9.0,18.0,f3,0,0
7676,2026.01.01,07.09.54,-87.901201,42.340116,-100,-11,19.0,0,0,I,PERIODIC,-96.0,-9.0,18.0,f3,0,0
7677,2026.01.01,07.09.55,-87.901201,42.340116,-100,-11,19.0,0,0,I,PERIODIC,-95.0,-9.0,18.0,f3,0,0
7678,2026.01.01,07.09.56,-87.901201,42.340116,-100,-11,19.0,11,8,D,PERIODIC,-95.0,-9.0,18.0,f3,0,0
7679,2026.01.01,07.09.57,-87.901201,42.340116,-100,-11,19.0,0,0,I,PERIODIC,-96.0,-9.0,18.0,f3,0,0
7680,2026.01.01,07.09.58,-87.901201,42.340116,-100,-11,19.0,0,0,I,PERIODIC,-96.0,-9.0,18.0,f3,0,0
7681,2026.01.01,07.09.59,-87.901201,42.340116,-100,-11,19.0,0,0,I,PERIODIC,-96.0,-9.0,18.0,f3,0,0
7682,2026.01.01,07.10.00,-87.901201,42.340116,-100,-11,19.0,0,0,I,PERIODIC,-96.0,-9.0,18.0,f3,0,0
7683,2026.01.01,07.10.01,-87.901201,42.340116,-100,-11,19.0,0,0,I,PERIODIC,-96.0,-9.0,18.0,f3,0,0
7684,2026.01.01,07.10.02,-87.901201,42.340116,-100,-11,19.0,0,0,I,PERIODIC,-96.0,-9.0,18.0,f3,0,0
7685,2026.01.01,07.10.03,-87.901201,42.340116,-100,-11,19.0,16,16,D,PERIODIC,-95.0,-9.0,18.0,f3,0,0
7686,2026.01.01,07.10.04,-87.901201,42.340116,-100,-11,19.0,0,0,I,PERIODIC,-95.0,-9.0,18.0,f3,0,0
7687,2026.01.01,07.10.05,-87.901201,42.340116,-100,-11,19.0,0,0,I,PERIODIC,-95.0,-8.0,18.0,f3,0,0
7688,2026.01.01,07.10.06,-87.901201,42.340116,-100,-11,19.0,0,0,I,PERIODIC,-95.0,-8.0,18.0,f3,0,0
7689,2026.01.01,07.10.07,-87.901201,42.340116,-100,-11,19.0,0,0,I,PERIODIC,-95.0,-8.0,18.0,f3,0,0
7690,2026.01.01,07.10.08,-87.901201,42.340116,-100,-11,19.0,0,0,I,PERIODIC,-95.0,-8.0,18.0,f3,0,0
7691,2026.01.01,07.10.09,-87.901201,42.340116,-100,-11,19.0,0,0,I,PERIODIC,-96.0,-11.0,18.0,f3,0,0
7692,2026.01.01,07.10.10,-87.901201,42.340116,-100,-11,19.0,0,0,I,PERIODIC,-96.0,-11.0,18.0,f3,0,0
7693,2026.01.01,07.10.11,-87.901201,42.340116,-100,-11,19.0,0,0,I,PERIODIC,-96.0,-11.0,18.0,f3,0,0
7694,2026.01.01,07.10.12,-87.901201,42.340116,-100,-11,19.0,0,0,I,PERIODIC,-95.0,-8.0,18.0,f3,0,0
7695,2026.01.01,07.10.13,-87.901201,42.340116,-100,-11,19.0,0,0,D,PERIODIC,-95.0,-8.0,18.0,f3,0,0
7696,2026.01.01,07.10.14,-87.901201,42.340116,-100,-11,19.0,6,8,D,PERIODIC,-95.0,-8.0,18.0,f3,0,0
7697,2026.01.01,07.10.15,-87.901201,42.340116,-100,-11,19.0,0,0,I,PERIODIC,-95.0,-9.0,18.0,f3,0,0
7698,2026.01.01,07.10.16,-87.901201,42.340116,-100,-11,19.0,0,0,I,PERIODIC,-96.0,-9.0,18.0,f3,0,0
7699,2026.01.01,07.10.17,-87.901201,42.340116,-100,-11,19.0,0,0,I,PERIODIC,-96.0,-9.0,18.0,f3,0,0
7700,2026.01.01,07.10.18,-87.901201,42.340116,-100,-11,19.0,0,0,I,PERIODIC,-96.0,-10.0,18.0,f3,0,0
7701,2026.01.01,07.10.19,-87.901201,42.340116,-100,-11,19.0,0,0,I,PERIODIC,-96.0,-10.0,18.0,f3,0,0
7702,2026.01.01,07.10.20,-87.901201,42.340116,-100,-11,19.0,0,0,I,PERIODIC,-95.0,-9.0,18.0,f3,0,0
7703,2026.01.01,07.10.21,-87.901201,42.340116,-100,-11,19.0,0,0,I,PERIODIC,-95.0,-9.0,18.0,f3,0,0
7704,2026.01.01,07.10.22,-87.901201,42.340116,-100,-11,19.0,0,0,D,PERIODIC,-95.0,-8.0,18.0,f3,0,0
7705,2026.01.01,07.10.23,-87.901201,42.340116,-100,-11,19.0,0,0,D,PERIODIC,-95.0,-8.0,18.0,f3,0,0
7706,2026.01.01,07.10.24,-87.901201,42.340116,-100,-11,19.0,0,0,I,PERIODIC,-95.0,-8.0,18.0,f3,0,0
7707,2026.01.01,07.10.25,-87.901201,42.340116,-100,-11,19.0,0,1,D,PERIODIC,-95.0,-9.0,18.0,f3,0,0
7708,2026.01.01,07.10.26,-87.901201,42.340116,-100,-11,19.0,0,0,I,PERIODIC,-95.0,-8.0,18.0,f3,0,0
7709,2026.01.01,07.10.27,-87.901201,42.340116,-100,-11,19.0,0,0,I,PERIODIC,-95.0,-8.0,18.0,f3,0,0
7710,2026.01.01,07.10.28,-87.901201,42.340116,-100,-11,19.0,0,0,I,PERIODIC,-95.0,-8.0,18.0,f3,0,0
7711,2026.01.01,07.10.29,-87.901201,42.340116,-100,-11,19.0,0,0,I,PERIODIC,-95.0,-8.0,18.0,f3,0,0
7712,2026.01.01,07.10.30,-87.901201,42.340116,-106,-11,16.0,0,0,I,PERIODIC,-97.0,-13.0,14.0,f3,0,0
7713,2026.01.01,07.10.31,-87.901201,42.340116,-106,-11,17.0,0,0,I,PERIODIC,-97.0,-13.0,14.0,f3,0,0
7714,2026.01.01,07.10.32,-87.901201,42.340116,-102,-11,17.0,0,0,I,PERIODIC,-96.0,-7.0,17.0,f3,0,0
7715,2026.01.01,07.10.33,-87.901201,42.340116,-102,-11,17.0,0,0,I,PERIODIC,-96.0,-7.0,17.0,f3,0,0
7716,2026.01.01,07.10.34,-87.901201,42.340116,-103,-11,17.0,0,0,I,PERIODIC,-96.0,-8.0,17.0,f3,0,0
7717,2026.01.01,07.10.35,-87.901201,42.340116,-103,-11,17.0,12,12,D,PERIODIC,-96.0,-8.0,17.0,f3,0,0
7718,2026.01.01,07.10.36,-87.901201,42.340116,-103,-11,17.0,0,0,D,PERIODIC,-97.0,-8.0,17.0,f3,0,0
7719,2026.01.01,07.10.37,-87.901201,42.340116,-103,-11,17.0,3,3,D,PERIODIC,-97.0,-8.0,17.0,f3,0,0
7720,2026.01.01,07.10.38,-87.901201,42.340116,-103,-11,17.0,2,2,D,PERIODIC,-96.0,-9.0,15.0,f3,0,0
7721,2026.01.01,07.10.39,-87.901201,42.340116,-103,-11,17.0,0,0,I,PERIODIC,-96.0,-9.0,15.0,f3,0,0
7722,2026.01.01,07.10.40,-87.901201,42.340116,-103,-11,17.0,0,0,I,PERIODIC,-95.0,-8.0,15.0,f3,0,0
7723,2026.01.01,07.10.41,-87.901201,42.340116,-103,-11,17.0,0,0,I,PERIODIC,-95.0,-8.0,15.0,f3,0,0
7724,2026.01.01,07.10.42,-87.901201,42.340116,-103,-11,17.0,0,0,I,PERIODIC,-95.0,-9.0,15.0,f3,0,0
7725,2026.01.01,07.10.43,-87.901201,42.340116,-103,-11,17.0,0,0,I,PERIODIC,-95.0,-9.0,15.0,f3,0,0
7726,2026.01.01,07.10.44,-87.901201,42.340116,-103,-11,17.0,0,0,I,PERIODIC,-95.0,-10.0,15.0,f3,0,0
7727,2026.01.01,07.10.45,-87.901201,42.340116,-103,-11,17.0,0,0,I,PERIODIC,-95.0,-10.0,15.0,f3,0,0
7728,2026.01.01,07.10.46,-87.901201,42.340116,-103,-11,17.0,0,0,I,PERIODIC,-94.0,-9.0,15.0,f3,0,0
7729,2026.01.01,07.10.47,-87.901201,42.340116,-103,-11,17.0,0,0,I,PERIODIC,-94.0,-9.0,15.0,f3,0,0
7730,2026.01.01,07.10.48,-87.901201,42.340116,-103,-11,17.0,0,0,I,PERIODIC,-96.0,-9.0,15.0,f3,0,0
7731,2026.01.01,07.10.49,-87.901201,42.340116,-103,-11,17.0,0,0,I,PERIODIC,-96.0,-9.0,15.0,f3,0,0
7732,2026.01.01,07.10.50,-87.901201,42.340116,-102,-11,17.0,0,0,I,PERIODIC,-96.0,-9.0,19.0,f3,0,0
7733,2026.01.01,07.10.51,-87.901201,42.340116,-102,-11,17.0,0,0,I,PERIODIC,-96.0,-9.0,19.0,f3,0,0
7734,2026.01.01,07.10.52,-87.901201,42.340116,-102,-11,17.0,3,3,D,PERIODIC,-96.0,-8.0,19.0,f3,0,0
7735,2026.01.01,07.10.53,-87.901201,42.340116,-102,-11,17.0,0,0,I,PERIODIC,-96.0,-8.0,19.0,f3,0,0
7736,2026.01.01,07.10.54,-87.901201,42.340116,-102,-11,17.0,0,0,I,PERIODIC,-95.0,-9.0,19.0,f3,0,0
7737,2026.01.01,07.10.55,-87.901201,42.340116,-102,-11,17.0,0,0,I,PERIODIC,-95.0,-9.0,19.0,f3,0,0
7738,2026.01.01,07.10.56,-87.901201,42.340116,-102,-11,17.0,0,0,I,PERIODIC,-95.0,-9.0,19.0,f3,0,0
7739,2026.01.01,07.10.57,-87.901201,42.340116,-103,-11,17.0,0,0,I,PERIODIC,-95.0,-9.0,14.0,f3,0,0
7740,2026.01.01,07.10.58,-87.901201,42.340116,-103,-11,17.0,0,0,I,PERIODIC,-95.0,-8.0,14.0,f3,0,0
7741,2026.01.01,07.10.59,-87.901201,42.340116,-103,-11,17.0,0,0,I,PERIODIC,-95.0,-8.0,14.0,f3,0,0
7742,2026.01.01,07.11.00,-87.901201,42.340116,-103,-11,17.0,0,0,I,PERIODIC,-95.0,-10.0,14.0,f3,0,0
7743,2026.01.01,07.11.01,-87.901201,42.340116,-103,-11,17.0,7,9,D,PERIODIC,-95.0,-10.0,14.0,f3,0,0
7744,2026.01.01,07.11.02,-87.901201,42.340116,-103,-11,17.0,1,1,D,PERIODIC,-94.0,-8.0,14.0,f3,0,0
7745,2026.01.01,07.11.03,-87.901201,42.340116,-103,-11,17.0,0,9,D,PERIODIC,-94.0,-8.0,14.0,f3,0,0
7746,2026.01.01,07.11.04,-87.901201,42.340116,-103,-11,17.0,0,0,I,PERIODIC,-94.0,-8.0,14.0,f3,0,0
7747,2026.01.01,07.11.05,-87.901201,42.340116,-103,-11,17.0,0,0,I,PERIODIC,-96.0,-10.0,20.0,f3,0,0
7748,2026.01.01,07.11.06,-87.901201,42.340116,-104,-11,17.0,0,0,I,PERIODIC,-96.0,-9.0,14.0,f3,0,0
7749,2026.01.01,07.11.07,-87.901201,42.340116,-104,-11,18.0,0,0,I,PERIODIC,-96.0,-9.0,14.0,f3,0,0
7750,2026.01.01,07.11.08,-87.901201,42.340116,-100,-11,17.0,0,0,I,PERIODIC,-97.0,-9.0,15.0,f3,0,0
7751,2026.01.01,07.11.09,-87.901201,42.340116,-100,-11,17.0,0,0,I,PERIODIC,-97.0,-9.0,15.0,f3,0,0
7752,2026.01.01,07.11.10,-87.901201,42.340116,-100,-11,17.0,25,27,D,PERIODIC,-96.0,-9.0,15.0,f3,0,0
7753,2026.01.01,07.11.11,-87.901201,42.340116,-100,-11,17.0,0,0,I,PERIODIC,-96.0,-9.0,15.0,f3,0,0
7754,2026.01.01,07.11.12,-87.901201,42.340116,-100,-11,17.0,0,0,I,PERIODIC,-94.0,-11.0,15.0,f3,0,0
7755,2026.01.01,07.11.13,-87.901201,42.340116,-100,-11,17.0,63,58,D,PERIODIC,-94.0,-11.0,15.0,f3,0,0
7756,2026.01.01,07.11.14,-87.901201,42.340116,-103,-11,17.0,0,0,I,PERIODIC,-96.0,-8.0,21.0,f3,0,0
7757,2026.01.01,07.11.15,-87.901201,42.340116,-103,-11,17.0,0,0,I,PERIODIC,-96.0,-8.0,21.0,f3,0,0
7758,2026.01.01,07.11.16,-87.901201,42.340116,-103,-11,17.0,0,0,I,PERIODIC,-95.0,-8.0,16.0,f3,0,0
7759,2026.01.01,07.11.17,-87.901201,42.340116,-103,-11,17.0,0,0,I,PERIODIC,-95.0,-8.0,16.0,f3,0,0
7760,2026.01.01,07.11.18,-87.901201,42.340116,-103,-11,17.0,0,0,I,PERIODIC,-95.0,-8.0,16.0,f3,0,0
7761,2026.01.01,07.11.19,-87.901201,42.340116,-105,-11,18.0,0,0,I,PERIODIC,-95.0,-8.0,19.0,f3,0,0
7762,2026.01.01,07.11.20,-87.901201,42.340116,-105,-11,18.0,0,0,I,PERIODIC,-95.0,-8.0,19.0,f3,0,0
7763,2026.01.01,07.11.21,-87.901201,42.340116,-102,-11,18.0,0,9,D,PERIODIC,-95.0,-8.0,17.0,f3,0,0
7764,2026.01.01,07.11.22,-87.901201,42.340116,-102,-11,18.0,0,0,I,PERIODIC,-95.0,-8.0,17.0,f3,0,0
7765,2026.01.01,07.11.23,-87.901201,42.340116,-102,-11,17.0,0,0,D,PERIODIC,-93.0,-8.0,17.0,f3,0,0
7766,2026.01.01,07.11.24,-87.901201,42.340116,-102,-11,16.0,5,5,D,PERIODIC,-93.0,-8.0,17.0,f3,0,0
7767,2026.01.01,07.11.25,-87.901201,42.340116,-104,-11,16.0,0,0,I,PERIODIC,-96.0,-9.0,18.0,f3,0,0
8565,2026.01.01,07.14.13,-87.901218,42.340121,-98,-15,17.0,0,0,I,LOG START,,,,f4,0,0
8566,2026.01.01,07.14.14,-87.901216,42.340121,-98,-15,17.0,0,0,I,,,,,f4,0,0
8567,2026.01.01,07.14.14,-87.901216,42.340121,-98,-15,17.0,0,0,I,PERIODIC,,,,f4,0,0
8568,2026.01.01,07.14.15,-87.901216,42.340121,-98,-15,17.0,0,0,I,PERIODIC,,,,f4,0,0
8569,2026.01.01,07.14.16,-87.901216,42.340121,-101,-8,17.0,0,0,I,PERIODIC,,,,f4,0,0
8570,2026.01.01,07.14.17,-87.901216,42.340121,-101,-8,17.0,0,0,I,PERIODIC,,,,f4,0,0
8571,2026.01.01,07.14.18,-87.901216,42.340121,-96,-14,17.0,0,0,I,PERIODIC,,,,f4,0,0
8572,2026.01.01,07.14.19,-87.901216,42.340121,-96,-14,17.0,0,0,I,PERIODIC,,,,f4,0,0
8573,2026.01.01,07.14.20,-87.901216,42.340121,-95,-10,19.0,0,0,I,PERIODIC,,,,f4,0,0
8574,2026.01.01,07.14.21,-87.901216,42.340121,-95,-10,19.0,0,0,I,PERIODIC,,,,f4,0,0
8575,2026.01.01,07.14.22,-87.901216,42.340121,-94,-10,19.0,2,2,D,PERIODIC,,,,f4,0,0
8576,2026.01.01,07.14.23,-87.901216,42.340121,-96,-7,20.0,0,0,D,PERIODIC,,,,f4,0,0
8577,2026.01.01,07.14.24,-87.901216,42.340121,-96,-7,20.0,62,64,D,PERIODIC,,,,f4,0,0
8578,2026.01.01,07.14.25,-87.901216,42.340121,-96,-7,20.0,0,0,D,PERIODIC,,,,f4,0,0
8579,2026.01.01,07.14.26,-87.901216,42.340121,-98,-8,24.0,15,15,D,PERIODIC,,,,f4,0,0
8580,2026.01.01,07.14.27,-87.901216,42.340121,-96,-9,15.0,1,1,D,PERIODIC,,,,f4,0,0
8581,2026.01.01,07.14.28,-87.901216,42.340121,-99,-11,-,1,1,D,PERIODIC,-96.0,-9.0,15.0,f4,0,0
8582,2026.01.01,07.14.28,-87.901216,42.340121,-99,-11,-,1,1,D,,-96.0,-9.0,15.0,f4,0,0
8583,2026.01.01,07.14.29,-87.901216,42.340121,-98,-11,21.0,0,0,I,IRAT_CELL_RESELECTION_4G5G,-95.0,-9.0,23.0,f4,0,0
8584,2026.01.01,07.14.30,-87.901216,42.340121,-98,-11,21.0,0,0,I,PERIODIC,-95.0,-9.0,23.0,f4,0,0
8585,2026.01.01,07.14.31,-87.901216,42.340121,-99,-11,21.0,0,0,I,PERIODIC,-96.0,-8.0,21.0,f4,0,0
8586,2026.01.01,07.14.32,-87.901216,42.340121,-99,-11,20.0,0,0,D,PERIODIC,-96.0,-8.0,21.0,f4,0,0
8587,2026.01.01,07.14.33,-87.901216,42.340121,-101,-11,20.0,3,3,D,PERIODIC,-96.0,-10.0,19.0,f4,0,0
8588,2026.01.01,07.14.34,-87.901216,42.340121,-101,-11,20.0,0,0,D,PERIODIC,-96.0,-10.0,19.0,f4,0,0
8589,2026.01.01,07.14.35,-87.901216,42.340121,-98,-11,20.0,18,21,D,PERIODIC,-95.0,-7.0,20.0,f4,0,0
8590,2026.01.01,07.14.36,-87.901216,42.340121,-98,-11,20.0,5,5,D,PERIODIC,-95.0,-7.0,20.0,f4,0,0
8591,2026.01.01,07.14.37,-87.901216,42.340121,-98,-11,20.0,0,0,I,PERIODIC,-96.0,-10.0,20.0,f4,0,0
8592,2026.01.01,07.14.38,-87.901216,42.340121,-98,-11,20.0,0,0,I,PERIODIC,-96.0,-10.0,20.0,f4,0,0
8593,2026.01.01,07.14.39,-87.901216,42.340121,-99,-11,20.0,0,0,I,PERIODIC,-96.0,-7.0,18.0,f4,0,0
8594,2026.01.01,07.14.40,-87.901216,42.340121,-99,-11,20.0,0,0,I,PERIODIC,-96.0,-7.0,18.0,f4,0,0
8595,2026.01.01,07.14.41,-87.901216,42.340121,-99,-11,20.0,0,0,I,PERIODIC,-97.0,-9.0,18.0,f4,0,0
8596,2026.01.01,07.14.42,-87.901216,42.340121,-99,-11,20.0,0,0,I,PERIODIC,-97.0,-9.0,18.0,f4,0,0
8597,2026.01.01,07.14.43,-87.901216,42.340121,-99,-11,20.0,4,4,D,PERIODIC,-95.0,-7.0,18.0,f4,0,0
8598,2026.01.01,07.14.44,-87.901216,42.340121,-99,-11,20.0,0,0,I,PERIODIC,-95.0,-7.0,18.0,f4,0,0
8599,2026.01.01,07.14.45,-87.901216,42.340121,-99,-11,20.0,15,15,D,PERIODIC,-96.0,-9.0,18.0,f4,0,0
8600,2026.01.01,07.14.46,-87.901216,42.340121,-99,-11,20.0,0,0,I,PERIODIC,-96.0,-9.0,18.0,f4,0,0
8601,2026.01.01,07.14.47,-87.901216,42.340121,-99,-11,20.0,0,0,I,PERIODIC,-97.0,-8.0,18.0,f4,0,0
8602,2026.01.01,07.14.48,-87.901216,42.340121,-99,-11,20.0,5,7,D,PERIODIC,-97.0,-8.0,18.0,f4,0,0
8603,2026.01.01,07.14.49,-87.901216,42.340121,-99,-11,20.0,0,0,I,PERIODIC,-96.0,-8.0,18.0,f4,0,0
8604,2026.01.01,07.14.50,-87.901216,42.340121,-99,-11,20.0,0,0,I,PERIODIC,-96.0,-8.0,18.0,f4,0,0
8605,2026.01.01,07.14.51,-87.901216,42.340121,-99,-11,20.0,0,0,I,PERIODIC,-96.0,-8.0,18.0,f4,0,0
8606,2026.01.01,07.14.52,-87.901216,42.340121,-99,-11,20.0,0,0,I,PERIODIC,-97.0,-9.0,18.0,f4,0,0
8607,2026.01.01,07.14.53,-87.901216,42.340121,-99,-11,20.0,2,2,D,PERIODIC,-97.0,-8.0,18.0,f4,0,0
8608,2026.01.01,07.14.54,-87.901216,42.340121,-99,-11,20.0,4,4,D,PERIODIC,-97.0,-8.0,18.0,f4,0,0
8609,2026.01.01,07.14.55,-87.901216,42.340121,-98,-11,20.0,0,0,I,PERIODIC,-97.0,-8.0,19.0,f4,0,0
8610,2026.01.01,07.14.56,-87.901216,42.340121,-98,-11,21.0,0,0,I,PERIODIC,-97.0,-8.0,19.0,f4,0,0
8611,2026.01.01,07.14.57,-87.901216,42.340121,-98,-11,21.0,0,0,I,PERIODIC,-97.0,-8.0,19.0,f4,0,0
8612,2026.01.01,07.14.58,-87.901216,42.340121,-99,-11,21.0,0,0,I,PERIODIC,-97.0,-10.0,18.0,f4,0,0
8613,2026.01.01,07.14.59,-87.901216,42.340121,-99,-11,20.0,0,0,I,PERIODIC,-97.0,-10.0,18.0,f4,0,0
8614,2026.01.01,07.15.00,-87.901216,42.340121,-99,-11,20.0,0,0,I,PERIODIC,-97.0,-9.0,18.0,f4,0,0
8615,2026.01.01,07.15.01,-87.901216,42.340121,-99,-11,20.0,45,41,D,PERIODIC,-96.0,-9.0,18.0,f4,0,0
8616,2026.01.01,07.15.02,-87.901216,42.340121,-99,-11,20.0,0,0,D,PERIODIC,-96.0,-9.0,18.0,f4,0,0
8617,2026.01.01,07.15.03,-87.901216,42.340121,-99,-11,20.0,18,20,D,PERIODIC,-97.0,-9.0,18.0,f4,0,0
8618,2026.01.01,07.15.04,-87.901216,42.340121,-99,-11,20.0,0,0,I,PERIODIC,-97.0,-9.0,18.0,f4,0,0
8619,2026.01.01,07.15.05,-87.901216,42.340121,-99,-11,20.0,60867,13617,D,PERIODIC,-97.0,-11.0,18.0,f4,0,0
8620,2026.01.01,07.15.06,-87.901216,42.340121,-99,-11,20.0,0,0,D,PERIODIC,-97.0,-11.0,18.0,f4,0,0
8621,2026.01.01,07.15.07,-87.901216,42.340121,-98,-11,20.0,0,0,I,PERIODIC,-96.0,-8.0,18.0,f4,0,0
8622,2026.01.01,07.15.08,-87.901216,42.340121,-98,-11,20.0,4,4,D,PERIODIC,-96.0,-8.0,18.0,f4,0,0
8623,2026.01.01,07.15.09,-87.901216,42.340121,-99,-11,20.0,0,0,I,PERIODIC,-97.0,-8.0,18.0,f4,0,0
8624,2026.01.01,07.15.10,-87.901216,42.340121,-99,-11,21.0,267430,2907,D,PERIODIC,-97.0,-8.0,18.0,f4,0,0
8625,2026.01.01,07.15.11,-87.901216,42.340121,-99,-11,21.0,0,0,D,PERIODIC,-97.0,-9.0,18.0,f4,0,0
8626,2026.01.01,07.15.12,-87.901216,42.340121,-99,-11,20.0,0,0,I,PERIODIC,-97.0,-9.0,18.0,f4,0,0
8627,2026.01.01,07.15.13,-87.901216,42.340121,-100,-11,20.0,0,0,I,PERIODIC,-96.0,-7.0,18.0,f4,0,0
8628,2026.01.01,07.15.14,-87.901216,42.340121,-100,-11,20.0,0,1,D,PERIODIC,-96.0,-7.0,18.0,f4,0,0
8629,2026.01.01,07.15.15,-87.901216,42.340121,-100,-11,20.0,65105,528,D,PERIODIC,-97.0,-8.0,18.0,f4,0,0
8630,2026.01.01,07.15.16,-87.901216,42.340121,-100,-11,20.0,0,0,I,PERIODIC,-97.0,-8.0,18.0,f4,0,0
8631,2026.01.01,07.15.17,-87.901216,42.340121,-100,-11,20.0,0,0,I,PERIODIC,-97.0,-8.0,18.0,f4,0,0
8632,2026.01.01,07.15.18,-87.901216,42.340121,-100,-11,20.0,0,0,I,PERIODIC,-97.0,-7.0,18.0,f4,0,0
8633,2026.01.01,07.15.19,-87.901216,42.340121,-100,-11,20.0,0,0,I,PERIODIC,-97.0,-9.0,18.0,f4,0,0
8634,2026.01.01,07.15.20,-87.901216,42.340121,-100,-11,20.0,72621,511,D,PERIODIC,-97.0,-9.0,18.0,f4,0,0
8635,2026.01.01,07.15.21,-87.901216,42.340121,-100,-11,20.0,0,0,I,PERIODIC,-96.0,-7.0,18.0,f4,0,0
8636,2026.01.01,07.15.22,-87.901216,42.340121,-100,-11,20.0,0,0,D,PERIODIC,-96.0,-7.0,18.0,f4,0,0
8637,2026.01.01,07.15.23,-87.901216,42.340121,-100,-11,20.0,3,3,D,PERIODIC,-96.0,-8.0,18.0,f4,0,0
8638,2026.01.01,07.15.24,-87.901216,42.340121,-100,-11,20.0,0,0,I,PERIODIC,-96.0,-8.0,18.0,f4,0,0
8639,2026.01.01,07.15.25,-87.901216,42.340121,-100,-11,20.0,37657,1460,D,PERIODIC,-96.0,-7.0,18.0,f4,0,0
8640,2026.01.01,07.15.26,-87.901216,42.340121,-100,-11,20.0,3,3,D,PERIODIC,-96.0,-7.0,18.0,f4,0,0
8641,2026.01.01,07.15.27,-87.901216,42.340121,-98,-11,20.0,0,0,I,PERIODIC,-96.0,-12.0,20.0,f4,0,0
8642,2026.01.01,07.15.28,-87.901216,42.340121,-98,-11,21.0,0,0,I,PERIODIC,-96.0,-12.0,20.0,f4,0,0
8643,2026.01.01,07.15.29,-87.901216,42.340121,-99,-11,21.0,0,0,I,PERIODIC,-96.0,-8.0,19.0,f4,0,0
8644,2026.01.01,07.15.30,-87.901216,42.340121,-99,-11,21.0,34984,1174,D,PERIODIC,-96.0,-8.0,19.0,f4,0,0
8645,2026.01.01,07.15.31,-87.901216,42.340121,-99,-11,21.0,0,0,I,PERIODIC,-96.0,-8.0,20.0,f4,0,0
8646,2026.01.01,07.15.32,-87.901216,42.340121,-99,-11,21.0,0,0,I,PERIODIC,-96.0,-8.0,20.0,f4,0,0
8647,2026.01.01,07.15.33,-87.901216,42.340121,-99,-11,21.0,11,11,D,PERIODIC,-96.0,-8.0,19.0,f4,0,0
8648,2026.01.01,07.15.34,-87.901216,42.340121,-99,-11,20.0,4,4,D,PERIODIC,-96.0,-8.0,19.0,f4,0,0
8649,2026.01.01,07.15.35,-87.901216,42.340121,-99,-11,20.0,0,0,D,PERIODIC,-96.0,-8.0,19.0,f4,0,0
8650,2026.01.01,07.15.36,-87.901216,42.340121,-99,-11,20.0,78417,2943,D,PERIODIC,-96.0,-8.0,19.0,f4,0,0
8651,2026.01.01,07.15.37,-87.901216,42.340121,-99,-11,20.0,0,0,I,PERIODIC,-97.0,-9.0,19.0,f4,0,0
8652,2026.01.01,07.15.38,-87.901216,42.340121,-99,-11,20.0,0,0,I,PERIODIC,-97.0,-9.0,19.0,f4,0,0
8653,2026.01.01,07.15.39,-87.901216,42.340121,-100,-11,20.0,0,0,I,PERIODIC,-97.0,-10.0,20.0,f4,0,0
8654,2026.01.01,07.15.40,-87.901216,42.340121,-100,-11,20.0,39773,357,D,PERIODIC,-97.0,-10.0,20.0,f4,0,0
8655,2026.01.01,07.15.41,-87.901216,42.340121,-99,-11,20.0,0,0,I,PERIODIC,-97.0,-13.0,19.0,f4,0,0
8656,2026.01.01,07.15.42,-87.901216,42.340121,-99,-11,21.0,0,0,I,PERIODIC,-97.0,-13.0,19.0,f4,0,0
8657,2026.01.01,07.15.43,-87.901216,42.340121,-99,-11,21.0,0,0,I,PERIODIC,-97.0,-13.0,19.0,f4,0,0
8658,2026.01.01,07.15.44,-87.901216,42.340121,-100,-11,21.0,0,0,I,PERIODIC,-97.0,-9.0,20.0,f4,0,0
8659,2026.01.01,07.15.45,-87.901216,42.340121,-100,-11,20.0,0,0,I,PERIODIC,-97.0,-9.0,20.0,f4,0,0
8660,2026.01.01,07.15.46,-87.901216,42.340121,-100,-11,21.0,63946,499,D,PERIODIC,-96.0,-8.0,19.0,f4,0,0
8661,2026.01.01,07.15.47,-87.901216,42.340121,-100,-11,21.0,0,0,I,PERIODIC,-96.0,-8.0,19.0,f4,0,0
8662,2026.01.01,07.15.48,-87.901216,42.340121,-98,-11,21.0,0,0,I,PERIODIC,-96.0,-7.0,19.0,f4,0,0
8663,2026.01.01,07.15.49,-87.901216,42.340121,-98,-11,21.0,0,0,I,PERIODIC,-96.0,-7.0,19.0,f4,0,0
8664,2026.01.01,07.15.50,-87.901216,42.340121,-99,-11,21.0,72078,533,D,PERIODIC,-96.0,-9.0,18.0,f4,0,0
8665,2026.01.01,07.15.51,-87.901216,42.340121,-99,-11,21.0,0,0,D,PERIODIC,-96.0,-9.0,18.0,f4,0,0
8666,2026.01.01,07.15.52,-87.901216,42.340121,-99,-11,20.0,0,0,I,PERIODIC,-96.0,-9.0,18.0,f4,0,0
8667,2026.01.01,07.15.53,-87.901216,42.340121,-98,-11,20.0,0,0,I,PERIODIC,-96.0,-7.0,16.0,f4,0,0
8668,2026.01.01,07.15.54,-87.901216,42.340121,-98,-11,21.0,0,0,I,PERIODIC,-96.0,-7.0,16.0,f4,0,0
8669,2026.01.01,07.15.55,-87.901216,42.340121,-99,-11,21.0,0,0,D,PERIODIC,-96.0,-8.0,19.0,f4,0,0
8670,2026.01.01,07.15.56,-87.901216,42.340121,-99,-11,21.0,75082,566,D,PERIODIC,-96.0,-8.0,19.0,f4,0,0
8671,2026.01.01,07.15.57,-87.901216,42.340121,-98,-11,20.0,0,0,I,PERIODIC,-97.0,-8.0,19.0,f4,0,0
8672,2026.01.01,07.15.58,-87.901216,42.340121,-98,-11,21.0,0,0,I,PERIODIC,-97.0,-8.0,19.0,f4,0,0
8673,2026.01.01,07.15.59,-87.901216,42.340121,-100,-11,21.0,0,0,D,PERIODIC,-96.0,-7.0,19.0,f4,0,0
8674,2026.01.01,07.16.00,-87.901216,42.340121,-100,-11,21.0,40796,292,D,PERIODIC,-96.0,-7.0,19.0,f4,0,0
8675,2026.01.01,07.16.01,-87.901216,42.340121,-100,-11,21.0,0,0,I,PERIODIC,-97.0,-9.0,19.0,f4,0,0
8676,2026.01.01,07.16.02,-87.901216,42.340121,-100,-11,21.0,0,0,I,PERIODIC,-97.0,-9.0,19.0,f4,0,0
8677,2026.01.01,07.16.03,-87.901216,42.340121,-100,-11,21.0,8,10,D,PERIODIC,-96.0,-7.0,19.0,f4,0,0
8678,2026.01.01,07.16.04,-87.901216,42.340121,-100,-11,21.0,3,3,D,PERIODIC,-96.0,-7.0,19.0,f4,0,0
8679,2026.01.01,07.16.05,-87.901216,42.340121,-98,-11,20.0,0,1481,D,PERIODIC,-97.0,-8.0,20.0,f4,0,0
8680,2026.01.01,07.16.06,-87.901216,42.340121,-98,-11,20.0,0,0,I,PERIODIC,-97.0,-8.0,20.0,f4,0,0
8681,2026.01.01,07.16.07,-87.901216,42.340121,-100,-11,20.0,0,0,I,PERIODIC,-96.0,-8.0,18.0,f4,0,0
8682,2026.01.01,07.16.08,-87.901216,42.340121,-100,-11,20.0,0,0,I,PERIODIC,-96.0,-8.0,18.0,f4,0,0
8683,2026.01.01,07.16.09,-87.901216,42.340121,-100,-11,20.0,0,0,I,PERIODIC,-96.0,-9.0,18.0,f4,0,0
8684,2026.01.01,07.16.10,-87.901216,42.340121,-100,-11,20.0,79273,570,D,PERIODIC,-96.0,-9.0,18.0,f4,0,0
8685,2026.01.01,07.16.11,-87.901216,42.340121,-100,-11,20.0,0,0,I,PERIODIC,-96.0,-8.0,18.0,f4,0,0
8686,2026.01.01,07.16.12,-87.901216,42.340121,-100,-11,20.0,0,0,I,PERIODIC,-96.0,-8.0,18.0,f4,0,0
8687,2026.01.01,07.16.13,-87.901216,42.340121,-100,-11,20.0,0,0,I,PERIODIC,-96.0,-10.0,18.0,f4,0,0
8688,2026.01.01,07.16.14,-87.901216,42.340121,-100,-11,20.0,0,0,I,PERIODIC,-96.0,-10.0,18.0,f4,0,0
8689,2026.01.01,07.16.15,-87.901216,42.340121,-100,-11,20.0,63346,485,D,PERIODIC,-96.0,-10.0,18.0,f4,0,0
8690,2026.01.01,07.16.16,-87.901216,42.340121,-100,-11,20.0,0,0,D,PERIODIC,-96.0,-7.0,18.0,f4,0,0
8691,2026.01.01,07.16.17,-87.901216,42.340121,-100,-11,20.0,8,9,D,PERIODIC,-96.0,-8.0,18.0,f4,0,0
8692,2026.01.01,07.16.18,-87.901216,42.340121,-100,-11,20.0,1,1,D,PERIODIC,-96.0,-8.0,18.0,f4,0,0
8693,2026.01.01,07.16.19,-87.901216,42.340121,-101,-11,20.0,0,0,D,PERIODIC,-96.0,-13.0,18.0,f4,0,0
8694,2026.01.01,07.16.20,-87.901216,42.340121,-101,-11,20.0,78114,571,D,PERIODIC,-96.0,-13.0,18.0,f4,0,0
8695,2026.01.01,07.16.21,-87.901216,42.340121,-101,-11,20.0,0,0,D,PERIODIC,-97.0,-13.0,18.0,f4,0,0
8696,2026.01.01,07.16.22,-87.901216,42.340121,-101,-11,20.0,0,0,I,PERIODIC,-97.0,-13.0,18.0,f4,0,0
8697,2026.01.01,07.16.23,-87.901216,42.340121,-101,-11,20.0,0,0,I,PERIODIC,-97.0,-13.0,18.0,f4,0,0
8698,2026.01.01,07.16.24,-87.901216,42.340121,-101,-11,20.0,0,0,D,PERIODIC,-97.0,-13.0,18.0,f4,0,0
8699,2026.01.01,07.16.25,-87.901216,42.340121,-101,-11,20.0,32148,335,D,PERIODIC,-97.0,-10.0,18.0,f4,0,0
8700,2026.01.01,07.16.26,-87.901216,42.340121,-101,-11,20.0,4,5,D,PERIODIC,-97.0,-10.0,18.0,f4,0,0
8701,2026.01.01,07.16.27,-87.901216,42.340121,-101,-11,21.0,0,0,D,PERIODIC,-97.0,-8.0,13.0,f4,0,0
8702,2026.01.01,07.16.28,-87.901216,42.340121,-101,-11,21.0,0,0,I,PERIODIC,-97.0,-8.0,13.0,f4,0,0
8703,2026.01.01,07.16.29,-87.901216,42.340121,-101,-11,21.0,0,0,I,PERIODIC,-97.0,-8.0,13.0,f4,0,0
8704,2026.01.01,07.16.30,-87.901216,42.340121,-101,-11,21.0,38753,872,D,PERIODIC,-97.0,-8.0,13.0,f4,0,0
8705,2026.01.01,07.16.31,-87.901216,42.340121,-100,-11,20.0,0,0,D,PERIODIC,-96.0,-9.0,19.0,f4,0,0
8706,2026.01.01,07.16.32,-87.901216,42.340121,-100,-11,20.0,1,1,D,PERIODIC,-96.0,-9.0,19.0,f4,0,0
8707,2026.01.01,07.16.33,-87.901216,42.340121,-100,-11,20.0,4,4,D,PERIODIC,-96.0,-8.0,18.0,f4,0,0
8708,2026.01.01,07.16.34,-87.901216,42.340121,-100,-11,20.0,0,0,D,PERIODIC,-96.0,-8.0,18.0,f4,0,0
8709,2026.01.01,07.16.35,-87.901216,42.340121,-100,-11,20.0,0,0,D,PERIODIC,-96.0,-11.0,18.0,f4,0,0
8710,2026.01.01,07.16.36,-87.901216,42.340121,-100,-11,20.0,73679,0,D,PERIODIC,-96.0,-11.0,18.0,f4,0,0
8711,2026.01.01,07.16.37,-87.901216,42.340121,-100,-11,20.0,0,0,I,PERIODIC,-96.0,-11.0,18.0,f4,0,0
8712,2026.01.01,07.16.38,-87.901216,42.340121,-100,-11,20.0,0,0,I,PERIODIC,-96.0,-8.0,18.0,f4,0,0
8713,2026.01.01,07.16.39,-87.901216,42.340121,-98,-11,19.0,0,0,I,PERIODIC,-96.0,-8.0,21.0,f4,0,0
8714,2026.01.01,07.16.40,-87.901216,42.340121,-98,-11,20.0,43747,324,D,PERIODIC,-96.0,-8.0,21.0,f4,0,0
8715,2026.01.01,07.16.41,-87.901216,42.340121,-100,-11,20.0,0,0,D,PERIODIC,-96.0,-7.0,20.0,f4,0,0
8716,2026.01.01,07.16.42,-87.901216,42.340121,-100,-11,20.0,0,0,D,PERIODIC,-96.0,-7.0,20.0,f4,0,0
8717,2026.01.01,07.16.43,-87.901216,42.340121,-96,-11,20.0,0,0,I,PERIODIC,-96.0,-9.0,20.0,f4,0,0
8718,2026.01.01,07.16.44,-87.901216,42.340121,-96,-11,20.0,0,0,I,PERIODIC,-96.0,-9.0,20.0,f4,0,0
8719,2026.01.01,07.16.45,-87.901216,42.340121,-96,-11,20.0,69569,526,D,PERIODIC,-96.0,-7.0,20.0,f4,0,0
8720,2026.01.01,07.16.46,-87.901216,42.340121,-96,-11,20.0,0,0,I,PERIODIC,-96.0,-7.0,20.0,f4,0,0
8721,2026.01.01,07.16.47,-87.901216,42.340121,-96,-11,20.0,0,0,I,PERIODIC,-96.0,-9.0,20.0,f4,0,0
8722,2026.01.01,07.16.48,-87.901216,42.340121,-96,-11,20.0,0,0,I,PERIODIC,-96.0,-9.0,20.0,f4,0,0
8723,2026.01.01,07.16.49,-87.901216,42.340121,-96,-11,20.0,0,0,I,PERIODIC,-96.0,-8.0,20.0,f4,0,0
8724,2026.01.01,07.16.50,-87.901216,42.340121,-96,-11,20.0,81841,560,D,PERIODIC,-96.0,-8.0,20.0,f4,0,0
8725,2026.01.01,07.16.51,-87.901216,42.340121,-96,-11,20.0,20,23,D,PERIODIC,-96.0,-9.0,20.0,f4,0,0
8726,2026.01.01,07.16.52,-87.901216,42.340121,-96,-11,20.0,27,27,D,PERIODIC,-96.0,-9.0,20.0,f4,0,0
8727,2026.01.01,07.16.53,-87.901216,42.340121,-96,-11,20.0,0,0,I,PERIODIC,-97.0,-9.0,20.0,f4,0,0
8728,2026.01.01,07.16.54,-87.901216,42.340121,-96,-11,20.0,0,0,I,PERIODIC,-97.0,-9.0,20.0,f4,0,0
8729,2026.01.01,07.16.55,-87.901216,42.340121,-96,-11,20.0,84517,729,D,PERIODIC,-96.0,-8.0,20.0,f4,0,0
8730,2026.01.01,07.16.56,-87.901216,42.340121,-96,-11,20.0,0,0,D,PERIODIC,-96.0,-8.0,20.0,f4,0,0
8731,2026.01.01,07.16.57,-87.901216,42.340121,-99,-11,20.0,1,1,D,PERIODIC,-94.0,-9.0,19.0,f4,0,0
8732,2026.01.01,07.16.58,-87.901216,42.340121,-99,-11,21.0,0,0,I,PERIODIC,-94.0,-9.0,19.0,f4,0,0
8733,2026.01.01,07.16.59,-87.901216,42.340121,-101,-11,20.0,0,0,I,PERIODIC,-95.0,-8.0,19.0,f4,0,0
8734,2026.01.01,07.17.00,-87.901216,42.340121,-101,-11,20.0,34523,293,D,PERIODIC,-95.0,-8.0,19.0,f4,0,0
8735,2026.01.01,07.17.01,-87.901216,42.340121,-97,-11,20.0,0,0,I,PERIODIC,-97.0,-8.0,17.0,f4,0,0
8736,2026.01.01,07.17.02,-87.901216,42.340121,-97,-11,20.0,0,0,I,PERIODIC,-97.0,-8.0,17.0,f4,0,0
8737,2026.01.01,07.17.03,-87.901216,42.340121,-97,-11,20.0,0,12,D,PERIODIC,-97.0,-7.0,17.0,f4,0,0
8738,2026.01.01,07.17.04,-87.901216,42.340121,-97,-11,20.0,0,0,D,PERIODIC,-97.0,-7.0,17.0,f4,0,0
8739,2026.01.01,07.17.05,-87.901216,42.340121,-97,-11,20.0,74248,1863,D,PERIODIC,-97.0,-9.0,17.0,f4,0,0
8740,2026.01.01,07.17.06,-87.901216,42.340121,-97,-11,20.0,0,0,I,PERIODIC,-97.0,-9.0,17.0,f4,0,0
8741,2026.01.01,07.17.07,-87.901216,42.340121,-97,-11,20.0,0,0,I,PERIODIC,-97.0,-9.0,17.0,f4,0,0
8742,2026.01.01,07.17.08,-87.901216,42.340121,-97,-11,20.0,0,0,I,PERIODIC,-98.0,-9.0,17.0,f4,0,0
8743,2026.01.01,07.17.09,-87.901216,42.340121,-97,-11,20.0,0,0,I,PERIODIC,-98.0,-8.0,17.0,f4,0,0
8744,2026.01.01,07.17.10,-87.901216,42.340121,-97,-11,20.0,72131,530,D,PERIODIC,-98.0,-8.0,17.0,f4,0,0
8745,2026.01.01,07.17.11,-87.901216,42.340121,-97,-11,20.0,0,0,I,PERIODIC,-97.0,-9.0,17.0,f4,0,0
8746,2026.01.01,07.17.12,-87.901216,42.340121,-97,-11,20.0,0,0,I,PERIODIC,-97.0,-9.0,17.0,f4,0,0
8747,2026.01.01,07.17.13,-87.901216,42.340121,-97,-11,20.0,0,0,I,PERIODIC,-97.0,-8.0,17.0,f4,0,0
8748,2026.01.01,07.17.14,-87.901216,42.340121,-97,-11,20.0,0,0,I,PERIODIC,-97.0,-8.0,17.0,f4,0,0
8749,2026.01.01,07.17.15,-87.901216,42.340121,-96,-11,21.0,42057,332,D,PERIODIC,-98.0,-8.0,12.0,f4,0,0
8750,2026.01.01,07.17.16,-87.901216,42.340121,-96,-11,21.0,0,0,D,PERIODIC,-98.0,-8.0,12.0,f4,0,0
8751,2026.01.01,07.17.17,-87.901216,42.340121,-96,-11,21.0,0,0,I,PERIODIC,-97.0,-9.0,12.0,f4,0,0
8752,2026.01.01,07.17.18,-87.901216,42.340121,-96,-11,21.0,0,0,I,PERIODIC,-97.0,-9.0,12.0,f4,0,0
8753,2026.01.01,07.17.19,-87.901216,42.340121,-96,-11,21.0,0,0,I,PERIODIC,-97.0,-8.0,12.0,f4,0,0
8754,2026.01.01,07.17.20,-87.901216,42.340121,-96,-11,21.0,0,0,D,PERIODIC,-97.0,-8.0,12.0,f4,0,0
8755,2026.01.01,07.17.21,-87.901216,42.340121,-97,-11,20.0,0,0,I,PERIODIC,-97.0,-8.0,19.0,f4,0,0
8756,2026.01.01,07.17.22,-87.901216,42.340121,-97,-11,20.0,0,0,I,PERIODIC,-97.0,-8.0,19.0,f4,0,0
8757,2026.01.01,07.17.23,-87.901216,42.340121,-96,-11,20.0,0,0,D,PERIODIC,-96.0,-8.0,19.0,f4,0,0
8758,2026.01.01,07.17.24,-87.901216,42.340121,-96,-11,20.0,0,0,D,PERIODIC,-96.0,-8.0,19.0,f4,0,0
8759,2026.01.01,07.17.25,-87.901216,42.340121,-96,-11,20.0,0,548,D,PERIODIC,-97.0,-8.0,19.0,f4,0,0
8760,2026.01.01,07.17.26,-87.901216,42.340121,-96,-11,20.0,0,0,D,PERIODIC,-97.0,-8.0,19.0,f4,0,0
8761,2026.01.01,07.17.27,-87.901216,42.340121,-96,-11,20.0,9,9,D,PERIODIC,-97.0,-7.0,19.0,f4,0,0
8762,2026.01.01,07.17.28,-87.901216,42.340121,-96,-11,21.0,1,1,D,PERIODIC,-97.0,-7.0,19.0,f4,0,0
8763,2026.01.01,07.17.29,-87.901216,42.340121,-96,-11,21.0,3,3,D,PERIODIC,-97.0,-8.0,19.0,f4,0,0
8764,2026.01.01,07.17.30,-87.901216,42.340121,-96,-11,21.0,0,2836,D,PERIODIC,-97.0,-8.0,19.0,f4,0,0
8765,2026.01.01,07.17.31,-87.901216,42.340121,-96,-11,21.0,0,0,D,PERIODIC,-97.0,-7.0,19.0,f4,0,0
8766,2026.01.01,07.17.32,-87.901216,42.340121,-96,-11,21.0,0,0,I,PERIODIC,-97.0,-7.0,19.0,f4,0,0
8767,2026.01.01,07.17.33,-87.901216,42.340121,-97,-11,20.0,1,1,D,PERIODIC,-97.0,-9.0,18.0,f4,0,0
8768,2026.01.01,07.17.35,-87.901216,42.340121,-97,-11,21.0,0,0,I,PERIODIC,-97.0,-9.0,18.0,f4,0,0
8769,2026.01.01,07.17.35,-87.901216,42.340121,-97,-11,21.0,40519,323,D,PERIODIC,-97.0,-9.0,19.0,f4,0,0
8770,2026.01.01,07.17.37,-87.901216,42.340121,-97,-11,21.0,11,14,D,PERIODIC,-97.0,-9.0,19.0,f4,0,0
8771,2026.01.01,07.17.37,-87.901216,42.340121,-97,-11,22.0,0,0,D,PERIODIC,-97.0,-9.0,19.0,f4,0,0
8772,2026.01.01,07.17.39,-87.901216,42.340121,-97,-11,22.0,0,0,I,PERIODIC,-97.0,-12.0,18.0,f4,0,0
8773,2026.01.01,07.17.40,-87.901216,42.340121,-97,-11,21.0,0,0,I,PERIODIC,-96.0,-8.0,19.0,f4,0,0
8774,2026.01.01,07.17.41,-87.901216,42.340121,-97,-11,20.0,0,0,I,PERIODIC,-96.0,-8.0,19.0,f4,0,0
8775,2026.01.01,07.17.42,-87.901216,42.340121,-97,-11,20.0,0,0,I,PERIODIC,-96.0,-8.0,19.0,f4,0,0
8776,2026.01.01,07.17.43,-87.901216,42.340121,-97,-11,20.0,0,0,I,PERIODIC,-97.0,-8.0,17.0,f4,0,0
8777,2026.01.01,07.17.44,-87.901216,42.340121,-97,-11,20.0,0,0,I,PERIODIC,-97.0,-9.0,17.0,f4,0,0
8778,2026.01.01,07.17.45,-87.901216,42.340121,-97,-11,20.0,0,0,I,PERIODIC,-97.0,-9.0,17.0,f4,0,0
8779,2026.01.01,07.17.46,-87.901216,42.340121,-97,-11,20.0,0,0,D,PERIODIC,-97.0,-7.0,17.0,f4,0,0
8780,2026.01.01,07.17.47,-87.901216,42.340121,-97,-11,20.0,0,0,I,PERIODIC,-97.0,-7.0,17.0,f4,0,0
8781,2026.01.01,07.17.48,-87.901216,42.340121,-97,-11,20.0,0,0,I,PERIODIC,-97.0,-7.0,17.0,f4,0,0
8782,2026.01.01,07.17.49,-87.901216,42.340121,-97,-11,20.0,0,0,I,PERIODIC,-97.0,-7.0,17.0,f4,0,0
8783,2026.01.01,07.17.50,-87.901216,42.340121,-97,-11,20.0,0,0,I,PERIODIC,-97.0,-10.0,17.0,f4,0,0
8784,2026.01.01,07.17.51,-87.901216,42.340121,-97,-11,20.0,37322,285,D,PERIODIC,-97.0,-10.0,17.0,f4,0,0
8785,2026.01.01,07.17.52,-87.901216,42.340121,-97,-11,20.0,0,0,I,PERIODIC,-97.0,-10.0,17.0,f4,0,0
8786,2026.01.01,07.17.53,-87.901216,42.340121,-97,-11,20.0,0,0,I,PERIODIC,-97.0,-13.0,18.0,f4,0,0
8787,2026.01.01,07.17.54,-87.901216,42.340121,-97,-11,20.0,8,11,D,PERIODIC,-97.0,-8.0,18.0,f4,0,0
8788,2026.01.01,07.17.55,-87.901216,42.340121,-97,-11,20.0,0,0,I,PERIODIC,-97.0,-8.0,18.0,f4,0,0
8789,2026.01.01,07.17.56,-87.901216,42.340121,-97,-11,20.0,39961,356,D,PERIODIC,-97.0,-10.0,18.0,f4,0,0
8790,2026.01.01,07.17.57,-87.901216,42.340121,-97,-11,20.0,5,5,D,PERIODIC,-97.0,-10.0,18.0,f4,0,0
8791,2026.01.01,07.17.58,-87.901216,42.340121,-97,-11,20.0,0,0,I,PERIODIC,-97.0,-10.0,18.0,f4,0,0
8792,2026.01.01,07.17.59,-87.901216,42.340121,-96,-11,20.0,0,0,I,PERIODIC,-97.0,-8.0,19.0,f4,0,0
8793,2026.01.01,07.18.00,-87.901216,42.340121,-96,-11,20.0,1,1,D,PERIODIC,-97.0,-8.0,19.0,f4,0,0
8794,2026.01.01,07.18.01,-87.901216,42.340121,-96,-11,20.0,36641,296,D,PERIODIC,-97.0,-8.0,19.0,f4,0,0
8795,2026.01.01,07.18.02,-87.901216,42.340121,-96,-11,20.0,0,0,I,PERIODIC,-96.0,-7.0,20.0,f4,0,0
8796,2026.01.01,07.18.03,-87.901216,42.340121,-96,-11,20.0,0,0,I,PERIODIC,-96.0,-7.0,20.0,f4,0,0
8797,2026.01.01,07.18.04,-87.901216,42.340121,-97,-11,20.0,5,5,D,PERIODIC,-96.0,-8.0,18.0,f4,0,0
8798,2026.01.01,07.18.05,-87.901216,42.340121,-97,-11,20.0,0,0,I,PERIODIC,-96.0,-8.0,18.0,f4,0,0
8799,2026.01.01,07.18.06,-87.901216,42.340121,-97,-11,20.0,0,0,I,PERIODIC,-97.0,-8.0,18.0,f4,0,0
8800,2026.01.01,07.18.07,-87.901216,42.340121,-97,-11,20.0,0,0,I,PERIODIC,-97.0,-8.0,18.0,f4,0,0
8801,2026.01.01,07.18.08,-87.901216,42.340121,-97,-11,20.0,0,0,I,PERIODIC,-97.0,-8.0,18.0,f4,0,0
8802,2026.01.01,07.18.09,-87.901216,42.340121,-97,-11,20.0,0,0,I,PERIODIC,-96.0,-11.0,18.0,f4,0,0
8803,2026.01.01,07.18.10,-87.901216,42.340121,-97,-11,20.0,0,0,I,PERIODIC,-96.0,-11.0,18.0,f4,0,0
8804,2026.01.01,07.18.11,-87.901216,42.340121,-97,-11,20.0,70002,1374,D,PERIODIC,-97.0,-10.0,18.0,f4,0,0
8805,2026.01.01,07.18.12,-87.901216,42.340121,-97,-11,20.0,0,0,I,PERIODIC,-97.0,-10.0,18.0,f4,0,0
8806,2026.01.01,07.18.13,-87.901216,42.340121,-97,-11,20.0,0,0,I,PERIODIC,-97.0,-10.0,18.0,f4,0,0
8807,2026.01.01,07.18.14,-87.901216,42.340121,-97,-11,20.0,0,0,I,PERIODIC,-97.0,-10.0,18.0,f4,0,0
8808,2026.01.01,07.18.15,-87.901216,42.340121,-97,-11,20.0,0,0,I,PERIODIC,-97.0,-8.0,18.0,f4,0,0
8809,2026.01.01,07.18.16,-87.901216,42.340121,-97,-11,20.0,32349,282,D,PERIODIC,-97.0,-8.0,18.0,f4,0,0
8810,2026.01.01,07.18.17,-87.901216,42.340121,-97,-11,20.0,0,0,I,PERIODIC,-97.0,-8.0,18.0,f4,0,0
8811,2026.01.01,07.18.18,-87.901216,42.340121,-97,-11,20.0,0,0,I,PERIODIC,-97.0,-8.0,18.0,f4,0,0
8812,2026.01.01,07.18.19,-87.901216,42.340121,-97,-11,20.0,0,0,I,PERIODIC,-97.0,-8.0,18.0,f4,0,0
8813,2026.01.01,07.18.20,-87.901216,42.340121,-97,-11,20.0,0,0,I,PERIODIC,-97.0,-8.0,18.0,f4,0,0
8814,2026.01.01,07.18.21,-87.901216,42.340121,-97,-11,20.0,0,0,D,PERIODIC,-97.0,-9.0,18.0,f4,0,0
8815,2026.01.01,07.18.22,-87.901216,42.340121,-97,-11,20.0,38646,302,D,PERIODIC,-97.0,-10.0,19.0,f4,0,0
8816,2026.01.01,07.18.23,-87.901216,42.340121,-97,-11,20.0,0,0,I,PERIODIC,-97.0,-10.0,19.0,f4,0,0
8817,2026.01.01,07.18.24,-87.901216,42.340121,-97,-11,20.0,0,0,I,PERIODIC,-97.0,-10.0,19.0,f4,0,0
8818,2026.01.01,07.18.25,-87.901216,42.340121,-98,-11,20.0,0,0,I,PERIODIC,-97.0,-10.0,17.0,f4,0,0
8819,2026.01.01,07.18.26,-87.901216,42.340121,-98,-11,20.0,10,10,D,PERIODIC,-96.0,-9.0,20.0,f4,0,0
8820,2026.01.01,07.18.27,-87.901216,42.340121,-98,-11,20.0,0,0,I,PERIODIC,-96.0,-9.0,20.0,f4,0,0
8821,2026.01.01,07.18.28,-87.901216,42.340121,-98,-11,20.0,0,0,I,PERIODIC,-96.0,-7.0,20.0,f4,0,0
8822,2026.01.01,07.18.29,-87.901216,42.340121,-98,-11,20.0,0,0,I,PERIODIC,-96.0,-7.0,20.0,f4,0,0
8823,2026.01.01,07.18.30,-87.901216,42.340121,-98,-11,20.0,0,0,I,PERIODIC,-97.0,-8.0,20.0,f4,0,0
8824,2026.01.01,07.18.31,-87.901216,42.340121,-98,-11,20.0,1,1,D,PERIODIC,-97.0,-8.0,20.0,f4,0,0
8825,2026.01.01,07.18.32,-87.901216,42.340121,-98,-11,20.0,0,0,I,PERIODIC,-97.0,-8.0,20.0,f4,0,0
8826,2026.01.01,07.18.33,-87.901216,42.340121,-97,-11,20.0,0,0,I,PERIODIC,-97.0,-9.0,18.0,f4,0,0
8827,2026.01.01,07.18.34,-87.901216,42.340121,-97,-11,20.0,5,5,D,PERIODIC,-96.0,-7.0,18.0,f4,0,0
8828,2026.01.01,07.18.35,-87.901216,42.340121,-97,-11,20.0,1,1,D,PERIODIC,-96.0,-7.0,18.0,f4,0,0
8829,2026.01.01,07.18.36,-87.901216,42.340121,-97,-11,20.0,0,0,I,PERIODIC,-96.0,-7.0,18.0,f4,0,0
8830,2026.01.01,07.18.37,-87.901216,42.340121,-97,-11,20.0,0,0,D,PERIODIC,-96.0,-7.0,19.0,f4,0,0
8831,2026.01.01,07.18.38,-87.901216,42.340121,-97,-11,20.0,1,1,D,PERIODIC,-96.0,-7.0,19.0,f4,0,0
8832,2026.01.01,07.18.39,-87.901216,42.340121,-97,-11,20.0,0,0,I,PERIODIC,-96.0,-11.0,19.0,f4,0,0
8833,2026.01.01,07.18.40,-87.901216,42.340121,-97,-11,20.0,1,1,D,PERIODIC,-96.0,-11.0,19.0,f4,0,0
8834,2026.01.01,07.18.41,-87.901216,42.340121,-97,-11,20.0,0,0,I,PERIODIC,-97.0,-9.0,20.0,f4,0,0
8835,2026.01.01,07.18.42,-87.901216,42.340121,-97,-11,20.0,0,0,I,PERIODIC,-97.0,-9.0,17.0,f4,0,0
8836,2026.01.01,07.18.43,-87.901216,42.340121,-97,-11,20.0,0,0,I,PERIODIC,-97.0,-9.0,17.0,f4,0,0
8837,2026.01.01,07.18.44,-87.901216,42.340121,-97,-11,20.0,0,0,I,PERIODIC,-97.0,-12.0,17.0,f4,0,0
8838,2026.01.01,07.18.45,-87.901216,42.340121,-97,-11,20.0,0,0,I,PERIODIC,-97.0,-12.0,17.0,f4,0,0
8839,2026.01.01,07.18.46,-87.901216,42.340121,-97,-11,20.0,0,0,I,PERIODIC,-98.0,-8.0,17.0,f4,0,0
8840,2026.01.01,07.18.47,-87.901216,42.340121,-97,-11,20.0,14,14,D,PERIODIC,-98.0,-8.0,17.0,f4,0,0
8841,2026.01.01,07.18.48,-87.901216,42.340121,-97,-11,20.0,4,4,D,PERIODIC,-98.0,-8.0,17.0,f4,0,0
8842,2026.01.01,07.18.49,-87.901216,42.340121,-98,-11,20.0,0,0,D,PERIODIC,-98.0,-9.0,18.0,f4,0,0
8843,2026.01.01,07.18.50,-87.901216,42.340121,-98,-11,20.0,0,0,I,PERIODIC,-98.0,-9.0,18.0,f4,0,0
8844,2026.01.01,07.18.51,-87.901216,42.340121,-98,-11,20.0,0,0,I,PERIODIC,-97.0,-10.0,18.0,f4,0,0
8845,2026.01.01,07.18.52,-87.901216,42.340121,-99,-11,20.0,0,0,I,PERIODIC,-97.0,-8.0,17.0,f4,0,0
8846,2026.01.01,07.18.53,-87.901216,42.340121,-99,-11,20.0,0,0,I,PERIODIC,-97.0,-8.0,17.0,f4,0,0
8847,2026.01.01,07.18.54,-87.901216,42.340121,-99,-11,21.0,0,0,I,PERIODIC,-97.0,-8.0,17.0,f4,0,0
8848,2026.01.01,07.18.55,-87.901216,42.340121,-99,-11,20.0,0,0,I,PERIODIC,-97.0,-9.0,9.0,f4,0,0
8849,2026.01.01,07.18.56,-87.901216,42.340121,-101,-11,20.0,0,0,I,PERIODIC,-96.0,-9.0,17.0,f4,0,0
8850,2026.01.01,07.18.57,-87.901216,42.340121,-101,-11,20.0,0,1,D,PERIODIC,-96.0,-9.0,17.0,f4,0,0
8851,2026.01.01,07.18.58,-87.901216,42.340121,-101,-11,20.0,11,14,D,PERIODIC,-96.0,-9.0,17.0,f4,0,0
8852,2026.01.01,07.18.59,-87.901216,42.340121,-101,-11,20.0,0,0,I,PERIODIC,-96.0,-9.0,17.0,f4,0,0
8853,2026.01.01,07.19.00,-87.901216,42.340121,-101,-11,20.0,4,4,D,PERIODIC,-96.0,-8.0,17.0,f4,0,0
8854,2026.01.01,07.19.01,-87.901216,42.340121,-101,-11,20.0,4,4,D,PERIODIC,-96.0,-8.0,17.0,f4,0,0
8855,2026.01.01,07.19.02,-87.901216,42.340121,-101,-11,20.0,0,0,D,PERIODIC,-95.0,-8.0,17.0,f4,0,0
8856,2026.01.01,07.19.03,-87.901216,42.340121,-101,-11,20.0,0,0,I,PERIODIC,-95.0,-8.0,17.0,f4,0,0
8857,2026.01.01,07.19.04,-87.901216,42.340121,-101,-11,16.0,0,0,I,PERIODIC,-95.0,-8.0,17.0,f4,0,0
3042,2025.11.11,13.56.39,-90.120275,29.934104,-102,-14,-10.0,0,0,I,LOG START,-106.0,-14.0,4.0,h00,0,0
3043,2025.11.11,13.56.39,-90.120275,29.934104,-102,-14,-10.0,0,0,I,PERIODIC,-106.0,-14.0,4.0,h00,0,0
3044,2025.11.11,13.56.39,-90.120275,29.934104,-102,-14,-10.0,0,0,I,,-106.0,-14.0,4.0,h00,0,0
3045,2025.11.11,13.56.40,-90.120275,29.934104,-102,-15,-10.0,0,0,I,PERIODIC,-104.0,-14.0,4.0,h00,0,0
3046,2025.11.11,13.56.41,-90.120275,29.934104,-102,-15,-10.0,0,0,I,PERIODIC,-104.0,-14.0,4.0,h00,0,0
3047,2025.11.11,13.56.42,-90.120275,29.934104,-105,-15,-15.0,1,1,D,PERIODIC,-105.0,-14.0,6.0,h00,0,0
3048,2025.11.11,13.56.43,-90.120275,29.934104,-105,-15,-15.0,0,0,D,PERIODIC,-105.0,-14.0,6.0,h00,0,0
3049,2025.11.11,13.56.44,-90.120275,29.934104,-105,-15,-15.0,9,10,D,PERIODIC,-105.0,-14.0,6.0,h00,0,0
3050,2025.11.11,13.56.45,-90.120275,29.934104,-105,-15,-15.0,0,0,I,PERIODIC,-105.0,-14.0,6.0,h00,0,0
3051,2025.11.11,13.56.46,-90.120275,29.934104,-105,-15,-15.0,0,0,I,PERIODIC,-105.0,-14.0,6.0,h00,0,0
3052,2025.11.11,13.56.47,-90.120275,29.934104,-105,-15,-15.0,0,0,I,PERIODIC,-104.0,-13.0,6.0,h00,0,0
3053,2025.11.11,13.56.48,-90.120275,29.934104,-105,-15,-15.0,0,0,I,PERIODIC,-105.0,-13.0,6.0,h00,0,0
3054,2025.11.11,13.56.49,-90.120275,29.934104,-105,-15,-15.0,5,5,D,PERIODIC,-105.0,-13.0,6.0,h00,0,0
3055,2025.11.11,13.56.50,-90.120275,29.934104,-105,-15,-15.0,0,0,I,PERIODIC,-104.0,-14.0,6.0,h00,0,0
3056,2025.11.11,13.56.51,-90.120275,29.934104,-105,-15,-15.0,0,0,I,PERIODIC,-104.0,-14.0,6.0,h00,0,0
3057,2025.11.11,13.56.52,-90.120275,29.934104,-106,-15,-20.0,4,4,D,PERIODIC,-104.0,-13.0,8.0,h00,0,0
3058,2025.11.11,13.56.53,-90.120275,29.934104,-106,-15,-20.0,0,0,D,PERIODIC,-104.0,-13.0,8.0,h00,0,0
3059,2025.11.11,13.56.54,-90.120275,29.934104,-106,-15,-20.0,0,0,I,PERIODIC,-105.0,-14.0,8.0,h00,0,0
3060,2025.11.11,13.56.55,-90.120275,29.934104,-106,-15,-20.0,0,0,I,PERIODIC,-105.0,-14.0,8.0,h00,0,0
3061,2025.11.11,13.56.56,-90.120275,29.934104,-107,-17,-3.0,11,12,D,PERIODIC,-105.0,-14.0,5.0,h00,0,0
3062,2025.11.11,13.56.57,-90.120275,29.934104,-107,-17,-3.0,3,3,D,PERIODIC,-105.0,-14.0,5.0,h00,0,0
3063,2025.11.11,13.56.58,-90.120275,29.934104,-106,-16,-3.0,1,1,D,PERIODIC,-105.0,-13.0,7.0,h00,0,0
3064,2025.11.11,13.56.59,-90.120275,29.934104,-106,-16,-3.0,0,0,D,PERIODIC,-105.0,-13.0,7.0,h00,0,0
3065,2025.11.11,13.57.00,-90.120275,29.934104,-106,-16,-3.0,0,0,I,PERIODIC,-105.0,-13.0,7.0,h00,0,0
3066,2025.11.11,13.57.01,-90.120275,29.934104,-106,-16,-3.0,0,0,I,PERIODIC,-105.0,-13.0,7.0,h00,0,0
3067,2025.11.11,13.57.02,-90.120275,29.934104,-106,-16,-3.0,0,0,D,PERIODIC,-105.0,-14.0,7.0,h00,0,0
3068,2025.11.11,13.57.03,-90.120275,29.934104,-106,-16,-3.0,0,0,I,PERIODIC,-105.0,-14.0,7.0,h00,0,0
3069,2025.11.11,13.57.04,-90.120275,29.934104,-106,-16,-3.0,0,0,I,PERIODIC,-105.0,-14.0,7.0,h00,0,0
3070,2025.11.11,13.57.05,-90.120275,29.934104,-106,-16,-3.0,172,174,D,PERIODIC,-105.0,-14.0,7.0,h00,0,0
3071,2025.11.11,13.57.06,-90.120275,29.934104,-106,-16,-3.0,32,34,D,PERIODIC,-105.0,-13.0,7.0,h00,0,0
3072,2025.11.11,13.57.07,-90.120275,29.934104,-106,-16,-3.0,54,44,D,PERIODIC,-105.0,-13.0,7.0,h00,0,0
3073,2025.11.11,13.57.08,-90.120275,29.934104,-106,-16,-3.0,9,8,D,PERIODIC,-104.0,-13.0,7.0,h00,0,0
3074,2025.11.11,13.57.09,-90.120275,29.934104,-106,-16,-3.0,12553,14643,D,PERIODIC,-104.0,-13.0,7.0,h00,0,0
3075,2025.11.11,13.57.10,-90.120275,29.934104,-106,-16,-3.0,0,0,D,PERIODIC,-104.0,-13.0,7.0,h00,0,0
3076,2025.11.11,13.57.11,-90.120275,29.934104,-106,-16,-3.0,0,0,I,PERIODIC,-104.0,-13.0,8.0,h00,0,0
3077,2025.11.11,13.57.12,-90.120275,29.934104,-106,-16,-3.0,0,0,I,PERIODIC,-105.0,-12.0,8.0,h00,0,0
3078,2025.11.11,13.57.13,-90.120275,29.934104,-106,-16,-2.0,0,0,I,PERIODIC,-105.0,-12.0,8.0,h00,0,0
3079,2025.11.11,13.57.14,-90.120275,29.934104,-106,-16,-2.0,35151,531,D,PERIODIC,-104.0,-11.0,9.0,h00,0,0
3080,2025.11.11,13.57.15,-90.120275,29.934104,-106,-16,-2.0,0,0,D,PERIODIC,-104.0,-11.0,9.0,h00,0,0
3081,2025.11.11,13.57.16,-90.120275,29.934104,-106,-16,-2.0,1,1,D,PERIODIC,-104.0,-11.0,9.0,h00,0,0
3082,2025.11.11,13.57.17,-90.120275,29.934104,-106,-16,-2.0,4,4,D,PERIODIC,-104.0,-12.0,9.0,h00,0,0
3083,2025.11.11,13.57.18,-90.120275,29.934104,-106,-16,-2.0,0,0,D,PERIODIC,-104.0,-14.0,9.0,h00,0,0
3084,2025.11.11,13.57.19,-90.120275,29.934104,-106,-16,-2.0,34240,1191,D,PERIODIC,-104.0,-14.0,9.0,h00,0,0
3085,2025.11.11,13.57.20,-90.120275,29.934104,-106,-16,-2.0,0,0,D,PERIODIC,-104.0,-11.0,6.0,h00,0,0
3086,2025.11.11,13.57.21,-90.120275,29.934104,-106,-16,-1.0,5,5,D,PERIODIC,-104.0,-11.0,6.0,h00,0,0
3087,2025.11.11,13.57.22,-90.120275,29.934104,-105,-15,-15.0,7,9,D,PERIODIC,-104.0,-13.0,8.0,h00,0,0
3088,2025.11.11,13.57.23,-90.120275,29.934104,-105,-15,-15.0,0,0,D,PERIODIC,-104.0,-13.0,8.0,h00,0,0
3089,2025.11.11,13.57.24,-90.120275,29.934104,-105,-15,-15.0,0,0,I,PERIODIC,-104.0,-12.0,8.0,h00,0,0
3090,2025.11.11,13.57.25,-90.120275,29.934104,-105,-15,-15.0,0,0,D,PERIODIC,-104.0,-12.0,8.0,h00,0,0
3091,2025.11.11,13.57.26,-90.120275,29.934104,-106,-16,-3.0,3,0,D,PERIODIC,-103.0,-13.0,9.0,h00,0,0
3092,2025.11.11,13.57.27,-90.120275,29.934104,-106,-16,-3.0,3,1,D,PERIODIC,-103.0,-13.0,9.0,h00,0,0
3093,2025.11.11,13.57.28,-90.120275,29.934104,-106,-16,-3.0,0,0,I,PERIODIC,-104.0,-12.0,9.0,h00,0,0
3094,2025.11.11,13.57.29,-90.120275,29.934104,-106,-16,-3.0,56873,1384,D,PERIODIC,-104.0,-12.0,9.0,h00,0,0
3095,2025.11.11,13.57.30,-90.120275,29.934104,-106,-16,-3.0,0,0,D,PERIODIC,-103.0,-14.0,9.0,h00,0,0
3096,2025.11.11,13.57.31,-90.120275,29.934104,-106,-16,-3.0,0,0,I,PERIODIC,-103.0,-14.0,9.0,h00,0,0
3097,2025.11.11,13.57.32,-90.120275,29.934104,-106,-16,-3.0,0,0,I,PERIODIC,-103.0,-14.0,9.0,h00,0,0
3098,2025.11.11,13.57.33,-90.120275,29.934104,-106,-16,-3.0,0,0,I,PERIODIC,-103.0,-14.0,9.0,h00,0,0
3099,2025.11.11,13.57.34,-90.120275,29.934104,-106,-16,-3.0,29062,458,D,PERIODIC,-104.0,-13.0,9.0,h00,0,0
3100,2025.11.11,13.57.35,-90.120275,29.934104,-106,-16,-3.0,0,0,D,PERIODIC,-104.0,-13.0,9.0,h00,0,0
3101,2025.11.11,13.57.36,-90.120275,29.934104,-106,-15,-3.0,0,0,I,PERIODIC,-105.0,-13.0,9.0,h00,0,0
3102,2025.11.11,13.57.37,-90.120275,29.934104,-106,-15,-1.0,1,1,D,PERIODIC,-105.0,-13.0,9.0,h00,0,0
3103,2025.11.11,13.57.38,-90.120275,29.934104,-105,-15,0.0,0,0,D,PERIODIC,-104.0,-13.0,8.0,h00,0,0
3104,2025.11.11,13.57.39,-90.120275,29.934104,-105,-15,0.0,99693,850,D,PERIODIC,-104.0,-13.0,8.0,h00,0,0
3105,2025.11.11,13.57.40,-90.120275,29.934104,-105,-15,0.0,0,0,D,PERIODIC,-104.0,-13.0,8.0,h00,0,0
3106,2025.11.11,13.57.41,-90.120275,29.934104,-105,-15,0.0,1,1,D,PERIODIC,-104.0,-13.0,8.0,h00,0,0
3107,2025.11.11,13.57.42,-90.120275,29.934104,-105,-15,0.0,0,0,I,PERIODIC,-104.0,-13.0,8.0,h00,0,0
3108,2025.11.11,13.57.43,-90.120275,29.934104,-105,-15,0.0,0,0,I,PERIODIC,-104.0,-13.0,8.0,h00,0,0
3109,2025.11.11,13.57.44,-90.120275,29.934104,-106,-16,-4.0,0,0,I,PERIODIC,-104.0,-12.0,9.0,h00,0,0
3110,2025.11.11,13.57.45,-90.120275,29.934104,-106,-16,-3.0,105929,908,D,PERIODIC,-104.0,-12.0,9.0,h00,0,0
3111,2025.11.11,13.57.46,-90.120275,29.934104,-105,-15,-3.0,0,0,I,PERIODIC,-103.0,-13.0,11.0,h00,0,0
3112,2025.11.11,13.57.47,-90.120275,29.934104,-105,-15,-3.0,0,0,I,PERIODIC,-103.0,-13.0,11.0,h00,0,0
3113,2025.11.11,13.57.48,-90.120275,29.934104,-104,-15,-3.0,0,0,I,PERIODIC,-103.0,-13.0,8.0,h00,0,0
3114,2025.11.11,13.57.49,-90.120275,29.934104,-104,-15,-3.0,72047,725,D,PERIODIC,-103.0,-13.0,8.0,h00,0,0
3115,2025.11.11,13.57.50,-90.120275,29.934104,-105,-15,-3.0,0,1,D,PERIODIC,-102.0,-14.0,9.0,h00,0,0
3116,2025.11.11,13.57.51,-90.120275,29.934104,-105,-15,-3.0,88,88,D,PERIODIC,-102.0,-14.0,9.0,h00,0,0
3117,2025.11.11,13.57.52,-90.120275,29.934104,-105,-15,-3.0,1,1,D,PERIODIC,-104.0,-13.0,9.0,h00,0,0
3118,2025.11.11,13.57.53,-90.120275,29.934104,-105,-15,-3.0,0,0,D,PERIODIC,-104.0,-13.0,9.0,h00,0,0
3119,2025.11.11,13.57.54,-90.120275,29.934104,-104,-15,-2.0,36296,3779,D,PERIODIC,-104.0,-13.0,8.0,h00,0,0
3120,2025.11.11,13.57.55,-90.120275,29.934104,-104,-15,-1.0,0,0,D,PERIODIC,-104.0,-13.0,8.0,h00,0,0
3121,2025.11.11,13.57.56,-90.120275,29.934104,-105,-15,-2.0,0,0,I,PERIODIC,-103.0,-13.0,7.0,h00,0,0
3122,2025.11.11,13.57.57,-90.120275,29.934104,-105,-15,-2.0,0,0,D,PERIODIC,-103.0,-13.0,7.0,h00,0,0
3123,2025.11.11,13.57.58,-90.120275,29.934104,-105,-15,-2.0,0,0,I,PERIODIC,-103.0,-13.0,7.0,h00,0,0
3124,2025.11.11,13.57.59,-90.120275,29.934104,-105,-15,-2.0,36044,390,D,PERIODIC,-103.0,-13.0,7.0,h00,0,0
3125,2025.11.11,13.58.00,-90.120275,29.934104,-105,-15,-2.0,0,0,D,PERIODIC,-102.0,-13.0,7.0,h00,0,0
3126,2025.11.11,13.58.01,-90.120275,29.934104,-105,-15,-2.0,0,0,I,PERIODIC,-102.0,-13.0,7.0,h00,0,0
3127,2025.11.11,13.58.02,-90.120275,29.934104,-105,-15,-2.0,0,0,I,PERIODIC,-105.0,-12.0,7.0,h00,0,0
3128,2025.11.11,13.58.03,-90.120275,29.934104,-105,-15,-2.0,0,0,I,PERIODIC,-105.0,-12.0,7.0,h00,0,0
3129,2025.11.11,13.58.04,-90.120275,29.934104,-105,-15,-2.0,0,459,D,PERIODIC,-105.0,-11.0,7.0,h00,0,0
3130,2025.11.11,13.58.05,-90.120275,29.934104,-105,-15,-3.0,0,0,D,PERIODIC,-105.0,-11.0,7.0,h00,0,0
3131,2025.11.11,13.58.06,-90.120275,29.934104,-108,-17,-3.0,0,0,I,PERIODIC,-104.0,-13.0,7.0,h00,0,0
3132,2025.11.11,13.58.07,-90.120275,29.934104,-108,-17,-3.0,59,60,D,PERIODIC,-104.0,-13.0,7.0,h00,0,0
3133,2025.11.11,13.58.08,-90.120275,29.934104,-108,-17,-3.0,0,0,D,PERIODIC,-103.0,-13.0,8.0,h00,0,0
3134,2025.11.11,13.58.09,-90.120275,29.934104,-108,-17,-3.0,31604,314,D,PERIODIC,-103.0,-13.0,8.0,h00,0,0
3135,2025.11.11,13.58.10,-90.120275,29.934104,-108,-17,-3.0,21,21,D,PERIODIC,-103.0,-13.0,8.0,h00,0,0
3136,2025.11.11,13.58.11,-90.120275,29.934104,-108,-17,-3.0,0,0,D,PERIODIC,-103.0,-13.0,8.0,h00,0,0
3137,2025.11.11,13.58.12,-90.120275,29.934104,-107,-16,-3.0,4,4,D,PERIODIC,-104.0,-12.0,7.0,h00,0,0
3138,2025.11.11,13.58.13,-90.120275,29.934104,-107,-16,-3.0,0,0,I,PERIODIC,-104.0,-12.0,7.0,h00,0,0
3139,2025.11.11,13.58.14,-90.120275,29.934104,-107,-16,-4.0,51997,592,D,PERIODIC,-104.0,-13.0,8.0,h00,0,0
3140,2025.11.11,13.58.15,-90.120275,29.934104,-107,-16,-4.0,0,0,D,PERIODIC,-104.0,-13.0,8.0,h00,0,0
3141,2025.11.11,13.58.16,-90.120275,29.934104,-106,-16,-3.0,0,0,I,PERIODIC,-104.0,-13.0,8.0,h00,0,0
3142,2025.11.11,13.58.17,-90.120275,29.934104,-106,-16,-3.0,3,3,D,PERIODIC,-104.0,-13.0,8.0,h00,0,0
3143,2025.11.11,13.58.18,-90.120275,29.934104,-106,-15,-3.0,13,13,D,PERIODIC,-104.0,-13.0,9.0,h00,0,0
3144,2025.11.11,13.58.19,-90.120275,29.934104,-106,-15,-3.0,78042,1142,D,PERIODIC,-104.0,-13.0,9.0,h00,0,0
3145,2025.11.11,13.58.20,-90.120275,29.934104,-106,-16,-2.0,0,0,D,PERIODIC,-103.0,-11.0,7.0,h00,0,0
3146,2025.11.11,13.58.21,-90.120275,29.934104,-106,-16,-2.0,0,0,I,PERIODIC,-103.0,-11.0,7.0,h00,0,0
3147,2025.11.11,13.58.22,-90.120275,29.934104,-106,-16,-2.0,0,0,I,PERIODIC,-105.0,-13.0,7.0,h00,0,0
3148,2025.11.11,13.58.23,-90.120275,29.934104,-106,-16,-2.0,0,0,I,PERIODIC,-105.0,-13.0,7.0,h00,0,0
3149,2025.11.11,13.58.24,-90.120275,29.934104,-106,-16,-2.0,40784,418,D,PERIODIC,-103.0,-14.0,7.0,h00,0,0
3150,2025.11.11,13.58.25,-90.120275,29.934104,-106,-16,-2.0,6,4,D,PERIODIC,-103.0,-14.0,7.0,h00,0,0
3151,2025.11.11,13.58.26,-90.120275,29.934104,-105,-16,-3.0,1,1,D,PERIODIC,-104.0,-14.0,6.0,h00,0,0
3152,2025.11.11,13.58.27,-90.120275,29.934104,-105,-16,-2.0,0,0,D,PERIODIC,-104.0,-14.0,6.0,h00,0,0
3153,2025.11.11,13.58.28,-90.120275,29.934104,-106,-16,-2.0,3,5,D,PERIODIC,-104.0,-14.0,8.0,h00,0,0
3154,2025.11.11,13.58.29,-90.120275,29.934104,-106,-16,-2.0,48068,1357,D,PERIODIC,-104.0,-14.0,8.0,h00,0,0
3155,2025.11.11,13.58.30,-90.120275,29.934104,-106,-16,-2.0,0,0,D,PERIODIC,-105.0,-13.0,8.0,h00,0,0
3156,2025.11.11,13.58.31,-90.120275,29.934104,-106,-16,-2.0,0,0,I,PERIODIC,-105.0,-13.0,8.0,h00,0,0
3157,2025.11.11,13.58.32,-90.120275,29.934104,-106,-16,-2.0,0,0,I,PERIODIC,-103.0,-14.0,8.0,h00,0,0
3158,2025.11.11,13.58.33,-90.120275,29.934104,-106,-16,-1.0,0,0,I,PERIODIC,-103.0,-14.0,8.0,h00,0,0
3159,2025.11.11,13.58.34,-90.120275,29.934104,-105,-15,-2.0,0,0,I,PERIODIC,-104.0,-14.0,7.0,h00,0,0
3160,2025.11.11,13.58.35,-90.120275,29.934104,-105,-15,-2.0,48389,439,D,PERIODIC,-104.0,-14.0,7.0,h00,0,0
3161,2025.11.11,13.58.36,-90.120275,29.934104,-105,-15,-2.0,1,3,D,PERIODIC,-104.0,-13.0,7.0,h00,0,0
3162,2025.11.11,13.58.37,-90.120275,29.934104,-105,-15,-2.0,31,17,D,PERIODIC,-104.0,-13.0,7.0,h00,0,0
3163,2025.11.11,13.58.38,-90.120275,29.934104,-105,-15,-2.0,0,0,D,PERIODIC,-105.0,-13.0,7.0,h00,0,0
3164,2025.11.11,13.58.39,-90.120275,29.934104,-105,-15,-1.0,0,0,I,PERIODIC,-105.0,-13.0,7.0,h00,0,0
3165,2025.11.11,13.58.40,-90.120275,29.934104,-105,-15,-20.0,47939,0,D,PERIODIC,-105.0,-14.0,10.0,h00,0,0
3166,2025.11.11,13.58.41,-90.120275,29.934104,-105,-15,-20.0,0,0,I,PERIODIC,-105.0,-14.0,10.0,h00,0,0
3167,2025.11.11,13.58.42,-90.120275,29.934104,-105,-15,-20.0,0,0,I,PERIODIC,-104.0,-12.0,10.0,h00,0,0
3168,2025.11.11,13.58.43,-90.120275,29.934104,-105,-15,-20.0,0,0,I,PERIODIC,-104.0,-12.0,10.0,h00,0,0
3169,2025.11.11,13.58.44,-90.120275,29.934104,-105,-15,-20.0,39051,402,D,PERIODIC,-103.0,-14.0,10.0,h00,0,0
3170,2025.11.11,13.58.45,-90.120275,29.934104,-105,-15,-20.0,0,0,D,PERIODIC,-103.0,-14.0,10.0,h00,0,0
3171,2025.11.11,13.58.46,-90.120275,29.934104,-106,-16,-4.0,0,0,I,PERIODIC,-103.0,-12.0,9.0,h00,0,0
3172,2025.11.11,13.58.47,-90.120275,29.934104,-106,-16,-3.0,0,0,I,PERIODIC,-103.0,-12.0,9.0,h00,0,0
3173,2025.11.11,13.58.48,-90.120275,29.934104,-107,-16,-3.0,0,0,I,PERIODIC,-104.0,-12.0,11.0,h00,0,0
3174,2025.11.11,13.58.49,-90.120275,29.934104,-107,-16,-3.0,49869,533,D,PERIODIC,-104.0,-12.0,11.0,h00,0,0
3175,2025.11.11,13.58.50,-90.120275,29.934104,-107,-16,-3.0,0,0,D,PERIODIC,-104.0,-12.0,9.0,h00,0,0
3176,2025.11.11,13.58.51,-90.120275,29.934104,-107,-16,-3.0,0,0,I,PERIODIC,-104.0,-12.0,9.0,h00,0,0
3177,2025.11.11,13.58.52,-90.120275,29.934104,-107,-16,-3.0,0,0,I,PERIODIC,-104.0,-13.0,9.0,h00,0,0
3178,2025.11.11,13.58.53,-90.120275,29.934104,-107,-16,-3.0,8,11,D,PERIODIC,-104.0,-13.0,9.0,h00,0,0
3179,2025.11.11,13.58.54,-90.120275,29.934104,-106,-16,-3.0,55097,471,D,PERIODIC,-103.0,-11.0,9.0,h00,0,0
3180,2025.11.11,13.58.55,-90.120275,29.934104,-106,-16,-2.0,0,0,D,PERIODIC,-103.0,-11.0,9.0,h00,0,0
3181,2025.11.11,13.58.56,-90.120275,29.934104,-106,-15,-2.0,6,0,D,PERIODIC,-103.0,-15.0,11.0,h00,0,0
3182,2025.11.11,13.58.57,-90.120275,29.934104,-106,-15,-2.0,5,5,D,PERIODIC,-103.0,-15.0,11.0,h00,0,0
3183,2025.11.11,13.58.58,-90.120275,29.934104,-105,-15,-20.0,2,2,D,PERIODIC,-103.0,-14.0,9.0,h00,0,0
3184,2025.11.11,13.58.59,-90.120275,29.934104,-105,-15,-20.0,0,2041,D,PERIODIC,-103.0,-14.0,9.0,h00,0,0
3185,2025.11.11,13.59.00,-90.120275,29.934104,-105,-15,-20.0,0,0,D,PERIODIC,-103.0,-14.0,9.0,h00,0,0
3186,2025.11.11,13.59.01,-90.120275,29.934104,-105,-15,-10.0,0,0,I,PERIODIC,-104.0,-12.0,9.0,h00,0,0
3187,2025.11.11,13.59.02,-90.120275,29.934104,-105,-15,-10.0,0,0,I,PERIODIC,-104.0,-13.0,9.0,h00,0,0
3188,2025.11.11,13.59.03,-90.120275,29.934104,-105,-15,-10.0,0,0,I,PERIODIC,-104.0,-13.0,9.0,h00,0,0
3189,2025.11.11,13.59.04,-90.120275,29.934104,-105,-15,-10.0,41632,2163,D,PERIODIC,-104.0,-14.0,9.0,h00,0,0
3190,2025.11.11,13.59.05,-90.120275,29.934104,-105,-15,-10.0,0,0,D,PERIODIC,-104.0,-14.0,9.0,h00,0,0
3191,2025.11.11,13.59.06,-90.120275,29.934104,-105,-15,-10.0,0,0,I,PERIODIC,-103.0,-12.0,9.0,h00,0,0
3192,2025.11.11,13.59.07,-90.120275,29.934104,-105,-15,-10.0,0,0,I,PERIODIC,-103.0,-12.0,9.0,h00,0,0
3193,2025.11.11,13.59.08,-90.120275,29.934104,-105,-15,-10.0,0,0,I,PERIODIC,-103.0,-13.0,9.0,h00,0,0
3194,2025.11.11,13.59.09,-90.120275,29.934104,-105,-15,-10.0,0,327,D,PERIODIC,-103.0,-13.0,9.0,h00,0,0
3195,2025.11.11,13.59.10,-90.120275,29.934104,-105,-15,-10.0,0,0,D,PERIODIC,-104.0,-13.0,9.0,h00,0,0
3196,2025.11.11,13.59.11,-90.120275,29.934104,-105,-15,-10.0,0,0,I,PERIODIC,-104.0,-13.0,9.0,h00,0,0
3197,2025.11.11,13.59.12,-90.120275,29.934104,-105,-15,-10.0,0,0,I,PERIODIC,-104.0,-13.0,9.0,h00,0,0
3198,2025.11.11,13.59.13,-90.120275,29.934104,-105,-15,-10.0,0,0,I,PERIODIC,-104.0,-13.0,9.0,h00,0,0
3199,2025.11.11,13.59.14,-90.120275,29.934104,-108,-17,-3.0,40536,520,D,PERIODIC,-104.0,-13.0,9.0,h00,0,0
3200,2025.11.11,13.59.15,-90.120275,29.934104,-108,-17,-2.0,0,0,D,PERIODIC,-104.0,-13.0,9.0,h00,0,0
3201,2025.11.11,13.59.16,-90.120275,29.934104,-106,-16,-2.0,0,0,I,PERIODIC,-102.0,-13.0,8.0,h00,0,0
3202,2025.11.11,13.59.17,-90.120275,29.934104,-106,-16,-2.0,3,3,D,PERIODIC,-102.0,-13.0,8.0,h00,0,0
3203,2025.11.11,13.59.18,-90.120275,29.934104,-106,-16,-2.0,0,0,D,PERIODIC,-104.0,-13.0,8.0,h00,0,0
3204,2025.11.11,13.59.19,-90.120275,29.934104,-106,-16,-2.0,0,0,I,PERIODIC,-104.0,-13.0,8.0,h00,0,0
3205,2025.11.11,13.59.20,-90.120275,29.934104,-106,-16,-2.0,103328,0,D,PERIODIC,-104.0,-12.0,8.0,h00,0,0
3206,2025.11.11,13.59.21,-90.120275,29.934104,-106,-16,-2.0,0,0,I,PERIODIC,-104.0,-12.0,8.0,h00,0,0
3207,2025.11.11,13.59.22,-90.120275,29.934104,-106,-16,-2.0,4,5,D,PERIODIC,-104.0,-13.0,8.0,h00,0,0
3208,2025.11.11,13.59.23,-90.120275,29.934104,-106,-16,-2.0,3,3,D,PERIODIC,-104.0,-13.0,8.0,h00,0,0
3209,2025.11.11,13.59.24,-90.120275,29.934104,-104,-15,-10.0,74892,792,D,PERIODIC,-102.0,-12.0,9.0,h00,0,0
3210,2025.11.11,13.59.25,-90.120275,29.934104,-104,-15,-10.0,5,5,D,PERIODIC,-102.0,-12.0,9.0,h00,0,0
3211,2025.11.11,13.59.26,-90.120275,29.934104,-105,-15,-2.0,5,5,D,PERIODIC,-104.0,-13.0,9.0,h00,0,0
3212,2025.11.11,13.59.27,-90.120275,29.934104,-105,-15,-2.0,0,0,D,PERIODIC,-104.0,-13.0,9.0,h00,0,0
3213,2025.11.11,13.59.28,-90.120275,29.934104,-105,-15,-2.0,0,0,I,PERIODIC,-104.0,-13.0,9.0,h00,0,0
3214,2025.11.11,13.59.29,-90.120275,29.934104,-105,-15,-2.0,73795,1741,D,PERIODIC,-104.0,-13.0,9.0,h00,0,0
3215,2025.11.11,13.59.30,-90.120275,29.934104,-105,-15,-2.0,0,0,D,PERIODIC,-103.0,-11.0,9.0,h00,0,0
3216,2025.11.11,13.59.31,-90.120275,29.934104,-105,-15,-2.0,0,0,I,PERIODIC,-103.0,-11.0,9.0,h00,0,0
3217,2025.11.11,13.59.32,-90.120275,29.934104,-105,-15,-2.0,0,0,I,PERIODIC,-104.0,-13.0,9.0,h00,0,0
3218,2025.11.11,13.59.33,-90.120275,29.934104,-105,-15,-3.0,0,0,I,PERIODIC,-104.0,-13.0,9.0,h00,0,0
3219,2025.11.11,13.59.34,-90.120275,29.934104,-108,-17,-3.0,67320,987,D,PERIODIC,-104.0,-13.0,10.0,h00,0,0
3220,2025.11.11,13.59.35,-90.120275,29.934104,-108,-17,-3.0,0,0,D,PERIODIC,-104.0,-13.0,10.0,h00,0,0
3221,2025.11.11,13.59.36,-90.120275,29.934104,-108,-16,-3.0,0,0,I,PERIODIC,-104.0,-13.0,9.0,h00,0,0
3222,2025.11.11,13.59.37,-90.120275,29.934104,-108,-16,-3.0,0,0,I,PERIODIC,-104.0,-13.0,9.0,h00,0,0
3223,2025.11.11,13.59.38,-90.120275,29.934104,-108,-16,-3.0,0,0,I,PERIODIC,-104.0,-12.0,9.0,h00,0,0
3224,2025.11.11,13.59.39,-90.120275,29.934104,-108,-16,-3.0,102712,891,D,PERIODIC,-104.0,-12.0,9.0,h00,0,0
3225,2025.11.11,13.59.40,-90.120275,29.934104,-108,-16,-3.0,0,0,D,PERIODIC,-104.0,-12.0,9.0,h00,0,0
3226,2025.11.11,13.59.41,-90.120275,29.934104,-108,-16,-3.0,9,9,D,PERIODIC,-104.0,-12.0,9.0,h00,0,0
3227,2025.11.11,13.59.42,-90.120275,29.934104,-108,-16,-3.0,0,0,I,PERIODIC,-104.0,-12.0,9.0,h00,0,0
3228,2025.11.11,13.59.43,-90.120275,29.934104,-108,-16,-3.0,0,0,I,PERIODIC,-104.0,-12.0,9.0,h00,0,0
3229,2025.11.11,13.59.44,-90.120275,29.934104,-107,-17,-3.0,0,0,I,PERIODIC,-103.0,-13.0,9.0,h00,0,0
3230,2025.11.11,13.59.45,-90.120275,29.934104,-107,-17,-3.0,0,0,I,PERIODIC,-103.0,-13.0,9.0,h00,0,0
3231,2025.11.11,13.59.46,-90.120275,29.934104,-107,-16,-3.0,0,0,I,PERIODIC,-104.0,-11.0,8.0,h00,0,0
3232,2025.11.11,13.59.47,-90.120275,29.934104,-107,-16,-3.0,0,0,I,PERIODIC,-104.0,-11.0,8.0,h00,0,0
3233,2025.11.11,13.59.48,-90.120275,29.934104,-106,-16,-3.0,8,6,D,PERIODIC,-104.0,-12.0,10.0,h00,0,0
3234,2025.11.11,13.59.49,-90.120275,29.934104,-106,-16,-3.0,47033,796,D,PERIODIC,-104.0,-12.0,10.0,h00,0,0
3235,2025.11.11,13.59.50,-90.120275,29.934104,-106,-16,-3.0,0,0,D,PERIODIC,-104.0,-11.0,10.0,h00,0,0
3236,2025.11.11,13.59.51,-90.120275,29.934104,-106,-16,-3.0,0,0,I,PERIODIC,-104.0,-11.0,10.0,h00,0,0
3237,2025.11.11,13.59.52,-90.120275,29.934104,-106,-16,-3.0,0,0,I,PERIODIC,-102.0,-14.0,10.0,h00,0,0
3238,2025.11.11,13.59.53,-90.120275,29.934104,-106,-16,-3.0,0,0,I,PERIODIC,-102.0,-14.0,10.0,h00,0,0
3239,2025.11.11,13.59.54,-90.120275,29.934104,-107,-17,-3.0,0,0,I,PERIODIC,-103.0,-12.0,10.0,h00,0,0
3240,2025.11.11,13.59.55,-90.120275,29.934104,-107,-17,-3.0,0,0,I,PERIODIC,-103.0,-12.0,10.0,h00,0,0
3241,2025.11.11,13.59.56,-90.120275,29.934104,-105,-15,-3.0,4,3,D,PERIODIC,-104.0,-13.0,9.0,h00,0,0
3242,2025.11.11,13.59.57,-90.120275,29.934104,-105,-15,-3.0,1,1,D,PERIODIC,-104.0,-13.0,9.0,h00,0,0
3243,2025.11.11,13.59.58,-90.120275,29.934104,-105,-15,-3.0,0,3,D,PERIODIC,-105.0,-13.0,9.0,h00,0,0
3244,2025.11.11,13.59.59,-90.120275,29.934104,-105,-15,-3.0,25213,3560,D,PERIODIC,-105.0,-13.0,9.0,h00,0,0
3245,2025.11.11,14.00.00,-90.120275,29.934104,-105,-15,-3.0,0,0,D,PERIODIC,-104.0,-12.0,9.0,h00,0,0
3246,2025.11.11,14.00.01,-90.120275,29.934104,-105,-15,-3.0,0,0,I,PERIODIC,-104.0,-12.0,9.0,h00,0,0
3247,2025.11.11,14.00.02,-90.120275,29.934104,-105,-15,-3.0,0,0,I,PERIODIC,-103.0,-12.0,9.0,h00,0,0
3248,2025.11.11,14.00.03,-90.120275,29.934104,-105,-15,-2.0,0,0,I,PERIODIC,-103.0,-12.0,9.0,h00,0,0
3249,2025.11.11,14.00.04,-90.120275,29.934104,-106,-16,-2.0,0,0,D,PERIODIC,-102.0,-13.0,11.0,h00,0,0
3250,2025.11.11,14.00.05,-90.120275,29.934104,-106,-16,-3.0,0,0,I,PERIODIC,-102.0,-13.0,11.0,h00,0,0
3251,2025.11.11,14.00.06,-90.120275,29.934104,-106,-16,-3.0,0,0,D,PERIODIC,-102.0,-13.0,7.0,h00,0,0
3252,2025.11.11,14.00.07,-90.120275,29.934104,-106,-16,-3.0,0,0,D,PERIODIC,-102.0,-13.0,7.0,h00,0,0
3253,2025.11.11,14.00.08,-90.120275,29.934104,-106,-16,-3.0,0,0,I,PERIODIC,-102.0,-12.0,7.0,h00,0,0
3254,2025.11.11,14.00.09,-90.120275,29.934104,-106,-16,-3.0,0,0,I,PERIODIC,-102.0,-12.0,7.0,h00,0,0
3255,2025.11.11,14.00.10,-90.120275,29.934104,-104,-15,-20.0,0,0,I,PERIODIC,-103.0,-13.0,9.0,h00,0,0
3256,2025.11.11,14.00.11,-90.120275,29.934104,-104,-15,-20.0,0,0,I,PERIODIC,-103.0,-13.0,9.0,h00,0,0
3257,2025.11.11,14.00.12,-90.120275,29.934104,-104,-15,-10.0,0,0,I,PERIODIC,-103.0,-13.0,9.0,h00,0,0
3258,2025.11.11,14.00.13,-90.120275,29.934104,-104,-15,-10.0,0,0,I,PERIODIC,-103.0,-13.0,9.0,h00,0,0
3259,2025.11.11,14.00.14,-90.120275,29.934104,-104,-14,-5.0,0,0,I,PERIODIC,-103.0,-13.0,6.0,h00,0,0
3260,2025.11.11,14.00.15,-90.120275,29.934104,-104,-14,-5.0,0,0,I,PERIODIC,-103.0,-13.0,6.0,h00,0,0
3261,2025.11.11,14.00.16,-90.120275,29.934104,-106,-15,0.0,0,0,I,PERIODIC,-103.0,-14.0,9.0,h00,0,0
3262,2025.11.11,14.00.17,-90.120275,29.934104,-106,-15,0.0,3,3,D,PERIODIC,-103.0,-14.0,9.0,h00,0,0
3263,2025.11.11,14.00.18,-90.120275,29.934104,-106,-15,0.0,0,0,D,PERIODIC,-103.0,-13.0,9.0,h00,0,0
3264,2025.11.11,14.00.19,-90.120275,29.934104,-106,-15,0.0,0,0,I,PERIODIC,-103.0,-13.0,9.0,h00,0,0
3265,2025.11.11,14.00.20,-90.120275,29.934104,-106,-17,-3.0,0,0,I,PERIODIC,-102.0,-14.0,9.0,h00,0,0
3266,2025.11.11,14.00.21,-90.120275,29.934104,-106,-17,-3.0,0,0,I,PERIODIC,-102.0,-14.0,9.0,h00,0,0
3267,2025.11.11,14.00.22,-90.120275,29.934104,-105,-16,-3.0,0,0,I,PERIODIC,-103.0,-13.0,8.0,h00,0,0
3268,2025.11.11,14.00.23,-90.120275,29.934104,-105,-16,-3.0,9,10,D,PERIODIC,-103.0,-13.0,8.0,h00,0,0
3269,2025.11.11,14.00.24,-90.120275,29.934104,-107,-17,-3.0,0,0,D,PERIODIC,-104.0,-13.0,8.0,h00,0,0
3270,2025.11.11,14.00.25,-90.120275,29.934104,-107,-17,-3.0,7,7,D,PERIODIC,-104.0,-13.0,8.0,h00,0,0
3271,2025.11.11,14.00.26,-90.120275,29.934104,-107,-17,-3.0,1,1,D,PERIODIC,-104.0,-13.0,8.0,h00,0,0
3272,2025.11.11,14.00.27,-90.120275,29.934104,-107,-17,-3.0,0,0,I,PERIODIC,-102.0,-12.0,6.0,h00,0,0
3273,2025.11.11,14.00.28,-90.120275,29.934104,-107,-17,-3.0,1,1,D,PERIODIC,-102.0,-12.0,6.0,h00,0,0
3274,2025.11.11,14.00.29,-90.120275,29.934104,-107,-17,-3.0,0,0,I,PERIODIC,-102.0,-12.0,6.0,h00,0,0
3275,2025.11.11,14.00.30,-90.120275,29.934104,-107,-17,-3.0,0,0,I,PERIODIC,-103.0,-14.0,6.0,h00,0,0
3276,2025.11.11,14.00.31,-90.120275,29.934104,-107,-17,-3.0,0,0,I,PERIODIC,-103.0,-14.0,6.0,h00,0,0
3277,2025.11.11,14.00.32,-90.120275,29.934104,-107,-17,-3.0,0,0,I,PERIODIC,-103.0,-15.0,6.0,h00,0,0
3278,2025.11.11,14.00.33,-90.120275,29.934104,-107,-17,-3.0,1,1,D,PERIODIC,-103.0,-15.0,6.0,h00,0,0
3279,2025.11.11,14.00.34,-90.120275,29.934104,-107,-16,-3.0,0,0,D,PERIODIC,-102.0,-11.0,6.0,h00,0,0
3280,2025.11.11,14.00.35,-90.120275,29.934104,-107,-16,-3.0,0,0,I,PERIODIC,-102.0,-11.0,6.0,h00,0,0
3281,2025.11.11,14.00.36,-90.120275,29.934104,-107,-16,-3.0,0,0,I,PERIODIC,-103.0,-12.0,6.0,h00,0,0
3282,2025.11.11,14.00.37,-90.120275,29.934104,-107,-16,-3.0,17,18,D,PERIODIC,-103.0,-12.0,6.0,h00,0,0
3283,2025.11.11,14.00.38,-90.120275,29.934104,-107,-16,-3.0,0,0,I,PERIODIC,-104.0,-14.0,6.0,h00,0,0
3284,2025.11.11,14.00.39,-90.120275,29.934104,-107,-16,-2.0,1,1,D,PERIODIC,-104.0,-14.0,6.0,h00,0,0
3285,2025.11.11,14.00.40,-90.120275,29.934104,-105,-16,-3.0,0,0,D,PERIODIC,-103.0,-11.0,7.0,h00,0,0
3286,2025.11.11,14.00.41,-90.120275,29.934104,-105,-16,-3.0,0,0,I,PERIODIC,-103.0,-11.0,7.0,h00,0,0
3287,2025.11.11,14.00.42,-90.120275,29.934104,-105,-16,-3.0,4,4,D,PERIODIC,-105.0,-14.0,8.0,h00,0,0
3288,2025.11.11,14.00.43,-90.120275,29.934104,-105,-16,-3.0,0,0,I,PERIODIC,-105.0,-14.0,8.0,h00,0,0
3289,2025.11.11,14.00.44,-90.120275,29.934104,-106,-17,-3.0,0,0,I,PERIODIC,-106.0,-12.0,9.0,h00,0,0
4792,2025.11.11,11.33.13,-90.12024,29.934101,-112,-13,40.0,1,1,D,LOG START,-102.0,-10.0,9.0,h88,0,0
4793,2025.11.11,11.33.14,-90.12024,29.934101,-112,-13,40.0,0,0,I,PERIODIC,-102.0,-10.0,9.0,h88,0,0
4794,2025.11.11,11.33.15,-90.12024,29.934101,-112,-13,40.0,0,0,I,PERIODIC,-103.0,-13.0,9.0,h88,0,0
4795,2025.11.11,11.33.16,-90.12024,29.934101,-112,-13,40.0,0,0,I,PERIODIC,-103.0,-13.0,9.0,h88,0,0
4796,2025.11.11,11.33.17,-90.12024,29.934101,-112,-12,4.0,0,0,I,PERIODIC,-103.0,-13.0,8.0,h88,0,0
4797,2025.11.11,11.33.18,-90.12024,29.934101,-112,-12,4.0,0,0,I,PERIODIC,-103.0,-13.0,8.0,h88,0,0
4798,2025.11.11,11.33.19,-90.12024,29.934101,-112,-12,4.0,0,0,I,PERIODIC,-103.0,-12.0,8.0,h88,0,0
4799,2025.11.11,11.33.20,-90.12024,29.934101,-112,-12,4.0,60,50,D,PERIODIC,-103.0,-12.0,8.0,h88,0,0
4800,2025.11.11,11.33.21,-90.12024,29.934101,-112,-12,4.0,0,0,I,PERIODIC,-103.0,-11.0,8.0,h88,0,0
4801,2025.11.11,11.33.22,-90.12024,29.934101,-112,-12,6.0,6,6,D,PERIODIC,-103.0,-11.0,8.0,h88,0,0
4802,2025.11.11,11.33.23,-90.12024,29.934101,-111,-12,5.0,0,0,D,PERIODIC,-104.0,-13.0,6.0,h88,0,0
4803,2025.11.11,11.33.24,-90.12024,29.934101,-111,-12,5.0,0,0,I,PERIODIC,-104.0,-13.0,6.0,h88,0,0
4804,2025.11.11,11.33.25,-90.12024,29.934101,-111,-12,5.0,0,0,I,PERIODIC,-104.0,-12.0,6.0,h88,0,0
4805,2025.11.11,11.33.26,-90.12024,29.934101,-111,-12,5.0,4,4,D,PERIODIC,-104.0,-12.0,6.0,h88,0,0
4806,2025.11.11,11.33.27,-90.12024,29.934101,-112,-12,4.0,0,0,D,PERIODIC,-103.0,-14.0,7.0,h88,0,0
4807,2025.11.11,11.33.28,-90.12024,29.934101,-112,-12,4.0,1,1,D,PERIODIC,-103.0,-14.0,7.0,h88,0,0
4808,2025.11.11,11.33.29,-90.12024,29.934101,-111,-12,4.0,0,0,D,PERIODIC,-103.0,-12.0,7.0,h88,0,0
4809,2025.11.11,11.33.30,-90.12024,29.934101,-111,-12,4.0,5,5,D,PERIODIC,-103.0,-12.0,7.0,h88,0,0
4810,2025.11.11,11.33.31,-90.12024,29.934101,-111,-12,4.0,0,0,D,PERIODIC,-104.0,-12.0,7.0,h88,0,0
4811,2025.11.11,11.33.32,-90.12024,29.934101,-111,-12,4.0,0,0,I,PERIODIC,-104.0,-12.0,7.0,h88,0,0
4812,2025.11.11,11.33.33,-90.12024,29.934101,-111,-12,4.0,0,0,I,PERIODIC,-103.0,-15.0,7.0,h88,0,0
4813,2025.11.11,11.33.34,-90.12024,29.934101,-111,-12,4.0,0,0,I,PERIODIC,-103.0,-15.0,7.0,h88,0,0
4814,2025.11.11,11.33.35,-90.12024,29.934101,-111,-12,4.0,0,0,I,PERIODIC,-103.0,-14.0,7.0,h88,0,0
4815,2025.11.11,11.33.36,-90.12024,29.934101,-111,-12,4.0,0,0,I,PERIODIC,-103.0,-14.0,7.0,h88,0,0
4816,2025.11.11,11.33.37,-90.12024,29.934101,-113,-13,35.0,0,0,I,PERIODIC,-104.0,-14.0,8.0,h88,0,0
4817,2025.11.11,11.33.38,-90.12024,29.934101,-113,-13,35.0,0,0,I,PERIODIC,-104.0,-14.0,8.0,h88,0,0
4818,2025.11.11,11.33.39,-90.12024,29.934101,-113,-13,35.0,7,7,D,PERIODIC,-103.0,-14.0,6.0,h88,0,0
4819,2025.11.11,11.33.40,-90.12024,29.934101,-113,-13,35.0,0,0,D,PERIODIC,-103.0,-14.0,6.0,h88,0,0
4820,2025.11.11,11.33.41,-90.12024,29.934101,-113,-13,35.0,0,0,I,PERIODIC,-104.0,-14.0,6.0,h88,0,0
4821,2025.11.11,11.33.42,-90.12024,29.934101,-113,-13,35.0,1,1,D,PERIODIC,-104.0,-14.0,6.0,h88,0,0
4822,2025.11.11,11.33.43,-90.12024,29.934101,-113,-13,30.0,17,20,D,PERIODIC,-102.0,-13.0,6.0,h88,0,0
4823,2025.11.11,11.33.44,-90.12024,29.934101,-113,-13,30.0,12,12,D,PERIODIC,-102.0,-13.0,6.0,h88,0,0
4824,2025.11.11,11.33.45,-90.12024,29.934101,-113,-12,40.0,37,37,D,PERIODIC,-103.0,-13.0,6.0,h88,0,0
4825,2025.11.11,11.33.46,-90.12024,29.934101,-113,-12,40.0,11322,7673,D,PERIODIC,-103.0,-13.0,6.0,h88,0,0
4826,2025.11.11,11.33.47,-90.12024,29.934101,-113,-12,40.0,0,0,I,PERIODIC,-103.0,-13.0,6.0,h88,0,0
4827,2025.11.11,11.33.48,-90.12024,29.934101,-113,-12,40.0,0,0,I,PERIODIC,-103.0,-13.0,6.0,h88,0,0
4828,2025.11.11,11.33.49,-90.12024,29.934101,-113,-12,40.0,0,0,I,PERIODIC,-103.0,-12.0,6.0,h88,0,0
4829,2025.11.11,11.33.50,-90.12024,29.934101,-113,-12,40.0,0,0,I,PERIODIC,-103.0,-12.0,6.0,h88,0,0
4830,2025.11.11,11.33.51,-90.12024,29.934101,-113,-12,40.0,257212,2573,D,PERIODIC,-103.0,-13.0,6.0,h88,0,0
4831,2025.11.11,11.33.52,-90.12024,29.934101,-113,-12,40.0,0,0,I,PERIODIC,-103.0,-13.0,6.0,h88,0,0
4832,2025.11.11,11.33.53,-90.12024,29.934101,-112,-12,5.0,12,12,D,PERIODIC,-102.0,-12.0,9.0,h88,0,0
4833,2025.11.11,11.33.54,-90.12024,29.934101,-112,-12,5.0,0,0,D,PERIODIC,-102.0,-12.0,9.0,h88,0,0
4834,2025.11.11,11.33.55,-90.12024,29.934101,-112,-12,5.0,22,20,D,PERIODIC,-103.0,-12.0,9.0,h88,0,0
4835,2025.11.11,11.33.56,-90.12024,29.934101,-112,-12,3.0,72563,685,D,PERIODIC,-103.0,-12.0,9.0,h88,0,0
4836,2025.11.11,11.33.57,-90.12024,29.934101,-114,-13,35.0,2,3,D,PERIODIC,-102.0,-13.0,7.0,h88,0,0
4837,2025.11.11,11.33.58,-90.12024,29.934101,-114,-13,35.0,3,3,D,PERIODIC,-102.0,-13.0,7.0,h88,0,0
4838,2025.11.11,11.33.59,-90.12024,29.934101,-113,-12,40.0,53,53,D,PERIODIC,-102.0,-12.0,8.0,h88,0,0
4839,2025.11.11,11.34.00,-90.12024,29.934101,-113,-12,40.0,0,3,D,PERIODIC,-102.0,-12.0,8.0,h88,0,0
4840,2025.11.11,11.34.01,-90.12024,29.934101,-113,-12,5.0,0,0,D,PERIODIC,-103.0,-12.0,7.0,h88,0,0
4841,2025.11.11,11.34.02,-90.12024,29.934101,-113,-12,5.0,110899,1,D,PERIODIC,-103.0,-12.0,7.0,h88,0,0
4842,2025.11.11,11.34.03,-90.12024,29.934101,-113,-12,5.0,0,0,D,PERIODIC,-103.0,-13.0,7.0,h88,0,0
4843,2025.11.11,11.34.04,-90.12024,29.934101,-113,-12,5.0,0,0,I,PERIODIC,-103.0,-13.0,7.0,h88,0,0
4844,2025.11.11,11.34.05,-90.12024,29.934101,-113,-12,5.0,0,0,I,PERIODIC,-102.0,-14.0,7.0,h88,0,0
4845,2025.11.11,11.34.06,-90.12024,29.934101,-113,-12,5.0,66123,3339,D,PERIODIC,-102.0,-14.0,7.0,h88,0,0
4846,2025.11.11,11.34.07,-90.12024,29.934101,-113,-12,5.0,2,2,D,PERIODIC,-102.0,-13.0,7.0,h88,0,0
4847,2025.11.11,11.34.08,-90.12024,29.934101,-113,-12,5.0,0,0,I,PERIODIC,-102.0,-13.0,7.0,h88,0,0
4848,2025.11.11,11.34.09,-90.12024,29.934101,-113,-12,5.0,0,0,I,PERIODIC,-102.0,-12.0,7.0,h88,0,0
4849,2025.11.11,11.34.10,-90.12024,29.934101,-113,-12,5.0,1,1,D,PERIODIC,-102.0,-12.0,7.0,h88,0,0
4850,2025.11.11,11.34.11,-90.12024,29.934101,-113,-12,5.0,112711,877,D,PERIODIC,-101.0,-13.0,7.0,h88,0,0
4851,2025.11.11,11.34.12,-90.12024,29.934101,-113,-12,4.0,0,0,D,PERIODIC,-101.0,-13.0,7.0,h88,0,0
4852,2025.11.11,11.34.13,-90.12024,29.934101,-112,-12,4.0,0,0,I,PERIODIC,-102.0,-13.0,11.0,h88,0,0
4853,2025.11.11,11.34.14,-90.12024,29.934101,-112,-12,2.0,0,0,I,PERIODIC,-102.0,-13.0,11.0,h88,0,0
4854,2025.11.11,11.34.15,-90.12024,29.934101,-115,-13,20.0,9,7,D,PERIODIC,-102.0,-13.0,8.0,h88,0,0
4855,2025.11.11,11.34.16,-90.12024,29.934101,-115,-13,20.0,73320,1158,D,PERIODIC,-102.0,-13.0,8.0,h88,0,0
4856,2025.11.11,11.34.17,-90.12024,29.934101,-115,-13,20.0,0,0,D,PERIODIC,-102.0,-13.0,8.0,h88,0,0
4857,2025.11.11,11.34.18,-90.12024,29.934101,-113,-12,40.0,1,1,D,PERIODIC,-102.0,-12.0,7.0,h88,0,0
4858,2025.11.11,11.34.19,-90.12024,29.934101,-111,-12,40.0,1,1,D,PERIODIC,-101.0,-12.0,8.0,h88,0,0
4859,2025.11.11,11.34.20,-90.12024,29.934101,-111,-12,40.0,72,72,D,PERIODIC,-101.0,-12.0,8.0,h88,0,0
4860,2025.11.11,11.34.21,-90.12024,29.934101,-111,-13,35.0,84765,4125,D,PERIODIC,-101.0,-10.0,9.0,h88,0,0
4861,2025.11.11,11.34.22,-90.12024,29.934101,-111,-13,35.0,0,0,I,PERIODIC,-101.0,-10.0,9.0,h88,0,0
4862,2025.11.11,11.34.23,-90.12024,29.934101,-111,-13,35.0,172,172,D,PERIODIC,-102.0,-11.0,9.0,h88,0,0
4863,2025.11.11,11.34.24,-90.12024,29.934101,-111,-13,35.0,0,0,D,PERIODIC,-102.0,-11.0,9.0,h88,0,0
4864,2025.11.11,11.34.25,-90.12024,29.934101,-112,-13,20.0,0,0,I,PERIODIC,-102.0,-11.0,9.0,h88,0,0
4865,2025.11.11,11.34.26,-90.12024,29.934101,-112,-13,20.0,102250,1213,D,PERIODIC,-102.0,-11.0,9.0,h88,0,0
4866,2025.11.11,11.34.27,-90.12024,29.934101,-109,-12,5.0,0,0,I,PERIODIC,-102.0,-13.0,8.0,h88,0,0
4867,2025.11.11,11.34.28,-90.12024,29.934101,-109,-12,5.0,0,0,I,PERIODIC,-102.0,-13.0,8.0,h88,0,0
4868,2025.11.11,11.34.29,-90.12024,29.934101,-110,-13,40.0,0,0,I,PERIODIC,-102.0,-13.0,9.0,h88,0,0
4869,2025.11.11,11.34.30,-90.12024,29.934101,-110,-13,40.0,0,0,I,PERIODIC,-102.0,-13.0,9.0,h88,0,0
4870,2025.11.11,11.34.31,-90.12024,29.934101,-110,-12,4.0,0,863,D,PERIODIC,-103.0,-13.0,8.0,h88,0,0
4871,2025.11.11,11.34.32,-90.12024,29.934101,-110,-12,3.0,6,7,D,PERIODIC,-103.0,-13.0,8.0,h88,0,0
4872,2025.11.11,11.34.33,-90.12024,29.934101,-111,-12,4.0,1,1,D,PERIODIC,-103.0,-13.0,8.0,h88,0,0
4873,2025.11.11,11.34.34,-90.12024,29.934101,-111,-12,3.0,0,0,I,PERIODIC,-103.0,-13.0,8.0,h88,0,0
4874,2025.11.11,11.34.35,-90.12024,29.934101,-112,-12,4.0,0,0,I,PERIODIC,-103.0,-14.0,7.0,h88,0,0
4875,2025.11.11,11.34.36,-90.12024,29.934101,-112,-12,3.0,75236,2127,D,PERIODIC,-103.0,-14.0,7.0,h88,0,0
4876,2025.11.11,11.34.37,-90.12024,29.934101,-111,-13,35.0,0,0,I,PERIODIC,-102.0,-13.0,7.0,h88,0,0
4877,2025.11.11,11.34.38,-90.120226,29.934152,-111,-13,35.0,0,0,I,,-102.0,-13.0,7.0,h88,0,0
4878,2025.11.11,11.34.38,-90.120226,29.934152,-111,-13,35.0,0,0,I,PERIODIC,-102.0,-13.0,7.0,h88,0,0
4879,2025.11.11,11.34.39,-90.120226,29.934152,-111,-13,35.0,0,0,D,PERIODIC,-102.0,-13.0,7.0,h88,0,0
4880,2025.11.11,11.34.40,-90.120226,29.934152,-111,-13,35.0,0,0,D,PERIODIC,-102.0,-13.0,7.0,h88,0,0
4881,2025.11.11,11.34.41,-90.120226,29.934152,-112,-13,20.0,0,634,D,PERIODIC,-102.0,-11.0,7.0,h88,0,0
4882,2025.11.11,11.34.42,-90.120226,29.934152,-112,-13,20.0,3,5,D,PERIODIC,-102.0,-11.0,7.0,h88,0,0
4883,2025.11.11,11.34.43,-90.120226,29.934152,-112,-13,20.0,6,3,D,PERIODIC,-102.0,-12.0,7.0,h88,0,0
4884,2025.11.11,11.34.44,-90.120226,29.934152,-112,-13,20.0,0,0,I,PERIODIC,-102.0,-12.0,7.0,h88,0,0
4885,2025.11.11,11.34.45,-90.120226,29.934152,-112,-13,20.0,110451,898,D,PERIODIC,-102.0,-13.0,7.0,h88,0,0
4886,2025.11.11,11.34.46,-90.120226,29.934152,-112,-13,20.0,0,0,D,PERIODIC,-102.0,-13.0,7.0,h88,0,0
4887,2025.11.11,11.34.47,-90.120226,29.934152,-112,-13,20.0,4,4,D,PERIODIC,-103.0,-13.0,7.0,h88,0,0
4888,2025.11.11,11.34.48,-90.120226,29.934152,-112,-13,20.0,0,0,D,PERIODIC,-103.0,-13.0,7.0,h88,0,0
4889,2025.11.11,11.34.49,-90.120226,29.934152,-112,-13,20.0,0,0,I,PERIODIC,-103.0,-14.0,7.0,h88,0,0
4890,2025.11.11,11.34.50,-90.120226,29.934152,-112,-13,20.0,77415,1201,D,PERIODIC,-103.0,-14.0,7.0,h88,0,0
4891,2025.11.11,11.34.51,-90.120226,29.934152,-112,-13,20.0,3,3,D,PERIODIC,-103.0,-12.0,7.0,h88,0,0
4892,2025.11.11,11.34.52,-90.120226,29.934152,-112,-13,20.0,0,0,D,PERIODIC,-103.0,-12.0,7.0,h88,0,0
4893,2025.11.11,11.34.53,-90.120226,29.934152,-111,-13,25.0,0,0,I,PERIODIC,-103.0,-12.0,8.0,h88,0,0
4894,2025.11.11,11.34.54,-90.120226,29.934152,-111,-13,25.0,1,2,D,PERIODIC,-103.0,-12.0,8.0,h88,0,0
4895,2025.11.11,11.34.55,-90.120226,29.934152,-111,-13,25.0,0,0,D,PERIODIC,-103.0,-12.0,8.0,h88,0,0
4896,2025.11.11,11.34.56,-90.120226,29.934152,-111,-13,25.0,107363,0,D,PERIODIC,-103.0,-12.0,8.0,h88,0,0
4897,2025.11.11,11.34.57,-90.120226,29.934152,-111,-13,25.0,0,0,I,PERIODIC,-102.0,-12.0,8.0,h88,0,0
4898,2025.11.11,11.34.58,-90.120226,29.934152,-111,-13,25.0,3,3,D,PERIODIC,-102.0,-12.0,8.0,h88,0,0
4899,2025.11.11,11.34.59,-90.120226,29.934152,-111,-13,25.0,0,10,D,PERIODIC,-102.0,-12.0,8.0,h88,0,0
4900,2025.11.11,11.35.00,-90.120226,29.934152,-111,-13,25.0,0,0,D,PERIODIC,-102.0,-12.0,8.0,h88,0,0
4901,2025.11.11,11.35.01,-90.120226,29.934152,-110,-13,4.0,73529,2749,D,PERIODIC,-102.0,-13.0,9.0,h88,0,0
4902,2025.11.11,11.35.02,-90.120226,29.934152,-110,-13,3.0,13,13,D,PERIODIC,-102.0,-13.0,9.0,h88,0,0
4903,2025.11.11,11.35.03,-90.120226,29.934152,-111,-13,20.0,1,1,D,PERIODIC,-103.0,-12.0,7.0,h88,0,0
4904,2025.11.11,11.35.04,-90.120226,29.934152,-111,-13,20.0,0,1,D,PERIODIC,-103.0,-12.0,7.0,h88,0,0
4905,2025.11.11,11.35.05,-90.120226,29.934152,-109,-12,5.0,0,0,I,PERIODIC,-102.0,-11.0,6.0,h88,0,0
4906,2025.11.11,11.35.06,-90.120226,29.934152,-109,-12,3.0,109563,844,D,PERIODIC,-102.0,-11.0,6.0,h88,0,0
4907,2025.11.11,11.35.07,-90.120226,29.934152,-109,-12,3.0,1,1,D,PERIODIC,-102.0,-11.0,6.0,h88,0,0
4908,2025.11.11,11.35.08,-90.120226,29.934152,-112,-13,30.0,0,0,D,PERIODIC,-102.0,-13.0,6.0,h88,0,0
4909,2025.11.11,11.35.09,-90.120226,29.934152,-112,-13,25.0,574,366,D,PERIODIC,-102.0,-12.0,7.0,h88,0,0
4910,2025.11.11,11.35.10,-90.120226,29.934152,-112,-13,25.0,77443,647,D,PERIODIC,-102.0,-12.0,7.0,h88,0,0
4911,2025.11.11,11.35.11,-90.120226,29.934152,-112,-13,25.0,2,3,D,PERIODIC,-102.0,-13.0,9.0,h88,0,0
4912,2025.11.11,11.35.12,-90.120226,29.934152,-112,-13,25.0,0,0,I,PERIODIC,-102.0,-13.0,9.0,h88,0,0
4913,2025.11.11,11.35.13,-90.120226,29.934152,-112,-13,25.0,0,0,I,PERIODIC,-102.0,-13.0,7.0,h88,0,0
4914,2025.11.11,11.35.14,-90.120226,29.934152,-112,-13,25.0,0,0,I,PERIODIC,-102.0,-13.0,7.0,h88,0,0
4915,2025.11.11,11.35.15,-90.120226,29.934152,-112,-13,25.0,109271,1302,D,PERIODIC,-102.0,-11.0,7.0,h88,0,0
4916,2025.11.11,11.35.16,-90.120226,29.934152,-112,-13,25.0,0,0,D,PERIODIC,-102.0,-11.0,7.0,h88,0,0
4917,2025.11.11,11.35.17,-90.120226,29.934152,-112,-13,25.0,1,1,D,PERIODIC,-102.0,-13.0,7.0,h88,0,0
4918,2025.11.11,11.35.18,-90.120226,29.934152,-112,-13,25.0,0,0,D,PERIODIC,-102.0,-13.0,7.0,h88,0,0
4919,2025.11.11,11.35.19,-90.120226,29.934152,-112,-13,25.0,0,0,I,PERIODIC,-102.0,-13.0,7.0,h88,0,0
4920,2025.11.11,11.35.20,-90.120226,29.934152,-110,-13,40.0,80805,624,D,PERIODIC,-102.0,-13.0,8.0,h88,0,0
4921,2025.11.11,11.35.21,-90.120226,29.934152,-109,-12,40.0,6,8,D,PERIODIC,-102.0,-12.0,8.0,h88,0,0
4922,2025.11.11,11.35.22,-90.120226,29.934152,-109,-12,40.0,0,0,I,PERIODIC,-102.0,-12.0,8.0,h88,0,0
4923,2025.11.11,11.35.23,-90.120226,29.934152,-109,-12,40.0,0,0,I,PERIODIC,-102.0,-12.0,8.0,h88,0,0
4924,2025.11.11,11.35.24,-90.120226,29.934152,-111,-13,35.0,0,0,I,PERIODIC,-102.0,-12.0,7.0,h88,0,0
4925,2025.11.11,11.35.25,-90.120226,29.934152,-110,-12,5.0,0,0,I,PERIODIC,-103.0,-13.0,6.0,h88,0,0
4926,2025.11.11,11.35.26,-90.120226,29.934152,-110,-12,5.0,117385,883,D,PERIODIC,-103.0,-13.0,6.0,h88,0,0
4927,2025.11.11,11.35.27,-90.120226,29.934152,-110,-13,30.0,0,0,D,PERIODIC,-102.0,-12.0,8.0,h88,0,0
4928,2025.11.11,11.35.28,-90.120226,29.934152,-110,-13,30.0,1,1,D,PERIODIC,-102.0,-12.0,8.0,h88,0,0
4929,2025.11.11,11.35.29,-90.120226,29.934152,-110,-12,5.0,0,0,D,PERIODIC,-102.0,-12.0,8.0,h88,0,0
4930,2025.11.11,11.35.30,-90.120226,29.934152,-110,-12,4.0,75336,2409,D,PERIODIC,-102.0,-12.0,8.0,h88,0,0
4931,2025.11.11,11.35.31,-90.120226,29.934152,-109,-12,4.0,0,0,D,PERIODIC,-102.0,-12.0,8.0,h88,0,0
4932,2025.11.11,11.35.32,-90.120226,29.934152,-109,-12,5.0,0,0,I,PERIODIC,-102.0,-12.0,8.0,h88,0,0
4933,2025.11.11,11.35.33,-90.120226,29.934152,-110,-12,5.0,0,0,I,PERIODIC,-103.0,-12.0,9.0,h88,0,0
4934,2025.11.11,11.35.34,-90.120226,29.934152,-110,-12,5.0,0,0,I,PERIODIC,-103.0,-12.0,9.0,h88,0,0
4935,2025.11.11,11.35.35,-90.120226,29.934152,-111,-12,35.0,0,601,D,PERIODIC,-102.0,-14.0,9.0,h88,0,0
4936,2025.11.11,11.35.36,-90.120226,29.934152,-111,-12,35.0,0,0,D,PERIODIC,-102.0,-14.0,9.0,h88,0,0
4937,2025.11.11,11.35.37,-90.120226,29.934152,-111,-12,35.0,0,0,I,PERIODIC,-102.0,-14.0,9.0,h88,0,0
4938,2025.11.11,11.35.38,-90.120226,29.934152,-109,-12,4.0,0,0,I,PERIODIC,-102.0,-12.0,7.0,h88,0,0
4939,2025.11.11,11.35.39,-90.120226,29.934152,-109,-12,4.0,0,0,I,PERIODIC,-102.0,-12.0,7.0,h88,0,0
4940,2025.11.11,11.35.40,-90.120226,29.934152,-109,-12,2.0,106913,835,D,PERIODIC,-102.0,-12.0,7.0,h88,0,0
4941,2025.11.11,11.35.41,-90.120226,29.934152,-110,-12,5.0,0,0,D,PERIODIC,-102.0,-11.0,9.0,h88,0,0
4942,2025.11.11,11.35.42,-90.120226,29.934152,-110,-12,5.0,0,0,I,PERIODIC,-102.0,-11.0,9.0,h88,0,0
4943,2025.11.11,11.35.43,-90.120226,29.934152,-111,-13,25.0,0,0,I,PERIODIC,-102.0,-12.0,8.0,h88,0,0
4944,2025.11.11,11.35.44,-90.120226,29.934152,-111,-13,25.0,0,0,I,PERIODIC,-102.0,-12.0,8.0,h88,0,0
4945,2025.11.11,11.35.45,-90.120226,29.934152,-110,-12,40.0,0,777,D,PERIODIC,-102.0,-13.0,7.0,h88,0,0
4946,2025.11.11,11.35.46,-90.120226,29.934152,-110,-12,40.0,0,0,D,PERIODIC,-102.0,-13.0,7.0,h88,0,0
4947,2025.11.11,11.35.47,-90.120226,29.934152,-110,-12,40.0,0,0,I,PERIODIC,-102.0,-13.0,7.0,h88,0,0
4948,2025.11.11,11.35.48,-90.120226,29.934152,-112,-13,30.0,0,0,I,PERIODIC,-102.0,-13.0,8.0,h88,0,0
4949,2025.11.11,11.35.49,-90.120226,29.934152,-111,-13,40.0,0,0,I,PERIODIC,-102.0,-13.0,9.0,h88,0,0
4950,2025.11.11,11.35.50,-90.120226,29.934152,-111,-13,40.0,86358,736,D,PERIODIC,-102.0,-13.0,9.0,h88,0,0
4951,2025.11.11,11.35.51,-90.120226,29.934152,-111,-13,40.0,0,0,D,PERIODIC,-103.0,-12.0,9.0,h88,0,0
4952,2025.11.11,11.35.52,-90.120226,29.934152,-111,-13,40.0,0,0,I,PERIODIC,-103.0,-12.0,9.0,h88,0,0
4953,2025.11.11,11.35.53,-90.120226,29.934152,-111,-13,40.0,0,0,I,PERIODIC,-102.0,-12.0,9.0,h88,0,0
4954,2025.11.11,11.35.54,-90.120226,29.934152,-111,-13,40.0,0,0,I,PERIODIC,-102.0,-12.0,9.0,h88,0,0
4955,2025.11.11,11.35.55,-90.120226,29.934152,-109,-12,5.0,0,0,I,PERIODIC,-102.0,-12.0,7.0,h88,0,0
4956,2025.11.11,11.35.56,-90.120226,29.934152,-109,-12,5.0,72758,0,D,PERIODIC,-102.0,-12.0,7.0,h88,0,0
4957,2025.11.11,11.35.57,-90.120226,29.934152,-109,-12,5.0,69,53,D,PERIODIC,-102.0,-12.0,7.0,h88,0,0
4958,2025.11.11,11.35.58,-90.120226,29.934152,-109,-12,4.0,5,5,D,PERIODIC,-102.0,-12.0,7.0,h88,0,0
4959,2025.11.11,11.35.59,-90.120226,29.934152,-109,-12,5.0,2,2,D,PERIODIC,-102.0,-12.0,9.0,h88,0,0
4960,2025.11.11,11.36.00,-90.120226,29.934152,-109,-12,3.0,0,3298,D,PERIODIC,-102.0,-12.0,9.0,h88,0,0
4961,2025.11.11,11.36.01,-90.120226,29.934152,-109,-12,5.0,0,8,D,PERIODIC,-102.0,-12.0,7.0,h88,0,0
4962,2025.11.11,11.36.02,-90.120226,29.934152,-109,-12,4.0,1,1,D,PERIODIC,-102.0,-12.0,7.0,h88,0,0
4963,2025.11.11,11.36.03,-90.120226,29.934152,-109,-12,35.0,1,1,D,PERIODIC,-102.0,-13.0,9.0,h88,0,0
4964,2025.11.11,11.36.04,-90.120226,29.934152,-109,-12,35.0,0,0,I,PERIODIC,-102.0,-13.0,9.0,h88,0,0
4965,2025.11.11,11.36.05,-90.120226,29.934152,-110,-13,30.0,72896,696,D,PERIODIC,-103.0,-13.0,8.0,h88,0,0
4966,2025.11.11,11.36.06,-90.120226,29.934152,-110,-13,30.0,0,0,D,PERIODIC,-103.0,-13.0,8.0,h88,0,0
4967,2025.11.11,11.36.07,-90.120226,29.934152,-112,-13,30.0,0,0,I,PERIODIC,-102.0,-12.0,8.0,h88,0,0
4968,2025.11.11,11.36.08,-90.120226,29.934152,-112,-13,30.0,0,0,I,PERIODIC,-102.0,-12.0,8.0,h88,0,0
4969,2025.11.11,11.36.09,-90.120226,29.934152,-108,-12,6.0,0,0,D,PERIODIC,-102.0,-12.0,10.0,h88,0,0
4970,2025.11.11,11.36.10,-90.120226,29.934152,-108,-12,6.0,122135,876,D,PERIODIC,-102.0,-12.0,10.0,h88,0,0
4971,2025.11.11,11.36.11,-90.120226,29.934152,-113,-13,25.0,2,2,D,PERIODIC,-102.0,-12.0,9.0,h88,0,0
4972,2025.11.11,11.36.12,-90.120226,29.934152,-113,-13,25.0,1,1,D,PERIODIC,-102.0,-12.0,9.0,h88,0,0
4973,2025.11.11,11.36.13,-90.120226,29.934152,-113,-13,25.0,0,0,I,PERIODIC,-102.0,-11.0,9.0,h88,0,0
4974,2025.11.11,11.36.14,-90.120226,29.934152,-113,-13,25.0,0,0,I,PERIODIC,-102.0,-11.0,9.0,h88,0,0
4975,2025.11.11,11.36.15,-90.120226,29.934152,-113,-13,25.0,74140,1026,D,PERIODIC,-102.0,-12.0,9.0,h88,0,0
4976,2025.11.11,11.36.16,-90.120226,29.934152,-113,-13,25.0,0,0,D,PERIODIC,-102.0,-12.0,9.0,h88,0,0
4977,2025.11.11,11.36.17,-90.120226,29.934152,-111,-13,35.0,0,0,I,PERIODIC,-102.0,-10.0,8.0,h88,0,0
4978,2025.11.11,11.36.18,-90.120226,29.934152,-111,-13,35.0,0,0,I,PERIODIC,-102.0,-10.0,8.0,h88,0,0
4979,2025.11.11,11.36.19,-90.120226,29.934152,-111,-13,35.0,1,1,D,PERIODIC,-102.0,-11.0,8.0,h88,0,0
4980,2025.11.11,11.36.20,-90.120226,29.934152,-111,-13,35.0,107210,858,D,PERIODIC,-102.0,-11.0,8.0,h88,0,0
4981,2025.11.11,11.36.21,-90.120226,29.934152,-111,-13,35.0,6,4,D,PERIODIC,-102.0,-12.0,8.0,h88,0,0
4982,2025.11.11,11.36.22,-90.120226,29.934152,-111,-13,35.0,0,0,I,PERIODIC,-102.0,-12.0,8.0,h88,0,0
4983,2025.11.11,11.36.23,-90.120226,29.934152,-112,-13,30.0,0,0,I,PERIODIC,-102.0,-14.0,9.0,h88,0,0
4984,2025.11.11,11.36.24,-90.120226,29.934152,-112,-13,30.0,0,0,I,PERIODIC,-102.0,-14.0,9.0,h88,0,0
4985,2025.11.11,11.36.25,-90.120226,29.934152,-112,-13,30.0,0,620,D,PERIODIC,-102.0,-12.0,8.0,h88,0,0
4986,2025.11.11,11.36.26,-90.120226,29.934152,-112,-13,30.0,0,0,D,PERIODIC,-102.0,-12.0,8.0,h88,0,0
4987,2025.11.11,11.36.27,-90.120226,29.934152,-112,-13,30.0,1,0,D,PERIODIC,-102.0,-12.0,8.0,h88,0,0
4988,2025.11.11,11.36.28,-90.120226,29.934152,-112,-13,30.0,2,2,D,PERIODIC,-102.0,-12.0,8.0,h88,0,0
4989,2025.11.11,11.36.29,-90.120226,29.934152,-112,-13,30.0,3,3,D,PERIODIC,-102.0,-12.0,8.0,h88,0,0
4990,2025.11.11,11.36.30,-90.120226,29.934152,-112,-13,30.0,118438,2497,D,PERIODIC,-102.0,-12.0,8.0,h88,0,0
4991,2025.11.11,11.36.31,-90.120226,29.934152,-112,-13,30.0,0,1,D,PERIODIC,-102.0,-12.0,8.0,h88,0,0
4992,2025.11.11,11.36.32,-90.120226,29.934152,-112,-13,30.0,1,1,D,PERIODIC,-102.0,-12.0,8.0,h88,0,0
4993,2025.11.11,11.36.33,-90.120226,29.934152,-113,-13,25.0,0,0,I,PERIODIC,-102.0,-12.0,8.0,h88,0,0
4994,2025.11.11,11.36.34,-90.120226,29.934152,-113,-13,25.0,0,0,I,PERIODIC,-102.0,-12.0,8.0,h88,0,0
4995,2025.11.11,11.36.35,-90.120226,29.934152,-113,-13,35.0,72980,566,D,PERIODIC,-102.0,-13.0,8.0,h88,0,0
4996,2025.11.11,11.36.36,-90.120226,29.934152,-113,-13,35.0,0,0,D,PERIODIC,-102.0,-13.0,8.0,h88,0,0
4997,2025.11.11,11.36.37,-90.120226,29.934152,-111,-13,30.0,0,0,I,PERIODIC,-102.0,-13.0,7.0,h88,0,0
4998,2025.11.11,11.36.38,-90.120226,29.934152,-111,-13,30.0,0,0,I,PERIODIC,-102.0,-13.0,7.0,h88,0,0
4999,2025.11.11,11.36.39,-90.120226,29.934152,-111,-13,30.0,6,8,D,PERIODIC,-102.0,-12.0,7.0,h88,0,0
5000,2025.11.11,11.36.40,-90.120226,29.934152,-111,-13,30.0,78867,645,D,PERIODIC,-102.0,-12.0,7.0,h88,0,0
5001,2025.11.11,11.36.41,-90.120226,29.934152,-110,-13,35.0,0,0,D,PERIODIC,-102.0,-13.0,9.0,h88,0,0
5002,2025.11.11,11.36.42,-90.120226,29.934152,-110,-13,35.0,7,7,D,PERIODIC,-102.0,-13.0,9.0,h88,0,0
5003,2025.11.11,11.36.43,-90.120226,29.934152,-112,-12,40.0,0,0,D,PERIODIC,-102.0,-10.0,9.0,h88,0,0
5004,2025.11.11,11.36.44,-90.120226,29.934152,-112,-12,40.0,0,0,I,PERIODIC,-102.0,-10.0,9.0,h88,0,0
5005,2025.11.11,11.36.45,-90.120226,29.934152,-112,-13,35.0,0,0,I,PERIODIC,-102.0,-13.0,7.0,h88,0,0
5006,2025.11.11,11.36.46,-90.120226,29.934152,-112,-13,35.0,0,0,D,PERIODIC,-102.0,-13.0,7.0,h88,0,0
5007,2025.11.11,11.36.47,-90.120226,29.934152,-112,-12,4.0,0,0,D,PERIODIC,-103.0,-12.0,6.0,h88,0,0
5008,2025.11.11,11.36.48,-90.120226,29.934152,-112,-12,4.0,0,0,I,PERIODIC,-103.0,-12.0,6.0,h88,0,0
5009,2025.11.11,11.36.49,-90.120226,29.934152,-111,-13,40.0,3,7,D,PERIODIC,-103.0,-12.0,9.0,h88,0,0
5010,2025.11.11,11.36.50,-90.120226,29.934152,-111,-13,40.0,0,0,D,PERIODIC,-103.0,-12.0,9.0,h88,0,0
5011,2025.11.11,11.36.51,-90.120226,29.934152,-111,-13,35.0,106653,0,D,PERIODIC,-103.0,-13.0,8.0,h88,0,0
5012,2025.11.11,11.36.52,-90.120226,29.934152,-111,-13,35.0,0,0,I,PERIODIC,-103.0,-13.0,8.0,h88,0,0
5013,2025.11.11,11.36.53,-90.120226,29.934152,-111,-13,35.0,0,0,I,PERIODIC,-103.0,-14.0,9.0,h88,0,0
5014,2025.11.11,11.36.54,-90.120226,29.934152,-111,-13,35.0,0,0,I,PERIODIC,-103.0,-14.0,9.0,h88,0,0
5015,2025.11.11,11.36.55,-90.120226,29.934152,-111,-13,35.0,77275,660,D,PERIODIC,-103.0,-12.0,9.0,h88,0,0
5016,2025.11.11,11.36.56,-90.120226,29.934152,-111,-13,35.0,0,0,D,PERIODIC,-103.0,-12.0,9.0,h88,0,0
5017,2025.11.11,11.36.57,-90.120226,29.934152,-111,-13,35.0,0,0,I,PERIODIC,-103.0,-12.0,9.0,h88,0,0
5018,2025.11.11,11.36.58,-90.120226,29.934152,-111,-13,35.0,7,9,D,PERIODIC,-103.0,-12.0,9.0,h88,0,0
5019,2025.11.11,11.36.59,-90.120226,29.934152,-111,-13,35.0,2,2,D,PERIODIC,-103.0,-12.0,9.0,h88,0,0
5020,2025.11.11,11.37.00,-90.120226,29.934152,-111,-13,35.0,79922,2817,D,PERIODIC,-103.0,-12.0,9.0,h88,0,0
5021,2025.11.11,11.37.01,-90.120226,29.934152,-111,-13,35.0,0,0,D,PERIODIC,-103.0,-12.0,9.0,h88,0,0
5022,2025.11.11,11.37.02,-90.120226,29.934152,-111,-13,35.0,56,56,D,PERIODIC,-103.0,-12.0,9.0,h88,0,0
5023,2025.11.11,11.37.03,-90.120226,29.934152,-111,-13,40.0,0,0,I,PERIODIC,-102.0,-12.0,8.0,h88,0,0
5024,2025.11.11,11.37.04,-90.120226,29.934152,-111,-13,40.0,0,0,I,PERIODIC,-102.0,-12.0,8.0,h88,0,0
5025,2025.11.11,11.37.05,-90.120226,29.934152,-112,-13,35.0,0,0,I,PERIODIC,-102.0,-11.0,9.0,h88,0,0
5026,2025.11.11,11.37.06,-90.120226,29.934152,-112,-13,35.0,0,0,I,PERIODIC,-102.0,-11.0,9.0,h88,0,0
5027,2025.11.11,11.37.07,-90.120226,29.934152,-109,-12,6.0,1,1,D,PERIODIC,-102.0,-11.0,9.0,h88,0,0
5028,2025.11.11,11.37.08,-90.120226,29.934152,-109,-12,3.0,0,0,D,PERIODIC,-102.0,-11.0,9.0,h88,0,0
5029,2025.11.11,11.37.09,-90.120226,29.934152,-115,-14,15.0,0,0,I,PERIODIC,-102.0,-12.0,7.0,h88,0,0
5030,2025.11.11,11.37.10,-90.120226,29.934152,-115,-14,15.0,8,10,D,PERIODIC,-102.0,-12.0,7.0,h88,0,0
5031,2025.11.11,11.37.11,-90.120226,29.934152,-114,-13,25.0,1,1,D,PERIODIC,-102.0,-11.0,9.0,h88,0,0
5032,2025.11.11,11.37.12,-90.120226,29.934152,-114,-13,25.0,0,0,I,PERIODIC,-102.0,-11.0,9.0,h88,0,0
5033,2025.11.11,11.37.13,-90.120226,29.934152,-112,-12,40.0,0,0,I,PERIODIC,-102.0,-12.0,8.0,h88,0,0
5034,2025.11.11,11.37.14,-90.120226,29.934152,-112,-12,40.0,0,0,D,PERIODIC,-102.0,-12.0,8.0,h88,0,0
5035,2025.11.11,11.37.15,-90.120226,29.934152,-112,-13,25.0,0,0,I,PERIODIC,-102.0,-13.0,7.0,h88,0,0
5036,2025.11.11,11.37.16,-90.120226,29.934152,-112,-13,25.0,0,0,I,PERIODIC,-102.0,-13.0,7.0,h88,0,0
5037,2025.11.11,11.37.17,-90.120226,29.934152,-112,-13,25.0,4,4,D,PERIODIC,-101.0,-10.0,7.0,h88,0,0
5038,2025.11.11,11.37.18,-90.120226,29.934152,-112,-13,25.0,0,0,I,PERIODIC,-101.0,-10.0,7.0,h88,0,0
5039,2025.11.11,11.37.19,-90.120226,29.934152,-111,-12,40.0,0,0,I,PERIODIC,-102.0,-13.0,7.0,h88,0,0
5040,2025.11.11,11.37.20,-90.120226,29.934152,-111,-12,40.0,0,0,I,PERIODIC,-102.0,-13.0,7.0,h88,0,0
5041,2025.11.11,11.37.21,-90.120226,29.934152,-112,-13,35.0,5,5,D,PERIODIC,-102.0,-12.0,8.0,h88,0,0
5042,2025.11.11,11.37.22,-90.120226,29.934152,-112,-13,35.0,4,4,D,PERIODIC,-102.0,-12.0,8.0,h88,0,0
5043,2025.11.11,11.37.23,-90.120226,29.934152,-113,-13,25.0,0,0,D,PERIODIC,-102.0,-11.0,7.0,h88,0,0
5044,2025.11.11,11.37.24,-90.120226,29.934152,-113,-13,25.0,0,0,I,PERIODIC,-102.0,-11.0,7.0,h88,0,0
5045,2025.11.11,11.37.25,-90.120226,29.934152,-111,-13,4.0,15756,2130,D,PERIODIC,-103.0,-12.0,6.0,h88,0,0
5046,2025.11.11,11.37.26,-90.120226,29.934152,-111,-13,1.0,0,0,D,PERIODIC,-103.0,-12.0,6.0,h88,0,0
5047,2025.11.11,11.37.27,-90.120226,29.934152,-115,-14,10.0,0,0,I,PERIODIC,-103.0,-13.0,6.0,h88,0,0
5048,2025.11.11,11.37.28,-90.120226,29.934152,-115,-14,10.0,0,0,I,PERIODIC,-103.0,-13.0,6.0,h88,0,0
5049,2025.11.11,11.37.29,-90.120226,29.934152,-116,-13,25.0,0,0,D,PERIODIC,-103.0,-13.0,8.0,h88,0,0
12900,2025.11.11,14.26.18,-90.120262,29.934119,-104,-16,-4.0,0,0,I,LOG START,-110.0,-14.0,5.0,h223,0,0
12901,2025.11.11,14.26.19,-90.120262,29.934119,-106,-16,-4.0,0,0,I,PERIODIC,-109.0,-11.0,4.0,h223,0,0
12902,2025.11.11,14.26.20,-90.120262,29.934119,-106,-16,-5.0,1,0,D,PERIODIC,-109.0,-11.0,4.0,h223,0,0
12903,2025.11.11,14.26.21,-90.120262,29.934119,-108,-18,-5.0,2,1,D,PERIODIC,-109.0,-11.0,4.0,h223,0,0
12904,2025.11.11,14.26.22,-90.120262,29.934119,-108,-18,-4.0,3,2,D,PERIODIC,-109.0,-11.0,4.0,h223,0,0
12905,2025.11.11,14.26.23,-90.120262,29.934119,-106,-16,-4.0,1,1,D,PERIODIC,-110.0,-13.0,3.0,h223,0,0
12906,2025.11.11,14.26.24,-90.120262,29.934119,-106,-16,-4.0,0,0,D,PERIODIC,-110.0,-13.0,3.0,h223,0,0
12907,2025.11.11,14.26.25,-90.120262,29.934119,-107,-16,-20.0,0,0,I,PERIODIC,-108.0,-14.0,6.0,h223,0,0
12908,2025.11.11,14.26.26,-90.120262,29.934119,-107,-16,-20.0,3,3,D,PERIODIC,-108.0,-14.0,6.0,h223,0,0
12909,2025.11.11,14.26.27,-90.120262,29.934119,-108,-16,-2.0,2,2,D,PERIODIC,-110.0,-13.0,6.0,h223,0,0
12910,2025.11.11,14.26.28,-90.120262,29.934119,-108,-16,-2.0,0,4,D,PERIODIC,-110.0,-13.0,6.0,h223,0,0
12911,2025.11.11,14.26.29,-90.120262,29.934119,-108,-16,-2.0,0,0,D,PERIODIC,-109.0,-12.0,6.0,h223,0,0
12912,2025.11.11,14.26.30,-90.120262,29.934119,-108,-16,-2.0,7,8,D,PERIODIC,-109.0,-12.0,6.0,h223,0,0
12913,2025.11.11,14.26.31,-90.120262,29.934119,-108,-17,-4.0,0,0,I,PERIODIC,-108.0,-11.0,7.0,h223,0,0
12914,2025.11.11,14.26.32,-90.120262,29.934119,-108,-17,-4.0,4,4,D,PERIODIC,-108.0,-11.0,7.0,h223,0,0
12915,2025.11.11,14.26.32,-90.120256,29.934111,-108,-17,-4.0,4,4,D,,-108.0,-11.0,7.0,h223,0,0
12916,2025.11.11,14.26.33,-90.120256,29.934111,-108,-17,-4.0,0,0,I,PERIODIC,-109.0,-12.0,7.0,h223,0,0
12917,2025.11.11,14.26.34,-90.120256,29.934111,-108,-17,-5.0,0,0,I,PERIODIC,-109.0,-12.0,7.0,h223,0,0
12918,2025.11.11,14.26.35,-90.120256,29.934111,-107,-16,-4.0,0,0,I,PERIODIC,-109.0,-12.0,4.0,h223,0,0
12919,2025.11.11,14.26.36,-90.120256,29.934111,-107,-16,-4.0,9,9,D,PERIODIC,-109.0,-12.0,4.0,h223,0,0
12920,2025.11.11,14.26.37,-90.120256,29.934111,-107,-16,-4.0,0,0,D,PERIODIC,-109.0,-12.0,4.0,h223,0,0
12921,2025.11.11,14.26.38,-90.120256,29.934111,-105,-15,-2.0,2,2,D,PERIODIC,-109.0,-13.0,6.0,h223,0,0
12922,2025.11.11,14.26.39,-90.120256,29.934111,-105,-15,-2.0,20,20,D,PERIODIC,-109.0,-13.0,6.0,h223,0,0
12923,2025.11.11,14.26.40,-90.120256,29.934111,-105,-15,-2.0,0,0,D,PERIODIC,-109.0,-12.0,6.0,h223,0,0
12924,2025.11.11,14.26.41,-90.120256,29.934111,-105,-15,-4.0,0,0,I,PERIODIC,-109.0,-12.0,6.0,h223,0,0
12925,2025.11.11,14.26.42,-90.120256,29.934111,-109,-17,-4.0,0,0,I,PERIODIC,-109.0,-13.0,4.0,h223,0,0
12926,2025.11.11,14.26.43,-90.120256,29.934111,-109,-17,-3.0,8,8,D,PERIODIC,-109.0,-13.0,4.0,h223,0,0
12927,2025.11.11,14.26.44,-90.120256,29.934111,-106,-16,-3.0,11,12,D,PERIODIC,-109.0,-14.0,5.0,h223,0,0
12928,2025.11.11,14.26.45,-90.120256,29.934111,-106,-16,-3.0,8,8,D,PERIODIC,-109.0,-14.0,5.0,h223,0,0
12929,2025.11.11,14.26.46,-90.120256,29.934111,-106,-16,-3.0,0,12,D,PERIODIC,-109.0,-14.0,5.0,h223,0,0
12930,2025.11.11,14.26.47,-90.120256,29.934111,-106,-16,-3.0,2,2,D,PERIODIC,-109.0,-14.0,5.0,h223,0,0
12931,2025.11.11,14.26.48,-90.120256,29.934111,-108,-17,-4.0,0,0,I,PERIODIC,-109.0,-14.0,5.0,h223,0,0
12932,2025.11.11,14.26.49,-90.120256,29.934111,-108,-17,-3.0,0,0,I,PERIODIC,-109.0,-14.0,5.0,h223,0,0
12933,2025.11.11,14.26.50,-90.120256,29.934111,-108,-17,-3.0,0,0,D,PERIODIC,-109.0,-14.0,5.0,h223,0,0
12934,2025.11.11,14.26.51,-90.120256,29.934111,-107,-16,-4.0,0,0,I,PERIODIC,-109.0,-12.0,6.0,h223,0,0
12935,2025.11.11,14.26.52,-90.120256,29.934111,-107,-16,-4.0,0,0,I,PERIODIC,-109.0,-12.0,6.0,h223,0,0
12936,2025.11.11,14.26.53,-90.120256,29.934111,-107,-16,-4.0,0,0,I,PERIODIC,-110.0,-13.0,3.0,h223,0,0
12937,2025.11.11,14.26.54,-90.120256,29.934111,-107,-16,-4.0,0,2,D,PERIODIC,-110.0,-13.0,3.0,h223,0,0
12938,2025.11.11,14.26.55,-90.120256,29.934111,-107,-16,-4.0,0,1,D,PERIODIC,-110.0,-13.0,3.0,h223,0,0
12939,2025.11.11,14.26.56,-90.120256,29.934111,-107,-16,-4.0,29,35,D,PERIODIC,-110.0,-13.0,3.0,h223,0,0
12940,2025.11.11,14.26.57,-90.120256,29.934111,-107,-16,-4.0,0,47,D,PERIODIC,-108.0,-13.0,3.0,h223,0,0
12941,2025.11.11,14.26.58,-90.120256,29.934111,-107,-16,-4.0,2,1,D,PERIODIC,-108.0,-13.0,3.0,h223,0,0
12942,2025.11.11,14.26.59,-90.120256,29.934111,-107,-16,-4.0,0,0,I,PERIODIC,-107.0,-13.0,3.0,h223,0,0
12943,2025.11.11,14.27.00,-90.120256,29.934111,-107,-16,-4.0,2,2,D,PERIODIC,-107.0,-13.0,3.0,h223,0,0
12944,2025.11.11,14.27.01,-90.120256,29.934111,-108,-17,-4.0,1,1,D,PERIODIC,-107.0,-12.0,8.0,h223,0,0
12945,2025.11.11,14.27.02,-90.120256,29.934111,-108,-17,-4.0,0,0,I,PERIODIC,-107.0,-12.0,8.0,h223,0,0
12946,2025.11.11,14.27.03,-90.120256,29.934111,-108,-16,-4.0,0,0,I,PERIODIC,-107.0,-14.0,7.0,h223,0,0
12947,2025.11.11,14.27.04,-90.120256,29.934111,-108,-16,-4.0,0,0,I,PERIODIC,-107.0,-14.0,7.0,h223,0,0
12948,2025.11.11,14.27.05,-90.120256,29.934111,-108,-16,-4.0,105511,2615,D,PERIODIC,-107.0,-13.0,8.0,h223,0,0
12949,2025.11.11,14.27.06,-90.120256,29.934111,-108,-16,-4.0,0,0,I,PERIODIC,-107.0,-13.0,8.0,h223,0,0
12950,2025.11.11,14.27.07,-90.120256,29.934111,-106,-15,-2.0,0,0,I,PERIODIC,-107.0,-13.0,6.0,h223,0,0
12951,2025.11.11,14.27.08,-90.120256,29.934111,-106,-15,-2.0,0,0,I,PERIODIC,-107.0,-13.0,6.0,h223,0,0
12952,2025.11.11,14.27.09,-90.120256,29.934111,-105,-15,-5.0,0,0,I,PERIODIC,-107.0,-15.0,7.0,h223,0,0
12953,2025.11.11,14.27.10,-90.120256,29.934111,-105,-15,-5.0,0,0,I,PERIODIC,-107.0,-15.0,7.0,h223,0,0
12954,2025.11.11,14.27.11,-90.120256,29.934111,-105,-15,-10.0,135725,1141,D,PERIODIC,-108.0,-13.0,5.0,h223,0,0
12955,2025.11.11,14.27.12,-90.120256,29.934111,-105,-15,-10.0,0,0,I,PERIODIC,-108.0,-13.0,5.0,h223,0,0
12956,2025.11.11,14.27.13,-90.120256,29.934111,-104,-15,-15.0,0,0,D,PERIODIC,-107.0,-13.0,5.0,h223,0,0
12957,2025.11.11,14.27.14,-90.120256,29.934111,-104,-15,-15.0,3,3,D,PERIODIC,-107.0,-13.0,5.0,h223,0,0
12958,2025.11.11,14.27.15,-90.120256,29.934111,-104,-15,-15.0,95116,1754,D,PERIODIC,-107.0,-12.0,5.0,h223,0,0
12959,2025.11.11,14.27.16,-90.120256,29.934111,-104,-15,-15.0,0,0,I,PERIODIC,-107.0,-12.0,5.0,h223,0,0
12960,2025.11.11,14.27.17,-90.120256,29.934111,-105,-15,-15.0,0,0,I,PERIODIC,-109.0,-14.0,6.0,h223,0,0
12961,2025.11.11,14.27.18,-90.120256,29.934111,-105,-15,-15.0,0,0,I,PERIODIC,-109.0,-14.0,6.0,h223,0,0
12962,2025.11.11,14.27.19,-90.120256,29.934111,-105,-15,-15.0,0,0,I,PERIODIC,-107.0,-11.0,6.0,h223,0,0
12963,2025.11.11,14.27.20,-90.120256,29.934111,-105,-15,-15.0,0,0,D,PERIODIC,-107.0,-11.0,6.0,h223,0,0
12964,2025.11.11,14.27.21,-90.120256,29.934111,-105,-15,-15.0,53737,6,D,PERIODIC,-109.0,-14.0,6.0,h223,0,0
12965,2025.11.11,14.27.22,-90.120256,29.934111,-105,-15,-15.0,0,0,D,PERIODIC,-109.0,-14.0,6.0,h223,0,0
12966,2025.11.11,14.27.23,-90.120256,29.934111,-105,-15,-15.0,0,0,I,PERIODIC,-108.0,-11.0,6.0,h223,0,0
12967,2025.11.11,14.27.24,-90.120256,29.934111,-105,-15,-15.0,0,0,I,PERIODIC,-108.0,-11.0,6.0,h223,0,0
12968,2025.11.11,14.27.25,-90.120256,29.934111,-105,-15,-15.0,54547,700,D,PERIODIC,-107.0,-13.0,6.0,h223,0,0
12969,2025.11.11,14.27.26,-90.120256,29.934111,-105,-15,-15.0,2,2,D,PERIODIC,-107.0,-13.0,6.0,h223,0,0
12970,2025.11.11,14.27.27,-90.120256,29.934111,-105,-15,-15.0,0,0,D,PERIODIC,-108.0,-12.0,6.0,h223,0,0
12971,2025.11.11,14.27.28,-90.120256,29.934111,-105,-15,-15.0,0,0,I,PERIODIC,-108.0,-12.0,6.0,h223,0,0
12972,2025.11.11,14.27.29,-90.120256,29.934111,-105,-15,-15.0,0,0,I,PERIODIC,-107.0,-13.0,6.0,h223,0,0
12973,2025.11.11,14.27.30,-90.120256,29.934111,-105,-15,-15.0,91301,2495,D,PERIODIC,-107.0,-13.0,6.0,h223,0,0
12974,2025.11.11,14.27.31,-90.120256,29.934111,-105,-15,-15.0,0,0,D,PERIODIC,-108.0,-11.0,6.0,h223,0,0
12975,2025.11.11,14.27.32,-90.120256,29.934111,-105,-15,-15.0,1,1,D,PERIODIC,-108.0,-11.0,6.0,h223,0,0
12976,2025.11.11,14.27.33,-90.120256,29.934111,-108,-17,-4.0,0,10,D,PERIODIC,-108.0,-14.0,7.0,h223,0,0
12977,2025.11.11,14.27.34,-90.120256,29.934111,-108,-17,-4.0,0,2,D,PERIODIC,-108.0,-14.0,7.0,h223,0,0
12978,2025.11.11,14.27.35,-90.120256,29.934111,-108,-16,-4.0,57648,1565,D,PERIODIC,-108.0,-13.0,8.0,h223,0,0
12979,2025.11.11,14.27.36,-90.120256,29.934111,-108,-16,-4.0,0,0,I,PERIODIC,-108.0,-13.0,8.0,h223,0,0
12980,2025.11.11,14.27.37,-90.120256,29.934111,-107,-15,-3.0,69,69,D,PERIODIC,-108.0,-13.0,7.0,h223,0,0
12981,2025.11.11,14.27.38,-90.120256,29.934111,-107,-15,-2.0,28,28,D,PERIODIC,-108.0,-13.0,7.0,h223,0,0
12982,2025.11.11,14.27.39,-90.120256,29.934111,-107,-15,-2.0,0,0,D,PERIODIC,-108.0,-13.0,8.0,h223,0,0
12983,2025.11.11,14.27.40,-90.120256,29.934111,-107,-15,-2.0,103092,1029,D,PERIODIC,-108.0,-13.0,8.0,h223,0,0
12984,2025.11.11,14.27.41,-90.120256,29.934111,-107,-15,-2.0,0,0,I,PERIODIC,-108.0,-12.0,8.0,h223,0,0
12985,2025.11.11,14.27.42,-90.120256,29.934111,-107,-15,-2.0,0,0,I,PERIODIC,-108.0,-12.0,8.0,h223,0,0
12986,2025.11.11,14.27.43,-90.120256,29.934111,-107,-15,-1.0,4,4,D,PERIODIC,-107.0,-14.0,8.0,h223,0,0
12987,2025.11.11,14.27.44,-90.120256,29.934111,-107,-15,-1.0,4,4,D,PERIODIC,-107.0,-14.0,8.0,h223,0,0
12988,2025.11.11,14.27.45,-90.120256,29.934111,-106,-15,-20.0,107130,1487,D,PERIODIC,-108.0,-13.0,5.0,h223,0,0
12989,2025.11.11,14.27.46,-90.120256,29.934111,-106,-15,-20.0,0,0,D,PERIODIC,-108.0,-13.0,5.0,h223,0,0
12990,2025.11.11,14.27.47,-90.120256,29.934111,-106,-15,-20.0,0,0,I,PERIODIC,-108.0,-14.0,5.0,h223,0,0
12991,2025.11.11,14.27.48,-90.120256,29.934111,-106,-15,-20.0,0,1,D,PERIODIC,-108.0,-14.0,5.0,h223,0,0
12992,2025.11.11,14.27.49,-90.120256,29.934111,-109,-17,-4.0,0,0,I,PERIODIC,-107.0,-11.0,7.0,h223,0,0
12993,2025.11.11,14.27.50,-90.120256,29.934111,-109,-17,-4.0,52840,1803,D,PERIODIC,-107.0,-11.0,7.0,h223,0,0
12994,2025.11.11,14.27.51,-90.120256,29.934111,-108,-16,-4.0,0,0,D,PERIODIC,-108.0,-13.0,9.0,h223,0,0
12995,2025.11.11,14.27.52,-90.120256,29.934111,-108,-16,-4.0,0,0,D,PERIODIC,-108.0,-13.0,9.0,h223,0,0
12996,2025.11.11,14.27.53,-90.120256,29.934111,-108,-16,-4.0,0,0,I,PERIODIC,-107.0,-14.0,9.0,h223,0,0
12997,2025.11.11,14.27.54,-90.120256,29.934111,-108,-16,-4.0,2,2,D,PERIODIC,-107.0,-14.0,9.0,h223,0,0
12998,2025.11.11,14.27.55,-90.120256,29.934111,-108,-16,-4.0,112742,923,D,PERIODIC,-107.0,-14.0,9.0,h223,0,0
12999,2025.11.11,14.27.56,-90.120256,29.934111,-108,-16,-4.0,1,1,D,PERIODIC,-107.0,-14.0,9.0,h223,0,0
13000,2025.11.11,14.27.57,-90.120256,29.934111,-108,-16,-4.0,45,44,D,PERIODIC,-107.0,-13.0,9.0,h223,0,0
13001,2025.11.11,14.27.58,-90.120256,29.934111,-108,-16,-4.0,96,96,D,PERIODIC,-107.0,-13.0,9.0,h223,0,0
13002,2025.11.11,14.27.59,-90.120256,29.934111,-107,-16,-3.0,0,0,D,PERIODIC,-107.0,-14.0,9.0,h223,0,0
13003,2025.11.11,14.28.00,-90.120256,29.934111,-107,-16,-3.0,154274,1962,D,PERIODIC,-107.0,-14.0,9.0,h223,0,0
13004,2025.11.11,14.28.01,-90.120256,29.934111,-106,-16,-3.0,0,0,I,PERIODIC,-108.0,-13.0,8.0,h223,0,0
13005,2025.11.11,14.28.02,-90.120256,29.934111,-106,-16,-3.0,0,0,I,PERIODIC,-108.0,-13.0,8.0,h223,0,0
13006,2025.11.11,14.28.03,-90.120256,29.934111,-107,-16,-3.0,3,3,D,PERIODIC,-108.0,-14.0,6.0,h223,0,0
13007,2025.11.11,14.28.04,-90.120256,29.934111,-107,-16,-3.0,0,0,D,PERIODIC,-108.0,-14.0,6.0,h223,0,0
13008,2025.11.11,14.28.05,-90.120256,29.934111,-107,-16,-3.0,103189,815,D,PERIODIC,-107.0,-11.0,6.0,h223,0,0
13009,2025.11.11,14.28.06,-90.120256,29.934111,-107,-16,-3.0,0,0,D,PERIODIC,-107.0,-11.0,6.0,h223,0,0
13010,2025.11.11,14.28.07,-90.120256,29.934111,-107,-16,-3.0,0,0,I,PERIODIC,-108.0,-13.0,6.0,h223,0,0
13011,2025.11.11,14.28.08,-90.120256,29.934111,-107,-16,-3.0,0,0,I,PERIODIC,-108.0,-13.0,6.0,h223,0,0
13012,2025.11.11,14.28.09,-90.120256,29.934111,-108,-17,-5.0,0,0,D,PERIODIC,-109.0,-14.0,5.0,h223,0,0
13013,2025.11.11,14.28.10,-90.120256,29.934111,-108,-17,-4.0,0,0,D,PERIODIC,-109.0,-14.0,5.0,h223,0,0
13014,2025.11.11,14.28.11,-90.120256,29.934111,-108,-16,-4.0,0,0,I,PERIODIC,-109.0,-12.0,5.0,h223,0,0
13015,2025.11.11,14.28.12,-90.120256,29.934111,-108,-16,-2.0,0,0,I,PERIODIC,-109.0,-12.0,5.0,h223,0,0
13016,2025.11.11,14.28.13,-90.120256,29.934111,-107,-16,-20.0,1,1,D,PERIODIC,-110.0,-13.0,6.0,h223,0,0
13017,2025.11.11,14.28.14,-90.120256,29.934111,-107,-16,-20.0,1,1,D,PERIODIC,-110.0,-13.0,6.0,h223,0,0
13018,2025.11.11,14.28.15,-90.120256,29.934111,-106,-15,-2.0,0,0,D,PERIODIC,-109.0,-13.0,4.0,h223,0,0
13019,2025.11.11,14.28.16,-90.120256,29.934111,-106,-15,-3.0,2,0,D,PERIODIC,-109.0,-13.0,4.0,h223,0,0
13020,2025.11.11,14.28.17,-90.120256,29.934111,-107,-15,-3.0,0,0,I,PERIODIC,-109.0,-11.0,5.0,h223,0,0
13021,2025.11.11,14.28.18,-90.120256,29.934111,-107,-15,-4.0,7,9,D,PERIODIC,-109.0,-11.0,5.0,h223,0,0
13022,2025.11.11,14.28.19,-90.120256,29.934111,-107,-17,-4.0,0,0,I,PERIODIC,-109.0,-11.0,5.0,h223,0,0
13023,2025.11.11,14.28.20,-90.120256,29.934111,-107,-17,-4.0,0,0,I,PERIODIC,-109.0,-11.0,5.0,h223,0,0
13024,2025.11.11,14.28.21,-90.120256,29.934111,-107,-16,-4.0,0,0,I,PERIODIC,-109.0,-12.0,5.0,h223,0,0
13025,2025.11.11,14.28.22,-90.120256,29.934111,-107,-16,-4.0,0,0,I,PERIODIC,-109.0,-12.0,5.0,h223,0,0
13026,2025.11.11,14.28.23,-90.120256,29.934111,-107,-16,-3.0,0,0,I,PERIODIC,-108.0,-15.0,5.0,h223,0,0
13027,2025.11.11,14.28.24,-90.120256,29.934111,-107,-16,-3.0,0,0,I,PERIODIC,-108.0,-15.0,5.0,h223,0,0
13028,2025.11.11,14.28.25,-90.120256,29.934111,-108,-16,-4.0,1,1,D,PERIODIC,-109.0,-13.0,4.0,h223,0,0
13029,2025.11.11,14.28.26,-90.120256,29.934111,-108,-16,-4.0,2,2,D,PERIODIC,-109.0,-13.0,4.0,h223,0,0
13030,2025.11.11,14.28.27,-90.120256,29.934111,-108,-16,-4.0,0,0,D,PERIODIC,-109.0,-11.0,4.0,h223,0,0
13031,2025.11.11,14.28.28,-90.120256,29.934111,-108,-16,-4.0,0,0,I,PERIODIC,-109.0,-11.0,4.0,h223,0,0
13032,2025.11.11,14.28.29,-90.120256,29.934111,-108,-16,-4.0,0,0,I,PERIODIC,-109.0,-12.0,4.0,h223,0,0
13033,2025.11.11,14.28.30,-90.120256,29.934111,-108,-16,-4.0,7,8,D,PERIODIC,-109.0,-12.0,4.0,h223,0,0
13034,2025.11.11,14.28.31,-90.120256,29.934111,-108,-16,-4.0,0,0,I,PERIODIC,-109.0,-12.0,4.0,h223,0,0
13035,2025.11.11,14.28.32,-90.120256,29.934111,-108,-16,-4.0,0,0,D,PERIODIC,-108.0,-13.0,4.0,h223,0,0
13036,2025.11.11,14.28.33,-90.120256,29.934111,-108,-17,-5.0,7,7,D,PERIODIC,-109.0,-12.0,6.0,h223,0,0
13037,2025.11.11,14.28.34,-90.120256,29.934111,-108,-17,-4.0,0,0,I,PERIODIC,-109.0,-12.0,6.0,h223,0,0
13038,2025.11.11,14.28.35,-90.120256,29.934111,-107,-17,-4.0,0,0,I,PERIODIC,-110.0,-12.0,3.0,h223,0,0
13039,2025.11.11,14.28.36,-90.120256,29.934111,-107,-17,-2.0,0,0,I,PERIODIC,-110.0,-12.0,3.0,h223,0,0
13040,2025.11.11,14.28.37,-90.120256,29.934111,-107,-15,-2.0,0,0,I,PERIODIC,-109.0,-11.0,2.0,h223,0,0
13041,2025.11.11,14.28.38,-90.120256,29.934111,-107,-15,-2.0,0,0,I,PERIODIC,-109.0,-11.0,2.0,h223,0,0
13042,2025.11.11,14.28.39,-90.120256,29.934111,-107,-15,-2.0,123,80,D,PERIODIC,-110.0,-12.0,2.0,h223,0,0
13043,2025.11.11,14.28.40,-90.120256,29.934111,-107,-15,-3.0,0,0,D,PERIODIC,-110.0,-12.0,2.0,h223,0,0
13044,2025.11.11,14.28.41,-90.120256,29.934111,-107,-17,-3.0,0,0,D,PERIODIC,-111.0,-14.0,3.0,h223,0,0
13045,2025.11.11,14.28.42,-90.120256,29.934111,-107,-17,-3.0,0,0,I,PERIODIC,-111.0,-14.0,3.0,h223,0,0
6819,2025.11.11,11.25.32,-90.120182,29.934192,-112,-13,30.0,0,0,I,LOG START,-105.0,-10.0,5.0,h77,0,0
6820,2025.11.11,11.25.33,-90.120155,29.934189,-112,-13,30.0,0,0,I,,-105.0,-10.0,5.0,h77,0,0
6821,2025.11.11,11.25.33,-90.120155,29.934189,-112,-13,30.0,0,0,I,PERIODIC,-103.0,-11.0,9.0,h77,0,0
6822,2025.11.11,11.25.34,-90.120155,29.934189,-112,-13,30.0,1,0,D,PERIODIC,-103.0,-11.0,9.0,h77,0,0
6823,2025.11.11,11.25.35,-90.120155,29.934189,-112,-13,30.0,0,0,I,PERIODIC,-103.0,-12.0,9.0,h77,0,0
6824,2025.11.11,11.25.36,-90.120155,29.934189,-112,-13,30.0,0,0,I,PERIODIC,-103.0,-12.0,9.0,h77,0,0
6825,2025.11.11,11.25.37,-90.120155,29.934189,-112,-13,4.0,0,0,D,PERIODIC,-103.0,-13.0,8.0,h77,0,0
6826,2025.11.11,11.25.38,-90.120155,29.934189,-112,-13,4.0,22,22,D,PERIODIC,-103.0,-13.0,8.0,h77,0,0
6827,2025.11.11,11.25.39,-90.120155,29.934189,-110,-12,35.0,10,11,D,PERIODIC,-103.0,-11.0,7.0,h77,0,0
6828,2025.11.11,11.25.40,-90.120155,29.934189,-110,-12,35.0,3839,2416,D,PERIODIC,-103.0,-11.0,7.0,h77,0,0
6829,2025.11.11,11.25.41,-90.120267,29.934104,-110,-12,35.0,3839,2416,D,,-103.0,-11.0,7.0,h77,0,0
6830,2025.11.11,11.25.41,-90.120267,29.934104,-112,-13,40.0,6,6,D,PERIODIC,-102.0,-11.0,9.0,h77,0,0
6831,2025.11.11,11.25.42,-90.120267,29.934104,-112,-13,40.0,13,13,D,PERIODIC,-102.0,-11.0,9.0,h77,0,0
6832,2025.11.11,11.25.43,-90.120267,29.934104,-110,-12,40.0,5,5,D,PERIODIC,-102.0,-12.0,11.0,h77,0,0
6833,2025.11.11,11.25.44,-90.120267,29.934104,-110,-12,40.0,6,6,D,PERIODIC,-102.0,-12.0,11.0,h77,0,0
6834,2025.11.11,11.25.45,-90.120267,29.934104,-110,-12,5.0,0,0,I,PERIODIC,-102.0,-12.0,10.0,h77,0,0
6835,2025.11.11,11.25.46,-90.120267,29.934104,-110,-12,5.0,0,0,I,PERIODIC,-102.0,-12.0,10.0,h77,0,0
6836,2025.11.11,11.25.47,-90.120267,29.934104,-110,-12,5.0,0,3,D,PERIODIC,-102.0,-11.0,10.0,h77,0,0
6837,2025.11.11,11.25.48,-90.120267,29.934104,-110,-12,5.0,3,3,D,PERIODIC,-102.0,-11.0,10.0,h77,0,0
6838,2025.11.11,11.25.49,-90.120267,29.934104,-111,-12,40.0,5,3,D,PERIODIC,-102.0,-12.0,10.0,h77,0,0
6839,2025.11.11,11.25.50,-90.120267,29.934104,-111,-12,40.0,0,0,I,PERIODIC,-102.0,-12.0,10.0,h77,0,0
6840,2025.11.11,11.25.51,-90.120267,29.934104,-110,-12,6.0,0,0,I,PERIODIC,-102.0,-13.0,11.0,h77,0,0
6841,2025.11.11,11.25.52,-90.120267,29.934104,-110,-12,6.0,0,0,I,PERIODIC,-102.0,-13.0,11.0,h77,0,0
6842,2025.11.11,11.25.53,-90.120267,29.934104,-111,-13,4.0,0,0,I,PERIODIC,-102.0,-10.0,9.0,h77,0,0
6843,2025.11.11,11.25.54,-90.120267,29.934104,-111,-13,4.0,17,15,D,PERIODIC,-102.0,-10.0,9.0,h77,0,0
6844,2025.11.11,11.25.55,-90.120267,29.934104,-111,-13,40.0,2,1,D,PERIODIC,-102.0,-11.0,11.0,h77,0,0
6845,2025.11.11,11.25.56,-90.120267,29.934104,-111,-13,40.0,5,4,D,PERIODIC,-102.0,-11.0,11.0,h77,0,0
6846,2025.11.11,11.25.57,-90.120267,29.934104,-110,-12,4.0,4,4,D,PERIODIC,-102.0,-11.0,10.0,h77,0,0
6847,2025.11.11,11.25.58,-90.120267,29.934104,-110,-12,4.0,3,3,D,PERIODIC,-102.0,-11.0,10.0,h77,0,0
6848,2025.11.11,11.25.59,-90.120267,29.934104,-111,-12,40.0,1,1,D,PERIODIC,-102.0,-11.0,12.0,h77,0,0
6849,2025.11.11,11.26.00,-90.120267,29.934104,-111,-12,40.0,0,0,I,PERIODIC,-102.0,-11.0,12.0,h77,0,0
6850,2025.11.11,11.26.01,-90.120267,29.934104,-111,-13,35.0,0,0,I,PERIODIC,-102.0,-9.0,11.0,h77,0,0
6851,2025.11.11,11.26.02,-90.120267,29.934104,-111,-13,35.0,0,0,I,PERIODIC,-102.0,-9.0,11.0,h77,0,0
6852,2025.11.11,11.26.03,-90.120267,29.934104,-111,-13,35.0,0,0,I,PERIODIC,-102.0,-12.0,11.0,h77,0,0
6853,2025.11.11,11.26.04,-90.120267,29.934104,-111,-13,35.0,3,4,D,PERIODIC,-102.0,-12.0,11.0,h77,0,0
6854,2025.11.11,11.26.05,-90.120267,29.934104,-111,-13,35.0,0,0,D,PERIODIC,-102.0,-12.0,11.0,h77,0,0
6855,2025.11.11,11.26.06,-90.120267,29.934104,-111,-13,35.0,22,23,D,PERIODIC,-102.0,-12.0,11.0,h77,0,0
6856,2025.11.11,11.26.07,-90.120267,29.934104,-111,-13,35.0,30,30,D,PERIODIC,-103.0,-12.0,11.0,h77,0,0
6857,2025.11.11,11.26.08,-90.120267,29.934104,-111,-13,35.0,0,0,I,PERIODIC,-103.0,-12.0,11.0,h77,0,0
6858,2025.11.11,11.26.09,-90.120267,29.934104,-110,-13,30.0,0,0,I,PERIODIC,-102.0,-12.0,10.0,h77,0,0
6859,2025.11.11,11.26.10,-90.120267,29.934104,-110,-13,30.0,0,5241,D,PERIODIC,-102.0,-12.0,10.0,h77,0,0
6860,2025.11.11,11.26.11,-90.120267,29.934104,-110,-13,30.0,0,0,I,PERIODIC,-102.0,-13.0,10.0,h77,0,0
6861,2025.11.11,11.26.12,-90.120267,29.934104,-110,-13,30.0,0,0,I,PERIODIC,-102.0,-13.0,10.0,h77,0,0
6862,2025.11.11,11.26.13,-90.120267,29.934104,-115,-13,30.0,5,4,D,PERIODIC,-102.0,-13.0,8.0,h77,0,0
6863,2025.11.11,11.26.14,-90.120267,29.934104,-115,-13,30.0,0,0,I,PERIODIC,-102.0,-13.0,8.0,h77,0,0
6864,2025.11.11,11.26.15,-90.120267,29.934104,-115,-13,30.0,101849,1311,D,PERIODIC,-102.0,-13.0,8.0,h77,0,0
6865,2025.11.11,11.26.16,-90.120267,29.934104,-115,-13,30.0,0,0,I,PERIODIC,-102.0,-13.0,8.0,h77,0,0
6866,2025.11.11,11.26.17,-90.120267,29.934104,-115,-13,30.0,0,0,I,PERIODIC,-102.0,-12.0,8.0,h77,0,0
6867,2025.11.11,11.26.18,-90.120267,29.934104,-115,-13,30.0,0,0,I,PERIODIC,-102.0,-12.0,8.0,h77,0,0
6868,2025.11.11,11.26.19,-90.120267,29.934104,-115,-13,30.0,0,0,I,PERIODIC,-102.0,-12.0,8.0,h77,0,0
6869,2025.11.11,11.26.20,-90.120267,29.934104,-115,-13,30.0,58742,491,D,PERIODIC,-102.0,-12.0,8.0,h77,0,0
6870,2025.11.11,11.26.21,-90.120267,29.934104,-115,-13,30.0,0,0,I,PERIODIC,-102.0,-10.0,8.0,h77,0,0
6871,2025.11.11,11.26.22,-90.120267,29.934104,-115,-13,30.0,0,0,I,PERIODIC,-102.0,-10.0,8.0,h77,0,0
6872,2025.11.11,11.26.23,-90.120267,29.934104,-111,-13,20.0,0,0,I,PERIODIC,-102.0,-13.0,10.0,h77,0,0
6873,2025.11.11,11.26.24,-90.120267,29.934104,-111,-13,20.0,0,0,I,PERIODIC,-102.0,-13.0,10.0,h77,0,0
6874,2025.11.11,11.26.25,-90.120267,29.934104,-112,-13,30.0,113718,890,D,PERIODIC,-102.0,-12.0,11.0,h77,0,0
6875,2025.11.11,11.26.26,-90.120267,29.934104,-112,-13,30.0,0,0,I,PERIODIC,-102.0,-12.0,11.0,h77,0,0
6876,2025.11.11,11.26.27,-90.120267,29.934104,-112,-13,30.0,0,0,I,PERIODIC,-102.0,-12.0,11.0,h77,0,0
6877,2025.11.11,11.26.28,-90.120267,29.934104,-111,-13,40.0,0,0,D,PERIODIC,-102.0,-12.0,9.0,h77,0,0
6878,2025.11.11,11.26.29,-90.120267,29.934104,-110,-12,4.0,4,4,D,PERIODIC,-102.0,-12.0,9.0,h77,0,0
6879,2025.11.11,11.26.30,-90.120267,29.934104,-110,-12,4.0,0,0,D,PERIODIC,-102.0,-12.0,9.0,h77,0,0
6880,2025.11.11,11.26.31,-90.120267,29.934104,-111,-13,4.0,0,0,D,PERIODIC,-102.0,-12.0,7.0,h77,0,0
6881,2025.11.11,11.26.32,-90.120267,29.934104,-111,-13,4.0,0,0,I,PERIODIC,-102.0,-12.0,7.0,h77,0,0
6882,2025.11.11,11.26.33,-90.120267,29.934104,-110,-13,35.0,0,0,I,PERIODIC,-102.0,-12.0,8.0,h77,0,0
6883,2025.11.11,11.26.34,-90.120267,29.934104,-110,-13,35.0,0,0,I,PERIODIC,-102.0,-12.0,8.0,h77,0,0
6884,2025.11.11,11.26.35,-90.120267,29.934104,-112,-13,30.0,103314,3036,D,PERIODIC,-102.0,-12.0,10.0,h77,0,0
6885,2025.11.11,11.26.36,-90.120267,29.934104,-112,-13,30.0,20,23,D,PERIODIC,-102.0,-12.0,10.0,h77,0,0
6886,2025.11.11,11.26.37,-90.120267,29.934104,-110,-13,35.0,0,0,I,PERIODIC,-102.0,-13.0,9.0,h77,0,0
6887,2025.11.11,11.26.38,-90.120267,29.934104,-110,-13,35.0,0,0,D,PERIODIC,-102.0,-13.0,9.0,h77,0,0
6888,2025.11.11,11.26.39,-90.120267,29.934104,-111,-13,40.0,9,12,D,PERIODIC,-102.0,-12.0,7.0,h77,0,0
6889,2025.11.11,11.26.40,-90.120267,29.934104,-111,-13,40.0,90565,729,D,PERIODIC,-102.0,-12.0,7.0,h77,0,0
6890,2025.11.11,11.26.41,-90.120267,29.934104,-112,-13,35.0,82,61,D,PERIODIC,-102.0,-11.0,7.0,h77,0,0
6891,2025.11.11,11.26.42,-90.120267,29.934104,-112,-13,35.0,0,3,D,PERIODIC,-102.0,-11.0,7.0,h77,0,0
6892,2025.11.11,11.26.43,-90.120267,29.934104,-110,-13,30.0,0,0,D,PERIODIC,-102.0,-12.0,8.0,h77,0,0
6893,2025.11.11,11.26.44,-90.120267,29.934104,-110,-13,30.0,0,0,I,PERIODIC,-102.0,-12.0,8.0,h77,0,0
6894,2025.11.11,11.26.45,-90.120267,29.934104,-110,-12,5.0,0,0,D,PERIODIC,-102.0,-12.0,8.0,h77,0,0
6895,2025.11.11,11.26.46,-90.120267,29.934104,-110,-12,5.0,78596,0,D,PERIODIC,-102.0,-12.0,8.0,h77,0,0
6896,2025.11.11,11.26.47,-90.120267,29.934104,-110,-12,6.0,0,0,I,PERIODIC,-102.0,-12.0,8.0,h77,0,0
6897,2025.11.11,11.26.48,-90.120267,29.934104,-110,-12,3.0,0,0,D,PERIODIC,-102.0,-12.0,8.0,h77,0,0
6898,2025.11.11,11.26.49,-90.120267,29.934104,-111,-12,4.0,0,0,I,PERIODIC,-102.0,-12.0,9.0,h77,0,0
6899,2025.11.11,11.26.50,-90.120267,29.934104,-111,-12,3.0,66985,563,D,PERIODIC,-102.0,-12.0,9.0,h77,0,0
6900,2025.11.11,11.26.51,-90.120267,29.934104,-111,-13,35.0,0,0,D,PERIODIC,-102.0,-12.0,9.0,h77,0,0
6901,2025.11.11,11.26.52,-90.120267,29.934104,-111,-13,35.0,8,6,D,PERIODIC,-102.0,-12.0,9.0,h77,0,0
6902,2025.11.11,11.26.53,-90.120267,29.934104,-110,-12,5.0,3,4,D,PERIODIC,-102.0,-13.0,8.0,h77,0,0
6903,2025.11.11,11.26.54,-90.120267,29.934104,-110,-12,4.0,0,0,D,PERIODIC,-102.0,-13.0,8.0,h77,0,0
6904,2025.11.11,11.26.55,-90.120267,29.934104,-110,-12,4.0,0,0,D,PERIODIC,-102.0,-13.0,8.0,h77,0,0
6905,2025.11.11,11.26.56,-90.120267,29.934104,-111,-12,40.0,117880,859,D,PERIODIC,-102.0,-11.0,8.0,h77,0,0
6906,2025.11.11,11.26.57,-90.120267,29.934104,-110,-13,40.0,6,6,D,PERIODIC,-102.0,-12.0,9.0,h77,0,0
6907,2025.11.11,11.26.58,-90.120267,29.934104,-110,-13,40.0,7,7,D,PERIODIC,-102.0,-12.0,9.0,h77,0,0
6908,2025.11.11,11.26.59,-90.120267,29.934104,-111,-12,4.0,0,0,I,PERIODIC,-102.0,-12.0,9.0,h77,0,0
6909,2025.11.11,11.27.00,-90.120267,29.934104,-111,-12,4.0,95760,2786,D,PERIODIC,-102.0,-12.0,9.0,h77,0,0
6910,2025.11.11,11.27.01,-90.120267,29.934104,-111,-13,40.0,0,0,I,PERIODIC,-102.0,-11.0,9.0,h77,0,0
6911,2025.11.11,11.27.02,-90.120267,29.934104,-111,-13,40.0,0,0,I,PERIODIC,-102.0,-11.0,9.0,h77,0,0
6912,2025.11.11,11.27.03,-90.120267,29.934104,-111,-13,40.0,0,0,I,PERIODIC,-102.0,-10.0,9.0,h77,0,0
6913,2025.11.11,11.27.04,-90.120267,29.934104,-111,-13,40.0,1,1,D,PERIODIC,-102.0,-10.0,9.0,h77,0,0
6914,2025.11.11,11.27.05,-90.120267,29.934104,-112,-13,30.0,68169,628,D,PERIODIC,-102.0,-12.0,6.0,h77,0,0
6915,2025.11.11,11.27.06,-90.120267,29.934104,-112,-13,30.0,0,0,I,PERIODIC,-102.0,-12.0,6.0,h77,0,0
6916,2025.11.11,11.27.07,-90.120267,29.934104,-112,-13,30.0,0,0,I,PERIODIC,-102.0,-12.0,6.0,h77,0,0
6917,2025.11.11,11.27.08,-90.120267,29.934104,-112,-13,30.0,0,0,I,PERIODIC,-102.0,-12.0,6.0,h77,0,0
6918,2025.11.11,11.27.09,-90.120267,29.934104,-112,-13,30.0,0,0,I,PERIODIC,-103.0,-13.0,6.0,h77,0,0
6919,2025.11.11,11.27.10,-90.120267,29.934104,-112,-13,30.0,122459,918,D,PERIODIC,-103.0,-13.0,6.0,h77,0,0
6920,2025.11.11,11.27.11,-90.120267,29.934104,-112,-13,35.0,0,0,I,PERIODIC,-102.0,-13.0,7.0,h77,0,0
6921,2025.11.11,11.27.12,-90.120267,29.934104,-112,-13,35.0,0,0,I,PERIODIC,-102.0,-13.0,7.0,h77,0,0
6922,2025.11.11,11.27.13,-90.120267,29.934104,-112,-13,30.0,0,0,I,PERIODIC,-102.0,-12.0,9.0,h77,0,0
6923,2025.11.11,11.27.14,-90.120267,29.934104,-112,-13,30.0,0,0,I,PERIODIC,-102.0,-12.0,9.0,h77,0,0
6924,2025.11.11,11.27.15,-90.120267,29.934104,-113,-13,30.0,0,984,D,PERIODIC,-102.0,-12.0,7.0,h77,0,0
6925,2025.11.11,11.27.16,-90.120267,29.934104,-113,-13,30.0,0,0,I,PERIODIC,-102.0,-12.0,7.0,h77,0,0
6926,2025.11.11,11.27.17,-90.120267,29.934104,-113,-13,30.0,0,0,I,PERIODIC,-102.0,-13.0,7.0,h77,0,0
6927,2025.11.11,11.27.18,-90.120267,29.934104,-113,-13,30.0,0,0,I,PERIODIC,-102.0,-13.0,7.0,h77,0,0
6928,2025.11.11,11.27.19,-90.120267,29.934104,-113,-13,30.0,0,0,I,PERIODIC,-102.0,-13.0,7.0,h77,0,0
6929,2025.11.11,11.27.20,-90.120267,29.934104,-113,-13,30.0,110718,809,D,PERIODIC,-102.0,-13.0,7.0,h77,0,0
6930,2025.11.11,11.27.21,-90.120267,29.934104,-113,-13,30.0,0,0,I,PERIODIC,-102.0,-13.0,7.0,h77,0,0
6931,2025.11.11,11.27.22,-90.120267,29.934104,-113,-13,30.0,0,0,I,PERIODIC,-102.0,-13.0,7.0,h77,0,0
6932,2025.11.11,11.27.23,-90.120267,29.934104,-113,-13,30.0,0,0,I,PERIODIC,-102.0,-13.0,7.0,h77,0,0
6933,2025.11.11,11.27.24,-90.120267,29.934104,-113,-13,30.0,0,0,I,PERIODIC,-102.0,-13.0,7.0,h77,0,0
6934,2025.11.11,11.27.25,-90.120267,29.934104,-113,-13,30.0,114338,789,D,PERIODIC,-102.0,-13.0,7.0,h77,0,0
6935,2025.11.11,11.27.26,-90.120267,29.934104,-113,-13,30.0,0,0,I,PERIODIC,-102.0,-13.0,7.0,h77,0,0
6936,2025.11.11,11.27.27,-90.120267,29.934104,-113,-13,30.0,0,0,I,PERIODIC,-102.0,-12.0,7.0,h77,0,0
6937,2025.11.11,11.27.28,-90.120267,29.934104,-113,-13,30.0,0,3,D,PERIODIC,-102.0,-12.0,7.0,h77,0,0
6938,2025.11.11,11.27.29,-90.120267,29.934104,-113,-13,30.0,0,0,D,PERIODIC,-102.0,-13.0,7.0,h77,0,0
6939,2025.11.11,11.27.30,-90.120267,29.934104,-113,-13,30.0,59181,2296,D,PERIODIC,-102.0,-13.0,7.0,h77,0,0
6940,2025.11.11,11.27.31,-90.120267,29.934104,-113,-13,30.0,0,0,D,PERIODIC,-102.0,-13.0,7.0,h77,0,0
6941,2025.11.11,11.27.32,-90.120267,29.934104,-113,-13,30.0,0,0,I,PERIODIC,-102.0,-13.0,7.0,h77,0,0
6942,2025.11.11,11.27.33,-90.120267,29.934104,-113,-13,30.0,0,0,I,PERIODIC,-102.0,-13.0,7.0,h77,0,0
6943,2025.11.11,11.27.34,-90.120267,29.934104,-113,-13,30.0,0,0,I,PERIODIC,-102.0,-13.0,7.0,h77,0,0
6944,2025.11.11,11.27.35,-90.120267,29.934104,-113,-13,30.0,0,0,D,PERIODIC,-102.0,-14.0,7.0,h77,0,0
6945,2025.11.11,11.27.36,-90.120267,29.934104,-113,-13,30.0,0,0,I,PERIODIC,-102.0,-14.0,7.0,h77,0,0
6946,2025.11.11,11.27.37,-90.120267,29.934104,-113,-13,30.0,0,0,I,PERIODIC,-102.0,-13.0,7.0,h77,0,0
6947,2025.11.11,11.27.38,-90.120267,29.934104,-113,-13,30.0,0,0,I,PERIODIC,-102.0,-13.0,7.0,h77,0,0
6948,2025.11.11,11.27.39,-90.120267,29.934104,-113,-13,30.0,0,0,I,PERIODIC,-102.0,-12.0,7.0,h77,0,0
6949,2025.11.11,11.27.40,-90.120267,29.934104,-113,-13,30.0,66696,532,D,PERIODIC,-102.0,-12.0,7.0,h77,0,0
6950,2025.11.11,11.27.41,-90.120267,29.934104,-113,-13,30.0,0,0,I,PERIODIC,-102.0,-12.0,7.0,h77,0,0
6951,2025.11.11,11.27.42,-90.120267,29.934104,-113,-13,30.0,0,0,I,PERIODIC,-102.0,-12.0,7.0,h77,0,0
6952,2025.11.11,11.27.43,-90.120267,29.934104,-113,-13,30.0,0,0,I,PERIODIC,-102.0,-13.0,7.0,h77,0,0
6953,2025.11.11,11.27.44,-90.120267,29.934104,-113,-13,30.0,0,0,I,PERIODIC,-102.0,-13.0,7.0,h77,0,0
6954,2025.11.11,11.27.45,-90.120267,29.934104,-113,-13,30.0,107870,798,D,PERIODIC,-102.0,-13.0,7.0,h77,0,0
6955,2025.11.11,11.27.46,-90.120267,29.934104,-113,-13,30.0,0,0,D,PERIODIC,-102.0,-13.0,7.0,h77,0,0
6956,2025.11.11,11.27.47,-90.120267,29.934104,-113,-13,30.0,0,0,I,PERIODIC,-102.0,-10.0,7.0,h77,0,0
6957,2025.11.11,11.27.48,-90.120267,29.934104,-113,-13,30.0,0,0,I,PERIODIC,-102.0,-10.0,7.0,h77,0,0
6958,2025.11.11,11.27.49,-90.120267,29.934104,-113,-13,30.0,0,0,I,PERIODIC,-102.0,-12.0,7.0,h77,0,0
6959,2025.11.11,11.27.50,-90.120267,29.934104,-113,-13,30.0,0,507,D,PERIODIC,-102.0,-12.0,7.0,h77,0,0
6960,2025.11.11,11.27.51,-90.120267,29.934104,-113,-13,30.0,0,0,I,PERIODIC,-102.0,-14.0,7.0,h77,0,0
6961,2025.11.11,11.27.52,-90.120267,29.934104,-113,-13,30.0,0,0,I,PERIODIC,-102.0,-14.0,7.0,h77,0,0
6962,2025.11.11,11.27.53,-90.120267,29.934104,-113,-13,30.0,0,0,I,PERIODIC,-102.0,-12.0,7.0,h77,0,0
6963,2025.11.11,11.27.54,-90.120267,29.934104,-113,-13,30.0,0,0,I,PERIODIC,-102.0,-12.0,7.0,h77,0,0
6964,2025.11.11,11.27.55,-90.120267,29.934104,-113,-13,30.0,0,0,D,PERIODIC,-102.0,-13.0,7.0,h77,0,0
6965,2025.11.11,11.27.56,-90.120267,29.934104,-113,-13,30.0,0,0,I,PERIODIC,-102.0,-13.0,7.0,h77,0,0
6966,2025.11.11,11.27.57,-90.120267,29.934104,-113,-13,30.0,8,9,D,PERIODIC,-102.0,-11.0,7.0,h77,0,0
6967,2025.11.11,11.27.58,-90.120267,29.934104,-113,-13,30.0,4,4,D,PERIODIC,-102.0,-11.0,7.0,h77,0,0
6968,2025.11.11,11.27.59,-90.120267,29.934104,-113,-13,30.0,0,0,D,PERIODIC,-102.0,-12.0,7.0,h77,0,0
6969,2025.11.11,11.28.00,-90.120267,29.934104,-113,-13,30.0,59084,2852,D,PERIODIC,-102.0,-12.0,7.0,h77,0,0
6970,2025.11.11,11.28.01,-90.120267,29.934104,-111,-13,30.0,0,0,D,PERIODIC,-102.0,-13.0,9.0,h77,0,0
6971,2025.11.11,11.28.02,-90.120267,29.934104,-111,-13,30.0,0,1,D,PERIODIC,-102.0,-13.0,9.0,h77,0,0
6972,2025.11.11,11.28.03,-90.120267,29.934104,-112,-13,30.0,0,0,D,PERIODIC,-102.0,-12.0,10.0,h77,0,0
6973,2025.11.11,11.28.04,-90.120267,29.934104,-112,-13,30.0,0,0,D,PERIODIC,-102.0,-12.0,10.0,h77,0,0
6974,2025.11.11,11.28.05,-90.120267,29.934104,-112,-13,15.0,97666,762,D,PERIODIC,-102.0,-13.0,9.0,h77,0,0
6975,2025.11.11,11.28.06,-90.120267,29.934104,-112,-13,15.0,0,0,D,PERIODIC,-102.0,-13.0,9.0,h77,0,0
6976,2025.11.11,11.28.07,-90.120267,29.934104,-112,-13,35.0,5,5,D,PERIODIC,-102.0,-12.0,9.0,h77,0,0
6977,2025.11.11,11.28.08,-90.120267,29.934104,-112,-13,35.0,1,1,D,PERIODIC,-102.0,-12.0,9.0,h77,0,0
6978,2025.11.11,11.28.09,-90.120267,29.934104,-112,-13,35.0,0,0,D,PERIODIC,-102.0,-13.0,9.0,h77,0,0
6979,2025.11.11,11.28.10,-90.120267,29.934104,-112,-13,35.0,0,889,D,PERIODIC,-102.0,-13.0,9.0,h77,0,0
6980,2025.11.11,11.28.11,-90.120267,29.934104,-112,-13,35.0,0,0,D,PERIODIC,-103.0,-14.0,9.0,h77,0,0
6981,2025.11.11,11.28.12,-90.120267,29.934104,-112,-13,35.0,0,0,I,PERIODIC,-103.0,-14.0,9.0,h77,0,0
6982,2025.11.11,11.28.13,-90.120267,29.934104,-112,-13,35.0,1,1,D,PERIODIC,-102.0,-13.0,9.0,h77,0,0
6983,2025.11.11,11.28.14,-90.120267,29.934104,-112,-13,35.0,0,0,D,PERIODIC,-102.0,-13.0,9.0,h77,0,0
6984,2025.11.11,11.28.15,-90.120267,29.934104,-112,-13,35.0,116703,1307,D,PERIODIC,-102.0,-13.0,9.0,h77,0,0
6985,2025.11.11,11.28.16,-90.120267,29.934104,-112,-13,35.0,0,9,D,PERIODIC,-102.0,-13.0,9.0,h77,0,0
6986,2025.11.11,11.28.18,-90.120267,29.934104,-112,-13,35.0,0,0,I,PERIODIC,-102.0,-13.0,8.0,h77,0,0
6987,2025.11.11,11.28.18,-90.120267,29.934104,-112,-13,35.0,0,0,D,PERIODIC,-102.0,-13.0,8.0,h77,0,0
6988,2025.11.11,11.28.20,-90.120267,29.934104,-112,-13,35.0,7,7,D,PERIODIC,-102.0,-13.0,8.0,h77,0,0
6989,2025.11.11,11.28.20,-90.120267,29.934104,-112,-13,35.0,117240,940,D,PERIODIC,-102.0,-13.0,8.0,h77,0,0
6990,2025.11.11,11.28.21,-90.120267,29.934104,-112,-13,35.0,0,1,D,PERIODIC,-102.0,-11.0,8.0,h77,0,0
6991,2025.11.11,11.28.22,-90.120267,29.934104,-112,-13,35.0,0,0,I,PERIODIC,-102.0,-11.0,8.0,h77,0,0
6992,2025.11.11,11.28.24,-90.120267,29.934104,-112,-13,40.0,0,0,I,PERIODIC,-102.0,-14.0,8.0,h77,0,0
6993,2025.11.11,11.28.24,-90.120267,29.934104,-112,-13,40.0,0,0,I,PERIODIC,-102.0,-14.0,8.0,h77,0,0
6994,2025.11.11,11.28.26,-90.120267,29.934104,-112,-12,4.0,86720,2499,D,PERIODIC,-102.0,-13.0,7.0,h77,0,0
6995,2025.11.11,11.28.27,-90.120267,29.934104,-112,-12,3.0,0,0,D,PERIODIC,-102.0,-13.0,7.0,h77,0,0
6996,2025.11.11,11.28.28,-90.120267,29.934104,-112,-12,35.0,0,0,I,PERIODIC,-102.0,-12.0,8.0,h77,0,0
6997,2025.11.11,11.28.29,-90.120267,29.934104,-112,-12,35.0,3,3,D,PERIODIC,-102.0,-12.0,8.0,h77,0,0
6998,2025.11.11,11.28.30,-90.120267,29.934104,-111,-13,35.0,0,0,D,PERIODIC,-102.0,-12.0,8.0,h77,0,0
6999,2025.11.11,11.28.31,-90.120267,29.934104,-111,-13,35.0,0,0,I,PERIODIC,-102.0,-12.0,8.0,h77,0,0
7000,2025.11.11,11.28.32,-90.120267,29.934104,-110,-12,40.0,0,0,D,PERIODIC,-102.0,-12.0,8.0,h77,0,0
7001,2025.11.11,11.28.33,-90.120267,29.934104,-110,-12,40.0,0,0,I,PERIODIC,-102.0,-12.0,8.0,h77,0,0
7002,2025.11.11,11.28.34,-90.120267,29.934104,-111,-13,4.0,0,0,I,PERIODIC,-102.0,-12.0,11.0,h77,0,0
7003,2025.11.11,11.28.35,-90.120267,29.934104,-111,-13,4.0,0,0,I,PERIODIC,-102.0,-12.0,11.0,h77,0,0
7004,2025.11.11,11.28.36,-90.120267,29.934104,-111,-13,4.0,0,0,I,PERIODIC,-101.0,-13.0,11.0,h77,0,0
7005,2025.11.11,11.28.37,-90.120267,29.934104,-111,-13,4.0,0,0,D,PERIODIC,-101.0,-13.0,11.0,h77,0,0
7006,2025.11.11,11.28.38,-90.120267,29.934104,-111,-13,4.0,0,0,I,PERIODIC,-102.0,-12.0,11.0,h77,0,0
7007,2025.11.11,11.28.39,-90.120267,29.934104,-111,-13,4.0,0,0,I,PERIODIC,-102.0,-12.0,11.0,h77,0,0
7008,2025.11.11,11.28.40,-90.120267,29.934104,-111,-13,4.0,5,5,D,PERIODIC,-102.0,-11.0,11.0,h77,0,0
7009,2025.11.11,11.28.41,-90.120267,29.934104,-111,-13,4.0,125662,955,D,PERIODIC,-102.0,-11.0,11.0,h77,0,0
7010,2025.11.11,11.28.42,-90.120267,29.934104,-110,-12,4.0,0,0,D,PERIODIC,-102.0,-13.0,7.0,h77,0,0
7011,2025.11.11,11.28.43,-90.120267,29.934104,-110,-12,4.0,7,4,D,PERIODIC,-102.0,-13.0,7.0,h77,0,0
7012,2025.11.11,11.28.44,-90.120267,29.934104,-111,-13,4.0,0,0,D,PERIODIC,-103.0,-11.0,8.0,h77,0,0
7013,2025.11.11,11.28.45,-90.120267,29.934104,-111,-13,3.0,0,0,I,PERIODIC,-103.0,-11.0,8.0,h77,0,0
7014,2025.11.11,11.28.46,-90.120267,29.934104,-111,-13,3.0,0,485,D,PERIODIC,-103.0,-11.0,8.0,h77,0,0
7015,2025.11.11,11.28.47,-90.120267,29.934104,-111,-13,30.0,0,0,D,PERIODIC,-103.0,-12.0,7.0,h77,0,0
7016,2025.11.11,11.28.48,-90.120267,29.934104,-111,-13,30.0,1,1,D,PERIODIC,-103.0,-12.0,7.0,h77,0,0
7017,2025.11.11,11.28.49,-90.120267,29.934104,-111,-13,35.0,0,0,I,PERIODIC,-103.0,-12.0,8.0,h77,0,0
7018,2025.11.11,11.28.50,-90.120267,29.934104,-111,-13,35.0,0,0,I,PERIODIC,-103.0,-12.0,8.0,h77,0,0
7019,2025.11.11,11.28.51,-90.120267,29.934104,-110,-12,35.0,116821,868,D,PERIODIC,-103.0,-13.0,7.0,h77,0,0
7020,2025.11.11,11.28.52,-90.120267,29.934104,-110,-12,35.0,0,0,D,PERIODIC,-103.0,-13.0,7.0,h77,0,0
7021,2025.11.11,11.28.53,-90.120267,29.934104,-111,-13,40.0,0,0,I,PERIODIC,-103.0,-14.0,7.0,h77,0,0
7022,2025.11.11,11.28.54,-90.120267,29.934104,-111,-13,40.0,0,0,I,PERIODIC,-103.0,-14.0,7.0,h77,0,0
7023,2025.11.11,11.28.55,-90.120267,29.934104,-110,-12,40.0,1,1,D,PERIODIC,-103.0,-12.0,7.0,h77,0,0
7024,2025.11.11,11.28.56,-90.120267,29.934104,-110,-12,40.0,121531,848,D,PERIODIC,-103.0,-12.0,7.0,h77,0,0
7025,2025.11.11,11.28.57,-90.120267,29.934104,-110,-12,40.0,0,0,D,PERIODIC,-103.0,-12.0,7.0,h77,0,0
7026,2025.11.11,11.28.58,-90.120267,29.934104,-111,-13,40.0,0,17,D,PERIODIC,-103.0,-11.0,9.0,h77,0,0
7027,2025.11.11,11.28.59,-90.120267,29.934104,-111,-13,40.0,4,4,D,PERIODIC,-103.0,-12.0,9.0,h77,0,0
7028,2025.11.11,11.29.00,-90.120267,29.934104,-111,-13,40.0,0,4,D,PERIODIC,-103.0,-12.0,9.0,h77,0,0
7029,2025.11.11,11.29.01,-90.120267,29.934104,-112,-13,30.0,60792,3690,D,PERIODIC,-102.0,-12.0,9.0,h77,0,0
7030,2025.11.11,11.29.02,-90.120267,29.934104,-112,-13,30.0,0,0,D,PERIODIC,-102.0,-12.0,9.0,h77,0,0
7031,2025.11.11,11.29.03,-90.120267,29.934104,-113,-13,20.0,0,0,I,PERIODIC,-102.0,-12.0,8.0,h77,0,0
7032,2025.11.11,11.29.04,-90.120267,29.934104,-113,-13,20.0,0,0,I,PERIODIC,-102.0,-12.0,8.0,h77,0,0
7033,2025.11.11,11.29.05,-90.120267,29.934104,-112,-13,30.0,0,0,I,PERIODIC,-102.0,-12.0,8.0,h77,0,0
7034,2025.11.11,11.29.06,-90.120267,29.934104,-112,-13,30.0,0,2017,D,PERIODIC,-102.0,-12.0,8.0,h77,0,0
7035,2025.11.11,11.29.07,-90.120267,29.934104,-112,-13,35.0,0,0,D,PERIODIC,-102.0,-11.0,7.0,h77,0,0
7036,2025.11.11,11.29.08,-90.120267,29.934104,-112,-13,35.0,0,0,D,PERIODIC,-102.0,-11.0,7.0,h77,0,0
7037,2025.11.11,11.29.09,-90.120267,29.934104,-112,-13,35.0,0,0,I,PERIODIC,-102.0,-13.0,7.0,h77,0,0
7038,2025.11.11,11.29.10,-90.120267,29.934104,-112,-13,35.0,134,135,D,PERIODIC,-102.0,-13.0,7.0,h77,0,0
7039,2025.11.11,11.29.11,-90.120267,29.934104,-112,-13,35.0,61734,486,D,PERIODIC,-103.0,-12.0,7.0,h77,0,0
7040,2025.11.11,11.29.12,-90.120267,29.934104,-112,-13,35.0,5,5,D,PERIODIC,-103.0,-12.0,7.0,h77,0,0
7041,2025.11.11,11.29.13,-90.120267,29.934104,-111,-13,30.0,0,0,D,PERIODIC,-102.0,-12.0,8.0,h77,0,0
7042,2025.11.11,11.29.14,-90.120267,29.934104,-111,-13,30.0,8,8,D,PERIODIC,-102.0,-12.0,8.0,h77,0,0
7043,2025.11.11,11.29.15,-90.120267,29.934104,-111,-13,30.0,1,1,D,PERIODIC,-103.0,-13.0,8.0,h77,0,0
7044,2025.11.11,11.29.16,-90.120267,29.934104,-111,-13,30.0,100519,2145,D,PERIODIC,-103.0,-13.0,8.0,h77,0,0
7045,2025.11.11,11.29.17,-90.120267,29.934104,-111,-13,30.0,0,0,D,PERIODIC,-103.0,-12.0,8.0,h77,0,0
7046,2025.11.11,11.29.18,-90.120267,29.934104,-111,-13,30.0,0,0,I,PERIODIC,-103.0,-12.0,8.0,h77,0,0
7047,2025.11.11,11.29.19,-90.120267,29.934104,-111,-13,30.0,0,0,D,PERIODIC,-103.0,-12.0,8.0,h77,0,0
7048,2025.11.11,11.29.20,-90.120267,29.934104,-112,-13,35.0,3,3,D,PERIODIC,-102.0,-12.0,7.0,h77,0,0
7049,2025.11.11,11.29.21,-90.120267,29.934104,-112,-13,35.0,102638,769,D,PERIODIC,-102.0,-12.0,7.0,h77,0,0
7050,2025.11.11,11.29.22,-90.120267,29.934104,-112,-13,35.0,0,0,D,PERIODIC,-102.0,-11.0,7.0,h77,0,0
7051,2025.11.11,11.29.23,-90.120267,29.934104,-112,-13,35.0,0,0,I,PERIODIC,-102.0,-11.0,7.0,h77,0,0
7052,2025.11.11,11.29.24,-90.120267,29.934104,-111,-12,40.0,0,0,I,PERIODIC,-102.0,-12.0,8.0,h77,0,0
7053,2025.11.11,11.29.25,-90.120267,29.934104,-111,-12,40.0,0,0,D,PERIODIC,-102.0,-12.0,8.0,h77,0,0
7054,2025.11.11,11.29.26,-90.120267,29.934104,-111,-12,40.0,120613,865,D,PERIODIC,-102.0,-13.0,7.0,h77,0,0
7055,2025.11.11,11.29.27,-90.120267,29.934104,-111,-12,40.0,0,0,D,PERIODIC,-102.0,-13.0,7.0,h77,0,0
7056,2025.11.11,11.29.28,-90.120267,29.934104,-110,-12,4.0,1,1,D,PERIODIC,-102.0,-13.0,8.0,h77,0,0
7057,2025.11.11,11.29.29,-90.120267,29.934104,-110,-12,4.0,2,2,D,PERIODIC,-102.0,-13.0,8.0,h77,0,0
7058,2025.11.11,11.29.30,-90.120267,29.934104,-110,-12,4.0,0,1,D,PERIODIC,-103.0,-12.0,8.0,h77,0,0
7059,2025.11.11,11.29.31,-90.120267,29.934104,-110,-12,3.0,0,0,D,PERIODIC,-103.0,-12.0,8.0,h77,0,0
7060,2025.11.11,11.29.32,-90.120267,29.934104,-109,-12,4.0,0,0,I,PERIODIC,-102.0,-10.0,8.0,h77,0,0
7061,2025.11.11,11.29.33,-90.120267,29.934104,-109,-12,4.0,0,0,I,PERIODIC,-102.0,-10.0,8.0,h77,0,0
7062,2025.11.11,11.29.34,-90.120267,29.934104,-111,-12,40.0,0,0,I,PERIODIC,-103.0,-12.0,8.0,h77,0,0
7063,2025.11.11,11.29.35,-90.120267,29.934104,-111,-12,40.0,0,0,I,PERIODIC,-103.0,-12.0,8.0,h77,0,0
7064,2025.11.11,11.29.36,-90.120267,29.934104,-111,-13,4.0,116390,846,D,PERIODIC,-102.0,-13.0,7.0,h77,0,0
7065,2025.11.11,11.29.37,-90.120267,29.934104,-111,-13,4.0,0,0,D,PERIODIC,-102.0,-13.0,7.0,h77,0,0
7066,2025.11.11,11.29.38,-90.120267,29.934104,-110,-13,35.0,0,0,I,PERIODIC,-102.0,-13.0,7.0,h77,0,0
7067,2025.11.11,11.29.39,-90.120267,29.934104,-110,-13,35.0,0,0,I,PERIODIC,-102.0,-13.0,7.0,h77,0,0
7068,2025.11.11,11.29.40,-90.120267,29.934104,-112,-13,40.0,0,0,I,PERIODIC,-103.0,-12.0,7.0,h77,0,0
7069,2025.11.11,11.29.41,-90.120267,29.934104,-112,-13,40.0,64316,541,D,PERIODIC,-103.0,-12.0,7.0,h77,0,0
7070,2025.11.11,11.29.42,-90.120267,29.934104,-112,-13,40.0,1,1,D,PERIODIC,-103.0,-12.0,7.0,h77,0,0
7071,2025.11.11,11.29.43,-90.120267,29.934104,-112,-13,40.0,7,6,D,PERIODIC,-103.0,-12.0,7.0,h77,0,0
7072,2025.11.11,11.29.44,-90.120267,29.934104,-112,-13,40.0,0,0,D,PERIODIC,-103.0,-12.0,7.0,h77,0,0
7073,2025.11.11,11.29.45,-90.120267,29.934104,-112,-13,40.0,0,0,I,PERIODIC,-103.0,-12.0,7.0,h77,0,0
7074,2025.11.11,11.29.46,-90.120267,29.934104,-112,-13,25.0,123109,1376,D,PERIODIC,-103.0,-14.0,8.0,h77,0,0
7075,2025.11.11,11.29.47,-90.120267,29.934104,-112,-13,25.0,0,0,D,PERIODIC,-103.0,-14.0,8.0,h77,0,0
7076,2025.11.11,11.29.48,-90.120267,29.934104,-112,-13,25.0,5,5,D,PERIODIC,-102.0,-14.0,8.0,h77,0,0
7077,2025.11.11,11.29.49,-90.120267,29.934104,-112,-13,25.0,0,0,D,PERIODIC,-102.0,-14.0,8.0,h77,0,0
7078,2025.11.11,11.29.50,-90.120267,29.934104,-112,-13,25.0,0,0,I,PERIODIC,-102.0,-14.0,8.0,h77,0,0
7079,2025.11.11,11.29.51,-90.120267,29.934104,-112,-13,25.0,68768,654,D,PERIODIC,-102.0,-14.0,8.0,h77,0,0
7080,2025.11.11,11.29.52,-90.120267,29.934104,-112,-13,25.0,0,0,D,PERIODIC,-102.0,-14.0,8.0,h77,0,0
7081,2025.11.11,11.29.53,-90.120267,29.934104,-112,-13,25.0,0,0,I,PERIODIC,-102.0,-14.0,8.0,h77,0,0
7082,2025.11.11,11.29.54,-90.120267,29.934104,-112,-13,25.0,0,0,I,PERIODIC,-104.0,-13.0,8.0,h77,0,0
7083,2025.11.11,11.29.55,-90.120267,29.934104,-112,-13,25.0,0,0,I,PERIODIC,-104.0,-13.0,8.0,h77,0,0
7084,2025.11.11,11.29.56,-90.120267,29.934104,-111,-12,35.0,113164,877,D,PERIODIC,-103.0,-14.0,8.0,h77,0,0
7085,2025.11.11,11.29.57,-90.120267,29.934104,-111,-12,35.0,0,0,D,PERIODIC,-103.0,-14.0,8.0,h77,0,0
7086,2025.11.11,11.29.58,-90.120267,29.934104,-111,-13,40.0,9,11,D,PERIODIC,-102.0,-12.0,8.0,h77,0,0
7087,2025.11.11,11.29.59,-90.120267,29.934104,-111,-13,40.0,0,0,D,PERIODIC,-102.0,-12.0,8.0,h77,0,0
7088,2025.11.11,11.30.00,-90.120267,29.934104,-111,-13,40.0,0,1,D,PERIODIC,-102.0,-13.0,8.0,h77,0,0
7089,2025.11.11,11.30.01,-90.120267,29.934104,-111,-13,40.0,64433,3082,D,PERIODIC,-102.0,-13.0,8.0,h77,0,0
7090,2025.11.11,11.30.02,-90.120267,29.934104,-111,-13,40.0,0,0,D,PERIODIC,-102.0,-13.0,8.0,h77,0,0
7091,2025.11.11,11.30.03,-90.120267,29.934104,-111,-13,40.0,0,0,I,PERIODIC,-102.0,-13.0,8.0,h77,0,0
7092,2025.11.11,11.30.04,-90.120267,29.934104,-112,-12,40.0,0,0,I,PERIODIC,-102.0,-12.0,9.0,h77,0,0
7093,2025.11.11,11.30.05,-90.120267,29.934104,-112,-12,40.0,0,0,I,PERIODIC,-102.0,-12.0,9.0,h77,0,0
7094,2025.11.11,11.30.06,-90.120267,29.934104,-112,-12,40.0,115716,2734,D,PERIODIC,-102.0,-10.0,9.0,h77,0,0
7095,2025.11.11,11.30.07,-90.120267,29.934104,-112,-12,40.0,0,0,D,PERIODIC,-102.0,-10.0,9.0,h77,0,0
7096,2025.11.11,11.30.08,-90.120267,29.934104,-113,-13,40.0,0,0,D,PERIODIC,-102.0,-11.0,7.0,h77,0,0
7097,2025.11.11,11.30.09,-90.120267,29.934104,-113,-13,40.0,0,0,I,PERIODIC,-102.0,-11.0,7.0,h77,0,0
7098,2025.11.11,11.30.10,-90.120267,29.934104,-113,-13,40.0,0,0,I,PERIODIC,-102.0,-12.0,7.0,h77,0,0
7099,2025.11.11,11.30.11,-90.120267,29.934104,-113,-13,40.0,75734,1090,D,PERIODIC,-102.0,-12.0,7.0,h77,0,0
7100,2025.11.11,11.30.12,-90.120267,29.934104,-110,-13,40.0,2331,227,D,PERIODIC,-102.0,-12.0,7.0,h77,0,0
7101,2025.11.11,11.30.13,-90.120267,29.934104,-110,-13,40.0,0,0,D,PERIODIC,-102.0,-12.0,7.0,h77,0,0
7102,2025.11.11,11.30.14,-90.120267,29.934104,-114,-13,35.0,0,0,I,PERIODIC,-102.0,-12.0,8.0,h77,0,0
7103,2025.11.11,11.30.15,-90.120267,29.934104,-114,-13,35.0,0,0,I,PERIODIC,-102.0,-12.0,8.0,h77,0,0
7104,2025.11.11,11.30.16,-90.120267,29.934104,-112,-13,4.0,0,0,I,PERIODIC,-102.0,-13.0,7.0,h77,0,0
7105,2025.11.11,11.30.17,-90.120267,29.934104,-112,-13,4.0,157281,1662,D,PERIODIC,-102.0,-13.0,7.0,h77,0,0
7106,2025.11.11,11.30.18,-90.120267,29.934104,-111,-13,40.0,0,10,D,PERIODIC,-102.0,-12.0,11.0,h77,0,0
7107,2025.11.11,11.30.19,-90.120267,29.934104,-111,-13,40.0,0,0,D,PERIODIC,-102.0,-12.0,11.0,h77,0,0
7108,2025.11.11,11.30.20,-90.120267,29.934104,-111,-13,40.0,3,3,D,PERIODIC,-102.0,-13.0,11.0,h77,0,0
7109,2025.11.11,11.30.21,-90.120267,29.934104,-111,-13,40.0,116173,930,D,PERIODIC,-102.0,-13.0,11.0,h77,0,0
7110,2025.11.11,11.30.22,-90.120267,29.934104,-111,-13,40.0,0,0,D,PERIODIC,-102.0,-12.0,11.0,h77,0,0
7111,2025.11.11,11.30.23,-90.120267,29.934104,-111,-13,40.0,0,0,I,PERIODIC,-102.0,-12.0,11.0,h77,0,0
7112,2025.11.11,11.30.24,-90.120267,29.934104,-111,-13,40.0,1,0,D,PERIODIC,-102.0,-11.0,11.0,h77,0,0
7113,2025.11.11,11.30.25,-90.120267,29.934104,-111,-13,40.0,9,11,D,PERIODIC,-102.0,-11.0,11.0,h77,0,0
7114,2025.11.11,11.30.26,-90.120267,29.934104,-111,-13,40.0,150156,1098,D,PERIODIC,-102.0,-11.0,11.0,h77,0,0
7115,2025.11.11,11.30.27,-90.120267,29.934104,-111,-13,40.0,0,0,D,PERIODIC,-102.0,-12.0,7.0,h77,0,0
7116,2025.11.11,11.30.28,-90.120267,29.934104,-111,-13,40.0,0,0,I,PERIODIC,-102.0,-12.0,7.0,h77,0,0
7117,2025.11.11,11.30.29,-90.120267,29.934104,-110,-12,35.0,4,3,D,PERIODIC,-102.0,-13.0,8.0,h77,0,0
7118,2025.11.11,11.30.30,-90.120267,29.934104,-110,-12,35.0,2,2,D,PERIODIC,-102.0,-13.0,8.0,h77,0,0
7119,2025.11.11,11.30.31,-90.120346,29.934194,-110,-12,35.0,2,2,D,,-102.0,-13.0,8.0,h77,0,0
7120,2025.11.11,11.30.31,-90.120346,29.934194,-110,-13,35.0,65491,2421,D,PERIODIC,-102.0,-12.0,9.0,h77,0,0
7121,2025.11.11,11.30.32,-90.120346,29.934194,-110,-13,35.0,0,0,D,PERIODIC,-102.0,-12.0,9.0,h77,0,0
7122,2025.11.11,11.30.33,-90.120346,29.934194,-110,-12,5.0,0,0,I,PERIODIC,-103.0,-12.0,8.0,h77,0,0
7123,2025.11.11,11.30.34,-90.120346,29.934194,-110,-12,5.0,0,0,I,PERIODIC,-103.0,-12.0,8.0,h77,0,0
7124,2025.11.11,11.30.35,-90.120346,29.934194,-112,-12,5.0,0,0,I,PERIODIC,-103.0,-12.0,7.0,h77,0,0
7125,2025.11.11,11.30.36,-90.120241,29.934156,-112,-12,5.0,0,0,I,,-103.0,-12.0,7.0,h77,0,0
7126,2025.11.11,11.30.36,-90.120241,29.934156,-112,-12,3.0,89976,678,D,PERIODIC,-103.0,-12.0,7.0,h77,0,0
7127,2025.11.11,11.30.37,-90.120241,29.934156,-110,-12,5.0,0,0,D,PERIODIC,-103.0,-12.0,8.0,h77,0,0
7128,2025.11.11,11.30.38,-90.120241,29.934156,-110,-12,3.0,1,1,D,PERIODIC,-103.0,-12.0,8.0,h77,0,0
7129,2025.11.11,11.30.39,-90.120241,29.934156,-111,-13,30.0,0,0,D,PERIODIC,-103.0,-13.0,9.0,h77,0,0
7130,2025.11.11,11.30.40,-90.120241,29.934156,-111,-13,30.0,0,0,I,PERIODIC,-103.0,-13.0,9.0,h77,0,0
7131,2025.11.11,11.30.41,-90.120241,29.934156,-110,-13,35.0,114082,914,D,PERIODIC,-102.0,-13.0,8.0,h77,0,0
7132,2025.11.11,11.30.42,-90.120241,29.934156,-110,-13,35.0,0,0,D,PERIODIC,-102.0,-13.0,8.0,h77,0,0
7133,2025.11.11,11.30.43,-90.120241,29.934156,-111,-13,40.0,7,4,D,PERIODIC,-102.0,-12.0,8.0,h77,0,0
7134,2025.11.11,11.30.44,-90.120241,29.934156,-111,-13,40.0,1,1,D,PERIODIC,-102.0,-12.0,8.0,h77,0,0
7135,2025.11.11,11.30.45,-90.120241,29.934156,-111,-13,40.0,0,0,D,PERIODIC,-103.0,-14.0,9.0,h77,0,0
7136,2025.11.11,11.30.46,-90.120241,29.934156,-111,-13,40.0,113777,912,D,PERIODIC,-103.0,-14.0,9.0,h77,0,0
7137,2025.11.11,11.30.47,-90.120241,29.934156,-112,-13,35.0,0,0,D,PERIODIC,-103.0,-13.0,8.0,h77,0,0
7138,2025.11.11,11.30.48,-90.120241,29.934156,-112,-13,35.0,0,0,I,PERIODIC,-103.0,-13.0,8.0,h77,0,0
7139,2025.11.11,11.30.49,-90.120241,29.934156,-110,-13,40.0,0,0,I,PERIODIC,-102.0,-13.0,9.0,h77,0,0
7140,2025.11.11,11.30.50,-90.120241,29.934156,-110,-13,40.0,1,1,D,PERIODIC,-102.0,-13.0,9.0,h77,0,0
7141,2025.11.11,11.30.51,-90.120241,29.934156,-112,-13,40.0,64076,520,D,PERIODIC,-103.0,-13.0,10.0,h77,0,0
7142,2025.11.11,11.30.52,-90.120241,29.934156,-112,-13,40.0,0,0,D,PERIODIC,-103.0,-13.0,10.0,h77,0,0
7143,2025.11.11,11.30.53,-90.120241,29.934156,-112,-13,40.0,0,0,I,PERIODIC,-102.0,-13.0,10.0,h77,0,0
7144,2025.11.11,11.30.54,-90.120241,29.934156,-112,-13,40.0,0,0,I,PERIODIC,-102.0,-13.0,10.0,h77,0,0
7145,2025.11.11,11.30.55,-90.120241,29.934156,-112,-13,40.0,2,2,D,PERIODIC,-102.0,-12.0,10.0,h77,0,0
7146,2025.11.11,11.30.56,-90.120241,29.934156,-112,-13,40.0,0,0,D,PERIODIC,-102.0,-12.0,10.0,h77,0,0
7147,2025.11.11,11.30.57,-90.120378,29.934108,-112,-13,40.0,0,0,D,,-102.0,-12.0,10.0,h77,0,0
7148,2025.11.11,11.30.57,-90.120378,29.934108,-112,-13,40.0,112413,807,D,PERIODIC,-102.0,-13.0,10.0,h77,0,0
7149,2025.11.11,11.30.58,-90.120253,29.934113,-112,-13,40.0,112413,807,D,,-102.0,-13.0,10.0,h77,0,0
7150,2025.11.11,11.30.58,-90.120253,29.934113,-112,-13,40.0,8,6,D,PERIODIC,-102.0,-13.0,10.0,h77,0,0
7151,2025.11.11,11.30.59,-90.120253,29.934113,-112,-13,40.0,0,0,D,PERIODIC,-102.0,-12.0,10.0,h77,0,0
7152,2025.11.11,11.31.00,-90.120363,29.93417,-112,-13,40.0,0,0,D,,-102.0,-12.0,10.0,h77,0,0
7153,2025.11.11,11.31.00,-90.120363,29.93417,-112,-13,40.0,3,0,D,PERIODIC,-102.0,-12.0,10.0,h77,0,0
7154,2025.11.11,11.31.01,-90.120476,29.934204,-112,-13,40.0,3,0,D,,-102.0,-12.0,10.0,h77,0,0
7155,2025.11.11,11.31.01,-90.120476,29.934204,-112,-13,40.0,68347,1859,D,PERIODIC,-102.0,-12.0,9.0,h77,0,0
7156,2025.11.11,11.31.02,-90.120233,29.934236,-112,-13,40.0,68347,1859,D,,-102.0,-12.0,9.0,h77,0,0
7157,2025.11.11,11.31.02,-90.120233,29.934236,-112,-13,40.0,0,0,D,PERIODIC,-102.0,-12.0,9.0,h77,0,0
7158,2025.11.11,11.31.03,-90.120284,29.934143,-112,-13,40.0,0,0,I,,-102.0,-12.0,9.0,h77,0,0
7159,2025.11.11,11.31.03,-90.120284,29.934143,-112,-13,4.0,0,0,I,PERIODIC,-102.0,-13.0,8.0,h77,0,0
7160,2025.11.11,11.31.04,-90.120284,29.934143,-112,-13,4.0,0,0,I,PERIODIC,-102.0,-13.0,8.0,h77,0,0
7161,2025.11.11,11.31.05,-90.120284,29.934143,-112,-13,4.0,0,0,I,PERIODIC,-102.0,-12.0,8.0,h77,0,0
7162,2025.11.11,11.31.06,-90.120284,29.934143,-112,-13,4.0,0,0,I,PERIODIC,-102.0,-12.0,8.0,h77,0,0
7163,2025.11.11,11.31.07,-90.120284,29.934143,-112,-13,4.0,103642,1697,D,PERIODIC,-102.0,-13.0,8.0,h77,0,0
7164,2025.11.11,11.31.08,-90.120284,29.934143,-112,-13,4.0,0,0,I,PERIODIC,-102.0,-13.0,8.0,h77,0,0
7165,2025.11.11,11.31.09,-90.120284,29.934143,-110,-13,40.0,0,0,I,PERIODIC,-102.0,-14.0,7.0,h77,0,0
7166,2025.11.11,11.31.10,-90.120284,29.934143,-110,-13,40.0,1,1,D,PERIODIC,-102.0,-14.0,7.0,h77,0,0
7167,2025.11.11,11.31.11,-90.120284,29.934143,-112,-13,5.0,56575,464,D,PERIODIC,-102.0,-13.0,7.0,h77,0,0
7168,2025.11.11,11.31.12,-90.120284,29.934143,-112,-13,5.0,0,0,D,PERIODIC,-102.0,-13.0,7.0,h77,0,0
7169,2025.11.11,11.31.13,-90.120284,29.934143,-110,-13,40.0,0,0,I,PERIODIC,-102.0,-12.0,8.0,h77,0,0
7170,2025.11.11,11.31.14,-90.120284,29.934143,-110,-13,40.0,0,0,I,PERIODIC,-102.0,-12.0,8.0,h77,0,0
7171,2025.11.11,11.31.15,-90.120284,29.934143,-112,-13,35.0,0,0,I,PERIODIC,-102.0,-12.0,6.0,h77,0,0
7172,2025.11.11,11.31.16,-90.120284,29.934143,-112,-13,35.0,0,0,I,PERIODIC,-102.0,-12.0,6.0,h77,0,0
7173,2025.11.11,11.31.17,-90.120284,29.934143,-112,-13,35.0,0,0,D,PERIODIC,-102.0,-11.0,6.0,h77,0,0
7174,2025.11.11,11.31.18,-90.120284,29.934143,-112,-13,35.0,0,0,I,PERIODIC,-102.0,-11.0,6.0,h77,0,0
7175,2025.11.11,11.31.19,-90.120284,29.934143,-112,-13,35.0,0,0,I,PERIODIC,-102.0,-11.0,6.0,h77,0,0
7176,2025.11.11,11.31.20,-90.120284,29.934143,-112,-13,35.0,0,0,I,PERIODIC,-102.0,-11.0,6.0,h77,0,0
7177,2025.11.11,11.31.21,-90.120284,29.934143,-112,-13,35.0,0,0,I,PERIODIC,-102.0,-12.0,6.0,h77,0,0
7178,2025.11.11,11.31.22,-90.120284,29.934143,-112,-13,35.0,99203,752,D,PERIODIC,-102.0,-12.0,6.0,h77,0,0
7179,2025.11.11,11.31.23,-90.120284,29.934143,-112,-13,35.0,0,0,I,PERIODIC,-102.0,-12.0,8.0,h77,0,0
7180,2025.11.11,11.31.24,-90.120284,29.934143,-112,-13,35.0,0,0,I,PERIODIC,-102.0,-12.0,8.0,h77,0,0
7181,2025.11.11,11.31.25,-90.120284,29.934143,-112,-13,35.0,0,0,I,PERIODIC,-102.0,-11.0,8.0,h77,0,0
7182,2025.11.11,11.31.26,-90.120284,29.934143,-112,-13,35.0,0,0,D,PERIODIC,-102.0,-11.0,8.0,h77,0,0
7183,2025.11.11,11.31.27,-90.120284,29.934143,-112,-13,35.0,58000,545,D,PERIODIC,-102.0,-13.0,8.0,h77,0,0
7184,2025.11.11,11.31.28,-90.120284,29.934143,-112,-13,35.0,1,1,D,PERIODIC,-102.0,-13.0,8.0,h77,0,0
7185,2025.11.11,11.31.29,-90.120284,29.934143,-112,-13,35.0,1,1,D,PERIODIC,-102.0,-13.0,8.0,h77,0,0
7186,2025.11.11,11.31.30,-90.120284,29.934143,-112,-13,35.0,0,0,D,PERIODIC,-102.0,-13.0,8.0,h77,0,0
7187,2025.11.11,11.31.31,-90.120284,29.934143,-110,-12,4.0,106275,2486,D,PERIODIC,-102.0,-12.0,8.0,h77,0,0
7188,2025.11.11,11.31.32,-90.120284,29.934143,-110,-12,4.0,0,0,I,PERIODIC,-102.0,-12.0,8.0,h77,0,0
7189,2025.11.11,11.31.33,-90.120284,29.934143,-111,-12,4.0,1,1,D,PERIODIC,-102.0,-11.0,10.0,h77,0,0
7190,2025.11.11,11.31.34,-90.120284,29.934143,-111,-12,4.0,3,7,D,PERIODIC,-102.0,-11.0,10.0,h77,0,0
7191,2025.11.11,11.31.35,-90.120284,29.934143,-112,-13,40.0,23,70,D,PERIODIC,-102.0,-12.0,9.0,h77,0,0
7192,2025.11.11,11.31.36,-90.120284,29.934143,-112,-13,40.0,55997,458,D,PERIODIC,-102.0,-12.0,9.0,h77,0,0
7193,2025.11.11,11.31.37,-90.120437,29.934147,-112,-13,40.0,55997,458,D,,-102.0,-12.0,9.0,h77,0,0
7194,2025.11.11,11.31.37,-90.120437,29.934147,-112,-13,40.0,22,51,D,PERIODIC,-102.0,-10.0,9.0,h77,0,0
7195,2025.11.11,11.31.38,-90.120076,29.934048,-112,-13,40.0,22,51,D,,-102.0,-10.0,9.0,h77,0,0
7196,2025.11.11,11.31.38,-90.120076,29.934048,-112,-13,40.0,0,0,D,PERIODIC,-102.0,-10.0,9.0,h77,0,0
7197,2025.11.11,11.31.39,-90.120304,29.93413,-112,-13,40.0,0,0,I,,-102.0,-10.0,9.0,h77,0,0
7198,2025.11.11,11.31.39,-90.120304,29.93413,-112,-13,40.0,0,0,I,PERIODIC,-102.0,-12.0,9.0,h77,0,0
7199,2025.11.11,11.31.40,-90.120304,29.93413,-112,-13,40.0,0,0,D,PERIODIC,-102.0,-12.0,9.0,h77,0,0
7200,2025.11.11,11.31.41,-90.120304,29.93413,-112,-13,40.0,0,0,D,PERIODIC,-102.0,-12.0,9.0,h77,0,0
7201,2025.11.11,11.31.42,-90.120304,29.93413,-112,-13,40.0,116875,903,D,PERIODIC,-102.0,-12.0,9.0,h77,0,0
7202,2025.11.11,11.31.43,-90.120304,29.93413,-112,-13,40.0,0,0,I,PERIODIC,-102.0,-12.0,9.0,h77,0,0
7203,2025.11.11,11.31.44,-90.120304,29.93413,-112,-13,40.0,0,0,I,PERIODIC,-102.0,-12.0,9.0,h77,0,0
7204,2025.11.11,11.31.45,-90.120304,29.93413,-112,-13,40.0,0,0,I,PERIODIC,-102.0,-11.0,9.0,h77,0,0
7205,2025.11.11,11.31.46,-90.120067,29.933978,-112,-13,40.0,0,0,D,,-102.0,-11.0,9.0,h77,0,0
7206,2025.11.11,11.31.46,-90.120067,29.933978,-112,-13,40.0,59498,540,D,PERIODIC,-102.0,-11.0,9.0,h77,0,0
7207,2025.11.11,11.31.47,-90.120237,29.934156,-112,-13,40.0,59498,540,D,,-102.0,-11.0,9.0,h77,0,0
7208,2025.11.11,11.31.47,-90.120237,29.934156,-112,-13,40.0,0,0,I,PERIODIC,-102.0,-14.0,9.0,h77,0,0
7209,2025.11.11,11.31.48,-90.120237,29.934156,-112,-13,40.0,1,1,D,PERIODIC,-102.0,-14.0,9.0,h77,0,0
7210,2025.11.11,11.31.49,-90.120237,29.934156,-110,-12,4.0,0,0,D,PERIODIC,-102.0,-12.0,8.0,h77,0,0
7211,2025.11.11,11.31.50,-90.120237,29.934156,-110,-12,4.0,0,0,I,PERIODIC,-102.0,-12.0,8.0,h77,0,0
7212,2025.11.11,11.31.51,-90.120237,29.934156,-111,-13,40.0,0,834,D,PERIODIC,-102.0,-11.0,7.0,h77,0,0
7213,2025.11.11,11.31.52,-90.120237,29.934156,-111,-13,40.0,0,0,D,PERIODIC,-102.0,-11.0,7.0,h77,0,0
7214,2025.11.11,11.31.53,-90.120237,29.934156,-111,-13,40.0,0,0,I,PERIODIC,-103.0,-12.0,7.0,h77,0,0
7215,2025.11.11,11.31.54,-90.120237,29.934156,-111,-13,40.0,1,1,D,PERIODIC,-103.0,-12.0,7.0,h77,0,0
7216,2025.11.11,11.31.55,-90.120237,29.934156,-111,-13,40.0,0,0,D,PERIODIC,-102.0,-13.0,7.0,h77,0,0
7217,2025.11.11,11.31.56,-90.120237,29.934156,-111,-13,40.0,0,0,D,PERIODIC,-102.0,-13.0,7.0,h77,0,0
7218,2025.11.11,11.31.57,-90.120237,29.934156,-113,-13,35.0,0,0,I,PERIODIC,-103.0,-13.0,7.0,h77,0,0
7219,2025.11.11,11.31.58,-90.120237,29.934156,-113,-13,35.0,14,15,D,PERIODIC,-103.0,-13.0,7.0,h77,0,0
7220,2025.11.11,11.31.59,-90.120237,29.934156,-117,-13,35.0,4,4,D,PERIODIC,-102.0,-12.0,9.0,h77,0,0
7221,2025.11.11,11.32.00,-90.120237,29.934156,-117,-13,35.0,1,1,D,PERIODIC,-102.0,-12.0,9.0,h77,0,0
7222,2025.11.11,11.32.01,-90.120237,29.934156,-110,-12,4.0,57704,2649,D,PERIODIC,-102.0,-11.0,7.0,h77,0,0
7223,2025.11.11,11.32.02,-90.120237,29.934156,-110,-12,4.0,0,0,I,PERIODIC,-102.0,-11.0,7.0,h77,0,0
7224,2025.11.11,11.32.03,-90.120237,29.934156,-113,-13,35.0,0,0,I,PERIODIC,-102.0,-11.0,8.0,h77,0,0
7225,2025.11.11,11.32.04,-90.120237,29.934156,-113,-13,35.0,0,0,I,PERIODIC,-102.0,-11.0,8.0,h77,0,0
7226,2025.11.11,11.32.05,-90.120237,29.934156,-111,-12,4.0,0,0,I,PERIODIC,-102.0,-12.0,9.0,h77,0,0
7227,2025.11.11,11.32.06,-90.120237,29.934156,-111,-12,3.0,117054,799,D,PERIODIC,-102.0,-12.0,9.0,h77,0,0
7228,2025.11.11,11.32.07,-90.120237,29.934156,-113,-12,40.0,0,0,I,PERIODIC,-102.0,-13.0,8.0,h77,0,0
7229,2025.11.11,11.32.08,-90.120237,29.934156,-113,-12,40.0,0,0,I,PERIODIC,-102.0,-13.0,8.0,h77,0,0
7230,2025.11.11,11.32.09,-90.120237,29.934156,-113,-13,35.0,0,0,I,PERIODIC,-102.0,-12.0,9.0,h77,0,0
7231,2025.11.11,11.32.10,-90.120237,29.934156,-113,-13,35.0,0,0,I,PERIODIC,-102.0,-12.0,9.0,h77,0,0
7232,2025.11.11,11.32.11,-90.120237,29.934156,-114,-12,35.0,65176,537,D,PERIODIC,-102.0,-11.0,9.0,h77,0,0
7233,2025.11.11,11.32.12,-90.120237,29.934156,-114,-12,35.0,0,0,D,PERIODIC,-102.0,-11.0,9.0,h77,0,0
7234,2025.11.11,11.32.13,-90.120237,29.934156,-113,-13,40.0,0,0,I,PERIODIC,-102.0,-12.0,9.0,h77,0,0
7235,2025.11.11,11.32.14,-90.120237,29.934156,-113,-13,40.0,0,0,I,PERIODIC,-102.0,-12.0,9.0,h77,0,0
7236,2025.11.11,11.32.15,-90.120237,29.934156,-113,-12,40.0,0,0,I,PERIODIC,-102.0,-12.0,9.0,h77,0,0
7237,2025.11.11,11.32.16,-90.120237,29.934156,-113,-12,40.0,103643,1131,D,PERIODIC,-102.0,-12.0,9.0,h77,0,0
7238,2025.11.11,11.32.17,-90.120237,29.934156,-114,-13,4.0,42,42,D,PERIODIC,-102.0,-12.0,9.0,h77,0,0
7239,2025.11.11,11.32.18,-90.120237,29.934156,-114,-13,5.0,6,6,D,PERIODIC,-102.0,-12.0,9.0,h77,0,0
7240,2025.11.11,11.32.19,-90.120237,29.934156,-114,-13,30.0,0,0,I,PERIODIC,-102.0,-14.0,8.0,h77,0,0
7241,2025.11.11,11.32.20,-90.120237,29.934156,-114,-13,30.0,0,0,I,PERIODIC,-102.0,-14.0,8.0,h77,0,0
7242,2025.11.11,11.32.21,-90.120237,29.934156,-114,-12,40.0,57525,536,D,PERIODIC,-102.0,-11.0,8.0,h77,0,0
7243,2025.11.11,11.32.22,-90.120237,29.934156,-114,-12,40.0,0,0,I,PERIODIC,-102.0,-11.0,8.0,h77,0,0
7244,2025.11.11,11.32.23,-90.120237,29.934156,-114,-13,40.0,0,0,I,PERIODIC,-102.0,-14.0,8.0,h77,0,0
7245,2025.11.11,11.32.24,-90.120237,29.934156,-114,-13,40.0,7,7,D,PERIODIC,-102.0,-14.0,8.0,h77,0,0
7246,2025.11.11,11.32.25,-90.120237,29.934156,-115,-13,35.0,0,0,I,PERIODIC,-102.0,-14.0,8.0,h77,0,0
7247,2025.11.11,11.32.26,-90.120237,29.934156,-115,-13,35.0,51197,547,D,PERIODIC,-102.0,-14.0,8.0,h77,0,0
7248,2025.11.11,11.32.27,-90.120237,29.934156,-115,-13,35.0,110,140,D,PERIODIC,-101.0,-13.0,8.0,h77,0,0
7249,2025.11.11,11.32.28,-90.120237,29.934156,-115,-13,35.0,0,50,D,PERIODIC,-101.0,-13.0,8.0,h77,0,0
7250,2025.11.11,11.32.29,-90.120237,29.934156,-114,-14,15.0,0,2,D,PERIODIC,-102.0,-12.0,9.0,h77,0,0
7251,2025.11.11,11.32.30,-90.120237,29.934156,-114,-14,15.0,0,0,D,PERIODIC,-102.0,-12.0,9.0,h77,0,0
7252,2025.11.11,11.32.31,-90.120237,29.934156,-114,-14,15.0,25982,1863,D,PERIODIC,-102.0,-13.0,9.0,h77,0,0
7253,2025.11.11,11.32.32,-90.120237,29.934156,-114,-14,15.0,0,0,I,PERIODIC,-102.0,-13.0,9.0,h77,0,0
7254,2025.11.11,11.32.33,-90.120237,29.934156,-112,-13,4.0,0,0,I,PERIODIC,-103.0,-13.0,7.0,h77,0,0
7255,2025.11.11,11.32.34,-90.120237,29.934156,-112,-13,4.0,0,0,I,PERIODIC,-103.0,-13.0,7.0,h77,0,0
7256,2025.11.11,11.32.35,-90.120237,29.934156,-112,-13,4.0,0,0,I,PERIODIC,-102.0,-12.0,7.0,h77,0,0
7257,2025.11.11,11.32.36,-90.120237,29.934156,-112,-13,4.0,0,0,I,PERIODIC,-102.0,-12.0,7.0,h77,0,0
7258,2025.11.11,11.32.37,-90.120237,29.934156,-111,-12,6.0,0,0,I,PERIODIC,-103.0,-13.0,7.0,h77,0,0
7259,2025.11.11,11.32.38,-90.120237,29.934156,-111,-12,3.0,0,0,I,PERIODIC,-103.0,-13.0,7.0,h77,0,0
7260,2025.11.11,11.32.39,-90.120237,29.934156,-111,-12,5.0,0,0,I,PERIODIC,-103.0,-12.0,7.0,h77,0,0
7261,2025.11.11,11.32.40,-90.120237,29.934156,-111,-12,5.0,0,0,I,PERIODIC,-103.0,-12.0,7.0,h77,0,0
7262,2025.11.11,11.32.41,-90.120237,29.934156,-110,-12,5.0,0,0,I,PERIODIC,-103.0,-13.0,8.0,h77,0,0
7263,2025.11.11,11.32.42,-90.120237,29.934156,-110,-12,5.0,0,0,I,PERIODIC,-103.0,-13.0,8.0,h77,0,0
7264,2025.11.11,11.32.43,-90.120237,29.934156,-110,-12,5.0,6,6,D,PERIODIC,-103.0,-12.0,8.0,h77,0,0
7265,2025.11.11,11.32.44,-90.120237,29.934156,-110,-12,4.0,0,0,I,PERIODIC,-103.0,-12.0,8.0,h77,0,0
7266,2025.11.11,11.32.45,-90.120237,29.934156,-111,-12,40.0,0,0,I,PERIODIC,-104.0,-12.0,8.0,h77,0,0
7267,2025.11.11,11.32.46,-90.120237,29.934156,-111,-12,40.0,0,0,I,PERIODIC,-104.0,-12.0,8.0,h77,0,0
7268,2025.11.11,11.32.47,-90.120237,29.934156,-110,-12,4.0,0,0,I,PERIODIC,-103.0,-13.0,8.0,h77,0,0
7269,2025.11.11,11.32.48,-90.120237,29.934156,-110,-12,4.0,13,13,D,PERIODIC,-103.0,-13.0,8.0,h77,0,0
7270,2025.11.11,11.32.49,-90.120237,29.934156,-111,-13,40.0,0,0,D,PERIODIC,-103.0,-13.0,8.0,h77,0,0
7271,2025.11.11,11.32.50,-90.120237,29.934156,-111,-13,40.0,0,0,I,PERIODIC,-103.0,-13.0,8.0,h77,0,0
7272,2025.11.11,11.32.51,-90.120237,29.934156,-111,-13,35.0,4,4,D,PERIODIC,-103.0,-12.0,6.0,h77,0,0
7273,2025.11.11,11.32.52,-90.120237,29.934156,-111,-13,35.0,6,6,D,PERIODIC,-103.0,-12.0,6.0,h77,0,0
7274,2025.11.11,11.32.53,-90.120237,29.934156,-112,-12,4.0,1,1,D,PERIODIC,-102.0,-13.0,5.0,h77,0,0
7275,2025.11.11,11.32.54,-90.120237,29.934156,-112,-12,1.0,0,0,D,PERIODIC,-102.0,-13.0,5.0,h77,0,0
7276,2025.11.11,11.32.55,-90.120237,29.934156,-114,-14,10.0,0,0,I,PERIODIC,-102.0,-13.0,5.0,h77,0,0
7277,2025.11.11,11.32.56,-90.120237,29.934156,-114,-14,10.0,0,0,I,PERIODIC,-102.0,-13.0,5.0,h77,0,0
7278,2025.11.11,11.32.57,-90.120237,29.934156,-114,-14,10.0,0,0,I,PERIODIC,-103.0,-12.0,5.0,h77,0,0
7279,2025.11.11,11.32.58,-90.120237,29.934156,-114,-14,10.0,0,0,I,PERIODIC,-103.0,-12.0,5.0,h77,0,0
7280,2025.11.11,11.32.59,-90.120237,29.934156,-114,-14,10.0,0,0,I,PERIODIC,-104.0,-13.0,5.0,h77,0,0
7281,2025.11.11,11.33.00,-90.120237,29.934156,-114,-14,10.0,0,0,I,PERIODIC,-104.0,-13.0,5.0,h77,0,0
7282,2025.11.11,11.33.01,-90.120237,29.934156,-115,-12,5.0,0,0,I,PERIODIC,-105.0,-14.0,7.0,h77,0,0
7283,2025.11.11,11.33.02,-90.120237,29.934156,-115,-12,5.0,0,0,I,PERIODIC,-105.0,-14.0,7.0,h77,0,0
9338,2025.11.11,14.19.35,-90.12027,29.934114,-107,-18,-4.0,84010,3257,D,LOG START,-108.0,-14.0,6.0,h75,0,0
9339,2025.11.11,14.19.36,-90.12027,29.934114,-107,-18,-4.0,0,0,D,PERIODIC,-108.0,-14.0,6.0,h75,0,0
9340,2025.11.11,14.19.37,-90.12027,29.934114,-105,-16,-4.0,1,1,D,PERIODIC,-109.0,-13.0,8.0,h75,0,0
9341,2025.11.11,14.19.38,-90.12027,29.934114,-105,-16,-3.0,0,0,D,PERIODIC,-109.0,-13.0,8.0,h75,0,0
9342,2025.11.11,14.19.39,-90.12027,29.934114,-105,-15,-15.0,0,0,D,PERIODIC,-110.0,-14.0,8.0,h75,0,0
9343,2025.11.11,14.19.40,-90.12027,29.934114,-105,-15,-15.0,0,0,D,PERIODIC,-110.0,-14.0,8.0,h75,0,0
9344,2025.11.11,14.19.41,-90.12027,29.934114,-105,-15,-15.0,0,0,D,PERIODIC,-110.0,-14.0,8.0,h75,0,0
9345,2025.11.11,14.19.42,-90.12027,29.934114,-105,-15,-15.0,70,70,D,PERIODIC,-110.0,-14.0,8.0,h75,0,0
9346,2025.11.11,14.19.43,-90.12027,29.934114,-105,-15,-15.0,2,2,D,PERIODIC,-110.0,-14.0,8.0,h75,0,0
9347,2025.11.11,14.19.44,-90.12027,29.934114,-105,-15,-15.0,0,0,D,PERIODIC,-110.0,-14.0,8.0,h75,0,0
9348,2025.11.11,14.19.45,-90.12027,29.934114,-105,-15,-15.0,109846,2508,D,PERIODIC,-110.0,-14.0,8.0,h75,0,0
9349,2025.11.11,14.19.46,-90.12027,29.934114,-105,-15,-15.0,17,17,D,PERIODIC,-107.0,-14.0,8.0,h75,0,0
9350,2025.11.11,14.19.47,-90.12027,29.934114,-105,-15,-15.0,0,0,D,PERIODIC,-107.0,-14.0,8.0,h75,0,0
9351,2025.11.11,14.19.48,-90.12027,29.934114,-107,-15,-3.0,0,0,D,PERIODIC,-109.0,-14.0,7.0,h75,0,0
9352,2025.11.11,14.19.49,-90.12027,29.934114,-107,-15,-3.0,0,8,D,PERIODIC,-109.0,-14.0,7.0,h75,0,0
9353,2025.11.11,14.19.50,-90.12027,29.934114,-107,-15,-3.0,107705,2199,D,PERIODIC,-110.0,-14.0,7.0,h75,0,0
9354,2025.11.11,14.19.51,-90.12027,29.934114,-107,-15,-2.0,0,0,D,PERIODIC,-110.0,-14.0,7.0,h75,0,0
9355,2025.11.11,14.19.52,-90.12027,29.934114,-108,-17,-2.0,0,1,D,PERIODIC,-108.0,-14.0,6.0,h75,0,0
9356,2025.11.11,14.19.53,-90.12027,29.934114,-108,-17,-2.0,0,0,D,PERIODIC,-108.0,-14.0,6.0,h75,0,0
9357,2025.11.11,14.19.54,-90.12027,29.934114,-108,-16,-4.0,0,0,I,PERIODIC,-108.0,-15.0,7.0,h75,0,0
9358,2025.11.11,14.19.55,-90.12027,29.934114,-108,-16,-4.0,147400,1985,D,PERIODIC,-108.0,-15.0,7.0,h75,0,0
9359,2025.11.11,14.19.56,-90.12027,29.934114,-107,-16,-4.0,0,0,D,PERIODIC,-108.0,-14.0,7.0,h75,0,0
9360,2025.11.11,14.19.57,-90.12027,29.934114,-107,-16,-4.0,24,26,D,PERIODIC,-108.0,-14.0,7.0,h75,0,0
9361,2025.11.11,14.19.58,-90.12027,29.934114,-107,-16,-4.0,0,0,I,PERIODIC,-110.0,-13.0,7.0,h75,0,0
9362,2025.11.11,14.19.59,-90.12027,29.934114,-107,-16,-4.0,3,3,D,PERIODIC,-110.0,-13.0,7.0,h75,0,0
9363,2025.11.11,14.20.00,-90.12027,29.934114,-107,-16,-4.0,3,3,D,PERIODIC,-110.0,-14.0,7.0,h75,0,0
9364,2025.11.11,14.20.01,-90.12027,29.934114,-107,-16,-4.0,0,0,D,PERIODIC,-110.0,-14.0,7.0,h75,0,0
9365,2025.11.11,14.20.02,-90.12027,29.934114,-107,-16,-4.0,0,0,D,PERIODIC,-110.0,-14.0,7.0,h75,0,0
9366,2025.11.11,14.20.03,-90.12027,29.934114,-107,-16,-3.0,0,0,I,PERIODIC,-110.0,-14.0,7.0,h75,0,0
9367,2025.11.11,14.20.04,-90.12027,29.934114,-106,-16,-3.0,0,0,I,PERIODIC,-109.0,-14.0,6.0,h75,0,0
9368,2025.11.11,14.20.05,-90.12027,29.934114,-106,-16,-3.0,2,2,D,PERIODIC,-109.0,-14.0,6.0,h75,0,0
9369,2025.11.11,14.20.06,-90.12027,29.934114,-105,-16,-3.0,0,52,D,PERIODIC,-109.0,-13.0,5.0,h75,0,0
9370,2025.11.11,14.20.07,-90.12027,29.934114,-105,-16,-3.0,1,1,D,PERIODIC,-109.0,-13.0,5.0,h75,0,0
9371,2025.11.11,14.20.08,-90.12027,29.934114,-105,-16,-3.0,0,0,I,PERIODIC,-110.0,-11.0,5.0,h75,0,0
9372,2025.11.11,14.20.09,-90.12027,29.934114,-105,-16,-3.0,29,9,D,PERIODIC,-110.0,-11.0,5.0,h75,0,0
9373,2025.11.11,14.20.10,-90.12027,29.934114,-105,-16,-3.0,0,32,D,PERIODIC,-109.0,-13.0,5.0,h75,0,0
9374,2025.11.11,14.20.11,-90.12027,29.934114,-105,-16,-3.0,12,12,D,PERIODIC,-109.0,-13.0,5.0,h75,0,0
9375,2025.11.11,14.20.11,-90.120261,29.934125,-105,-16,-3.0,12,12,D,,-109.0,-13.0,5.0,h75,0,0
9376,2025.11.11,14.20.12,-90.120261,29.934125,-105,-16,-3.0,64,64,D,PERIODIC,-110.0,-14.0,5.0,h75,0,0
9377,2025.11.11,14.20.13,-90.120261,29.934125,-105,-16,-3.0,0,0,D,PERIODIC,-110.0,-14.0,5.0,h75,0,0
9378,2025.11.11,14.20.14,-90.120261,29.934125,-105,-16,-3.0,0,0,I,PERIODIC,-110.0,-14.0,5.0,h75,0,0
9379,2025.11.11,14.20.15,-90.120261,29.934125,-105,-16,-3.0,81390,6576,D,PERIODIC,-110.0,-14.0,5.0,h75,0,0
9380,2025.11.11,14.20.16,-90.120261,29.934125,-105,-16,-3.0,2,2,D,PERIODIC,-110.0,-14.0,5.0,h75,0,0
9381,2025.11.11,14.20.17,-90.120261,29.934125,-105,-16,-3.0,1,1,D,PERIODIC,-110.0,-14.0,5.0,h75,0,0
9382,2025.11.11,14.20.18,-90.120261,29.934125,-105,-16,-3.0,1,1,D,PERIODIC,-110.0,-14.0,5.0,h75,0,0
9383,2025.11.11,14.20.19,-90.120261,29.934125,-105,-16,-4.0,1,1,D,PERIODIC,-109.0,-14.0,5.0,h75,0,0
9384,2025.11.11,14.20.20,-90.120261,29.934125,-107,-16,-4.0,0,0,D,PERIODIC,-109.0,-14.0,5.0,h75,0,0
9385,2025.11.11,14.20.21,-90.120261,29.934125,-107,-16,-4.0,219123,1713,D,PERIODIC,-109.0,-14.0,5.0,h75,0,0
9386,2025.11.11,14.20.22,-90.120261,29.934125,-107,-16,-4.0,1,1,D,PERIODIC,-109.0,-14.0,5.0,h75,0,0
9387,2025.11.11,14.20.23,-90.120261,29.934125,-107,-16,-4.0,1,1,D,PERIODIC,-109.0,-14.0,5.0,h75,0,0
9388,2025.11.11,14.20.24,-90.120261,29.934125,-107,-16,-4.0,8,10,D,PERIODIC,-109.0,-12.0,5.0,h75,0,0
9389,2025.11.11,14.20.25,-90.120261,29.934125,-107,-16,-2.0,131262,1078,D,PERIODIC,-109.0,-12.0,5.0,h75,0,0
9390,2025.11.11,14.20.26,-90.120261,29.934125,-106,-15,-2.0,1,1,D,PERIODIC,-109.0,-13.0,6.0,h75,0,0
9391,2025.11.11,14.20.27,-90.120261,29.934125,-106,-15,-2.0,5,5,D,PERIODIC,-109.0,-13.0,6.0,h75,0,0
9392,2025.11.11,14.20.28,-90.120261,29.934125,-106,-15,-2.0,0,5,D,PERIODIC,-109.0,-13.0,6.0,h75,0,0
9393,2025.11.11,14.20.29,-90.120261,29.934125,-106,-15,-2.0,4,4,D,PERIODIC,-109.0,-13.0,6.0,h75,0,0
9394,2025.11.11,14.20.30,-90.120261,29.934125,-107,-15,-20.0,113415,4758,D,PERIODIC,-111.0,-14.0,5.0,h75,0,0
9395,2025.11.11,14.20.31,-90.120261,29.934125,-107,-15,-20.0,2,2,D,PERIODIC,-111.0,-14.0,5.0,h75,0,0
9396,2025.11.11,14.20.32,-90.120261,29.934125,-109,-17,-3.0,0,0,I,PERIODIC,-110.0,-15.0,5.0,h75,0,0
9397,2025.11.11,14.20.33,-90.120261,29.934125,-109,-17,-3.0,3,3,D,PERIODIC,-110.0,-15.0,5.0,h75,0,0
9398,2025.11.11,14.20.34,-90.120261,29.934125,-109,-17,-3.0,2,2,D,PERIODIC,-109.0,-12.0,4.0,h75,0,0
9399,2025.11.11,14.20.35,-90.120261,29.934125,-109,-17,-3.0,81433,2416,D,PERIODIC,-109.0,-12.0,4.0,h75,0,0
9400,2025.11.11,14.20.36,-90.120261,29.934125,-107,-17,-3.0,0,0,D,PERIODIC,-109.0,-14.0,3.0,h75,0,0
9401,2025.11.11,14.20.37,-90.120261,29.934125,-107,-17,-2.0,0,0,D,PERIODIC,-109.0,-14.0,3.0,h75,0,0
9402,2025.11.11,14.20.38,-90.120261,29.934125,-107,-17,-3.0,5,5,D,PERIODIC,-107.0,-15.0,5.0,h75,0,0
9403,2025.11.11,14.20.39,-90.120261,29.934125,-107,-17,-3.0,0,0,I,PERIODIC,-107.0,-15.0,5.0,h75,0,0
9404,2025.11.11,14.20.40,-90.120261,29.934125,-106,-16,-4.0,85198,806,D,PERIODIC,-111.0,-15.0,6.0,h75,0,0
9405,2025.11.11,14.20.41,-90.120261,29.934125,-106,-16,-4.0,10,10,D,PERIODIC,-111.0,-15.0,6.0,h75,0,0
9406,2025.11.11,14.20.42,-90.120261,29.934125,-107,-17,-4.0,0,0,D,PERIODIC,-110.0,-12.0,5.0,h75,0,0
9407,2025.11.11,14.20.43,-90.120261,29.934125,-107,-17,-3.0,4,4,D,PERIODIC,-110.0,-12.0,5.0,h75,0,0
9408,2025.11.11,14.20.44,-90.120261,29.934125,-106,-15,-3.0,16,17,D,PERIODIC,-110.0,-13.0,7.0,h75,0,0
9409,2025.11.11,14.20.45,-90.120261,29.934125,-106,-15,-5.0,70692,1272,D,PERIODIC,-110.0,-13.0,7.0,h75,0,0
9410,2025.11.11,14.20.46,-90.120261,29.934125,-109,-18,-5.0,67,67,D,PERIODIC,-110.0,-14.0,6.0,h75,0,0
9411,2025.11.11,14.20.47,-90.120261,29.934125,-109,-18,-3.0,31,32,D,PERIODIC,-110.0,-14.0,6.0,h75,0,0
9412,2025.11.11,14.20.48,-90.120261,29.934125,-107,-17,-2.0,0,0,I,PERIODIC,-109.0,-13.0,5.0,h75,0,0
9413,2025.11.11,14.20.49,-90.120261,29.934125,-107,-17,-4.0,0,0,I,PERIODIC,-109.0,-13.0,5.0,h75,0,0
9414,2025.11.11,14.20.50,-90.120261,29.934125,-107,-17,-4.0,97306,2398,D,PERIODIC,-109.0,-13.0,5.0,h75,0,0
9415,2025.11.11,14.20.51,-90.120261,29.934125,-109,-17,-3.0,0,0,D,PERIODIC,-109.0,-14.0,4.0,h75,0,0
9416,2025.11.11,14.20.52,-90.120261,29.934125,-108,-18,-4.0,0,0,I,PERIODIC,-110.0,-13.0,5.0,h75,0,0
9417,2025.11.11,14.20.53,-90.120261,29.934125,-108,-18,-4.0,1,0,D,PERIODIC,-110.0,-13.0,5.0,h75,0,0
9418,2025.11.11,14.20.54,-90.120261,29.934125,-105,-16,-4.0,2,2,D,PERIODIC,-110.0,-14.0,5.0,h75,0,0
9419,2025.11.11,14.20.55,-90.120261,29.934125,-105,-16,-4.0,115440,918,D,PERIODIC,-110.0,-14.0,5.0,h75,0,0
9420,2025.11.11,14.20.56,-90.120261,29.934125,-106,-16,-4.0,0,0,I,PERIODIC,-110.0,-15.0,3.0,h75,0,0
9421,2025.11.11,14.20.57,-90.120261,29.934125,-106,-16,-4.0,0,0,I,PERIODIC,-110.0,-15.0,3.0,h75,0,0
9422,2025.11.11,14.20.58,-90.120261,29.934125,-109,-18,-4.0,11,13,D,PERIODIC,-110.0,-13.0,6.0,h75,0,0
9423,2025.11.11,14.20.59,-90.120261,29.934125,-109,-18,-4.0,0,0,I,PERIODIC,-110.0,-13.0,6.0,h75,0,0
9424,2025.11.11,14.21.00,-90.120261,29.934125,-106,-16,-4.0,0,1958,D,PERIODIC,-110.0,-13.0,6.0,h75,0,0
9425,2025.11.11,14.21.01,-90.120261,29.934125,-106,-16,-3.0,2,2,D,PERIODIC,-110.0,-13.0,6.0,h75,0,0
9426,2025.11.11,14.21.02,-90.120261,29.934125,-108,-17,-3.0,0,0,I,PERIODIC,-110.0,-13.0,5.0,h75,0,0
9427,2025.11.11,14.21.03,-90.120261,29.934125,-108,-17,-3.0,1,1,D,PERIODIC,-110.0,-13.0,5.0,h75,0,0
9428,2025.11.11,14.21.04,-90.120261,29.934125,-105,-16,-3.0,0,0,I,PERIODIC,-109.0,-14.0,7.0,h75,0,0
9429,2025.11.11,14.21.05,-90.120261,29.934125,-105,-16,-3.0,94805,798,D,PERIODIC,-109.0,-14.0,7.0,h75,0,0
9430,2025.11.11,14.21.06,-90.120261,29.934125,-105,-16,-3.0,1,1,D,PERIODIC,-109.0,-14.0,7.0,h75,0,0
9431,2025.11.11,14.21.07,-90.120261,29.934125,-105,-16,-3.0,0,0,D,PERIODIC,-109.0,-14.0,7.0,h75,0,0
9432,2025.11.11,14.21.08,-90.120261,29.934125,-105,-16,-3.0,0,0,I,PERIODIC,-108.0,-13.0,7.0,h75,0,0
9433,2025.11.11,14.21.09,-90.120261,29.934125,-105,-16,-4.0,0,0,I,PERIODIC,-108.0,-13.0,7.0,h75,0,0
9434,2025.11.11,14.21.10,-90.120261,29.934125,-107,-17,-4.0,103362,860,D,PERIODIC,-109.0,-15.0,6.0,h75,0,0
9435,2025.11.11,14.21.11,-90.120261,29.934125,-107,-17,-4.0,0,0,I,PERIODIC,-109.0,-15.0,6.0,h75,0,0
9436,2025.11.11,14.21.12,-90.120261,29.934125,-107,-17,-4.0,16,13,D,PERIODIC,-109.0,-14.0,6.0,h75,0,0
9437,2025.11.11,14.21.13,-90.120261,29.934125,-107,-17,-4.0,7,7,D,PERIODIC,-109.0,-14.0,6.0,h75,0,0
9438,2025.11.11,14.21.14,-90.120261,29.934125,-106,-16,-4.0,0,0,I,PERIODIC,-110.0,-13.0,5.0,h75,0,0
9439,2025.11.11,14.21.15,-90.120261,29.934125,-106,-16,-4.0,81967,1106,D,PERIODIC,-110.0,-13.0,5.0,h75,0,0
9440,2025.11.11,14.21.16,-90.120261,29.934125,-106,-16,-4.0,12,12,D,PERIODIC,-109.0,-14.0,5.0,h75,0,0
9441,2025.11.11,14.21.17,-90.120261,29.934125,-106,-16,-4.0,3,3,D,PERIODIC,-109.0,-14.0,5.0,h75,0,0
9442,2025.11.11,14.21.18,-90.120261,29.934125,-106,-16,-4.0,1,1,D,PERIODIC,-109.0,-14.0,5.0,h75,0,0
9443,2025.11.11,14.21.19,-90.120261,29.934125,-106,-16,-4.0,0,0,D,PERIODIC,-109.0,-14.0,5.0,h75,0,0
9444,2025.11.11,14.21.20,-90.120261,29.934125,-106,-17,-4.0,0,713,D,PERIODIC,-108.0,-15.0,6.0,h75,0,0
9445,2025.11.11,14.21.21,-90.120261,29.934125,-106,-17,-4.0,0,0,I,PERIODIC,-108.0,-15.0,6.0,h75,0,0
9446,2025.11.11,14.21.22,-90.120261,29.934125,-106,-17,-4.0,0,0,I,PERIODIC,-110.0,-13.0,7.0,h75,0,0
9447,2025.11.11,14.21.23,-90.120261,29.934125,-106,-17,-4.0,0,0,I,PERIODIC,-110.0,-13.0,7.0,h75,0,0
9448,2025.11.11,14.21.24,-90.120261,29.934125,-109,-19,-4.0,1,1,D,PERIODIC,-108.0,-14.0,6.0,h75,0,0
9449,2025.11.11,14.21.25,-90.120261,29.934125,-109,-19,-4.0,0,0,D,PERIODIC,-108.0,-14.0,6.0,h75,0,0
9450,2025.11.11,14.21.26,-90.120261,29.934125,-106,-16,-4.0,98879,1110,D,PERIODIC,-109.0,-14.0,6.0,h75,0,0
9451,2025.11.11,14.21.27,-90.120261,29.934125,-106,-16,-4.0,2,2,D,PERIODIC,-109.0,-14.0,6.0,h75,0,0
9452,2025.11.11,14.21.28,-90.120261,29.934125,-106,-16,-4.0,0,0,D,PERIODIC,-110.0,-15.0,6.0,h75,0,0
9453,2025.11.11,14.21.29,-90.120261,29.934125,-106,-16,-4.0,0,0,D,PERIODIC,-110.0,-15.0,6.0,h75,0,0
9454,2025.11.11,14.21.30,-90.120261,29.934125,-106,-17,-4.0,107675,4360,D,PERIODIC,-107.0,-15.0,6.0,h75,0,0
9455,2025.11.11,14.21.31,-90.120261,29.934125,-106,-17,-4.0,6,3,D,PERIODIC,-107.0,-15.0,6.0,h75,0,0
9456,2025.11.11,14.21.32,-90.120261,29.934125,-107,-18,-4.0,1,1,D,PERIODIC,-109.0,-15.0,8.0,h75,0,0
9457,2025.11.11,14.21.33,-90.120261,29.934125,-107,-18,-4.0,0,0,D,PERIODIC,-109.0,-15.0,8.0,h75,0,0
9458,2025.11.11,14.21.34,-90.120261,29.934125,-106,-17,-3.0,0,0,I,PERIODIC,-108.0,-13.0,5.0,h75,0,0
9459,2025.11.11,14.21.35,-90.120261,29.934125,-106,-17,-3.0,0,0,D,PERIODIC,-108.0,-13.0,5.0,h75,0,0
9460,2025.11.11,14.21.36,-90.120261,29.934125,-106,-17,-3.0,90638,1228,D,PERIODIC,-108.0,-15.0,5.0,h75,0,0
9461,2025.11.11,14.21.37,-90.120261,29.934125,-106,-17,-4.0,0,0,I,PERIODIC,-108.0,-15.0,5.0,h75,0,0
9462,2025.11.11,14.21.38,-90.120261,29.934125,-105,-15,-4.0,0,0,D,PERIODIC,-108.0,-13.0,5.0,h75,0,0
9463,2025.11.11,14.21.39,-90.120261,29.934125,-105,-15,-3.0,0,0,D,PERIODIC,-108.0,-13.0,5.0,h75,0,0
9464,2025.11.11,14.21.40,-90.120261,29.934125,-108,-18,-3.0,81968,867,D,PERIODIC,-109.0,-14.0,6.0,h75,0,0
9465,2025.11.11,14.21.41,-90.120261,29.934125,-108,-18,-3.0,0,0,D,PERIODIC,-109.0,-14.0,6.0,h75,0,0
9466,2025.11.11,14.21.42,-90.120261,29.934125,-106,-16,-4.0,0,0,I,PERIODIC,-107.0,-14.0,6.0,h75,0,0
9467,2025.11.11,14.21.43,-90.120261,29.934125,-106,-16,-3.0,0,0,I,PERIODIC,-107.0,-14.0,6.0,h75,0,0
9468,2025.11.11,14.21.44,-90.120261,29.934125,-108,-18,-3.0,0,0,I,PERIODIC,-108.0,-13.0,6.0,h75,0,0
9469,2025.11.11,14.21.45,-90.120261,29.934125,-108,-18,-3.0,80984,818,D,PERIODIC,-108.0,-13.0,6.0,h75,0,0
9470,2025.11.11,14.21.46,-90.120261,29.934125,-108,-18,-3.0,75,73,D,PERIODIC,-108.0,-15.0,6.0,h75,0,0
9471,2025.11.11,14.21.47,-90.120261,29.934125,-108,-18,-3.0,0,0,I,PERIODIC,-108.0,-15.0,6.0,h75,0,0
9472,2025.11.11,14.21.48,-90.120261,29.934125,-108,-18,-3.0,0,0,I,PERIODIC,-108.0,-13.0,6.0,h75,0,0
9473,2025.11.11,14.21.49,-90.120261,29.934125,-108,-18,-3.0,0,0,I,PERIODIC,-108.0,-13.0,6.0,h75,0,0
9474,2025.11.11,14.21.50,-90.120261,29.934125,-108,-18,-3.0,0,1217,D,PERIODIC,-108.0,-13.0,6.0,h75,0,0
9475,2025.11.11,14.21.51,-90.120261,29.934125,-108,-18,-3.0,0,0,D,PERIODIC,-108.0,-13.0,6.0,h75,0,0
9476,2025.11.11,14.21.52,-90.120261,29.934125,-108,-18,-3.0,0,0,I,PERIODIC,-108.0,-12.0,6.0,h75,0,0
9477,2025.11.11,14.21.53,-90.120261,29.934125,-108,-18,-4.0,0,0,I,PERIODIC,-108.0,-12.0,6.0,h75,0,0
9478,2025.11.11,14.21.54,-90.120261,29.934125,-106,-16,-4.0,0,0,I,PERIODIC,-107.0,-12.0,5.0,h75,0,0
9479,2025.11.11,14.21.55,-90.120261,29.934125,-106,-16,-4.0,0,646,D,PERIODIC,-107.0,-12.0,5.0,h75,0,0
9480,2025.11.11,14.21.56,-90.120261,29.934125,-109,-18,-4.0,0,2,D,PERIODIC,-108.0,-15.0,5.0,h75,0,0
9481,2025.11.11,14.21.57,-90.120261,29.934125,-109,-18,-4.0,0,10,D,PERIODIC,-108.0,-15.0,5.0,h75,0,0
9482,2025.11.11,14.21.58,-90.120261,29.934125,-106,-15,-4.0,6,6,D,PERIODIC,-109.0,-14.0,5.0,h75,0,0
9483,2025.11.11,14.21.59,-90.120261,29.934125,-106,-15,-4.0,0,0,D,PERIODIC,-109.0,-14.0,5.0,h75,0,0
9484,2025.11.11,14.22.00,-90.120261,29.934125,-108,-18,-3.0,69088,1953,D,PERIODIC,-108.0,-14.0,6.0,h75,0,0
9485,2025.11.11,14.22.01,-90.120261,29.934125,-108,-18,-4.0,1,1,D,PERIODIC,-108.0,-14.0,6.0,h75,0,0
9486,2025.11.11,14.22.02,-90.120261,29.934125,-107,-17,-4.0,0,0,D,PERIODIC,-109.0,-14.0,7.0,h75,0,0
9487,2025.11.11,14.22.03,-90.120261,29.934125,-107,-17,-4.0,0,0,I,PERIODIC,-109.0,-14.0,7.0,h75,0,0
9488,2025.11.11,14.22.04,-90.120261,29.934125,-106,-16,-4.0,0,0,I,PERIODIC,-108.0,-13.0,6.0,h75,0,0
9489,2025.11.11,14.22.05,-90.120261,29.934125,-106,-16,-4.0,77787,923,D,PERIODIC,-108.0,-13.0,6.0,h75,0,0
9490,2025.11.11,14.22.06,-90.120261,29.934125,-107,-17,-4.0,0,0,I,PERIODIC,-109.0,-14.0,6.0,h75,0,0
9491,2025.11.11,14.22.07,-90.120261,29.934125,-107,-17,-4.0,0,0,I,PERIODIC,-109.0,-14.0,6.0,h75,0,0
9492,2025.11.11,14.22.08,-90.120261,29.934125,-107,-17,-4.0,0,66,D,PERIODIC,-109.0,-13.0,5.0,h75,0,0
9493,2025.11.11,14.22.09,-90.120261,29.934125,-107,-17,-4.0,0,3,D,PERIODIC,-109.0,-13.0,5.0,h75,0,0
9494,2025.11.11,14.22.10,-90.120261,29.934125,-107,-17,-4.0,96842,1107,D,PERIODIC,-109.0,-14.0,5.0,h75,0,0
9495,2025.11.11,14.22.11,-90.120261,29.934125,-107,-17,-4.0,0,0,D,PERIODIC,-109.0,-14.0,5.0,h75,0,0
9496,2025.11.11,14.22.12,-90.120261,29.934125,-106,-16,-3.0,0,0,I,PERIODIC,-109.0,-14.0,5.0,h75,0,0
9497,2025.11.11,14.22.13,-90.120261,29.934125,-106,-16,-4.0,202,202,D,PERIODIC,-109.0,-14.0,5.0,h75,0,0
9498,2025.11.11,14.22.14,-90.120261,29.934125,-109,-19,-4.0,0,0,I,PERIODIC,-109.0,-14.0,7.0,h75,0,0
9499,2025.11.11,14.22.15,-90.120261,29.934125,-109,-19,-4.0,66846,603,D,PERIODIC,-109.0,-14.0,7.0,h75,0,0
9500,2025.11.11,14.22.16,-90.120261,29.934125,-107,-18,-4.0,1,1,D,PERIODIC,-109.0,-14.0,7.0,h75,0,0
9501,2025.11.11,14.22.17,-90.120261,29.934125,-107,-18,-4.0,0,0,I,PERIODIC,-109.0,-14.0,7.0,h75,0,0
9502,2025.11.11,14.22.18,-90.120261,29.934125,-107,-18,-4.0,1,1,D,PERIODIC,-110.0,-14.0,7.0,h75,0,0
9503,2025.11.11,14.22.19,-90.120261,29.934125,-107,-18,-4.0,0,0,I,PERIODIC,-110.0,-14.0,7.0,h75,0,0
9504,2025.11.11,14.22.20,-90.120261,29.934125,-105,-16,-4.0,0,0,D,PERIODIC,-110.0,-15.0,5.0,h75,0,0
9505,2025.11.11,14.22.21,-90.120261,29.934125,-105,-16,-4.0,76732,821,D,PERIODIC,-110.0,-15.0,5.0,h75,0,0
9506,2025.11.11,14.22.22,-90.120261,29.934125,-106,-17,-4.0,104,29,D,PERIODIC,-111.0,-14.0,4.0,h75,0,0
9507,2025.11.11,14.22.23,-90.120261,29.934125,-106,-17,-4.0,55,16,D,PERIODIC,-111.0,-14.0,4.0,h75,0,0
9508,2025.11.11,14.22.24,-90.120261,29.934125,-107,-17,-4.0,0,0,D,PERIODIC,-110.0,-13.0,5.0,h75,0,0
9509,2025.11.11,14.22.25,-90.120261,29.934125,-107,-17,-4.0,117419,998,D,PERIODIC,-110.0,-13.0,5.0,h75,0,0
9510,2025.11.11,14.22.26,-90.120261,29.934125,-105,-15,-3.0,1,1,D,PERIODIC,-110.0,-14.0,6.0,h75,0,0
9511,2025.11.11,14.22.27,-90.120261,29.934125,-105,-15,-3.0,0,0,D,PERIODIC,-110.0,-14.0,6.0,h75,0,0
9512,2025.11.11,14.22.28,-90.120261,29.934125,-106,-16,-2.0,0,0,D,PERIODIC,-109.0,-14.0,7.0,h75,0,0
9513,2025.11.11,14.22.29,-90.120261,29.934125,-106,-16,-4.0,0,0,I,PERIODIC,-109.0,-14.0,7.0,h75,0,0
9514,2025.11.11,14.22.30,-90.120261,29.934125,-107,-17,-4.0,0,0,D,PERIODIC,-109.0,-13.0,6.0,h75,0,0
9515,2025.11.11,14.22.31,-90.120261,29.934125,-107,-17,-4.0,4,4,D,PERIODIC,-109.0,-13.0,6.0,h75,0,0
9516,2025.11.11,14.22.32,-90.120261,29.934125,-106,-16,-4.0,3,3,D,PERIODIC,-108.0,-13.0,6.0,h75,0,0
9517,2025.11.11,14.22.33,-90.120261,29.934125,-106,-16,-4.0,0,0,D,PERIODIC,-108.0,-13.0,6.0,h75,0,0
9518,2025.11.11,14.22.34,-90.120261,29.934125,-106,-16,-4.0,3,3,D,PERIODIC,-108.0,-13.0,6.0,h75,0,0
9519,2025.11.11,14.22.35,-90.120261,29.934125,-106,-16,-4.0,0,0,D,PERIODIC,-108.0,-14.0,6.0,h75,0,0
9520,2025.11.11,14.22.36,-90.120261,29.934125,-108,-18,-4.0,70935,1072,D,PERIODIC,-107.0,-15.0,8.0,h75,0,0
9521,2025.11.11,14.22.37,-90.120261,29.934125,-108,-18,-4.0,0,0,I,PERIODIC,-107.0,-15.0,8.0,h75,0,0
9522,2025.11.11,14.22.38,-90.120261,29.934125,-108,-18,-5.0,0,0,I,PERIODIC,-108.0,-14.0,7.0,h75,0,0
9523,2025.11.11,14.22.39,-90.120261,29.934125,-108,-18,-5.0,0,0,I,PERIODIC,-108.0,-14.0,7.0,h75,0,0
9524,2025.11.11,14.22.40,-90.120261,29.934125,-106,-16,-3.0,74969,981,D,PERIODIC,-108.0,-13.0,7.0,h75,0,0
9525,2025.11.11,14.22.41,-90.120261,29.934125,-106,-16,-3.0,0,0,I,PERIODIC,-108.0,-13.0,7.0,h75,0,0
9526,2025.11.11,14.22.42,-90.120261,29.934125,-108,-17,-4.0,5,5,D,PERIODIC,-108.0,-14.0,8.0,h75,0,0
9527,2025.11.11,14.22.43,-90.120261,29.934125,-108,-17,-4.0,0,0,D,PERIODIC,-108.0,-14.0,8.0,h75,0,0
9528,2025.11.11,14.22.44,-90.120261,29.934125,-106,-17,-4.0,0,0,I,PERIODIC,-107.0,-14.0,8.0,h75,0,0
9529,2025.11.11,14.22.45,-90.120261,29.934125,-106,-17,-3.0,81339,3463,D,PERIODIC,-107.0,-14.0,8.0,h75,0,0
9530,2025.11.11,14.22.46,-90.120261,29.934125,-105,-16,-3.0,0,0,D,PERIODIC,-109.0,-14.0,6.0,h75,0,0
9531,2025.11.11,14.22.47,-90.120261,29.934125,-105,-16,-4.0,101,3,D,PERIODIC,-109.0,-14.0,6.0,h75,0,0
9532,2025.11.11,14.22.48,-90.120261,29.934125,-105,-16,-4.0,0,0,I,PERIODIC,-109.0,-14.0,6.0,h75,0,0
9533,2025.11.11,14.22.49,-90.120261,29.934125,-106,-17,-3.0,0,0,I,PERIODIC,-108.0,-13.0,8.0,h75,0,0
9534,2025.11.11,14.22.50,-90.120261,29.934125,-106,-16,-3.0,78590,870,D,PERIODIC,-108.0,-14.0,6.0,h75,0,0
9535,2025.11.11,14.22.51,-90.120261,29.934125,-106,-16,-4.0,0,0,I,PERIODIC,-108.0,-14.0,6.0,h75,0,0
9536,2025.11.11,14.22.52,-90.120261,29.934125,-107,-17,-4.0,0,0,I,PERIODIC,-109.0,-13.0,7.0,h75,0,0
9537,2025.11.11,14.22.53,-90.120261,29.934125,-107,-17,-4.0,0,0,I,PERIODIC,-109.0,-13.0,7.0,h75,0,0
9538,2025.11.11,14.22.54,-90.120261,29.934125,-107,-17,-4.0,10,10,D,PERIODIC,-110.0,-14.0,7.0,h75,0,0
9539,2025.11.11,14.22.55,-90.120261,29.934125,-107,-17,-4.0,0,0,D,PERIODIC,-110.0,-14.0,7.0,h75,0,0
9540,2025.11.11,14.22.56,-90.120261,29.934125,-107,-17,-4.0,97365,969,D,PERIODIC,-110.0,-14.0,7.0,h75,0,0
9541,2025.11.11,14.22.57,-90.120261,29.934125,-107,-17,-3.0,8,10,D,PERIODIC,-110.0,-14.0,7.0,h75,0,0
9542,2025.11.11,14.22.58,-90.120261,29.934125,-107,-16,-3.0,1,1,D,PERIODIC,-108.0,-13.0,8.0,h75,0,0
9543,2025.11.11,14.22.59,-90.120261,29.934125,-107,-16,-3.0,0,0,D,PERIODIC,-108.0,-13.0,8.0,h75,0,0
9544,2025.11.11,14.23.00,-90.120261,29.934125,-107,-16,-3.0,73915,1412,D,PERIODIC,-108.0,-13.0,8.0,h75,0,0
9545,2025.11.11,14.23.01,-90.120261,29.934125,-107,-16,-3.0,1,1,D,PERIODIC,-108.0,-14.0,8.0,h75,0,0
9546,2025.11.11,14.23.02,-90.120261,29.934125,-107,-16,-3.0,0,0,I,PERIODIC,-108.0,-14.0,8.0,h75,0,0
9547,2025.11.11,14.23.03,-90.120261,29.934125,-106,-16,-3.0,0,0,I,PERIODIC,-111.0,-13.0,6.0,h75,0,0
9548,2025.11.11,14.23.04,-90.120261,29.934125,-106,-16,-4.0,0,0,I,PERIODIC,-111.0,-13.0,6.0,h75,0,0
9549,2025.11.11,14.23.05,-90.120261,29.934125,-107,-17,-4.0,86761,745,D,PERIODIC,-108.0,-12.0,4.0,h75,0,0
9550,2025.11.11,14.23.06,-90.120261,29.934125,-107,-17,-3.0,0,0,D,PERIODIC,-108.0,-12.0,4.0,h75,0,0
9551,2025.11.11,14.23.07,-90.120261,29.934125,-106,-16,-3.0,0,0,I,PERIODIC,-108.0,-13.0,8.0,h75,0,0
9552,2025.11.11,14.23.08,-90.120261,29.934125,-106,-16,-3.0,0,0,D,PERIODIC,-108.0,-13.0,8.0,h75,0,0
9553,2025.11.11,14.23.09,-90.120261,29.934125,-106,-16,-3.0,0,0,I,PERIODIC,-108.0,-14.0,8.0,h75,0,0
9554,2025.11.11,14.23.10,-90.120261,29.934125,-106,-16,-3.0,78805,854,D,PERIODIC,-108.0,-14.0,8.0,h75,0,0
9555,2025.11.11,14.23.11,-90.120261,29.934125,-106,-16,-3.0,0,0,D,PERIODIC,-109.0,-14.0,8.0,h75,0,0
9556,2025.11.11,14.23.12,-90.120261,29.934125,-106,-16,-3.0,0,0,I,PERIODIC,-109.0,-14.0,8.0,h75,0,0
9557,2025.11.11,14.23.13,-90.120261,29.934125,-107,-17,-3.0,0,0,I,PERIODIC,-107.0,-12.0,7.0,h75,0,0
9558,2025.11.11,14.23.14,-90.120261,29.934125,-107,-17,-3.0,0,0,I,PERIODIC,-107.0,-12.0,7.0,h75,0,0
9559,2025.11.11,14.23.15,-90.120261,29.934125,-107,-17,-4.0,116675,1159,D,PERIODIC,-107.0,-12.0,7.0,h75,0,0
9560,2025.11.11,14.23.16,-90.120261,29.934125,-108,-17,-4.0,1,1,D,PERIODIC,-109.0,-11.0,9.0,h75,0,0
9561,2025.11.11,14.23.17,-90.120261,29.934125,-106,-16,-4.0,0,0,D,PERIODIC,-108.0,-13.0,7.0,h75,0,0
9562,2025.11.11,14.23.18,-90.120261,29.934125,-106,-16,-4.0,0,0,D,PERIODIC,-108.0,-13.0,7.0,h75,0,0
9563,2025.11.11,14.23.19,-90.120261,29.934125,-106,-16,-4.0,0,0,I,PERIODIC,-108.0,-10.0,7.0,h75,0,0
9564,2025.11.11,14.23.20,-90.120261,29.934125,-106,-16,-4.0,79886,701,D,PERIODIC,-108.0,-10.0,7.0,h75,0,0
9565,2025.11.11,14.23.21,-90.120261,29.934125,-106,-16,-4.0,0,0,I,PERIODIC,-110.0,-15.0,7.0,h75,0,0
9566,2025.11.11,14.23.22,-90.120261,29.934125,-106,-16,-4.0,0,0,I,PERIODIC,-110.0,-15.0,7.0,h75,0,0
9567,2025.11.11,14.23.23,-90.120261,29.934125,-106,-16,-4.0,0,0,I,PERIODIC,-108.0,-14.0,7.0,h75,0,0
9568,2025.11.11,14.23.24,-90.120261,29.934125,-106,-16,-4.0,1,1,D,PERIODIC,-108.0,-14.0,7.0,h75,0,0
9569,2025.11.11,14.23.25,-90.120261,29.934125,-106,-16,-4.0,0,424,D,PERIODIC,-110.0,-15.0,7.0,h75,0,0
9570,2025.11.11,14.23.26,-90.120261,29.934125,-106,-16,-4.0,0,0,D,PERIODIC,-110.0,-15.0,7.0,h75,0,0
9571,2025.11.11,14.23.27,-90.120261,29.934125,-106,-16,-4.0,5,5,D,PERIODIC,-108.0,-14.0,7.0,h75,0,0
9572,2025.11.11,14.23.28,-90.120261,29.934125,-106,-16,-4.0,0,0,D,PERIODIC,-108.0,-14.0,7.0,h75,0,0
9573,2025.11.11,14.23.29,-90.120261,29.934125,-107,-17,-4.0,0,0,I,PERIODIC,-110.0,-14.0,7.0,h75,0,0
9574,2025.11.11,14.23.30,-90.120261,29.934125,-107,-17,-4.0,110244,4412,D,PERIODIC,-110.0,-14.0,7.0,h75,0,0
9575,2025.11.11,14.23.31,-90.120261,29.934125,-107,-17,-4.0,6,3,D,PERIODIC,-110.0,-14.0,7.0,h75,0,0
9576,2025.11.11,14.23.32,-90.120261,29.934125,-107,-17,-4.0,3,3,D,PERIODIC,-109.0,-12.0,7.0,h75,0,0
9577,2025.11.11,14.23.33,-90.120261,29.934125,-108,-17,-4.0,0,0,I,PERIODIC,-108.0,-13.0,6.0,h75,0,0
9578,2025.11.11,14.23.34,-90.120261,29.934125,-108,-17,-4.0,0,0,I,PERIODIC,-108.0,-13.0,6.0,h75,0,0
9579,2025.11.11,14.23.35,-90.120261,29.934125,-107,-16,-4.0,47763,861,D,PERIODIC,-107.0,-10.0,5.0,h75,0,0
9580,2025.11.11,14.23.36,-90.120261,29.934125,-107,-16,-4.0,0,0,I,PERIODIC,-107.0,-10.0,5.0,h75,0,0
9581,2025.11.11,14.23.37,-90.120261,29.934125,-107,-17,-3.0,10,10,D,PERIODIC,-110.0,-11.0,7.0,h75,0,0
9582,2025.11.11,14.23.38,-90.120261,29.934125,-107,-17,-3.0,0,0,I,PERIODIC,-110.0,-11.0,7.0,h75,0,0
9583,2025.11.11,14.23.39,-90.120261,29.934125,-107,-17,-3.0,0,0,D,PERIODIC,-108.0,-12.0,7.0,h75,0,0
9584,2025.11.11,14.23.40,-90.120261,29.934125,-107,-17,-4.0,4,4,D,PERIODIC,-108.0,-12.0,7.0,h75,0,0
9585,2025.11.11,14.23.41,-90.120261,29.934125,-107,-16,-4.0,0,0,D,PERIODIC,-109.0,-13.0,6.0,h75,0,0
9586,2025.11.11,14.23.42,-90.120261,29.934125,-107,-16,-4.0,0,0,I,PERIODIC,-109.0,-13.0,6.0,h75,0,0
9587,2025.11.11,14.23.43,-90.120261,29.934125,-106,-16,-3.0,0,0,I,PERIODIC,-107.0,-15.0,8.0,h75,0,0
9588,2025.11.11,14.23.44,-90.120261,29.934125,-106,-16,-3.0,0,0,I,PERIODIC,-107.0,-15.0,8.0,h75,0,0
9589,2025.11.11,14.23.45,-90.120261,29.934125,-106,-15,-2.0,0,7,D,PERIODIC,-110.0,-12.0,6.0,h75,0,0
9590,2025.11.11,14.23.46,-90.120261,29.934125,-106,-15,-2.0,0,0,I,PERIODIC,-110.0,-12.0,6.0,h75,0,0
9591,2025.11.11,14.23.47,-90.120261,29.934125,-106,-16,-3.0,94,94,D,PERIODIC,-110.0,-10.0,3.0,h75,0,0
9592,2025.11.11,14.23.48,-90.120261,29.934125,-106,-16,-3.0,5,5,D,PERIODIC,-110.0,-10.0,3.0,h75,0,0
9593,2025.11.11,14.23.49,-90.120261,29.934125,-106,-16,-3.0,0,0,I,PERIODIC,-110.0,-12.0,3.0,h75,0,0
9594,2025.11.11,14.23.50,-90.120261,29.934125,-106,-16,-3.0,0,0,I,PERIODIC,-110.0,-12.0,3.0,h75,0,0
9595,2025.11.11,14.23.51,-90.120261,29.934125,-106,-16,-3.0,0,0,I,PERIODIC,-109.0,-13.0,3.0,h75,0,0
9596,2025.11.11,14.23.52,-90.120261,29.934125,-106,-16,-4.0,0,0,I,PERIODIC,-109.0,-13.0,3.0,h75,0,0
9597,2025.11.11,14.23.53,-90.120261,29.934125,-106,-16,-4.0,0,0,I,PERIODIC,-109.0,-13.0,3.0,h75,0,0
9598,2025.11.11,14.23.54,-90.120261,29.934125,-110,-18,-5.0,0,0,I,PERIODIC,-109.0,-12.0,4.0,h75,0,0
9599,2025.11.11,14.23.55,-90.120261,29.934125,-107,-16,-4.0,0,0,D,PERIODIC,-109.0,-14.0,5.0,h75,0,0
9600,2025.11.11,14.23.56,-90.120261,29.934125,-107,-16,-4.0,1,1,D,PERIODIC,-109.0,-14.0,5.0,h75,0,0
9601,2025.11.11,14.23.57,-90.120261,29.934125,-107,-15,-20.0,7,8,D,PERIODIC,-109.0,-11.0,6.0,h75,0,0
9602,2025.11.11,14.23.58,-90.120261,29.934125,-107,-15,-20.0,3,3,D,PERIODIC,-109.0,-11.0,6.0,h75,0,0
9603,2025.11.11,14.23.59,-90.120261,29.934125,-107,-15,-20.0,17,15,D,PERIODIC,-108.0,-12.0,6.0,h75,0,0
9604,2025.11.11,14.24.00,-90.120261,29.934125,-107,-15,-20.0,1,1,D,PERIODIC,-108.0,-12.0,6.0,h75,0,0
9605,2025.11.11,14.24.01,-90.120261,29.934125,-107,-15,-20.0,0,0,D,PERIODIC,-107.0,-13.0,6.0,h75,0,0
9606,2025.11.11,14.24.02,-90.120261,29.934125,-107,-15,-20.0,0,0,D,PERIODIC,-107.0,-13.0,6.0,h75,0,0
9607,2025.11.11,14.24.03,-90.120261,29.934125,-104,-16,-4.0,0,0,I,PERIODIC,-110.0,-13.0,6.0,h75,0,0
271,2025.11.03,17.08.55,-90.120324,29.933962,-111,-13,40.0,0,0,I,LOG START,-103.0,-12.0,8.0,h7,0,0
272,2025.11.03,17.08.56,-90.120307,29.934021,-111,-13,40.0,0,0,I,,-103.0,-12.0,8.0,h7,0,0
273,2025.11.03,17.08.56,-90.120307,29.934021,-111,-13,40.0,3947,12869,D,PERIODIC,-103.0,-12.0,8.0,h7,0,0
274,2025.11.03,17.08.57,-90.120307,29.934021,-113,-13,30.0,8,8,D,PERIODIC,-98.0,-12.0,14.0,h7,0,0
275,2025.11.03,17.08.58,-90.120307,29.934021,-113,-13,30.0,10,10,D,PERIODIC,-98.0,-12.0,14.0,h7,0,0
276,2025.11.03,17.08.59,-90.120307,29.934021,-113,-12,4.0,0,0,D,PERIODIC,-99.0,-13.0,14.0,h7,0,0
277,2025.11.03,17.09.00,-90.120307,29.934021,-113,-12,4.0,12,3,D,PERIODIC,-99.0,-13.0,14.0,h7,0,0
278,2025.11.03,17.09.01,-90.120307,29.934021,-113,-12,4.0,9,10,D,PERIODIC,-99.0,-13.0,14.0,h7,0,0
279,2025.11.03,17.09.02,-90.120307,29.934021,-113,-12,3.0,10,10,D,PERIODIC,-99.0,-13.0,14.0,h7,0,0
280,2025.11.03,17.09.03,-90.120307,29.934021,-113,-13,40.0,13,14,D,PERIODIC,-98.0,-13.0,14.0,h7,0,0
281,2025.11.03,17.09.04,-90.120307,29.934021,-113,-13,40.0,0,0,D,PERIODIC,-98.0,-13.0,14.0,h7,0,0
282,2025.11.03,17.09.05,-90.120307,29.934021,-115,-13,35.0,6,7,D,PERIODIC,-98.0,-12.0,12.0,h7,0,0
283,2025.11.03,17.09.06,-90.120307,29.934021,-115,-13,35.0,1,0,D,PERIODIC,-98.0,-12.0,12.0,h7,0,0
284,2025.11.03,17.09.07,-90.120307,29.934021,-115,-12,4.0,0,0,I,PERIODIC,-99.0,-12.0,14.0,h7,0,0
285,2025.11.03,17.09.08,-90.120307,29.934021,-115,-12,4.0,1,1,D,PERIODIC,-99.0,-12.0,14.0,h7,0,0
286,2025.11.03,17.09.09,-90.120307,29.934021,-115,-12,4.0,0,3,D,PERIODIC,-99.0,-12.0,14.0,h7,0,0
287,2025.11.03,17.09.10,-90.120307,29.934021,-115,-12,4.0,0,0,D,PERIODIC,-99.0,-12.0,14.0,h7,0,0
288,2025.11.03,17.09.11,-90.120307,29.934021,-114,-13,40.0,0,0,D,PERIODIC,-99.0,-12.0,13.0,h7,0,0
289,2025.11.03,17.09.12,-90.120307,29.934021,-114,-13,40.0,5,5,D,PERIODIC,-99.0,-12.0,13.0,h7,0,0
290,2025.11.03,17.09.13,-90.120307,29.934021,-113,-12,4.0,4,4,D,PERIODIC,-98.0,-11.0,13.0,h7,0,0
291,2025.11.03,17.09.14,-90.120307,29.934021,-113,-12,4.0,0,22,D,PERIODIC,-98.0,-11.0,13.0,h7,0,0
292,2025.11.03,17.09.15,-90.120307,29.934021,-113,-13,25.0,2,2,D,PERIODIC,-98.0,-12.0,12.0,h7,0,0
293,2025.11.03,17.09.16,-90.120307,29.934021,-113,-13,25.0,0,0,I,PERIODIC,-98.0,-12.0,12.0,h7,0,0
294,2025.11.03,17.09.17,-90.120307,29.934021,-113,-13,25.0,4,4,D,PERIODIC,-98.0,-13.0,12.0,h7,0,0
295,2025.11.03,17.09.18,-90.120307,29.934021,-113,-13,25.0,0,0,D,PERIODIC,-98.0,-13.0,12.0,h7,0,0
296,2025.11.03,17.09.19,-90.120307,29.934021,-114,-13,30.0,0,0,I,PERIODIC,-99.0,-13.0,11.0,h7,0,0
297,2025.11.03,17.09.20,-90.120307,29.934021,-114,-13,30.0,0,0,I,PERIODIC,-99.0,-13.0,11.0,h7,0,0
298,2025.11.03,17.09.21,-90.120307,29.934021,-114,-13,30.0,1,1,D,PERIODIC,-99.0,-13.0,11.0,h7,0,0
299,2025.11.03,17.09.22,-90.120307,29.934021,-113,-12,40.0,1,1,D,PERIODIC,-98.0,-13.0,12.0,h7,0,0
300,2025.11.03,17.09.23,-90.120307,29.934021,-113,-12,40.0,10,10,D,PERIODIC,-98.0,-13.0,12.0,h7,0,0
301,2025.11.03,17.09.24,-90.120307,29.934021,-114,-12,4.0,6,6,D,PERIODIC,-98.0,-12.0,12.0,h7,0,0
302,2025.11.03,17.09.25,-90.120307,29.934021,-114,-12,4.0,10,10,D,PERIODIC,-98.0,-12.0,12.0,h7,0,0
303,2025.11.03,17.09.26,-90.120307,29.934021,-113,-13,35.0,1,2,D,PERIODIC,-99.0,-12.0,11.0,h7,0,0
304,2025.11.03,17.09.27,-90.120307,29.934021,-113,-13,35.0,5,5,D,PERIODIC,-99.0,-12.0,11.0,h7,0,0
305,2025.11.03,17.09.28,-90.120307,29.934021,-114,-12,40.0,11,11,D,PERIODIC,-99.0,-12.0,12.0,h7,0,0
306,2025.11.03,17.09.29,-90.120307,29.934021,-114,-12,40.0,1,1,D,PERIODIC,-99.0,-12.0,12.0,h7,0,0
307,2025.11.03,17.09.30,-90.120307,29.934021,-114,-13,35.0,0,0,I,PERIODIC,-99.0,-12.0,13.0,h7,0,0
308,2025.11.03,17.09.31,-90.120307,29.934021,-114,-13,35.0,0,0,I,PERIODIC,-99.0,-12.0,13.0,h7,0,0
309,2025.11.03,17.09.32,-90.120307,29.934021,-114,-12,4.0,7,7,D,PERIODIC,-99.0,-12.0,13.0,h7,0,0
310,2025.11.03,17.09.33,-90.120307,29.934021,-114,-12,4.0,6,6,D,PERIODIC,-99.0,-12.0,13.0,h7,0,0
311,2025.11.03,17.09.34,-90.120307,29.934021,-114,-12,4.0,6,6,D,PERIODIC,-99.0,-12.0,13.0,h7,0,0
312,2025.11.03,17.09.35,-90.120307,29.934021,-113,-13,4.0,0,0,D,PERIODIC,-98.0,-12.0,11.0,h7,0,0
313,2025.11.03,17.09.36,-90.120307,29.934021,-113,-13,4.0,0,0,I,PERIODIC,-98.0,-12.0,11.0,h7,0,0
314,2025.11.03,17.09.37,-90.120307,29.934021,-113,-13,4.0,0,0,D,PERIODIC,-99.0,-11.0,11.0,h7,0,0
315,2025.11.03,17.09.38,-90.120307,29.934021,-114,-13,40.0,0,0,I,PERIODIC,-99.0,-14.0,13.0,h7,0,0
316,2025.11.03,17.09.39,-90.120307,29.934021,-114,-13,40.0,0,0,I,PERIODIC,-99.0,-14.0,13.0,h7,0,0
317,2025.11.03,17.09.40,-90.120307,29.934021,-114,-13,40.0,0,0,I,PERIODIC,-99.0,-14.0,13.0,h7,0,0
318,2025.11.03,17.09.41,-90.120307,29.934021,-114,-13,40.0,0,0,I,PERIODIC,-99.0,-14.0,13.0,h7,0,0
319,2025.11.03,17.09.42,-90.120307,29.934021,-114,-12,40.0,0,0,I,PERIODIC,-99.0,-13.0,11.0,h7,0,0
320,2025.11.03,17.09.43,-90.120307,29.934021,-114,-12,40.0,0,0,I,PERIODIC,-99.0,-13.0,11.0,h7,0,0
321,2025.11.03,17.09.44,-90.120307,29.934021,-113,-12,5.0,0,0,I,PERIODIC,-99.0,-15.0,11.0,h7,0,0
322,2025.11.03,17.09.45,-90.120307,29.934021,-113,-12,3.0,0,0,D,PERIODIC,-99.0,-15.0,11.0,h7,0,0
323,2025.11.03,17.09.46,-90.120307,29.934021,-113,-12,4.0,15,6,D,PERIODIC,-98.0,-13.0,12.0,h7,0,0
324,2025.11.03,17.09.47,-90.120307,29.934021,-113,-12,3.0,18,24,D,PERIODIC,-98.0,-13.0,12.0,h7,0,0
325,2025.11.03,17.09.48,-90.120307,29.934021,-113,-13,40.0,25,26,D,PERIODIC,-99.0,-12.0,13.0,h7,0,0
326,2025.11.03,17.09.49,-90.120307,29.934021,-113,-13,40.0,10,10,D,PERIODIC,-99.0,-12.0,13.0,h7,0,0
327,2025.11.03,17.09.50,-90.120307,29.934021,-113,-13,40.0,0,0,I,PERIODIC,-99.0,-13.0,14.0,h7,0,0
328,2025.11.03,17.09.51,-90.120307,29.934021,-113,-13,40.0,17496,14273,D,PERIODIC,-99.0,-13.0,14.0,h7,0,0
329,2025.11.03,17.09.52,-90.120307,29.934021,-113,-13,40.0,3,3,D,PERIODIC,-98.0,-11.0,14.0,h7,0,0
330,2025.11.03,17.09.53,-90.120307,29.934021,-113,-13,40.0,0,0,D,PERIODIC,-98.0,-11.0,14.0,h7,0,0
331,2025.11.03,17.09.54,-90.120307,29.934021,-114,-13,40.0,9,9,D,PERIODIC,-98.0,-12.0,12.0,h7,0,0
332,2025.11.03,17.09.55,-90.120307,29.934021,-114,-13,40.0,0,0,D,PERIODIC,-98.0,-12.0,12.0,h7,0,0
333,2025.11.03,17.09.56,-90.120307,29.934021,-114,-13,40.0,187402,4257,D,PERIODIC,-99.0,-13.0,12.0,h7,0,0
334,2025.11.03,17.09.57,-90.120307,29.934021,-114,-13,40.0,0,0,I,PERIODIC,-99.0,-13.0,12.0,h7,0,0
335,2025.11.03,17.09.58,-90.120307,29.934021,-112,-12,5.0,0,0,I,PERIODIC,-99.0,-12.0,11.0,h7,0,0
336,2025.11.03,17.09.59,-90.120307,29.934021,-112,-12,5.0,0,0,I,PERIODIC,-99.0,-12.0,11.0,h7,0,0
337,2025.11.03,17.10.00,-90.120307,29.934021,-114,-13,30.0,0,0,I,PERIODIC,-99.0,-12.0,13.0,h7,0,0
338,2025.11.03,17.10.01,-90.120307,29.934021,-114,-13,30.0,101021,830,D,PERIODIC,-99.0,-12.0,13.0,h7,0,0
339,2025.11.03,17.10.02,-90.120307,29.934021,-113,-13,5.0,2,2,D,PERIODIC,-99.0,-12.0,12.0,h7,0,0
340,2025.11.03,17.10.03,-90.120307,29.934021,-113,-13,5.0,0,0,I,PERIODIC,-99.0,-12.0,12.0,h7,0,0
341,2025.11.03,17.10.04,-90.120307,29.934021,-112,-12,4.0,0,0,I,PERIODIC,-99.0,-12.0,12.0,h7,0,0
342,2025.11.03,17.10.05,-90.120307,29.934021,-112,-12,4.0,0,0,I,PERIODIC,-99.0,-12.0,12.0,h7,0,0
343,2025.11.03,17.10.06,-90.120307,29.934021,-112,-13,40.0,0,834,D,PERIODIC,-98.0,-12.0,12.0,h7,0,0
344,2025.11.03,17.10.07,-90.120307,29.934021,-112,-13,40.0,5,5,D,PERIODIC,-98.0,-12.0,12.0,h7,0,0
345,2025.11.03,17.10.08,-90.120307,29.934021,-113,-13,35.0,0,0,D,PERIODIC,-99.0,-12.0,12.0,h7,0,0
346,2025.11.03,17.10.09,-90.120307,29.934021,-113,-13,35.0,4,4,D,PERIODIC,-99.0,-12.0,12.0,h7,0,0
347,2025.11.03,17.10.10,-90.120307,29.934021,-113,-12,40.0,0,0,I,PERIODIC,-99.0,-11.0,13.0,h7,0,0
348,2025.11.03,17.10.11,-90.120307,29.934021,-113,-12,40.0,77853,608,D,PERIODIC,-99.0,-11.0,13.0,h7,0,0
349,2025.11.03,17.10.12,-90.120307,29.934021,-113,-12,40.0,0,0,D,PERIODIC,-98.0,-12.0,14.0,h7,0,0
350,2025.11.03,17.10.13,-90.120307,29.934021,-113,-12,40.0,0,0,D,PERIODIC,-98.0,-12.0,14.0,h7,0,0
351,2025.11.03,17.10.14,-90.120307,29.934021,-113,-12,40.0,0,0,D,PERIODIC,-98.0,-12.0,14.0,h7,0,0
352,2025.11.03,17.10.15,-90.120307,29.934021,-113,-12,40.0,5,6,D,PERIODIC,-98.0,-12.0,14.0,h7,0,0
353,2025.11.03,17.10.16,-90.120307,29.934021,-113,-13,35.0,99541,814,D,PERIODIC,-99.0,-12.0,13.0,h7,0,0
354,2025.11.03,17.10.17,-90.120307,29.934021,-113,-13,35.0,2,2,D,PERIODIC,-99.0,-12.0,13.0,h7,0,0
355,2025.11.03,17.10.18,-90.120307,29.934021,-114,-12,40.0,0,0,I,PERIODIC,-98.0,-12.0,10.0,h7,0,0
356,2025.11.03,17.10.19,-90.120307,29.934021,-114,-12,40.0,0,0,I,PERIODIC,-98.0,-12.0,10.0,h7,0,0
357,2025.11.03,17.10.20,-90.120307,29.934021,-113,-13,30.0,5,5,D,PERIODIC,-99.0,-12.0,13.0,h7,0,0
358,2025.11.03,17.10.21,-90.120307,29.934021,-113,-13,30.0,63332,2400,D,PERIODIC,-99.0,-12.0,13.0,h7,0,0
359,2025.11.03,17.10.22,-90.120307,29.934021,-113,-13,30.0,1,1,D,PERIODIC,-99.0,-12.0,13.0,h7,0,0
360,2025.11.03,17.10.23,-90.120307,29.934021,-113,-12,4.0,0,1,D,PERIODIC,-99.0,-13.0,13.0,h7,0,0
361,2025.11.03,17.10.24,-90.120307,29.934021,-113,-12,4.0,4,5,D,PERIODIC,-99.0,-13.0,13.0,h7,0,0
362,2025.11.03,17.10.25,-90.120307,29.934021,-113,-12,5.0,0,0,I,PERIODIC,-99.0,-13.0,13.0,h7,0,0
363,2025.11.03,17.10.26,-90.120307,29.934021,-113,-12,5.0,103753,4808,D,PERIODIC,-99.0,-12.0,13.0,h7,0,0
364,2025.11.03,17.10.27,-90.120307,29.934021,-113,-12,5.0,0,0,I,PERIODIC,-99.0,-12.0,13.0,h7,0,0
365,2025.11.03,17.10.28,-90.120307,29.934021,-113,-12,5.0,0,0,D,PERIODIC,-99.0,-12.0,13.0,h7,0,0
366,2025.11.03,17.10.29,-90.120307,29.934021,-113,-12,5.0,0,0,I,PERIODIC,-99.0,-12.0,13.0,h7,0,0
367,2025.11.03,17.10.30,-90.120307,29.934021,-113,-12,5.0,105,104,D,PERIODIC,-99.0,-11.0,13.0,h7,0,0
368,2025.11.03,17.10.31,-90.120307,29.934021,-113,-12,5.0,63320,549,D,PERIODIC,-99.0,-11.0,13.0,h7,0,0
369,2025.11.03,17.10.32,-90.120307,29.934021,-113,-12,5.0,5,5,D,PERIODIC,-99.0,-11.0,13.0,h7,0,0
370,2025.11.03,17.10.33,-90.120307,29.934021,-113,-12,5.0,0,0,D,PERIODIC,-99.0,-11.0,13.0,h7,0,0
371,2025.11.03,17.10.34,-90.120307,29.934021,-113,-13,40.0,0,0,D,PERIODIC,-99.0,-13.0,14.0,h7,0,0
372,2025.11.03,17.10.35,-90.120307,29.934021,-113,-13,40.0,0,0,I,PERIODIC,-99.0,-13.0,14.0,h7,0,0
373,2025.11.03,17.10.36,-90.120307,29.934021,-111,-12,6.0,97938,785,D,PERIODIC,-99.0,-12.0,12.0,h7,0,0
374,2025.11.03,17.10.37,-90.120307,29.934021,-111,-12,4.0,0,0,I,PERIODIC,-99.0,-12.0,12.0,h7,0,0
375,2025.11.03,17.10.38,-90.120307,29.934021,-111,-12,40.0,0,0,I,PERIODIC,-99.0,-12.0,12.0,h7,0,0
376,2025.11.03,17.10.39,-90.120307,29.934021,-111,-12,40.0,1,1,D,PERIODIC,-99.0,-12.0,12.0,h7,0,0
377,2025.11.03,17.10.40,-90.120307,29.934021,-111,-12,40.0,0,0,D,PERIODIC,-99.0,-12.0,12.0,h7,0,0
378,2025.11.03,17.10.41,-90.120307,29.934021,-111,-12,40.0,99341,788,D,PERIODIC,-99.0,-12.0,12.0,h7,0,0
379,2025.11.03,17.10.42,-90.120307,29.934021,-111,-12,40.0,0,0,I,PERIODIC,-99.0,-12.0,12.0,h7,0,0
380,2025.11.03,17.10.43,-90.120307,29.934021,-111,-12,40.0,0,0,D,PERIODIC,-99.0,-12.0,12.0,h7,0,0
381,2025.11.03,17.10.44,-90.120307,29.934021,-111,-12,40.0,0,0,I,PERIODIC,-98.0,-13.0,12.0,h7,0,0
382,2025.11.03,17.10.45,-90.120307,29.934021,-111,-12,40.0,0,0,I,PERIODIC,-98.0,-13.0,12.0,h7,0,0
383,2025.11.03,17.10.46,-90.120307,29.934021,-111,-12,40.0,76035,1809,D,PERIODIC,-99.0,-14.0,12.0,h7,0,0
384,2025.11.03,17.10.47,-90.120307,29.934021,-111,-12,40.0,1,1,D,PERIODIC,-99.0,-14.0,12.0,h7,0,0
385,2025.11.03,17.10.48,-90.120307,29.934021,-111,-12,40.0,0,0,I,PERIODIC,-99.0,-13.0,12.0,h7,0,0
386,2025.11.03,17.10.49,-90.120307,29.934021,-111,-12,40.0,0,0,I,PERIODIC,-99.0,-13.0,12.0,h7,0,0
387,2025.11.03,17.10.50,-90.120307,29.934021,-112,-12,5.0,0,0,I,PERIODIC,-99.0,-14.0,14.0,h7,0,0
388,2025.11.03,17.10.51,-90.120307,29.934021,-112,-12,5.0,101950,774,D,PERIODIC,-99.0,-14.0,14.0,h7,0,0
389,2025.11.03,17.10.52,-90.120307,29.934021,-112,-12,5.0,4,4,D,PERIODIC,-98.0,-11.0,14.0,h7,0,0
390,2025.11.03,17.10.53,-90.120307,29.934021,-112,-12,5.0,0,5,D,PERIODIC,-98.0,-11.0,14.0,h7,0,0
391,2025.11.03,17.10.54,-90.120307,29.934021,-112,-12,5.0,0,0,I,PERIODIC,-98.0,-12.0,13.0,h7,0,0
392,2025.11.03,17.10.55,-90.120307,29.934021,-112,-12,4.0,0,0,I,PERIODIC,-98.0,-12.0,13.0,h7,0,0
393,2025.11.03,17.10.56,-90.120307,29.934021,-111,-12,5.0,100121,3101,D,PERIODIC,-99.0,-13.0,14.0,h7,0,0
394,2025.11.03,17.10.57,-90.120307,29.934021,-111,-12,4.0,0,0,I,PERIODIC,-99.0,-13.0,14.0,h7,0,0
395,2025.11.03,17.10.58,-90.120307,29.934021,-112,-12,5.0,0,0,I,PERIODIC,-99.0,-12.0,12.0,h7,0,0
396,2025.11.03,17.10.59,-90.120307,29.934021,-112,-12,5.0,0,0,I,PERIODIC,-99.0,-12.0,12.0,h7,0,0
397,2025.11.03,17.11.00,-90.120307,29.934021,-112,-12,5.0,0,0,I,PERIODIC,-98.0,-12.0,14.0,h7,0,0
398,2025.11.03,17.11.01,-90.120307,29.934021,-112,-12,4.0,72620,591,D,PERIODIC,-98.0,-12.0,14.0,h7,0,0
399,2025.11.03,17.11.02,-90.120307,29.934021,-112,-12,40.0,1,1,D,PERIODIC,-99.0,-12.0,13.0,h7,0,0
400,2025.11.03,17.11.03,-90.120307,29.934021,-112,-12,40.0,0,0,I,PERIODIC,-99.0,-12.0,13.0,h7,0,0
401,2025.11.03,17.11.04,-90.120307,29.934021,-112,-12,40.0,0,0,I,PERIODIC,-99.0,-11.0,13.0,h7,0,0
402,2025.11.03,17.11.05,-90.120307,29.934021,-112,-12,40.0,0,0,I,PERIODIC,-99.0,-11.0,13.0,h7,0,0
403,2025.11.03,17.11.06,-90.120307,29.934021,-113,-13,35.0,107733,814,D,PERIODIC,-98.0,-13.0,14.0,h7,0,0
404,2025.11.03,17.11.07,-90.120307,29.934021,-113,-13,35.0,0,0,I,PERIODIC,-98.0,-13.0,14.0,h7,0,0
405,2025.11.03,17.11.08,-90.120307,29.934021,-113,-13,35.0,0,0,I,PERIODIC,-98.0,-12.0,14.0,h7,0,0
406,2025.11.03,17.11.09,-90.120307,29.934021,-113,-13,35.0,0,0,I,PERIODIC,-98.0,-12.0,14.0,h7,0,0
407,2025.11.03,17.11.10,-90.120307,29.934021,-114,-12,4.0,6,7,D,PERIODIC,-99.0,-13.0,13.0,h7,0,0
408,2025.11.03,17.11.11,-90.120307,29.934021,-114,-12,4.0,62422,527,D,PERIODIC,-99.0,-13.0,13.0,h7,0,0
409,2025.11.03,17.11.12,-90.120307,29.934021,-116,-12,4.0,0,0,I,PERIODIC,-99.0,-12.0,13.0,h7,0,0
410,2025.11.03,17.11.13,-90.120307,29.934021,-116,-12,4.0,0,0,I,PERIODIC,-99.0,-12.0,13.0,h7,0,0
411,2025.11.03,17.11.14,-90.120307,29.934021,-116,-12,4.0,0,0,I,PERIODIC,-99.0,-14.0,13.0,h7,0,0
412,2025.11.03,17.11.15,-90.120307,29.934021,-116,-12,4.0,0,0,I,PERIODIC,-99.0,-14.0,13.0,h7,0,0
413,2025.11.03,17.11.16,-90.120307,29.934021,-115,-12,5.0,107066,3046,D,PERIODIC,-99.0,-12.0,13.0,h7,0,0
414,2025.11.03,17.11.17,-90.120307,29.934021,-115,-12,5.0,1,1,D,PERIODIC,-99.0,-12.0,13.0,h7,0,0
415,2025.11.03,17.11.18,-90.120307,29.934021,-114,-13,40.0,0,0,I,PERIODIC,-99.0,-11.0,13.0,h7,0,0
416,2025.11.03,17.11.19,-90.120307,29.934021,-114,-13,40.0,0,0,I,PERIODIC,-99.0,-11.0,13.0,h7,0,0
417,2025.11.03,17.11.20,-90.120307,29.934021,-114,-12,4.0,0,0,I,PERIODIC,-99.0,-12.0,14.0,h7,0,0
418,2025.11.03,17.11.21,-90.120307,29.934021,-114,-12,5.0,80901,654,D,PERIODIC,-99.0,-12.0,14.0,h7,0,0
419,2025.11.03,17.11.22,-90.120307,29.934021,-114,-12,5.0,3,3,D,PERIODIC,-99.0,-12.0,12.0,h7,0,0
420,2025.11.03,17.11.23,-90.120307,29.934021,-114,-12,4.0,0,0,I,PERIODIC,-99.0,-12.0,12.0,h7,0,0
421,2025.11.03,17.11.24,-90.120307,29.934021,-115,-12,4.0,0,0,I,PERIODIC,-99.0,-11.0,12.0,h7,0,0
422,2025.11.03,17.11.25,-90.120307,29.934021,-115,-12,4.0,0,0,I,PERIODIC,-99.0,-11.0,12.0,h7,0,0
423,2025.11.03,17.11.26,-90.120307,29.934021,-115,-12,4.0,99408,1110,D,PERIODIC,-99.0,-11.0,12.0,h7,0,0
424,2025.11.03,17.11.27,-90.120307,29.934021,-115,-12,4.0,0,0,I,PERIODIC,-99.0,-11.0,12.0,h7,0,0
425,2025.11.03,17.11.28,-90.120307,29.934021,-115,-12,4.0,0,0,I,PERIODIC,-98.0,-11.0,12.0,h7,0,0
426,2025.11.03,17.11.29,-90.120307,29.934021,-115,-12,4.0,0,0,I,PERIODIC,-98.0,-11.0,12.0,h7,0,0
427,2025.11.03,17.11.30,-90.120307,29.934021,-115,-12,4.0,74,75,D,PERIODIC,-98.0,-11.0,12.0,h7,0,0
428,2025.11.03,17.11.31,-90.120307,29.934021,-115,-12,4.0,101400,781,D,PERIODIC,-98.0,-11.0,12.0,h7,0,0
429,2025.11.03,17.11.32,-90.120307,29.934021,-115,-12,4.0,1,1,D,PERIODIC,-98.0,-11.0,12.0,h7,0,0
430,2025.11.03,17.11.33,-90.120307,29.934021,-115,-12,4.0,0,0,I,PERIODIC,-98.0,-11.0,12.0,h7,0,0
431,2025.11.03,17.11.34,-90.120307,29.934021,-115,-12,4.0,0,0,I,PERIODIC,-98.0,-10.0,12.0,h7,0,0
432,2025.11.03,17.11.35,-90.120307,29.934021,-115,-12,4.0,0,0,I,PERIODIC,-98.0,-10.0,12.0,h7,0,0
433,2025.11.03,17.11.36,-90.120307,29.934021,-115,-12,4.0,65716,561,D,PERIODIC,-98.0,-11.0,12.0,h7,0,0
434,2025.11.03,17.11.37,-90.120307,29.934021,-115,-12,4.0,0,0,I,PERIODIC,-98.0,-11.0,12.0,h7,0,0
435,2025.11.03,17.11.38,-90.120307,29.934021,-113,-12,4.0,3,3,D,PERIODIC,-98.0,-11.0,13.0,h7,0,0
436,2025.11.03,17.11.39,-90.120307,29.934021,-113,-12,4.0,0,0,D,PERIODIC,-98.0,-11.0,13.0,h7,0,0
437,2025.11.03,17.11.40,-90.120307,29.934021,-114,-12,4.0,7,7,D,PERIODIC,-98.0,-11.0,14.0,h7,0,0
438,2025.11.03,17.11.41,-90.120307,29.934021,-114,-12,4.0,100017,2932,D,PERIODIC,-98.0,-11.0,14.0,h7,0,0
439,2025.11.03,17.11.42,-90.120307,29.934021,-114,-12,40.0,0,0,D,PERIODIC,-98.0,-12.0,14.0,h7,0,0
440,2025.11.03,17.11.43,-90.120307,29.934021,-114,-12,40.0,0,0,I,PERIODIC,-98.0,-12.0,14.0,h7,0,0
441,2025.11.03,17.11.44,-90.120307,29.934021,-115,-12,4.0,0,0,I,PERIODIC,-98.0,-12.0,13.0,h7,0,0
442,2025.11.03,17.11.45,-90.120307,29.934021,-115,-12,4.0,0,0,I,PERIODIC,-98.0,-12.0,13.0,h7,0,0
443,2025.11.03,17.11.46,-90.120307,29.934021,-115,-12,4.0,63837,817,D,PERIODIC,-98.0,-12.0,13.0,h7,0,0
444,2025.11.03,17.11.47,-90.120307,29.934021,-115,-12,4.0,0,0,I,PERIODIC,-98.0,-12.0,13.0,h7,0,0
445,2025.11.03,17.11.48,-90.120307,29.934021,-114,-13,35.0,6,4,D,PERIODIC,-98.0,-11.0,13.0,h7,0,0
446,2025.11.03,17.11.49,-90.120307,29.934021,-114,-13,35.0,0,0,I,PERIODIC,-98.0,-11.0,13.0,h7,0,0
447,2025.11.03,17.11.50,-90.120307,29.934021,-113,-12,5.0,0,0,I,PERIODIC,-98.0,-10.0,12.0,h7,0,0
448,2025.11.03,17.11.51,-90.120307,29.934021,-113,-12,5.0,0,0,D,PERIODIC,-98.0,-10.0,12.0,h7,0,0
449,2025.11.03,17.11.52,-90.120307,29.934021,-113,-12,5.0,73029,7,D,PERIODIC,-98.0,-11.0,12.0,h7,0,0
450,2025.11.03,17.11.53,-90.120307,29.934021,-113,-12,5.0,2,2,D,PERIODIC,-98.0,-11.0,12.0,h7,0,0
451,2025.11.03,17.11.54,-90.120307,29.934021,-115,-13,35.0,0,0,I,PERIODIC,-98.0,-12.0,13.0,h7,0,0
452,2025.11.03,17.11.55,-90.120307,29.934021,-115,-13,35.0,0,0,I,PERIODIC,-98.0,-12.0,13.0,h7,0,0
453,2025.11.03,17.11.56,-90.120307,29.934021,-114,-12,40.0,108282,2730,D,PERIODIC,-98.0,-12.0,13.0,h7,0,0
454,2025.11.03,17.11.57,-90.120307,29.934021,-114,-12,40.0,0,0,D,PERIODIC,-98.0,-12.0,13.0,h7,0,0
455,2025.11.03,17.11.58,-90.120307,29.934021,-114,-12,40.0,0,0,I,PERIODIC,-99.0,-12.0,13.0,h7,0,0
456,2025.11.03,17.11.59,-90.120307,29.934021,-114,-12,40.0,0,0,I,PERIODIC,-99.0,-12.0,13.0,h7,0,0
457,2025.11.03,17.12.00,-90.120307,29.934021,-114,-12,40.0,0,0,I,PERIODIC,-99.0,-14.0,13.0,h7,0,0
458,2025.11.03,17.12.01,-90.120307,29.934021,-114,-12,40.0,110823,797,D,PERIODIC,-99.0,-14.0,13.0,h7,0,0
459,2025.11.03,17.12.02,-90.120307,29.934021,-114,-12,40.0,0,0,D,PERIODIC,-99.0,-13.0,13.0,h7,0,0
460,2025.11.03,17.12.03,-90.120307,29.934021,-114,-12,40.0,9,8,D,PERIODIC,-99.0,-13.0,13.0,h7,0,0
461,2025.11.03,17.12.04,-90.120307,29.934021,-114,-12,4.0,0,0,D,PERIODIC,-98.0,-12.0,15.0,h7,0,0
462,2025.11.03,17.12.05,-90.120307,29.934021,-114,-12,4.0,0,0,D,PERIODIC,-98.0,-12.0,15.0,h7,0,0
463,2025.11.03,17.12.06,-90.120307,29.934021,-115,-13,40.0,92342,697,D,PERIODIC,-98.0,-12.0,14.0,h7,0,0
464,2025.11.03,17.12.07,-90.120307,29.934021,-115,-13,40.0,0,0,I,PERIODIC,-98.0,-12.0,14.0,h7,0,0
465,2025.11.03,17.12.08,-90.120307,29.934021,-113,-12,4.0,0,0,I,PERIODIC,-98.0,-11.0,15.0,h7,0,0
466,2025.11.03,17.12.09,-90.120307,29.934021,-113,-12,4.0,0,0,I,PERIODIC,-98.0,-11.0,15.0,h7,0,0
467,2025.11.03,17.12.10,-90.120307,29.934021,-113,-12,4.0,0,0,I,PERIODIC,-98.0,-12.0,15.0,h7,0,0
468,2025.11.03,17.12.11,-90.120307,29.934021,-113,-12,5.0,74037,637,D,PERIODIC,-98.0,-12.0,15.0,h7,0,0
469,2025.11.03,17.12.12,-90.120307,29.934021,-114,-12,40.0,0,0,I,PERIODIC,-98.0,-12.0,13.0,h7,0,0
470,2025.11.03,17.12.13,-90.120307,29.934021,-114,-12,40.0,0,0,I,PERIODIC,-98.0,-12.0,13.0,h7,0,0
471,2025.11.03,17.12.14,-90.120307,29.934021,-114,-13,4.0,0,0,I,PERIODIC,-98.0,-12.0,12.0,h7,0,0
472,2025.11.03,17.12.15,-90.120307,29.934021,-114,-13,5.0,0,0,D,PERIODIC,-98.0,-12.0,12.0,h7,0,0
473,2025.11.03,17.12.16,-90.120307,29.934021,-114,-12,5.0,103614,821,D,PERIODIC,-98.0,-12.0,14.0,h7,0,0
474,2025.11.03,17.12.17,-90.120307,29.934021,-114,-12,5.0,0,0,I,PERIODIC,-98.0,-12.0,14.0,h7,0,0
475,2025.11.03,17.12.18,-90.120307,29.934021,-113,-12,4.0,0,0,I,PERIODIC,-98.0,-11.0,13.0,h7,0,0
476,2025.11.03,17.12.19,-90.120307,29.934021,-113,-12,4.0,9,8,D,PERIODIC,-98.0,-11.0,13.0,h7,0,0
477,2025.11.03,17.12.20,-90.120307,29.934021,-113,-12,4.0,104883,2266,D,PERIODIC,-98.0,-11.0,13.0,h7,0,0
478,2025.11.03,17.12.21,-90.120307,29.934021,-113,-12,4.0,0,5,D,PERIODIC,-98.0,-11.0,13.0,h7,0,0
479,2025.11.03,17.12.22,-90.120307,29.934021,-113,-12,4.0,0,0,D,PERIODIC,-98.0,-11.0,13.0,h7,0,0
480,2025.11.03,17.12.23,-90.120307,29.934021,-113,-12,4.0,0,0,I,PERIODIC,-98.0,-11.0,13.0,h7,0,0
481,2025.11.03,17.12.24,-90.120307,29.934021,-113,-12,4.0,0,0,I,PERIODIC,-98.0,-12.0,13.0,h7,0,0
482,2025.11.03,17.12.25,-90.120307,29.934021,-113,-12,4.0,61774,2404,D,PERIODIC,-98.0,-12.0,13.0,h7,0,0
483,2025.11.03,17.12.26,-90.120307,29.934021,-113,-12,4.0,0,0,I,PERIODIC,-99.0,-12.0,13.0,h7,0,0
484,2025.11.03,17.12.27,-90.120307,29.934021,-113,-12,4.0,0,0,I,PERIODIC,-99.0,-12.0,13.0,h7,0,0
485,2025.11.03,17.12.28,-90.120307,29.934021,-114,-13,40.0,0,0,I,PERIODIC,-99.0,-13.0,13.0,h7,0,0
486,2025.11.03,17.12.29,-90.120307,29.934021,-114,-13,40.0,0,0,I,PERIODIC,-99.0,-13.0,13.0,h7,0,0
487,2025.11.03,17.12.30,-90.120307,29.934021,-114,-12,40.0,74568,614,D,PERIODIC,-98.0,-12.0,12.0,h7,0,0
488,2025.11.03,17.12.31,-90.120307,29.934021,-114,-12,40.0,4,4,D,PERIODIC,-98.0,-12.0,12.0,h7,0,0
489,2025.11.03,17.12.32,-90.120307,29.934021,-113,-12,4.0,0,0,I,PERIODIC,-99.0,-13.0,13.0,h7,0,0
490,2025.11.03,17.12.33,-90.120307,29.934021,-113,-12,4.0,0,0,D,PERIODIC,-99.0,-13.0,13.0,h7,0,0
491,2025.11.03,17.12.34,-90.120307,29.934021,-113,-12,4.0,4,4,D,PERIODIC,-98.0,-12.0,13.0,h7,0,0
492,2025.11.03,17.12.35,-90.120307,29.934021,-113,-12,4.0,105013,846,D,PERIODIC,-98.0,-12.0,13.0,h7,0,0
493,2025.11.03,17.12.36,-90.120307,29.934021,-113,-12,4.0,0,0,I,PERIODIC,-98.0,-12.0,13.0,h7,0,0
494,2025.11.03,17.12.37,-90.120307,29.934021,-113,-12,40.0,0,0,I,PERIODIC,-99.0,-10.0,13.0,h7,0,0
495,2025.11.03,17.12.38,-90.120307,29.934021,-113,-12,40.0,0,0,I,PERIODIC,-99.0,-13.0,13.0,h7,0,0
496,2025.11.03,17.12.39,-90.120307,29.934021,-113,-12,40.0,0,0,I,PERIODIC,-99.0,-13.0,13.0,h7,0,0
497,2025.11.03,17.12.40,-90.120307,29.934021,-113,-12,4.0,65919,538,D,PERIODIC,-99.0,-13.0,13.0,h7,0,0
498,2025.11.03,17.12.41,-90.120307,29.934021,-113,-12,4.0,0,1,D,PERIODIC,-99.0,-13.0,13.0,h7,0,0
499,2025.11.03,17.12.42,-90.120307,29.934021,-113,-12,4.0,0,0,I,PERIODIC,-99.0,-13.0,13.0,h7,0,0
500,2025.11.03,17.12.43,-90.120307,29.934021,-113,-12,4.0,0,0,I,PERIODIC,-99.0,-13.0,13.0,h7,0,0
501,2025.11.03,17.12.44,-90.120307,29.934021,-114,-12,5.0,9,11,D,PERIODIC,-98.0,-12.0,13.0,h7,0,0
502,2025.11.03,17.12.45,-90.120307,29.934021,-114,-12,5.0,106769,1606,D,PERIODIC,-98.0,-12.0,13.0,h7,0,0
503,2025.11.03,17.12.46,-90.120307,29.934021,-114,-13,40.0,1,1,D,PERIODIC,-99.0,-13.0,13.0,h7,0,0
504,2025.11.03,17.12.47,-90.120307,29.934021,-114,-13,40.0,3,3,D,PERIODIC,-99.0,-13.0,13.0,h7,0,0
505,2025.11.03,17.12.48,-90.120307,29.934021,-112,-12,4.0,5,5,D,PERIODIC,-98.0,-12.0,13.0,h7,0,0
506,2025.11.03,17.12.49,-90.120307,29.934021,-112,-12,4.0,0,0,I,PERIODIC,-98.0,-12.0,13.0,h7,0,0
507,2025.11.03,17.12.50,-90.120307,29.934021,-112,-12,4.0,97545,808,D,PERIODIC,-98.0,-12.0,13.0,h7,0,0
508,2025.11.03,17.12.51,-90.120307,29.934021,-112,-12,4.0,0,0,D,PERIODIC,-98.0,-12.0,13.0,h7,0,0
509,2025.11.03,17.12.52,-90.120307,29.934021,-115,-13,4.0,7,7,D,PERIODIC,-98.0,-11.0,14.0,h7,0,0
510,2025.11.03,17.12.53,-90.120307,29.934021,-115,-13,4.0,2,2,D,PERIODIC,-98.0,-11.0,14.0,h7,0,0
511,2025.11.03,17.12.54,-90.120307,29.934021,-115,-13,4.0,0,0,I,PERIODIC,-98.0,-11.0,14.0,h7,0,0
512,2025.11.03,17.12.55,-90.120307,29.934021,-114,-12,40.0,103177,2739,D,PERIODIC,-98.0,-12.0,14.0,h7,0,0
513,2025.11.03,17.12.56,-90.120307,29.934021,-112,-13,40.0,0,0,I,PERIODIC,-98.0,-12.0,14.0,h7,0,0
514,2025.11.03,17.12.57,-90.120307,29.934021,-112,-13,40.0,1,1,D,PERIODIC,-98.0,-12.0,14.0,h7,0,0
515,2025.11.03,17.12.58,-90.120307,29.934021,-113,-12,5.0,0,0,I,PERIODIC,-98.0,-13.0,14.0,h7,0,0
516,2025.11.03,17.12.59,-90.120307,29.934021,-113,-12,4.0,0,0,I,PERIODIC,-98.0,-13.0,14.0,h7,0,0
517,2025.11.03,17.13.00,-90.120307,29.934021,-113,-12,4.0,64435,547,D,PERIODIC,-98.0,-11.0,13.0,h7,0,0
518,2025.11.03,17.13.01,-90.120307,29.934021,-113,-12,4.0,2,2,D,PERIODIC,-98.0,-11.0,13.0,h7,0,0
519,2025.11.03,17.13.02,-90.120307,29.934021,-113,-12,4.0,0,0,D,PERIODIC,-98.0,-10.0,13.0,h7,0,0
520,2025.11.03,17.13.03,-90.120307,29.934021,-113,-12,4.0,0,0,I,PERIODIC,-98.0,-10.0,13.0,h7,0,0
521,2025.11.03,17.13.04,-90.120307,29.934021,-114,-13,40.0,0,0,I,PERIODIC,-98.0,-10.0,14.0,h7,0,0
522,2025.11.03,17.13.05,-90.120307,29.934021,-114,-13,40.0,0,0,D,PERIODIC,-98.0,-10.0,14.0,h7,0,0
523,2025.11.03,17.13.06,-90.120307,29.934021,-114,-13,40.0,72097,596,D,PERIODIC,-98.0,-10.0,14.0,h7,0,0
524,2025.11.03,17.13.07,-90.120307,29.934021,-114,-13,40.0,0,0,I,PERIODIC,-98.0,-11.0,14.0,h7,0,0
525,2025.11.03,17.13.08,-90.120307,29.934021,-113,-12,4.0,0,0,I,PERIODIC,-99.0,-12.0,12.0,h7,0,0
526,2025.11.03,17.13.09,-90.120307,29.934021,-113,-12,4.0,0,0,I,PERIODIC,-99.0,-12.0,12.0,h7,0,0
527,2025.11.03,17.13.10,-90.120307,29.934021,-113,-12,4.0,0,0,D,PERIODIC,-98.0,-11.0,12.0,h7,0,0
528,2025.11.03,17.13.11,-90.120307,29.934021,-113,-12,4.0,99095,769,D,PERIODIC,-98.0,-11.0,12.0,h7,0,0
529,2025.11.03,17.13.12,-90.120307,29.934021,-113,-12,4.0,0,0,I,PERIODIC,-98.0,-10.0,12.0,h7,0,0
530,2025.11.03,17.13.13,-90.120307,29.934021,-113,-12,4.0,0,0,I,PERIODIC,-98.0,-10.0,12.0,h7,0,0
531,2025.11.03,17.13.14,-90.120307,29.934021,-114,-12,5.0,0,0,I,PERIODIC,-98.0,-13.0,13.0,h7,0,0
532,2025.11.03,17.13.15,-90.120307,29.934021,-114,-12,5.0,69638,609,D,PERIODIC,-98.0,-13.0,13.0,h7,0,0
533,2025.11.03,17.13.16,-90.120307,29.934021,-114,-13,30.0,5,4,D,PERIODIC,-98.0,-12.0,13.0,h7,0,0
534,2025.11.03,17.13.17,-90.120307,29.934021,-114,-13,30.0,1,1,D,PERIODIC,-98.0,-12.0,13.0,h7,0,0
535,2025.11.03,17.13.18,-90.120307,29.934021,-113,-12,4.0,0,0,I,PERIODIC,-98.0,-12.0,13.0,h7,0,0
536,2025.11.03,17.13.19,-90.120307,29.934021,-113,-12,4.0,0,1,D,PERIODIC,-98.0,-12.0,13.0,h7,0,0
537,2025.11.03,17.13.20,-90.120307,29.934021,-113,-12,5.0,95133,742,D,PERIODIC,-98.0,-13.0,12.0,h7,0,0
538,2025.11.03,17.13.21,-90.120307,29.934021,-113,-12,5.0,0,0,I,PERIODIC,-98.0,-13.0,12.0,h7,0,0
539,2025.11.03,17.13.22,-90.120307,29.934021,-113,-12,5.0,6,6,D,PERIODIC,-98.0,-13.0,13.0,h7,0,0
540,2025.11.03,17.13.23,-90.120307,29.934021,-113,-12,5.0,3,3,D,PERIODIC,-98.0,-13.0,13.0,h7,0,0
541,2025.11.03,17.13.24,-90.120307,29.934021,-114,-12,5.0,0,0,I,PERIODIC,-98.0,-12.0,14.0,h7,0,0
542,2025.11.03,17.13.25,-90.120307,29.934021,-114,-12,4.0,99260,3354,D,PERIODIC,-98.0,-12.0,14.0,h7,0,0
543,2025.11.03,17.13.26,-90.120307,29.934021,-113,-12,4.0,48,24,D,PERIODIC,-98.0,-11.0,12.0,h7,0,0
544,2025.11.03,17.13.27,-90.120307,29.934021,-113,-12,4.0,0,0,I,PERIODIC,-98.0,-11.0,12.0,h7,0,0
545,2025.11.03,17.13.28,-90.120307,29.934021,-113,-12,4.0,0,0,I,PERIODIC,-98.0,-12.0,12.0,h7,0,0
546,2025.11.03,17.13.29,-90.120307,29.934021,-113,-12,4.0,0,0,I,PERIODIC,-98.0,-12.0,12.0,h7,0,0
547,2025.11.03,17.13.30,-90.120307,29.934021,-113,-12,4.0,88178,694,D,PERIODIC,-98.0,-13.0,12.0,h7,0,0
548,2025.11.03,17.13.31,-90.120307,29.934021,-113,-12,5.0,9,10,D,PERIODIC,-98.0,-13.0,12.0,h7,0,0
549,2025.11.03,17.13.32,-90.120307,29.934021,-113,-12,5.0,0,0,I,PERIODIC,-98.0,-14.0,13.0,h7,0,0
550,2025.11.03,17.13.33,-90.120307,29.934021,-113,-12,5.0,0,0,I,PERIODIC,-98.0,-14.0,13.0,h7,0,0
551,2025.11.03,17.13.34,-90.120307,29.934021,-113,-12,5.0,0,0,I,PERIODIC,-98.0,-14.0,13.0,h7,0,0
552,2025.11.03,17.13.35,-90.120307,29.934021,-113,-12,5.0,77412,666,D,PERIODIC,-98.0,-12.0,13.0,h7,0,0
553,2025.11.03,17.13.36,-90.120307,29.934021,-113,-12,5.0,0,0,I,PERIODIC,-98.0,-14.0,13.0,h7,0,0
554,2025.11.03,17.13.37,-90.120307,29.934021,-113,-12,6.0,0,0,I,PERIODIC,-98.0,-14.0,13.0,h7,0,0
555,2025.11.03,17.13.38,-90.120307,29.934021,-113,-12,6.0,0,0,I,PERIODIC,-98.0,-14.0,13.0,h7,0,0
556,2025.11.03,17.13.39,-90.120307,29.934021,-114,-12,5.0,0,0,I,PERIODIC,-98.0,-11.0,15.0,h7,0,0
557,2025.11.03,17.13.40,-90.120307,29.934021,-114,-12,4.0,102155,790,D,PERIODIC,-98.0,-11.0,15.0,h7,0,0
558,2025.11.03,17.13.41,-90.120307,29.934021,-114,-12,5.0,0,0,D,PERIODIC,-98.0,-11.0,14.0,h7,0,0
559,2025.11.03,17.13.42,-90.120307,29.934021,-114,-12,5.0,1,1,D,PERIODIC,-98.0,-11.0,14.0,h7,0,0
560,2025.11.03,17.13.43,-90.120307,29.934021,-114,-12,5.0,0,0,I,PERIODIC,-98.0,-13.0,12.0,h7,0,0
561,2025.11.03,17.13.44,-90.120307,29.934021,-114,-12,5.0,0,0,I,PERIODIC,-98.0,-13.0,12.0,h7,0,0
562,2025.11.03,17.13.45,-90.120307,29.934021,-114,-12,5.0,73175,1278,D,PERIODIC,-98.0,-13.0,12.0,h7,0,0
563,2025.11.03,17.13.46,-90.120307,29.934021,-114,-12,5.0,2,2,D,PERIODIC,-98.0,-13.0,12.0,h7,0,0
564,2025.11.03,17.13.47,-90.120307,29.934021,-114,-12,5.0,0,0,I,PERIODIC,-98.0,-14.0,12.0,h7,0,0
565,2025.11.03,17.13.48,-90.120307,29.934021,-114,-12,5.0,0,0,I,PERIODIC,-98.0,-14.0,12.0,h7,0,0
566,2025.11.03,17.13.49,-90.120307,29.934021,-114,-12,5.0,0,0,I,PERIODIC,-98.0,-14.0,12.0,h7,0,0
567,2025.11.03,17.13.50,-90.120307,29.934021,-114,-12,5.0,98284,783,D,PERIODIC,-98.0,-10.0,12.0,h7,0,0
568,2025.11.03,17.13.51,-90.120307,29.934021,-114,-12,5.0,0,0,I,PERIODIC,-98.0,-11.0,12.0,h7,0,0
569,2025.11.03,17.13.52,-90.120307,29.934021,-114,-12,5.0,7,7,D,PERIODIC,-98.0,-11.0,12.0,h7,0,0
570,2025.11.03,17.13.53,-90.120307,29.934021,-114,-12,5.0,3,3,D,PERIODIC,-98.0,-13.0,12.0,h7,0,0
571,2025.11.03,17.13.54,-90.120307,29.934021,-114,-12,6.0,9,10,D,PERIODIC,-98.0,-13.0,12.0,h7,0,0
572,2025.11.03,17.13.55,-90.120307,29.934021,-113,-12,6.0,66521,2226,D,PERIODIC,-98.0,-12.0,13.0,h7,0,0
573,2025.11.03,17.13.56,-90.120307,29.934021,-113,-12,6.0,0,0,I,PERIODIC,-98.0,-12.0,13.0,h7,0,0
574,2025.11.03,17.13.57,-90.120307,29.934021,-113,-12,5.0,0,0,I,PERIODIC,-98.0,-13.0,13.0,h7,0,0
575,2025.11.03,17.13.58,-90.120307,29.934021,-113,-12,6.0,0,0,I,PERIODIC,-98.0,-13.0,13.0,h7,0,0
576,2025.11.03,17.13.59,-90.120307,29.934021,-113,-13,40.0,0,0,I,PERIODIC,-98.0,-10.0,15.0,h7,0,0
577,2025.11.03,17.14.00,-90.120307,29.934021,-113,-13,40.0,98192,757,D,PERIODIC,-98.0,-10.0,15.0,h7,0,0
578,2025.11.03,17.14.01,-90.120307,29.934021,-113,-12,4.0,1,1,D,PERIODIC,-98.0,-11.0,14.0,h7,0,0
579,2025.11.03,17.14.02,-90.120307,29.934021,-113,-12,4.0,1,1,D,PERIODIC,-98.0,-11.0,14.0,h7,0,0
580,2025.11.03,17.14.03,-90.120307,29.934021,-113,-13,35.0,0,0,I,PERIODIC,-99.0,-13.0,14.0,h7,0,0
581,2025.11.03,17.14.04,-90.120307,29.934021,-113,-13,35.0,0,0,I,PERIODIC,-99.0,-13.0,14.0,h7,0,0
582,2025.11.03,17.14.05,-90.120307,29.934021,-113,-13,35.0,70221,586,D,PERIODIC,-98.0,-12.0,14.0,h7,0,0
583,2025.11.03,17.14.06,-90.120307,29.934021,-113,-13,35.0,0,0,I,PERIODIC,-98.0,-12.0,14.0,h7,0,0
584,2025.11.03,17.14.07,-90.120307,29.934021,-113,-12,40.0,0,0,I,PERIODIC,-98.0,-12.0,13.0,h7,0,0
585,2025.11.03,17.14.08,-90.120307,29.934021,-113,-12,40.0,0,0,I,PERIODIC,-98.0,-12.0,13.0,h7,0,0
586,2025.11.03,17.14.09,-90.120307,29.934021,-113,-12,40.0,0,0,I,PERIODIC,-98.0,-12.0,13.0,h7,0,0
587,2025.11.03,17.14.10,-90.120307,29.934021,-112,-13,30.0,94265,728,D,PERIODIC,-98.0,-14.0,14.0,h7,0,0
588,2025.11.03,17.14.11,-90.120307,29.934021,-112,-13,30.0,0,0,I,PERIODIC,-98.0,-14.0,14.0,h7,0,0
589,2025.11.03,17.14.12,-90.120307,29.934021,-112,-13,30.0,0,0,I,PERIODIC,-98.0,-14.0,14.0,h7,0,0
590,2025.11.03,17.14.13,-90.120307,29.934021,-112,-13,40.0,0,0,I,PERIODIC,-98.0,-13.0,15.0,h7,0,0
591,2025.11.03,17.14.14,-90.120307,29.934021,-112,-13,40.0,0,0,I,PERIODIC,-98.0,-13.0,15.0,h7,0,0
592,2025.11.03,17.14.15,-90.120307,29.934021,-112,-13,40.0,102477,821,D,PERIODIC,-98.0,-13.0,15.0,h7,0,0
593,2025.11.03,17.14.16,-90.120307,29.934021,-112,-13,40.0,7,8,D,PERIODIC,-98.0,-13.0,15.0,h7,0,0
594,2025.11.03,17.14.17,-90.120307,29.934021,-112,-13,40.0,0,0,D,PERIODIC,-98.0,-14.0,15.0,h7,0,0
595,2025.11.03,17.14.18,-90.120307,29.934021,-112,-13,40.0,0,0,I,PERIODIC,-98.0,-14.0,15.0,h7,0,0
596,2025.11.03,17.14.19,-90.120307,29.934021,-112,-13,40.0,0,0,I,PERIODIC,-98.0,-13.0,13.0,h7,0,0
597,2025.11.03,17.14.20,-90.120307,29.934021,-112,-13,40.0,72075,578,D,PERIODIC,-98.0,-13.0,13.0,h7,0,0
598,2025.11.03,17.14.21,-90.120307,29.934021,-112,-13,40.0,4,5,D,PERIODIC,-100.0,-12.0,14.0,h7,0,0
599,2025.11.03,17.14.22,-90.120307,29.934021,-112,-13,40.0,6,6,D,PERIODIC,-100.0,-12.0,14.0,h7,0,0
600,2025.11.03,17.14.23,-90.120307,29.934021,-112,-13,30.0,0,3,D,PERIODIC,-98.0,-12.0,11.0,h7,0,0
601,2025.11.03,17.14.24,-90.120307,29.934021,-112,-13,30.0,0,0,D,PERIODIC,-98.0,-12.0,11.0,h7,0,0
602,2025.11.03,17.14.25,-90.120307,29.934021,-112,-13,30.0,98911,3277,D,PERIODIC,-98.0,-13.0,11.0,h7,0,0
603,2025.11.03,17.14.26,-90.120307,29.934021,-112,-13,30.0,0,0,I,PERIODIC,-98.0,-13.0,11.0,h7,0,0
604,2025.11.03,17.14.27,-90.120307,29.934021,-112,-13,40.0,0,0,I,PERIODIC,-98.0,-14.0,13.0,h7,0,0
605,2025.11.03,17.14.28,-90.120307,29.934021,-112,-13,40.0,0,0,I,PERIODIC,-98.0,-14.0,13.0,h7,0,0
606,2025.11.03,17.14.29,-90.120307,29.934021,-112,-12,4.0,0,0,I,PERIODIC,-98.0,-13.0,13.0,h7,0,0
607,2025.11.03,17.14.30,-90.120307,29.934021,-112,-12,4.0,67423,579,D,PERIODIC,-98.0,-13.0,13.0,h7,0,0
608,2025.11.03,17.14.31,-90.120307,29.934021,-113,-13,40.0,7,8,D,PERIODIC,-98.0,-12.0,14.0,h7,0,0
609,2025.11.03,17.14.32,-90.120307,29.934021,-113,-13,40.0,0,0,I,PERIODIC,-98.0,-12.0,14.0,h7,0,0
610,2025.11.03,17.14.33,-90.120307,29.934021,-113,-13,40.0,0,0,I,PERIODIC,-98.0,-11.0,14.0,h7,0,0
611,2025.11.03,17.14.34,-90.120307,29.934021,-113,-13,40.0,0,0,I,PERIODIC,-98.0,-11.0,14.0,h7,0,0
612,2025.11.03,17.14.35,-90.120307,29.934021,-113,-13,40.0,104314,833,D,PERIODIC,-98.0,-12.0,14.0,h7,0,0
613,2025.11.03,17.14.36,-90.120307,29.934021,-113,-13,40.0,0,0,D,PERIODIC,-98.0,-12.0,14.0,h7,0,0
614,2025.11.03,17.14.37,-90.120307,29.934021,-113,-13,40.0,0,0,I,PERIODIC,-98.0,-12.0,14.0,h7,0,0
615,2025.11.03,17.14.38,-90.120307,29.934021,-113,-13,40.0,0,0,I,PERIODIC,-98.0,-12.0,14.0,h7,0,0
616,2025.11.03,17.14.39,-90.120307,29.934021,-113,-13,40.0,0,0,I,PERIODIC,-98.0,-12.0,14.0,h7,0,0
617,2025.11.03,17.14.40,-90.120307,29.934021,-113,-13,40.0,0,711,D,PERIODIC,-98.0,-12.0,14.0,h7,0,0
618,2025.11.03,17.14.41,-90.120307,29.934021,-113,-13,40.0,2,2,D,PERIODIC,-98.0,-12.0,14.0,h7,0,0
619,2025.11.03,17.14.42,-90.120307,29.934021,-113,-13,40.0,0,0,I,PERIODIC,-98.0,-12.0,14.0,h7,0,0
620,2025.11.03,17.14.43,-90.120307,29.934021,-113,-12,4.0,0,0,I,PERIODIC,-98.0,-13.0,15.0,h7,0,0
621,2025.11.03,17.14.44,-90.120307,29.934021,-113,-12,4.0,0,0,I,PERIODIC,-98.0,-13.0,15.0,h7,0,0
622,2025.11.03,17.14.45,-90.120307,29.934021,-114,-13,5.0,64275,1365,D,PERIODIC,-98.0,-13.0,13.0,h7,0,0
623,2025.11.03,17.14.46,-90.120307,29.934021,-114,-13,5.0,2,3,D,PERIODIC,-98.0,-13.0,13.0,h7,0,0
624,2025.11.03,17.14.47,-90.120307,29.934021,-113,-12,4.0,1,7,D,PERIODIC,-98.0,-13.0,14.0,h7,0,0
625,2025.11.03,17.14.48,-90.120307,29.934021,-113,-12,4.0,5,1,D,PERIODIC,-98.0,-13.0,14.0,h7,0,0
626,2025.11.03,17.14.49,-90.120307,29.934021,-113,-13,4.0,0,0,I,PERIODIC,-98.0,-14.0,14.0,h7,0,0
627,2025.11.03,17.14.50,-90.120307,29.934021,-113,-13,4.0,102147,831,D,PERIODIC,-98.0,-14.0,14.0,h7,0,0
628,2025.11.03,17.14.51,-90.120307,29.934021,-114,-12,5.0,0,0,I,PERIODIC,-98.0,-13.0,13.0,h7,0,0
629,2025.11.03,17.14.52,-90.120307,29.934021,-114,-12,5.0,7,7,D,PERIODIC,-98.0,-13.0,13.0,h7,0,0
630,2025.11.03,17.14.53,-90.120307,29.934021,-114,-12,5.0,2,2,D,PERIODIC,-98.0,-12.0,13.0,h7,0,0
631,2025.11.03,17.14.54,-90.120307,29.934021,-114,-12,5.0,5,5,D,PERIODIC,-98.0,-12.0,13.0,h7,0,0
632,2025.11.03,17.14.55,-90.120307,29.934021,-114,-12,5.0,99873,2500,D,PERIODIC,-98.0,-12.0,13.0,h7,0,0
633,2025.11.03,17.14.56,-90.120307,29.934021,-114,-12,3.0,0,0,I,PERIODIC,-98.0,-12.0,13.0,h7,0,0
634,2025.11.03,17.14.57,-90.120307,29.934021,-114,-12,4.0,0,0,I,PERIODIC,-98.0,-13.0,13.0,h7,0,0
635,2025.11.03,17.14.58,-90.120307,29.934021,-114,-12,2.0,0,0,I,PERIODIC,-98.0,-13.0,13.0,h7,0,0
636,2025.11.03,17.14.59,-90.120307,29.934021,-114,-13,25.0,0,0,I,PERIODIC,-98.0,-12.0,13.0,h7,0,0
637,2025.11.03,17.15.00,-90.120307,29.934021,-114,-13,25.0,79352,662,D,PERIODIC,-98.0,-12.0,13.0,h7,0,0
638,2025.11.03,17.15.01,-90.120307,29.934021,-112,-12,5.0,1,1,D,PERIODIC,-98.0,-13.0,13.0,h7,0,0
639,2025.11.03,17.15.02,-90.120307,29.934021,-112,-12,5.0,0,0,D,PERIODIC,-98.0,-13.0,13.0,h7,0,0
640,2025.11.03,17.15.03,-90.120307,29.934021,-112,-12,5.0,0,2,D,PERIODIC,-98.0,-13.0,13.0,h7,0,0
641,2025.11.03,17.15.04,-90.120307,29.934021,-112,-12,5.0,7,4,D,PERIODIC,-98.0,-13.0,13.0,h7,0,0
642,2025.11.03,17.15.06,-90.120307,29.934021,-115,-12,4.0,41038,397,D,PERIODIC,-98.0,-13.0,15.0,h7,0,0
643,2025.11.03,17.15.06,-90.120307,29.934021,-115,-12,4.0,0,0,I,PERIODIC,-98.0,-13.0,15.0,h7,0,0
644,2025.11.03,17.15.07,-90.120307,29.934021,-115,-12,4.0,0,0,I,PERIODIC,-98.0,-13.0,15.0,h7,0,0
645,2025.11.03,17.15.08,-90.120307,29.934021,-115,-12,4.0,0,0,I,PERIODIC,-98.0,-13.0,15.0,h7,0,0
646,2025.11.03,17.15.09,-90.120307,29.934021,-114,-12,40.0,0,0,I,PERIODIC,-98.0,-13.0,13.0,h7,0,0
647,2025.11.03,17.15.10,-90.120307,29.934021,-114,-12,40.0,0,0,I,PERIODIC,-98.0,-13.0,13.0,h7,0,0
648,2025.11.03,17.15.12,-90.120307,29.934021,-114,-12,40.0,0,0,I,PERIODIC,-98.0,-13.0,14.0,h7,0,0
649,2025.11.03,17.15.12,-90.120307,29.934021,-114,-12,40.0,0,0,I,PERIODIC,-98.0,-13.0,14.0,h7,0,0
650,2025.11.03,17.15.14,-90.120307,29.934021,-113,-13,4.0,0,0,I,PERIODIC,-98.0,-13.0,12.0,h7,0,0
651,2025.11.03,17.15.15,-90.120307,29.934021,-113,-13,4.0,0,0,I,PERIODIC,-98.0,-13.0,12.0,h7,0,0
652,2025.11.03,17.15.16,-90.120307,29.934021,-113,-13,4.0,0,0,I,PERIODIC,-98.0,-13.0,12.0,h7,0,0
653,2025.11.03,17.15.17,-90.120307,29.934021,-113,-12,4.0,7,8,D,PERIODIC,-98.0,-13.0,14.0,h7,0,0
654,2025.11.03,17.15.18,-90.120307,29.934021,-113,-13,4.0,0,0,I,PERIODIC,-98.0,-11.0,14.0,h7,0,0
655,2025.11.03,17.15.19,-90.120307,29.934021,-113,-13,4.0,0,0,I,PERIODIC,-98.0,-11.0,14.0,h7,0,0
656,2025.11.03,17.15.20,-90.120307,29.934021,-113,-12,4.0,0,0,I,PERIODIC,-98.0,-10.0,13.0,h7,0,0
657,2025.11.03,17.15.21,-90.120307,29.934021,-113,-12,4.0,0,0,I,PERIODIC,-98.0,-10.0,13.0,h7,0,0
658,2025.11.03,17.15.22,-90.120307,29.934021,-114,-12,5.0,0,0,I,PERIODIC,-98.0,-11.0,14.0,h7,0,0
659,2025.11.03,17.15.23,-90.120307,29.934021,-114,-12,5.0,6,6,D,PERIODIC,-98.0,-11.0,14.0,h7,0,0
660,2025.11.03,17.15.24,-90.120307,29.934021,-112,-13,35.0,3,3,D,PERIODIC,-98.0,-11.0,13.0,h7,0,0
661,2025.11.03,17.15.25,-90.120307,29.934021,-112,-13,35.0,2,2,D,PERIODIC,-98.0,-11.0,13.0,h7,0,0
662,2025.11.03,17.15.26,-90.120307,29.934021,-112,-12,4.0,0,0,D,PERIODIC,-98.0,-11.0,14.0,h7,0,0
663,2025.11.03,17.15.27,-90.120307,29.934021,-112,-12,4.0,0,0,I,PERIODIC,-98.0,-11.0,14.0,h7,0,0
664,2025.11.03,17.15.28,-90.120307,29.934021,-112,-12,4.0,0,0,I,PERIODIC,-98.0,-11.0,14.0,h7,0,0
665,2025.11.03,17.15.29,-90.120307,29.934021,-112,-12,4.0,0,0,I,PERIODIC,-99.0,-11.0,14.0,h7,0,0
666,2025.11.03,17.15.30,-90.120307,29.934021,-114,-13,40.0,0,0,I,PERIODIC,-99.0,-12.0,14.0,h7,0,0
667,2025.11.03,17.15.31,-90.120307,29.934021,-114,-13,40.0,10,10,D,PERIODIC,-99.0,-12.0,14.0,h7,0,0
668,2025.11.03,17.15.32,-90.120307,29.934021,-113,-12,40.0,4,4,D,PERIODIC,-98.0,-13.0,14.0,h7,0,0
669,2025.11.03,17.15.33,-90.120307,29.934021,-113,-12,40.0,0,0,I,PERIODIC,-98.0,-13.0,14.0,h7,0,0
670,2025.11.03,17.15.34,-90.120307,29.934021,-114,-13,35.0,0,0,I,PERIODIC,-98.0,-13.0,14.0,h7,0,0
671,2025.11.03,17.15.35,-90.120307,29.934021,-114,-13,35.0,0,0,I,PERIODIC,-98.0,-13.0,14.0,h7,0,0
672,2025.11.03,17.15.36,-90.120307,29.934021,-115,-13,40.0,0,0,I,PERIODIC,-98.0,-11.0,14.0,h7,0,0
673,2025.11.03,17.15.37,-90.120307,29.934021,-115,-13,40.0,0,0,I,PERIODIC,-98.0,-11.0,14.0,h7,0,0
674,2025.11.03,17.15.38,-90.120307,29.934021,-115,-13,40.0,0,0,I,PERIODIC,-98.0,-11.0,13.0,h7,0,0
675,2025.11.03,17.15.39,-90.120307,29.934021,-115,-13,40.0,0,0,I,PERIODIC,-98.0,-11.0,13.0,h7,0,0
676,2025.11.03,17.15.40,-90.120307,29.934021,-115,-13,35.0,0,0,I,PERIODIC,-98.0,-11.0,13.0,h7,0,0
677,2025.11.03,17.15.41,-90.120307,29.934021,-115,-13,35.0,0,0,I,PERIODIC,-98.0,-11.0,13.0,h7,0,0
678,2025.11.03,17.15.42,-90.120307,29.934021,-114,-13,40.0,4,4,D,PERIODIC,-98.0,-11.0,13.0,h7,0,0
679,2025.11.03,17.15.43,-90.120307,29.934021,-114,-13,40.0,3,3,D,PERIODIC,-98.0,-11.0,13.0,h7,0,0
680,2025.11.03,17.15.44,-90.120307,29.934021,-115,-12,5.0,0,0,D,PERIODIC,-98.0,-11.0,13.0,h7,0,0
681,2025.11.03,17.15.45,-90.120307,29.934021,-115,-12,2.0,0,1,D,PERIODIC,-98.0,-11.0,13.0,h7,0,0
682,2025.11.03,17.15.46,-90.120307,29.934021,-114,-12,5.0,0,0,I,PERIODIC,-98.0,-10.0,13.0,h7,0,0
683,2025.11.03,17.15.47,-90.120307,29.934021,-114,-12,5.0,2,2,D,PERIODIC,-98.0,-10.0,13.0,h7,0,0
684,2025.11.03,17.15.48,-90.120307,29.934021,-114,-12,5.0,0,0,I,PERIODIC,-98.0,-11.0,13.0,h7,0,0
685,2025.11.03,17.15.49,-90.120307,29.934021,-114,-12,5.0,5,6,D,PERIODIC,-98.0,-11.0,13.0,h7,0,0
686,2025.11.03,17.15.50,-90.120307,29.934021,-114,-12,5.0,2,3,D,PERIODIC,-98.0,-11.0,13.0,h7,0,0
687,2025.11.03,17.15.51,-90.120307,29.934021,-114,-12,5.0,0,0,I,PERIODIC,-98.0,-11.0,13.0,h7,0,0
688,2025.11.03,17.15.52,-90.120307,29.934021,-114,-12,5.0,0,0,D,PERIODIC,-98.0,-12.0,13.0,h7,0,0
689,2025.11.03,17.15.53,-90.120307,29.934021,-114,-12,6.0,8,8,D,PERIODIC,-98.0,-12.0,13.0,h7,0,0
690,2025.11.03,17.15.54,-90.120307,29.934021,-114,-12,6.0,5,5,D,PERIODIC,-98.0,-12.0,15.0,h7,0,0
691,2025.11.03,17.15.55,-90.120307,29.934021,-114,-12,6.0,0,0,I,PERIODIC,-98.0,-12.0,15.0,h7,0,0
692,2025.11.03,17.15.56,-90.120307,29.934021,-113,-13,35.0,0,0,I,PERIODIC,-99.0,-12.0,13.0,h7,0,0
693,2025.11.03,17.15.57,-90.120307,29.934021,-113,-13,35.0,0,0,I,PERIODIC,-99.0,-12.0,13.0,h7,0,0
694,2025.11.03,17.15.58,-90.120307,29.934021,-110,-12,5.0,0,0,I,PERIODIC,-104.0,-13.0,4.0,h7,0,0
695,2025.11.03,17.15.59,-90.120307,29.934021,-110,-12,3.0,0,0,I,PERIODIC,-104.0,-13.0,4.0,h7,0,0
696,2025.11.03,17.16.00,-90.120307,29.934021,-113,-13,30.0,0,0,I,PERIODIC,-103.0,-13.0,10.0,h7,0,0
697,2025.11.03,17.16.01,-90.120307,29.934021,-113,-13,30.0,0,0,I,PERIODIC,-103.0,-13.0,10.0,h7,0,0
698,2025.11.03,17.16.02,-90.120307,29.934021,-112,-12,35.0,0,0,D,PERIODIC,-104.0,-12.0,8.0,h7,0,0
6328,2025.11.03,17.00.08,-90.120258,29.934121,-109,-12,4.0,0,0,I,LOG START,-102.0,-12.0,8.0,h6,0,0
6329,2025.11.03,17.00.08,-90.120258,29.934121,-109,-12,5.0,0,3,D,PERIODIC,-102.0,-12.0,8.0,h6,0,0
6330,2025.11.03,17.00.09,-90.120292,29.934007,-109,-12,5.0,0,3,D,,-102.0,-12.0,8.0,h6,0,0
6331,2025.11.03,17.00.09,-90.120292,29.934007,-109,-12,5.0,0,0,D,PERIODIC,-98.0,-10.0,11.0,h6,0,0
6332,2025.11.03,17.00.10,-90.120292,29.934007,-109,-12,4.0,0,0,I,PERIODIC,-98.0,-10.0,11.0,h6,0,0
6333,2025.11.03,17.00.11,-90.120292,29.934007,-113,-13,4.0,0,0,I,PERIODIC,-98.0,-13.0,12.0,h6,0,0
6334,2025.11.03,17.00.12,-90.120292,29.934007,-113,-13,4.0,0,0,D,PERIODIC,-98.0,-13.0,12.0,h6,0,0
6335,2025.11.03,17.00.13,-90.120292,29.934007,-114,-12,4.0,0,0,I,PERIODIC,-99.0,-14.0,12.0,h6,0,0
6336,2025.11.03,17.00.14,-90.120292,29.934007,-114,-12,4.0,0,0,I,PERIODIC,-99.0,-14.0,12.0,h6,0,0
6337,2025.11.03,17.00.15,-90.120292,29.934007,-114,-12,4.0,0,0,I,PERIODIC,-98.0,-12.0,12.0,h6,0,0
6338,2025.11.03,17.00.16,-90.120292,29.934007,-114,-12,4.0,1,1,D,PERIODIC,-98.0,-12.0,12.0,h6,0,0
6339,2025.11.03,17.00.17,-90.120292,29.934007,-114,-13,40.0,0,0,D,PERIODIC,-98.0,-13.0,13.0,h6,0,0
6340,2025.11.03,17.00.18,-90.120292,29.934007,-114,-13,40.0,0,0,D,PERIODIC,-98.0,-13.0,13.0,h6,0,0
6341,2025.11.03,17.00.19,-90.120292,29.934007,-114,-13,40.0,0,0,I,PERIODIC,-98.0,-12.0,13.0,h6,0,0
6342,2025.11.03,17.00.20,-90.120292,29.934007,-114,-13,40.0,10,13,D,PERIODIC,-98.0,-12.0,13.0,h6,0,0
6343,2025.11.03,17.00.21,-90.120292,29.934007,-113,-12,35.0,0,0,I,PERIODIC,-98.0,-11.0,13.0,h6,0,0
6344,2025.11.03,17.00.22,-90.120292,29.934007,-113,-12,35.0,0,0,I,PERIODIC,-98.0,-11.0,13.0,h6,0,0
6345,2025.11.03,17.00.23,-90.120292,29.934007,-114,-13,35.0,0,0,I,PERIODIC,-99.0,-12.0,12.0,h6,0,0
6346,2025.11.03,17.00.24,-90.120292,29.934007,-114,-13,35.0,0,0,I,PERIODIC,-99.0,-12.0,12.0,h6,0,0
6347,2025.11.03,17.00.25,-90.120292,29.934007,-114,-13,35.0,27,27,D,PERIODIC,-99.0,-13.0,12.0,h6,0,0
6348,2025.11.03,17.00.26,-90.120292,29.934007,-114,-13,35.0,0,0,I,PERIODIC,-99.0,-13.0,12.0,h6,0,0
6349,2025.11.03,17.00.27,-90.120292,29.934007,-113,-12,5.0,0,0,I,PERIODIC,-99.0,-13.0,11.0,h6,0,0
6350,2025.11.03,17.00.28,-90.120292,29.934007,-113,-12,4.0,3,3,D,PERIODIC,-99.0,-13.0,11.0,h6,0,0
6351,2025.11.03,17.00.29,-90.120292,29.934007,-112,-12,5.0,2,2,D,PERIODIC,-98.0,-12.0,11.0,h6,0,0
6352,2025.11.03,17.00.30,-90.120292,29.934007,-112,-12,5.0,0,0,D,PERIODIC,-98.0,-12.0,11.0,h6,0,0
6353,2025.11.03,17.00.31,-90.120292,29.934007,-113,-12,40.0,5,7,D,PERIODIC,-99.0,-12.0,13.0,h6,0,0
6354,2025.11.03,17.00.32,-90.120292,29.934007,-113,-12,40.0,2,2,D,PERIODIC,-99.0,-12.0,13.0,h6,0,0
6355,2025.11.03,17.00.33,-90.120292,29.934007,-113,-12,40.0,0,0,I,PERIODIC,-99.0,-12.0,13.0,h6,0,0
6356,2025.11.03,17.00.34,-90.120292,29.934007,-113,-13,35.0,0,0,I,PERIODIC,-98.0,-13.0,13.0,h6,0,0
6357,2025.11.03,17.00.35,-90.120292,29.934007,-113,-12,6.0,0,0,I,PERIODIC,-98.0,-13.0,12.0,h6,0,0
6358,2025.11.03,17.00.36,-90.120292,29.934007,-113,-12,6.0,0,0,I,PERIODIC,-98.0,-13.0,12.0,h6,0,0
6359,2025.11.03,17.00.37,-90.120292,29.934007,-113,-12,6.0,0,0,I,PERIODIC,-98.0,-14.0,12.0,h6,0,0
6360,2025.11.03,17.00.38,-90.120292,29.934007,-113,-12,5.0,8,11,D,PERIODIC,-98.0,-14.0,12.0,h6,0,0
6361,2025.11.03,17.00.39,-90.120292,29.934007,-110,-12,5.0,0,0,D,PERIODIC,-99.0,-12.0,12.0,h6,0,0
6362,2025.11.03,17.00.40,-90.120292,29.934007,-110,-12,3.0,17,0,D,PERIODIC,-99.0,-12.0,12.0,h6,0,0
6363,2025.11.03,17.00.41,-90.120292,29.934007,-113,-13,35.0,27,26,D,PERIODIC,-98.0,-11.0,10.0,h6,0,0
6364,2025.11.03,17.00.42,-90.120292,29.934007,-113,-13,35.0,0,0,I,PERIODIC,-98.0,-11.0,10.0,h6,0,0
6365,2025.11.03,17.00.43,-90.120292,29.934007,-114,-13,35.0,0,0,I,PERIODIC,-97.0,-11.0,12.0,h6,0,0
6366,2025.11.03,17.00.44,-90.120292,29.934007,-114,-13,35.0,0,0,I,PERIODIC,-97.0,-11.0,12.0,h6,0,0
6367,2025.11.03,17.00.45,-90.120292,29.934007,-112,-13,25.0,121699,8965,D,PERIODIC,-97.0,-12.0,13.0,h6,0,0
6368,2025.11.03,17.00.46,-90.120292,29.934007,-112,-13,25.0,5,8,D,PERIODIC,-97.0,-12.0,13.0,h6,0,0
6369,2025.11.03,17.00.47,-90.120292,29.934007,-112,-13,25.0,0,1,D,PERIODIC,-97.0,-12.0,13.0,h6,0,0
6370,2025.11.03,17.00.48,-90.120292,29.934007,-112,-13,25.0,0,0,I,PERIODIC,-97.0,-12.0,13.0,h6,0,0
6371,2025.11.03,17.00.49,-90.120292,29.934007,-114,-13,4.0,0,0,I,PERIODIC,-98.0,-12.0,12.0,h6,0,0
6372,2025.11.03,17.00.50,-90.120292,29.934007,-114,-13,4.0,0,459,D,PERIODIC,-98.0,-12.0,12.0,h6,0,0
6373,2025.11.03,17.00.51,-90.120292,29.934007,-112,-12,40.0,0,0,D,PERIODIC,-99.0,-10.0,11.0,h6,0,0
6374,2025.11.03,17.00.52,-90.120292,29.934007,-112,-12,40.0,0,0,D,PERIODIC,-99.0,-10.0,11.0,h6,0,0
6375,2025.11.03,17.00.53,-90.120292,29.934007,-112,-12,40.0,0,0,I,PERIODIC,-99.0,-11.0,11.0,h6,0,0
6376,2025.11.03,17.00.54,-90.120292,29.934007,-112,-12,40.0,0,0,I,PERIODIC,-99.0,-11.0,11.0,h6,0,0
6377,2025.11.03,17.00.55,-90.120292,29.934007,-112,-12,5.0,109672,1575,D,PERIODIC,-99.0,-12.0,12.0,h6,0,0
6378,2025.11.03,17.00.56,-90.120292,29.934007,-112,-12,5.0,0,0,I,PERIODIC,-99.0,-12.0,12.0,h6,0,0
6379,2025.11.03,17.00.57,-90.120292,29.934007,-112,-12,5.0,0,0,I,PERIODIC,-99.0,-12.0,12.0,h6,0,0
6380,2025.11.03,17.00.58,-90.120292,29.934007,-112,-12,5.0,0,0,D,PERIODIC,-99.0,-12.0,12.0,h6,0,0
6381,2025.11.03,17.00.59,-90.120292,29.934007,-113,-13,35.0,7,7,D,PERIODIC,-98.0,-13.0,12.0,h6,0,0
6382,2025.11.03,17.01.00,-90.120292,29.934007,-113,-13,35.0,97165,2215,D,PERIODIC,-98.0,-13.0,12.0,h6,0,0
6383,2025.11.03,17.01.01,-90.120292,29.934007,-113,-13,35.0,5,5,D,PERIODIC,-99.0,-11.0,12.0,h6,0,0
6384,2025.11.03,17.01.02,-90.120292,29.934007,-113,-13,35.0,0,0,I,PERIODIC,-99.0,-11.0,12.0,h6,0,0
6385,2025.11.03,17.01.03,-90.120292,29.934007,-113,-13,35.0,0,0,I,PERIODIC,-99.0,-11.0,12.0,h6,0,0
6386,2025.11.03,17.01.04,-90.120292,29.934007,-113,-13,35.0,0,0,I,PERIODIC,-99.0,-11.0,12.0,h6,0,0
6387,2025.11.03,17.01.05,-90.120292,29.934007,-113,-13,35.0,62567,3796,D,PERIODIC,-99.0,-12.0,12.0,h6,0,0
6388,2025.11.03,17.01.06,-90.120292,29.934007,-113,-13,35.0,0,0,I,PERIODIC,-99.0,-12.0,12.0,h6,0,0
6389,2025.11.03,17.01.07,-90.120292,29.934007,-113,-13,35.0,0,0,I,PERIODIC,-98.0,-12.0,12.0,h6,0,0
6390,2025.11.03,17.01.08,-90.120292,29.934007,-113,-13,35.0,0,0,I,PERIODIC,-98.0,-12.0,12.0,h6,0,0
6391,2025.11.03,17.01.09,-90.120292,29.934007,-113,-12,40.0,0,0,I,PERIODIC,-99.0,-13.0,12.0,h6,0,0
6392,2025.11.03,17.01.10,-90.120292,29.934007,-113,-12,40.0,0,848,D,PERIODIC,-99.0,-13.0,12.0,h6,0,0
6393,2025.11.03,17.01.11,-90.120292,29.934007,-113,-13,30.0,0,0,I,PERIODIC,-99.0,-11.0,12.0,h6,0,0
6394,2025.11.03,17.01.12,-90.120292,29.934007,-113,-13,30.0,0,0,I,PERIODIC,-99.0,-11.0,12.0,h6,0,0
6395,2025.11.03,17.01.13,-90.120292,29.934007,-114,-12,5.0,0,0,I,PERIODIC,-99.0,-12.0,13.0,h6,0,0
6396,2025.11.03,17.01.14,-90.120292,29.934007,-114,-12,5.0,0,0,I,PERIODIC,-99.0,-12.0,13.0,h6,0,0
6397,2025.11.03,17.01.15,-90.120292,29.934007,-113,-13,40.0,46169,419,D,PERIODIC,-97.0,-12.0,14.0,h6,0,0
6398,2025.11.03,17.01.16,-90.120292,29.934007,-113,-13,40.0,1,1,D,PERIODIC,-97.0,-12.0,14.0,h6,0,0
6399,2025.11.03,17.01.17,-90.120292,29.934007,-112,-12,5.0,0,0,D,PERIODIC,-99.0,-12.0,13.0,h6,0,0
6400,2025.11.03,17.01.18,-90.120292,29.934007,-112,-12,3.0,1,1,D,PERIODIC,-99.0,-12.0,13.0,h6,0,0
6401,2025.11.03,17.01.19,-90.120292,29.934007,-111,-13,35.0,0,0,I,PERIODIC,-99.0,-15.0,12.0,h6,0,0
6402,2025.11.03,17.01.20,-90.120292,29.934007,-111,-13,35.0,114225,1554,D,PERIODIC,-99.0,-15.0,12.0,h6,0,0
6403,2025.11.03,17.01.21,-90.120292,29.934007,-113,-13,30.0,9,10,D,PERIODIC,-99.0,-12.0,13.0,h6,0,0
6404,2025.11.03,17.01.22,-90.120292,29.934007,-113,-13,30.0,0,0,I,PERIODIC,-99.0,-12.0,13.0,h6,0,0
6405,2025.11.03,17.01.23,-90.120292,29.934007,-111,-12,5.0,0,0,I,PERIODIC,-98.0,-10.0,14.0,h6,0,0
6406,2025.11.03,17.01.24,-90.120292,29.934007,-111,-12,3.0,0,0,I,PERIODIC,-98.0,-10.0,14.0,h6,0,0
6407,2025.11.03,17.01.25,-90.120292,29.934007,-114,-13,35.0,52663,446,D,PERIODIC,-99.0,-12.0,13.0,h6,0,0
6408,2025.11.03,17.01.26,-90.120292,29.934007,-114,-13,35.0,0,0,I,PERIODIC,-99.0,-12.0,13.0,h6,0,0
6409,2025.11.03,17.01.27,-90.120292,29.934007,-114,-13,30.0,0,0,I,PERIODIC,-99.0,-14.0,12.0,h6,0,0
6410,2025.11.03,17.01.28,-90.120292,29.934007,-114,-13,30.0,2,2,D,PERIODIC,-99.0,-14.0,12.0,h6,0,0
6411,2025.11.03,17.01.29,-90.120292,29.934007,-114,-13,35.0,1,1,D,PERIODIC,-99.0,-12.0,12.0,h6,0,0
6412,2025.11.03,17.01.30,-90.120292,29.934007,-114,-13,35.0,114306,1533,D,PERIODIC,-99.0,-12.0,12.0,h6,0,0
6413,2025.11.03,17.01.31,-90.120292,29.934007,-112,-13,35.0,0,0,D,PERIODIC,-99.0,-13.0,12.0,h6,0,0
6414,2025.11.03,17.01.32,-90.120292,29.934007,-112,-13,35.0,4,4,D,PERIODIC,-99.0,-13.0,12.0,h6,0,0
6415,2025.11.03,17.01.33,-90.120292,29.934007,-112,-13,35.0,0,0,I,PERIODIC,-98.0,-10.0,12.0,h6,0,0
6416,2025.11.03,17.01.34,-90.120292,29.934007,-112,-13,35.0,0,0,I,PERIODIC,-98.0,-10.0,12.0,h6,0,0
6417,2025.11.03,17.01.35,-90.120292,29.934007,-112,-13,35.0,43427,384,D,PERIODIC,-99.0,-11.0,12.0,h6,0,0
6418,2025.11.03,17.01.36,-90.120292,29.934007,-112,-13,35.0,0,0,I,PERIODIC,-99.0,-11.0,12.0,h6,0,0
6419,2025.11.03,17.01.37,-90.120292,29.934007,-114,-13,30.0,0,0,I,PERIODIC,-99.0,-12.0,13.0,h6,0,0
6420,2025.11.03,17.01.38,-90.120292,29.934007,-114,-13,30.0,0,0,I,PERIODIC,-99.0,-12.0,13.0,h6,0,0
6421,2025.11.03,17.01.39,-90.120292,29.934007,-114,-12,4.0,0,0,I,PERIODIC,-99.0,-10.0,13.0,h6,0,0
6422,2025.11.03,17.01.40,-90.120292,29.934007,-114,-12,4.0,113542,885,D,PERIODIC,-99.0,-10.0,13.0,h6,0,0
6423,2025.11.03,17.01.41,-90.120292,29.934007,-114,-12,4.0,0,0,D,PERIODIC,-99.0,-10.0,13.0,h6,0,0
6424,2025.11.03,17.01.42,-90.120292,29.934007,-114,-12,5.0,0,0,I,PERIODIC,-99.0,-10.0,13.0,h6,0,0
6425,2025.11.03,17.01.43,-90.120292,29.934007,-112,-12,5.0,0,0,I,PERIODIC,-98.0,-11.0,14.0,h6,0,0
6426,2025.11.03,17.01.44,-90.120292,29.934007,-112,-12,5.0,0,0,I,PERIODIC,-98.0,-11.0,14.0,h6,0,0
6427,2025.11.03,17.01.45,-90.120292,29.934007,-114,-13,35.0,57606,475,D,PERIODIC,-98.0,-11.0,14.0,h6,0,0
6428,2025.11.03,17.01.46,-90.120292,29.934007,-114,-13,35.0,0,2,D,PERIODIC,-98.0,-11.0,14.0,h6,0,0
6429,2025.11.03,17.01.47,-90.120292,29.934007,-114,-13,35.0,2,2,D,PERIODIC,-98.0,-11.0,14.0,h6,0,0
6430,2025.11.03,17.01.48,-90.120292,29.934007,-114,-12,5.0,0,0,I,PERIODIC,-98.0,-11.0,14.0,h6,0,0
6431,2025.11.03,17.01.49,-90.120292,29.934007,-114,-12,5.0,4,6,D,PERIODIC,-98.0,-10.0,14.0,h6,0,0
6432,2025.11.03,17.01.50,-90.120292,29.934007,-114,-12,5.0,95353,729,D,PERIODIC,-98.0,-10.0,14.0,h6,0,0
6433,2025.11.03,17.01.51,-90.120292,29.934007,-114,-12,5.0,1,1,D,PERIODIC,-98.0,-12.0,14.0,h6,0,0
6434,2025.11.03,17.01.52,-90.120292,29.934007,-114,-12,5.0,8,11,D,PERIODIC,-98.0,-12.0,14.0,h6,0,0
6435,2025.11.03,17.01.53,-90.120292,29.934007,-114,-12,5.0,0,0,D,PERIODIC,-98.0,-10.0,14.0,h6,0,0
6436,2025.11.03,17.01.54,-90.120292,29.934007,-114,-12,5.0,5,0,D,PERIODIC,-98.0,-10.0,14.0,h6,0,0
6437,2025.11.03,17.01.55,-90.120292,29.934007,-114,-12,5.0,115248,1424,D,PERIODIC,-99.0,-11.0,14.0,h6,0,0
6438,2025.11.03,17.01.56,-90.120292,29.934007,-114,-12,3.0,3,3,D,PERIODIC,-99.0,-11.0,14.0,h6,0,0
6439,2025.11.03,17.01.57,-90.120292,29.934007,-112,-12,4.0,3,3,D,PERIODIC,-99.0,-12.0,12.0,h6,0,0
6440,2025.11.03,17.01.58,-90.120292,29.934007,-112,-12,4.0,4,4,D,PERIODIC,-99.0,-12.0,12.0,h6,0,0
6441,2025.11.03,17.01.59,-90.120292,29.934007,-112,-12,4.0,0,0,D,PERIODIC,-99.0,-11.0,12.0,h6,0,0
6442,2025.11.03,17.02.00,-90.120292,29.934007,-112,-12,4.0,46541,4883,D,PERIODIC,-99.0,-11.0,12.0,h6,0,0
6443,2025.11.03,17.02.01,-90.120292,29.934007,-112,-12,4.0,0,0,D,PERIODIC,-99.0,-11.0,12.0,h6,0,0
6444,2025.11.03,17.02.02,-90.120292,29.934007,-112,-12,3.0,2,2,D,PERIODIC,-99.0,-11.0,12.0,h6,0,0
6445,2025.11.03,17.02.03,-90.120292,29.934007,-114,-13,35.0,0,0,I,PERIODIC,-99.0,-12.0,14.0,h6,0,0
6446,2025.11.03,17.02.04,-90.120292,29.934007,-114,-13,35.0,0,0,I,PERIODIC,-99.0,-12.0,14.0,h6,0,0
6447,2025.11.03,17.02.05,-90.120292,29.934007,-114,-13,35.0,117873,879,D,PERIODIC,-99.0,-11.0,14.0,h6,0,0
6448,2025.11.03,17.02.06,-90.120292,29.934007,-114,-13,35.0,0,0,I,PERIODIC,-99.0,-11.0,14.0,h6,0,0
6449,2025.11.03,17.02.07,-90.120292,29.934007,-112,-12,40.0,0,0,I,PERIODIC,-99.0,-13.0,12.0,h6,0,0
6450,2025.11.03,17.02.08,-90.120292,29.934007,-112,-12,40.0,0,0,I,PERIODIC,-99.0,-13.0,12.0,h6,0,0
6451,2025.11.03,17.02.09,-90.120292,29.934007,-113,-13,25.0,0,0,I,PERIODIC,-99.0,-13.0,13.0,h6,0,0
6452,2025.11.03,17.02.10,-90.120292,29.934007,-113,-13,25.0,62006,510,D,PERIODIC,-99.0,-13.0,13.0,h6,0,0
6453,2025.11.03,17.02.11,-90.120292,29.934007,-113,-13,40.0,0,0,D,PERIODIC,-100.0,-11.0,14.0,h6,0,0
6454,2025.11.03,17.02.12,-90.120292,29.934007,-113,-13,40.0,0,0,I,PERIODIC,-100.0,-11.0,14.0,h6,0,0
6455,2025.11.03,17.02.13,-90.120292,29.934007,-112,-13,40.0,0,0,I,PERIODIC,-98.0,-11.0,14.0,h6,0,0
6456,2025.11.03,17.02.14,-90.120292,29.934007,-112,-13,40.0,0,0,I,PERIODIC,-98.0,-11.0,14.0,h6,0,0
6457,2025.11.03,17.02.15,-90.120292,29.934007,-111,-13,30.0,0,791,D,PERIODIC,-99.0,-12.0,14.0,h6,0,0
6458,2025.11.03,17.02.16,-90.120292,29.934007,-111,-13,30.0,13,15,D,PERIODIC,-99.0,-12.0,14.0,h6,0,0
6459,2025.11.03,17.02.17,-90.120292,29.934007,-113,-13,30.0,3,3,D,PERIODIC,-98.0,-12.0,14.0,h6,0,0
6460,2025.11.03,17.02.18,-90.120292,29.934007,-113,-13,30.0,0,0,I,PERIODIC,-98.0,-12.0,14.0,h6,0,0
6461,2025.11.03,17.02.19,-90.120292,29.934007,-113,-13,30.0,0,0,I,PERIODIC,-99.0,-12.0,14.0,h6,0,0
6462,2025.11.03,17.02.20,-90.120292,29.934007,-113,-13,30.0,50283,2301,D,PERIODIC,-99.0,-12.0,14.0,h6,0,0
6463,2025.11.03,17.02.21,-90.120292,29.934007,-113,-13,30.0,0,0,I,PERIODIC,-99.0,-12.0,14.0,h6,0,0
6464,2025.11.03,17.02.22,-90.120292,29.934007,-113,-13,30.0,1,1,D,PERIODIC,-99.0,-12.0,14.0,h6,0,0
6465,2025.11.03,17.02.23,-90.120292,29.934007,-112,-12,7.0,0,0,I,PERIODIC,-98.0,-11.0,13.0,h6,0,0
6466,2025.11.03,17.02.24,-90.120292,29.934007,-112,-12,7.0,0,0,I,PERIODIC,-98.0,-11.0,13.0,h6,0,0
6467,2025.11.03,17.02.25,-90.120292,29.934007,-112,-12,4.0,116337,909,D,PERIODIC,-99.0,-11.0,14.0,h6,0,0
6468,2025.11.03,17.02.26,-90.120292,29.934007,-112,-12,4.0,0,0,I,PERIODIC,-99.0,-11.0,14.0,h6,0,0
6469,2025.11.03,17.02.27,-90.120292,29.934007,-112,-13,40.0,0,0,I,PERIODIC,-99.0,-13.0,13.0,h6,0,0
6470,2025.11.03,17.02.28,-90.120292,29.934007,-112,-13,40.0,7,9,D,PERIODIC,-99.0,-13.0,13.0,h6,0,0
6471,2025.11.03,17.02.29,-90.120292,29.934007,-112,-13,40.0,0,0,D,PERIODIC,-98.0,-12.0,13.0,h6,0,0
6472,2025.11.03,17.02.30,-90.120292,29.934007,-112,-13,40.0,2,0,D,PERIODIC,-98.0,-12.0,13.0,h6,0,0
6473,2025.11.03,17.02.31,-90.120292,29.934007,-112,-13,40.0,113847,0,D,PERIODIC,-98.0,-12.0,13.0,h6,0,0
6474,2025.11.03,17.02.32,-90.120292,29.934007,-112,-13,40.0,2,0,D,PERIODIC,-98.0,-12.0,13.0,h6,0,0
6475,2025.11.03,17.02.33,-90.120292,29.934007,-112,-13,40.0,2,2,D,PERIODIC,-99.0,-11.0,13.0,h6,0,0
6476,2025.11.03,17.02.34,-90.120292,29.934007,-112,-13,40.0,0,0,I,PERIODIC,-99.0,-11.0,13.0,h6,0,0
6477,2025.11.03,17.02.35,-90.120292,29.934007,-112,-13,40.0,55996,470,D,PERIODIC,-99.0,-12.0,13.0,h6,0,0
6478,2025.11.03,17.02.36,-90.120292,29.934007,-112,-13,40.0,0,0,I,PERIODIC,-99.0,-12.0,13.0,h6,0,0
6479,2025.11.03,17.02.37,-90.120292,29.934007,-113,-12,40.0,0,0,I,PERIODIC,-99.0,-12.0,12.0,h6,0,0
6480,2025.11.03,17.02.38,-90.120292,29.934007,-113,-12,40.0,0,0,I,PERIODIC,-99.0,-12.0,12.0,h6,0,0
6481,2025.11.03,17.02.39,-90.120292,29.934007,-113,-13,35.0,0,0,I,PERIODIC,-98.0,-12.0,12.0,h6,0,0
6482,2025.11.03,17.02.40,-90.120292,29.934007,-113,-13,35.0,94396,748,D,PERIODIC,-98.0,-12.0,12.0,h6,0,0
6483,2025.11.03,17.02.41,-90.120292,29.934007,-113,-12,40.0,0,0,D,PERIODIC,-99.0,-12.0,11.0,h6,0,0
6484,2025.11.03,17.02.42,-90.120292,29.934007,-113,-12,40.0,0,0,I,PERIODIC,-99.0,-12.0,11.0,h6,0,0
6485,2025.11.03,17.02.43,-90.120292,29.934007,-113,-13,35.0,0,0,I,PERIODIC,-99.0,-11.0,11.0,h6,0,0
6486,2025.11.03,17.02.44,-90.120292,29.934007,-113,-13,35.0,0,0,I,PERIODIC,-99.0,-11.0,11.0,h6,0,0
6487,2025.11.03,17.02.45,-90.120292,29.934007,-113,-13,35.0,112507,855,D,PERIODIC,-99.0,-11.0,13.0,h6,0,0
6488,2025.11.03,17.02.46,-90.120292,29.934007,-113,-13,35.0,10,11,D,PERIODIC,-99.0,-11.0,13.0,h6,0,0
6489,2025.11.03,17.02.47,-90.120292,29.934007,-112,-12,4.0,0,0,D,PERIODIC,-99.0,-11.0,13.0,h6,0,0
6490,2025.11.03,17.02.48,-90.120292,29.934007,-112,-12,4.0,0,0,I,PERIODIC,-99.0,-11.0,13.0,h6,0,0
6491,2025.11.03,17.02.49,-90.120292,29.934007,-113,-13,40.0,0,0,I,PERIODIC,-99.0,-11.0,12.0,h6,0,0
6492,2025.11.03,17.02.50,-90.120292,29.934007,-113,-13,40.0,116507,1706,D,PERIODIC,-99.0,-11.0,12.0,h6,0,0
6493,2025.11.03,17.02.51,-90.120292,29.934007,-113,-13,20.0,0,0,I,PERIODIC,-99.0,-12.0,11.0,h6,0,0
6494,2025.11.03,17.02.52,-90.120292,29.934007,-113,-13,20.0,5,5,D,PERIODIC,-99.0,-12.0,11.0,h6,0,0
6495,2025.11.03,17.02.53,-90.120292,29.934007,-113,-12,40.0,0,0,I,PERIODIC,-98.0,-13.0,13.0,h6,0,0
6496,2025.11.03,17.02.54,-90.120292,29.934007,-113,-12,40.0,0,0,I,PERIODIC,-98.0,-13.0,13.0,h6,0,0
6497,2025.11.03,17.02.55,-90.120292,29.934007,-113,-12,40.0,108733,1281,D,PERIODIC,-98.0,-12.0,13.0,h6,0,0
6498,2025.11.03,17.02.56,-90.120292,29.934007,-113,-12,40.0,6,6,D,PERIODIC,-98.0,-12.0,13.0,h6,0,0
6499,2025.11.03,17.02.57,-90.120292,29.934007,-112,-12,40.0,0,0,D,PERIODIC,-98.0,-11.0,13.0,h6,0,0
6500,2025.11.03,17.02.58,-90.120292,29.934007,-112,-12,40.0,2,6,D,PERIODIC,-98.0,-11.0,13.0,h6,0,0
6501,2025.11.03,17.02.59,-90.120292,29.934007,-112,-12,35.0,13,10,D,PERIODIC,-98.0,-12.0,14.0,h6,0,0
6502,2025.11.03,17.03.00,-90.120292,29.934007,-112,-12,35.0,56153,1886,D,PERIODIC,-98.0,-12.0,14.0,h6,0,0
6503,2025.11.03,17.03.01,-90.120292,29.934007,-112,-12,35.0,6,6,D,PERIODIC,-98.0,-11.0,14.0,h6,0,0
6504,2025.11.03,17.03.02,-90.120292,29.934007,-112,-12,35.0,1,1,D,PERIODIC,-98.0,-11.0,14.0,h6,0,0
6505,2025.11.03,17.03.03,-90.120292,29.934007,-115,-13,4.0,0,0,I,PERIODIC,-98.0,-10.0,13.0,h6,0,0
6506,2025.11.03,17.03.04,-90.120292,29.934007,-115,-13,4.0,0,0,I,PERIODIC,-98.0,-10.0,13.0,h6,0,0
6507,2025.11.03,17.03.05,-90.120292,29.934007,-115,-13,4.0,0,0,D,PERIODIC,-99.0,-12.0,13.0,h6,0,0
6508,2025.11.03,17.03.06,-90.120292,29.934007,-115,-13,4.0,112088,2323,D,PERIODIC,-99.0,-12.0,13.0,h6,0,0
6509,2025.11.03,17.03.07,-90.120292,29.934007,-115,-12,40.0,0,0,I,PERIODIC,-99.0,-11.0,13.0,h6,0,0
6510,2025.11.03,17.03.08,-90.120292,29.934007,-115,-12,40.0,0,0,I,PERIODIC,-99.0,-11.0,13.0,h6,0,0
6511,2025.11.03,17.03.09,-90.120292,29.934007,-115,-12,40.0,0,0,I,PERIODIC,-99.0,-12.0,13.0,h6,0,0
6512,2025.11.03,17.03.10,-90.120292,29.934007,-115,-12,40.0,59607,476,D,PERIODIC,-99.0,-12.0,13.0,h6,0,0
6513,2025.11.03,17.03.11,-90.120292,29.934007,-113,-13,30.0,0,0,I,PERIODIC,-99.0,-12.0,14.0,h6,0,0
6514,2025.11.03,17.03.12,-90.120292,29.934007,-113,-13,30.0,0,0,I,PERIODIC,-99.0,-12.0,14.0,h6,0,0
6515,2025.11.03,17.03.13,-90.120292,29.934007,-114,-12,4.0,0,0,I,PERIODIC,-99.0,-11.0,12.0,h6,0,0
6516,2025.11.03,17.03.14,-90.120292,29.934007,-114,-12,3.0,0,0,I,PERIODIC,-99.0,-11.0,12.0,h6,0,0
6517,2025.11.03,17.03.15,-90.120292,29.934007,-114,-12,40.0,101819,772,D,PERIODIC,-99.0,-11.0,13.0,h6,0,0
6518,2025.11.03,17.03.16,-90.120292,29.934007,-114,-12,40.0,0,0,D,PERIODIC,-99.0,-11.0,13.0,h6,0,0
6519,2025.11.03,17.03.17,-90.120292,29.934007,-115,-13,30.0,7,5,D,PERIODIC,-99.0,-11.0,14.0,h6,0,0
6520,2025.11.03,17.03.18,-90.120292,29.934007,-115,-13,30.0,0,0,I,PERIODIC,-99.0,-11.0,14.0,h6,0,0
6521,2025.11.03,17.03.19,-90.120292,29.934007,-114,-12,5.0,0,0,I,PERIODIC,-98.0,-12.0,14.0,h6,0,0
6522,2025.11.03,17.03.20,-90.120292,29.934007,-114,-12,5.0,65370,557,D,PERIODIC,-98.0,-12.0,14.0,h6,0,0
6523,2025.11.03,17.03.21,-90.120292,29.934007,-114,-12,5.0,0,0,I,PERIODIC,-98.0,-10.0,14.0,h6,0,0
6524,2025.11.03,17.03.22,-90.120292,29.934007,-114,-12,5.0,0,0,I,PERIODIC,-98.0,-10.0,14.0,h6,0,0
6525,2025.11.03,17.03.23,-90.120292,29.934007,-114,-12,5.0,0,0,I,PERIODIC,-98.0,-12.0,14.0,h6,0,0
6526,2025.11.03,17.03.24,-90.120292,29.934007,-114,-12,2.0,0,0,I,PERIODIC,-98.0,-12.0,14.0,h6,0,0
6527,2025.11.03,17.03.25,-90.120292,29.934007,-111,-13,25.0,108142,840,D,PERIODIC,-98.0,-13.0,13.0,h6,0,0
6528,2025.11.03,17.03.26,-90.120292,29.934007,-111,-13,25.0,0,0,I,PERIODIC,-98.0,-13.0,13.0,h6,0,0
6529,2025.11.03,17.03.27,-90.120292,29.934007,-113,-12,4.0,0,0,I,PERIODIC,-98.0,-11.0,12.0,h6,0,0
6530,2025.11.03,17.03.28,-90.120292,29.934007,-113,-12,4.0,7,9,D,PERIODIC,-98.0,-11.0,12.0,h6,0,0
6531,2025.11.03,17.03.29,-90.120292,29.934007,-113,-12,4.0,2,2,D,PERIODIC,-98.0,-12.0,12.0,h6,0,0
6532,2025.11.03,17.03.30,-90.120292,29.934007,-113,-12,4.0,56107,1489,D,PERIODIC,-98.0,-12.0,12.0,h6,0,0
6533,2025.11.03,17.03.32,-90.120292,29.934007,-111,-13,4.0,4,4,D,PERIODIC,-98.0,-12.0,12.0,h6,0,0
6534,2025.11.03,17.03.33,-90.120292,29.934007,-111,-13,5.0,0,0,I,PERIODIC,-98.0,-12.0,12.0,h6,0,0
6535,2025.11.03,17.03.34,-90.120292,29.934007,-113,-12,5.0,3,2,D,PERIODIC,-98.0,-12.0,13.0,h6,0,0
6536,2025.11.03,17.03.34,-90.120292,29.934007,-113,-12,3.0,47,26,D,PERIODIC,-98.0,-12.0,13.0,h6,0,0
6537,2025.11.03,17.03.36,-90.120292,29.934007,-112,-12,40.0,112940,941,D,PERIODIC,-98.0,-11.0,14.0,h6,0,0
6538,2025.11.03,17.03.36,-90.120292,29.934007,-112,-12,40.0,0,0,D,PERIODIC,-98.0,-11.0,14.0,h6,0,0
6539,2025.11.03,17.03.38,-90.120292,29.934007,-112,-13,4.0,0,0,I,PERIODIC,-98.0,-11.0,14.0,h6,0,0
6540,2025.11.03,17.03.39,-90.120292,29.934007,-112,-13,4.0,0,0,I,PERIODIC,-98.0,-11.0,14.0,h6,0,0
6541,2025.11.03,17.03.40,-90.120292,29.934007,-113,-12,40.0,0,0,I,PERIODIC,-98.0,-11.0,13.0,h6,0,0
6542,2025.11.03,17.03.41,-90.120292,29.934007,-113,-12,40.0,0,0,D,PERIODIC,-98.0,-11.0,13.0,h6,0,0
6543,2025.11.03,17.03.42,-90.120292,29.934007,-112,-13,35.0,55988,0,D,PERIODIC,-98.0,-14.0,14.0,h6,0,0
6544,2025.11.03,17.03.43,-90.120292,29.934007,-112,-13,35.0,0,0,I,PERIODIC,-98.0,-14.0,14.0,h6,0,0
6545,2025.11.03,17.03.44,-90.120292,29.934007,-113,-12,4.0,0,0,I,PERIODIC,-98.0,-12.0,13.0,h6,0,0
6546,2025.11.03,17.03.45,-90.120292,29.934007,-113,-12,4.0,0,0,I,PERIODIC,-98.0,-12.0,13.0,h6,0,0
6547,2025.11.03,17.03.46,-90.120292,29.934007,-113,-12,4.0,0,0,D,PERIODIC,-98.0,-13.0,13.0,h6,0,0
6548,2025.11.03,17.03.47,-90.120292,29.934007,-113,-12,4.0,114565,877,D,PERIODIC,-98.0,-13.0,13.0,h6,0,0
6549,2025.11.03,17.03.48,-90.120292,29.934007,-111,-12,5.0,0,0,I,PERIODIC,-98.0,-10.0,14.0,h6,0,0
6550,2025.11.03,17.03.49,-90.120292,29.934007,-111,-12,5.0,0,0,I,PERIODIC,-98.0,-10.0,14.0,h6,0,0
6551,2025.11.03,17.03.50,-90.120292,29.934007,-111,-12,5.0,7,7,D,PERIODIC,-98.0,-12.0,14.0,h6,0,0
6552,2025.11.03,17.03.51,-90.120292,29.934007,-111,-12,3.0,0,0,I,PERIODIC,-98.0,-12.0,14.0,h6,0,0
6553,2025.11.03,17.03.52,-90.120292,29.934007,-112,-12,4.0,96102,764,D,PERIODIC,-98.0,-12.0,12.0,h6,0,0
6554,2025.11.03,17.03.53,-90.120292,29.934007,-112,-12,4.0,5,5,D,PERIODIC,-98.0,-12.0,12.0,h6,0,0
6555,2025.11.03,17.03.54,-90.120292,29.934007,-114,-13,40.0,3,4,D,PERIODIC,-99.0,-13.0,12.0,h6,0,0
6556,2025.11.03,17.03.55,-90.120292,29.934007,-114,-13,40.0,0,0,I,PERIODIC,-99.0,-13.0,12.0,h6,0,0
6557,2025.11.03,17.03.56,-90.120292,29.934007,-113,-12,40.0,93989,1234,D,PERIODIC,-99.0,-11.0,12.0,h6,0,0
6558,2025.11.03,17.03.57,-90.120292,29.934007,-113,-12,40.0,0,0,I,PERIODIC,-99.0,-11.0,12.0,h6,0,0
6559,2025.11.03,17.03.58,-90.120292,29.934007,-114,-13,35.0,3,3,D,PERIODIC,-99.0,-12.0,13.0,h6,0,0
6560,2025.11.03,17.03.59,-90.120292,29.934007,-114,-13,35.0,3,3,D,PERIODIC,-99.0,-12.0,13.0,h6,0,0
6561,2025.11.03,17.04.00,-90.120292,29.934007,-114,-13,35.0,0,0,D,PERIODIC,-99.0,-13.0,13.0,h6,0,0
6562,2025.11.03,17.04.01,-90.120292,29.934007,-114,-13,35.0,56291,3812,D,PERIODIC,-99.0,-13.0,13.0,h6,0,0
6563,2025.11.03,17.04.02,-90.120292,29.934007,-112,-12,4.0,2,2,D,PERIODIC,-99.0,-13.0,12.0,h6,0,0
6564,2025.11.03,17.04.03,-90.120292,29.934007,-112,-12,4.0,0,0,D,PERIODIC,-99.0,-13.0,12.0,h6,0,0
6565,2025.11.03,17.04.04,-90.120292,29.934007,-112,-12,4.0,0,0,I,PERIODIC,-99.0,-13.0,12.0,h6,0,0
6566,2025.11.03,17.04.05,-90.120292,29.934007,-112,-12,4.0,0,0,I,PERIODIC,-99.0,-13.0,12.0,h6,0,0
6567,2025.11.03,17.04.06,-90.120292,29.934007,-114,-13,4.0,0,881,D,PERIODIC,-99.0,-13.0,13.0,h6,0,0
6568,2025.11.03,17.04.07,-90.120292,29.934007,-114,-13,4.0,0,0,D,PERIODIC,-99.0,-13.0,13.0,h6,0,0
6569,2025.11.03,17.04.08,-90.120292,29.934007,-111,-13,35.0,0,0,I,PERIODIC,-99.0,-11.0,12.0,h6,0,0
6570,2025.11.03,17.04.09,-90.120292,29.934007,-111,-13,35.0,121,65,D,PERIODIC,-99.0,-11.0,12.0,h6,0,0
6571,2025.11.03,17.04.10,-90.120292,29.934007,-111,-12,5.0,0,0,I,PERIODIC,-98.0,-12.0,13.0,h6,0,0
6572,2025.11.03,17.04.11,-90.120292,29.934007,-111,-12,5.0,63883,480,D,PERIODIC,-98.0,-12.0,13.0,h6,0,0
6573,2025.11.03,17.04.12,-90.120292,29.934007,-112,-13,30.0,0,0,I,PERIODIC,-98.0,-13.0,13.0,h6,0,0
6574,2025.11.03,17.04.13,-90.120292,29.934007,-112,-13,30.0,0,0,I,PERIODIC,-98.0,-13.0,13.0,h6,0,0
6575,2025.11.03,17.04.14,-90.120292,29.934007,-112,-13,30.0,0,0,I,PERIODIC,-98.0,-13.0,13.0,h6,0,0
6576,2025.11.03,17.04.15,-90.120292,29.934007,-112,-13,30.0,0,0,D,PERIODIC,-98.0,-13.0,13.0,h6,0,0
6577,2025.11.03,17.04.16,-90.120292,29.934007,-112,-13,30.0,124342,846,D,PERIODIC,-98.0,-11.0,13.0,h6,0,0
6578,2025.11.03,17.04.17,-90.120292,29.934007,-112,-13,30.0,2,2,D,PERIODIC,-98.0,-11.0,13.0,h6,0,0
6579,2025.11.03,17.04.18,-90.120292,29.934007,-112,-13,40.0,0,0,I,PERIODIC,-98.0,-11.0,13.0,h6,0,0
6580,2025.11.03,17.04.19,-90.120292,29.934007,-112,-13,40.0,0,0,I,PERIODIC,-98.0,-11.0,13.0,h6,0,0
6581,2025.11.03,17.04.20,-90.120292,29.934007,-112,-13,40.0,0,0,I,PERIODIC,-98.0,-13.0,13.0,h6,0,0
6582,2025.11.03,17.04.21,-90.120292,29.934007,-112,-13,40.0,55988,464,D,PERIODIC,-98.0,-13.0,13.0,h6,0,0
6583,2025.11.03,17.04.22,-90.120292,29.934007,-111,-12,4.0,0,0,I,PERIODIC,-98.0,-11.0,13.0,h6,0,0
6584,2025.11.03,17.04.23,-90.120292,29.934007,-111,-12,5.0,0,0,I,PERIODIC,-98.0,-11.0,13.0,h6,0,0
6585,2025.11.03,17.04.24,-90.120292,29.934007,-112,-12,5.0,0,0,I,PERIODIC,-98.0,-12.0,13.0,h6,0,0
6586,2025.11.03,17.04.25,-90.120292,29.934007,-112,-12,4.0,0,0,I,PERIODIC,-98.0,-12.0,13.0,h6,0,0
6587,2025.11.03,17.04.26,-90.120292,29.934007,-111,-13,40.0,0,0,D,PERIODIC,-98.0,-10.0,13.0,h6,0,0
6588,2025.11.03,17.04.27,-90.120292,29.934007,-111,-13,40.0,115149,900,D,PERIODIC,-98.0,-10.0,13.0,h6,0,0
6589,2025.11.03,17.04.28,-90.120292,29.934007,-112,-12,35.0,0,0,I,PERIODIC,-98.0,-11.0,13.0,h6,0,0
6590,2025.11.03,17.04.29,-90.120292,29.934007,-112,-12,35.0,6,4,D,PERIODIC,-98.0,-11.0,13.0,h6,0,0
6591,2025.11.03,17.04.30,-90.120292,29.934007,-112,-12,40.0,0,2,D,PERIODIC,-98.0,-11.0,14.0,h6,0,0
6592,2025.11.03,17.04.31,-90.120292,29.934007,-112,-12,40.0,56109,1494,D,PERIODIC,-98.0,-11.0,14.0,h6,0,0
6593,2025.11.03,17.04.32,-90.120292,29.934007,-112,-12,5.0,0,5,D,PERIODIC,-99.0,-13.0,11.0,h6,0,0
6594,2025.11.03,17.04.33,-90.120292,29.934007,-112,-12,5.0,0,0,D,PERIODIC,-99.0,-13.0,11.0,h6,0,0
6595,2025.11.03,17.04.34,-90.120292,29.934007,-112,-12,5.0,0,0,I,PERIODIC,-98.0,-10.0,11.0,h6,0,0
6596,2025.11.03,17.04.35,-90.120292,29.934007,-112,-12,5.0,0,0,I,PERIODIC,-98.0,-10.0,11.0,h6,0,0
6597,2025.11.03,17.04.36,-90.120292,29.934007,-112,-12,5.0,115129,877,D,PERIODIC,-98.0,-11.0,11.0,h6,0,0
6598,2025.11.03,17.04.37,-90.120292,29.934007,-112,-12,5.0,0,0,I,PERIODIC,-98.0,-11.0,11.0,h6,0,0
6599,2025.11.03,17.04.38,-90.120292,29.934007,-112,-12,5.0,0,0,I,PERIODIC,-99.0,-12.0,11.0,h6,0,0
6600,2025.11.03,17.04.39,-90.120292,29.934007,-112,-12,5.0,0,0,I,PERIODIC,-99.0,-12.0,11.0,h6,0,0
6601,2025.11.03,17.04.40,-90.120292,29.934007,-112,-12,5.0,0,0,I,PERIODIC,-98.0,-11.0,11.0,h6,0,0
6602,2025.11.03,17.04.41,-90.120292,29.934007,-112,-12,5.0,112711,825,D,PERIODIC,-98.0,-11.0,11.0,h6,0,0
6603,2025.11.03,17.04.42,-90.120292,29.934007,-112,-12,5.0,0,0,D,PERIODIC,-98.0,-13.0,11.0,h6,0,0
6604,2025.11.03,17.04.43,-90.120292,29.934007,-112,-12,5.0,0,0,I,PERIODIC,-98.0,-13.0,11.0,h6,0,0
6605,2025.11.03,17.04.44,-90.120292,29.934007,-112,-12,5.0,0,0,I,PERIODIC,-98.0,-12.0,11.0,h6,0,0
6606,2025.11.03,17.04.45,-90.120292,29.934007,-112,-12,5.0,0,0,I,PERIODIC,-98.0,-12.0,11.0,h6,0,0
6607,2025.11.03,17.04.46,-90.120292,29.934007,-114,-12,40.0,59617,546,D,PERIODIC,-98.0,-11.0,13.0,h6,0,0
6608,2025.11.03,17.04.47,-90.120292,29.934007,-114,-12,40.0,5,7,D,PERIODIC,-98.0,-11.0,13.0,h6,0,0
6609,2025.11.03,17.04.48,-90.120292,29.934007,-114,-12,40.0,834,225,D,PERIODIC,-98.0,-11.0,13.0,h6,0,0
6610,2025.11.03,17.04.49,-90.120292,29.934007,-114,-12,40.0,103,109,D,PERIODIC,-98.0,-11.0,13.0,h6,0,0
6611,2025.11.03,17.04.50,-90.120292,29.934007,-112,-12,4.0,0,0,I,PERIODIC,-98.0,-11.0,13.0,h6,0,0
6612,2025.11.03,17.04.51,-90.120292,29.934007,-112,-12,3.0,171054,1232,D,PERIODIC,-98.0,-11.0,13.0,h6,0,0
6613,2025.11.03,17.04.52,-90.120292,29.934007,-112,-12,4.0,1,1,D,PERIODIC,-98.0,-12.0,14.0,h6,0,0
6614,2025.11.03,17.04.53,-90.120292,29.934007,-112,-12,4.0,6,6,D,PERIODIC,-98.0,-12.0,14.0,h6,0,0
6615,2025.11.03,17.04.54,-90.120292,29.934007,-112,-12,4.0,0,1,D,PERIODIC,-98.0,-12.0,13.0,h6,0,0
6616,2025.11.03,17.04.55,-90.120292,29.934007,-112,-12,4.0,0,0,I,PERIODIC,-98.0,-12.0,13.0,h6,0,0
6617,2025.11.03,17.04.56,-90.120292,29.934007,-112,-12,4.0,113127,1286,D,PERIODIC,-98.0,-12.0,13.0,h6,0,0
6618,2025.11.03,17.04.57,-90.120292,29.934007,-112,-12,4.0,0,0,I,PERIODIC,-98.0,-12.0,13.0,h6,0,0
6619,2025.11.03,17.04.58,-90.120292,29.934007,-113,-12,4.0,0,0,I,PERIODIC,-98.0,-13.0,12.0,h6,0,0
6620,2025.11.03,17.04.59,-90.120292,29.934007,-113,-12,5.0,1,1,D,PERIODIC,-98.0,-13.0,12.0,h6,0,0
6621,2025.11.03,17.05.00,-90.120292,29.934007,-113,-13,40.0,3,3,D,PERIODIC,-98.0,-12.0,14.0,h6,0,0
6622,2025.11.03,17.05.01,-90.120292,29.934007,-113,-13,40.0,116348,1834,D,PERIODIC,-98.0,-12.0,14.0,h6,0,0
6623,2025.11.03,17.05.02,-90.120292,29.934007,-113,-13,5.0,2,2,D,PERIODIC,-98.0,-11.0,12.0,h6,0,0
6624,2025.11.03,17.05.03,-90.120292,29.934007,-113,-13,5.0,0,0,I,PERIODIC,-98.0,-11.0,12.0,h6,0,0
6625,2025.11.03,17.05.04,-90.120292,29.934007,-113,-12,5.0,0,0,I,PERIODIC,-99.0,-12.0,13.0,h6,0,0
6626,2025.11.03,17.05.05,-90.120292,29.934007,-113,-12,5.0,0,0,I,PERIODIC,-99.0,-12.0,13.0,h6,0,0
6627,2025.11.03,17.05.06,-90.120292,29.934007,-113,-12,5.0,93573,3107,D,PERIODIC,-99.0,-12.0,13.0,h6,0,0
6628,2025.11.03,17.05.07,-90.120292,29.934007,-113,-12,4.0,0,0,D,PERIODIC,-99.0,-12.0,13.0,h6,0,0
6629,2025.11.03,17.05.08,-90.120292,29.934007,-112,-12,4.0,0,0,I,PERIODIC,-99.0,-14.0,13.0,h6,0,0
6630,2025.11.03,17.05.09,-90.120292,29.934007,-112,-12,4.0,0,0,I,PERIODIC,-99.0,-14.0,13.0,h6,0,0
6631,2025.11.03,17.05.10,-90.120292,29.934007,-115,-12,40.0,9,8,D,PERIODIC,-99.0,-12.0,13.0,h6,0,0
6632,2025.11.03,17.05.11,-90.120292,29.934007,-115,-12,40.0,94937,724,D,PERIODIC,-99.0,-12.0,13.0,h6,0,0
6633,2025.11.03,17.05.12,-90.120292,29.934007,-113,-12,4.0,0,0,D,PERIODIC,-99.0,-13.0,12.0,h6,0,0
6634,2025.11.03,17.05.13,-90.120292,29.934007,-113,-12,4.0,0,0,I,PERIODIC,-99.0,-13.0,12.0,h6,0,0
6635,2025.11.03,17.05.14,-90.120292,29.934007,-113,-12,4.0,0,0,I,PERIODIC,-99.0,-13.0,12.0,h6,0,0
6636,2025.11.03,17.05.15,-90.120292,29.934007,-113,-12,3.0,1,1,D,PERIODIC,-99.0,-13.0,12.0,h6,0,0
6637,2025.11.03,17.05.16,-90.120292,29.934007,-113,-12,40.0,82795,2630,D,PERIODIC,-99.0,-12.0,13.0,h6,0,0
6638,2025.11.03,17.05.17,-90.120292,29.934007,-113,-12,40.0,2,2,D,PERIODIC,-99.0,-12.0,13.0,h6,0,0
6639,2025.11.03,17.05.18,-90.120292,29.934007,-113,-13,40.0,0,0,D,PERIODIC,-99.0,-12.0,13.0,h6,0,0
6640,2025.11.03,17.05.19,-90.120292,29.934007,-113,-13,40.0,0,0,I,PERIODIC,-99.0,-12.0,13.0,h6,0,0
6641,2025.11.03,17.05.20,-90.120292,29.934007,-113,-12,4.0,0,0,I,PERIODIC,-99.0,-12.0,14.0,h6,0,0
6642,2025.11.03,17.05.21,-90.120292,29.934007,-113,-12,3.0,101324,763,D,PERIODIC,-99.0,-12.0,14.0,h6,0,0
6643,2025.11.03,17.05.22,-90.120292,29.934007,-113,-13,30.0,0,0,D,PERIODIC,-98.0,-12.0,12.0,h6,0,0
6644,2025.11.03,17.05.23,-90.120292,29.934007,-113,-13,30.0,0,0,I,PERIODIC,-98.0,-12.0,12.0,h6,0,0
6645,2025.11.03,17.05.24,-90.120292,29.934007,-114,-13,30.0,0,0,I,PERIODIC,-98.0,-12.0,13.0,h6,0,0
6646,2025.11.03,17.05.25,-90.120292,29.934007,-114,-13,30.0,0,0,I,PERIODIC,-98.0,-12.0,13.0,h6,0,0
6647,2025.11.03,17.05.26,-90.120292,29.934007,-115,-13,4.0,115536,824,D,PERIODIC,-98.0,-12.0,13.0,h6,0,0
6648,2025.11.03,17.05.27,-90.120292,29.934007,-115,-13,4.0,0,0,D,PERIODIC,-98.0,-12.0,13.0,h6,0,0
6649,2025.11.03,17.05.28,-90.120292,29.934007,-114,-13,35.0,0,0,D,PERIODIC,-98.0,-12.0,11.0,h6,0,0
6650,2025.11.03,17.05.29,-90.120292,29.934007,-114,-13,35.0,6,4,D,PERIODIC,-98.0,-12.0,11.0,h6,0,0
6651,2025.11.03,17.05.30,-90.120292,29.934007,-114,-13,35.0,2,2,D,PERIODIC,-99.0,-13.0,11.0,h6,0,0
6652,2025.11.03,17.05.31,-90.120292,29.934007,-114,-13,35.0,57974,1591,D,PERIODIC,-99.0,-13.0,11.0,h6,0,0
6653,2025.11.03,17.05.32,-90.120292,29.934007,-115,-13,30.0,10,10,D,PERIODIC,-99.0,-11.0,11.0,h6,0,0
6654,2025.11.03,17.05.33,-90.120292,29.934007,-115,-13,30.0,0,0,D,PERIODIC,-99.0,-11.0,11.0,h6,0,0
6655,2025.11.03,17.05.34,-90.120292,29.934007,-115,-12,4.0,1,1,D,PERIODIC,-99.0,-12.0,13.0,h6,0,0
6656,2025.11.03,17.05.35,-90.120292,29.934007,-115,-12,3.0,0,0,I,PERIODIC,-99.0,-12.0,13.0,h6,0,0
6657,2025.11.03,17.05.36,-90.120292,29.934007,-115,-12,4.0,62044,492,D,PERIODIC,-99.0,-12.0,13.0,h6,0,0
6658,2025.11.03,17.05.37,-90.120292,29.934007,-113,-13,40.0,0,0,D,PERIODIC,-99.0,-12.0,12.0,h6,0,0
6659,2025.11.03,17.05.38,-90.120292,29.934007,-113,-13,40.0,0,0,D,PERIODIC,-99.0,-12.0,12.0,h6,0,0
6660,2025.11.03,17.05.39,-90.120292,29.934007,-113,-13,40.0,0,0,I,PERIODIC,-99.0,-14.0,12.0,h6,0,0
6661,2025.11.03,17.05.40,-90.120292,29.934007,-113,-13,40.0,0,0,I,PERIODIC,-99.0,-14.0,12.0,h6,0,0
6662,2025.11.03,17.05.41,-90.120292,29.934007,-113,-13,40.0,99067,799,D,PERIODIC,-98.0,-13.0,12.0,h6,0,0
6663,2025.11.03,17.05.42,-90.120292,29.934007,-113,-13,40.0,0,0,D,PERIODIC,-98.0,-13.0,12.0,h6,0,0
6664,2025.11.03,17.05.43,-90.120292,29.934007,-115,-13,30.0,7,6,D,PERIODIC,-99.0,-13.0,12.0,h6,0,0
6665,2025.11.03,17.05.44,-90.120292,29.934007,-115,-13,30.0,0,0,I,PERIODIC,-99.0,-13.0,12.0,h6,0,0
6666,2025.11.03,17.05.45,-90.120292,29.934007,-115,-13,30.0,0,0,D,PERIODIC,-99.0,-14.0,12.0,h6,0,0
6667,2025.11.03,17.05.46,-90.120292,29.934007,-115,-13,30.0,56053,1037,D,PERIODIC,-99.0,-14.0,12.0,h6,0,0
6668,2025.11.03,17.05.47,-90.120292,29.934007,-115,-13,30.0,0,2,D,PERIODIC,-98.0,-12.0,12.0,h6,0,0
6669,2025.11.03,17.05.48,-90.120292,29.934007,-115,-13,30.0,0,32,D,PERIODIC,-98.0,-12.0,12.0,h6,0,0
6670,2025.11.03,17.05.49,-90.120292,29.934007,-115,-13,30.0,0,2,D,PERIODIC,-98.0,-13.0,12.0,h6,0,0
6671,2025.11.03,17.05.50,-90.120292,29.934007,-115,-13,30.0,5,8,D,PERIODIC,-98.0,-13.0,12.0,h6,0,0
6672,2025.11.03,17.05.51,-90.120292,29.934007,-115,-13,30.0,79872,659,D,PERIODIC,-98.0,-12.0,12.0,h6,0,0
6673,2025.11.03,17.05.52,-90.120292,29.934007,-115,-13,30.0,1,3,D,PERIODIC,-98.0,-12.0,12.0,h6,0,0
6674,2025.11.03,17.05.53,-90.120292,29.934007,-114,-13,30.0,5,10,D,PERIODIC,-98.0,-12.0,14.0,h6,0,0
6675,2025.11.03,17.05.54,-90.120292,29.934007,-114,-13,30.0,31,57,D,PERIODIC,-98.0,-12.0,14.0,h6,0,0
6676,2025.11.03,17.05.55,-90.120292,29.934007,-115,-13,30.0,0,0,D,PERIODIC,-99.0,-13.0,14.0,h6,0,0
6677,2025.11.03,17.05.56,-90.120292,29.934007,-115,-13,30.0,76156,1115,D,PERIODIC,-99.0,-13.0,14.0,h6,0,0
6678,2025.11.03,17.05.57,-90.120292,29.934007,-115,-13,30.0,0,0,D,PERIODIC,-99.0,-12.0,14.0,h6,0,0
6679,2025.11.03,17.05.58,-90.120292,29.934007,-115,-13,30.0,0,0,I,PERIODIC,-99.0,-12.0,14.0,h6,0,0
6680,2025.11.03,17.05.59,-90.120292,29.934007,-113,-13,30.0,2,4,D,PERIODIC,-99.0,-12.0,13.0,h6,0,0
6681,2025.11.03,17.06.00,-90.120292,29.934007,-113,-13,30.0,3,3,D,PERIODIC,-99.0,-12.0,13.0,h6,0,0
6682,2025.11.03,17.06.01,-90.120292,29.934007,-113,-13,30.0,109025,1611,D,PERIODIC,-99.0,-11.0,13.0,h6,0,0
6683,2025.11.03,17.06.02,-90.120292,29.934007,-113,-13,30.0,2,2,D,PERIODIC,-99.0,-11.0,13.0,h6,0,0
6684,2025.11.03,17.06.03,-90.120292,29.934007,-113,-13,30.0,5,5,D,PERIODIC,-99.0,-12.0,14.0,h6,0,0
6685,2025.11.03,17.06.04,-90.120292,29.934007,-113,-13,30.0,0,0,D,PERIODIC,-99.0,-12.0,14.0,h6,0,0
6686,2025.11.03,17.06.05,-90.120292,29.934007,-113,-13,4.0,0,0,I,PERIODIC,-99.0,-12.0,13.0,h6,0,0
6687,2025.11.03,17.06.06,-90.120292,29.934007,-113,-13,4.0,57005,2985,D,PERIODIC,-99.0,-12.0,13.0,h6,0,0
6688,2025.11.03,17.06.07,-90.120292,29.934007,-113,-13,4.0,0,1,D,PERIODIC,-99.0,-12.0,13.0,h6,0,0
6689,2025.11.03,17.06.08,-90.120292,29.934007,-113,-13,4.0,0,0,D,PERIODIC,-99.0,-12.0,13.0,h6,0,0
6690,2025.11.03,17.06.09,-90.120292,29.934007,-113,-13,4.0,0,0,I,PERIODIC,-98.0,-11.0,13.0,h6,0,0
6691,2025.11.03,17.06.10,-90.120292,29.934007,-113,-13,3.0,0,0,I,PERIODIC,-98.0,-11.0,13.0,h6,0,0
6692,2025.11.03,17.06.11,-90.120292,29.934007,-113,-13,30.0,108436,853,D,PERIODIC,-99.0,-12.0,14.0,h6,0,0
6693,2025.11.03,17.06.12,-90.120292,29.934007,-113,-13,30.0,0,0,D,PERIODIC,-99.0,-12.0,14.0,h6,0,0
6694,2025.11.03,17.06.13,-90.120292,29.934007,-113,-13,30.0,0,0,I,PERIODIC,-99.0,-12.0,14.0,h6,0,0
6695,2025.11.03,17.06.14,-90.120292,29.934007,-114,-13,30.0,0,0,I,PERIODIC,-99.0,-13.0,14.0,h6,0,0
6696,2025.11.03,17.06.15,-90.120292,29.934007,-113,-13,35.0,0,0,I,PERIODIC,-99.0,-13.0,13.0,h6,0,0
6697,2025.11.03,17.06.16,-90.120292,29.934007,-113,-13,35.0,62458,472,D,PERIODIC,-99.0,-13.0,13.0,h6,0,0
6698,2025.11.03,17.06.17,-90.120292,29.934007,-113,-13,35.0,2,2,D,PERIODIC,-99.0,-13.0,13.0,h6,0,0
6699,2025.11.03,17.06.18,-90.120292,29.934007,-113,-13,35.0,0,0,D,PERIODIC,-99.0,-13.0,13.0,h6,0,0
6700,2025.11.03,17.06.19,-90.120292,29.934007,-113,-13,35.0,0,0,I,PERIODIC,-98.0,-13.0,13.0,h6,0,0
6701,2025.11.03,17.06.20,-90.120292,29.934007,-113,-13,35.0,0,0,I,PERIODIC,-98.0,-13.0,13.0,h6,0,0
6702,2025.11.03,17.06.21,-90.120292,29.934007,-112,-13,35.0,0,0,I,PERIODIC,-98.0,-13.0,14.0,h6,0,0
6703,2025.11.03,17.06.22,-90.120292,29.934007,-112,-13,35.0,0,0,D,PERIODIC,-98.0,-13.0,14.0,h6,0,0
6704,2025.11.03,17.06.23,-90.120292,29.934007,-112,-12,4.0,0,1,D,PERIODIC,-98.0,-13.0,13.0,h6,0,0
6705,2025.11.03,17.06.24,-90.120292,29.934007,-112,-12,4.0,0,0,D,PERIODIC,-98.0,-13.0,13.0,h6,0,0
6706,2025.11.03,17.06.25,-90.120292,29.934007,-112,-12,5.0,0,0,D,PERIODIC,-98.0,-13.0,14.0,h6,0,0
6707,2025.11.03,17.06.26,-90.120292,29.934007,-112,-12,5.0,55987,513,D,PERIODIC,-98.0,-13.0,14.0,h6,0,0
6708,2025.11.03,17.06.27,-90.120292,29.934007,-112,-13,40.0,0,0,D,PERIODIC,-99.0,-13.0,14.0,h6,0,0
6709,2025.11.03,17.06.28,-90.120292,29.934007,-112,-13,40.0,0,0,I,PERIODIC,-99.0,-13.0,14.0,h6,0,0
6710,2025.11.03,17.06.29,-90.120292,29.934007,-114,-12,4.0,7,6,D,PERIODIC,-98.0,-12.0,14.0,h6,0,0
6711,2025.11.03,17.06.30,-90.120292,29.934007,-114,-12,3.0,2,2,D,PERIODIC,-98.0,-12.0,14.0,h6,0,0
6712,2025.11.03,17.06.31,-90.120292,29.934007,-112,-13,35.0,0,1461,D,PERIODIC,-98.0,-13.0,13.0,h6,0,0
6713,2025.11.03,17.06.32,-90.120292,29.934007,-112,-13,35.0,5,5,D,PERIODIC,-98.0,-13.0,13.0,h6,0,0
6714,2025.11.03,17.06.33,-90.120292,29.934007,-113,-13,30.0,0,0,D,PERIODIC,-98.0,-12.0,12.0,h6,0,0
6715,2025.11.03,17.06.34,-90.120292,29.934007,-113,-13,30.0,0,0,I,PERIODIC,-98.0,-12.0,12.0,h6,0,0
6716,2025.11.03,17.06.35,-90.120292,29.934007,-112,-12,4.0,0,0,I,PERIODIC,-98.0,-12.0,13.0,h6,0,0
6717,2025.11.03,17.06.36,-90.120292,29.934007,-112,-12,4.0,106693,809,D,PERIODIC,-98.0,-12.0,13.0,h6,0,0
6718,2025.11.03,17.06.37,-90.120292,29.934007,-111,-12,4.0,0,0,D,PERIODIC,-98.0,-11.0,16.0,h6,0,0
6719,2025.11.03,17.06.38,-90.120292,29.934007,-111,-12,5.0,0,0,I,PERIODIC,-98.0,-11.0,16.0,h6,0,0
6720,2025.11.03,17.06.39,-90.120292,29.934007,-112,-12,5.0,0,0,I,PERIODIC,-98.0,-14.0,13.0,h6,0,0
6721,2025.11.03,17.06.40,-90.120292,29.934007,-112,-12,4.0,0,0,I,PERIODIC,-98.0,-14.0,13.0,h6,0,0
6722,2025.11.03,17.06.41,-90.120292,29.934007,-112,-12,4.0,102133,814,D,PERIODIC,-98.0,-14.0,13.0,h6,0,0
6723,2025.11.03,17.06.42,-90.120292,29.934007,-112,-12,4.0,0,0,D,PERIODIC,-99.0,-13.0,12.0,h6,0,0
6724,2025.11.03,17.06.43,-90.120292,29.934007,-112,-12,4.0,0,0,I,PERIODIC,-99.0,-13.0,12.0,h6,0,0
6725,2025.11.03,17.06.44,-90.120292,29.934007,-114,-12,3.0,0,0,I,PERIODIC,-98.0,-12.0,12.0,h6,0,0
6726,2025.11.03,17.06.45,-90.120292,29.934007,-115,-12,40.0,5,5,D,PERIODIC,-98.0,-12.0,14.0,h6,0,0
6727,2025.11.03,17.06.46,-90.120292,29.934007,-115,-12,40.0,62521,557,D,PERIODIC,-98.0,-12.0,14.0,h6,0,0
6728,2025.11.03,17.06.47,-90.120292,29.934007,-115,-12,40.0,2,2,D,PERIODIC,-98.0,-12.0,14.0,h6,0,0
6729,2025.11.03,17.06.48,-90.120292,29.934007,-114,-13,30.0,0,0,D,PERIODIC,-98.0,-11.0,14.0,h6,0,0
6730,2025.11.03,17.06.49,-90.120292,29.934007,-115,-13,30.0,0,0,I,PERIODIC,-98.0,-11.0,15.0,h6,0,0
6731,2025.11.03,17.06.50,-90.120292,29.934007,-115,-13,30.0,0,0,I,PERIODIC,-98.0,-11.0,15.0,h6,0,0
6732,2025.11.03,17.06.51,-90.120292,29.934007,-115,-13,30.0,1,1,D,PERIODIC,-98.0,-11.0,15.0,h6,0,0
6733,2025.11.03,17.06.52,-90.120292,29.934007,-114,-12,3.0,0,2,D,PERIODIC,-98.0,-13.0,13.0,h6,0,0
6734,2025.11.03,17.06.53,-90.120292,29.934007,-113,-12,40.0,7,4,D,PERIODIC,-98.0,-12.0,12.0,h6,0,0
6735,2025.11.03,17.06.54,-90.120292,29.934007,-113,-12,40.0,0,0,I,PERIODIC,-98.0,-12.0,12.0,h6,0,0
6736,2025.11.03,17.06.55,-90.120292,29.934007,-114,-12,40.0,5,7,D,PERIODIC,-98.0,-12.0,12.0,h6,0,0
6737,2025.11.03,17.06.56,-90.120292,29.934007,-114,-12,40.0,4,4,D,PERIODIC,-98.0,-12.0,12.0,h6,0,0
6738,2025.11.03,17.06.57,-90.120292,29.934007,-114,-12,40.0,3,4,D,PERIODIC,-98.0,-11.0,12.0,h6,0,0
6739,2025.11.03,17.06.58,-90.120292,29.934007,-114,-12,40.0,3,3,D,PERIODIC,-98.0,-11.0,12.0,h6,0,0
6740,2025.11.03,17.06.59,-90.120292,29.934007,-113,-13,40.0,0,0,I,PERIODIC,-98.0,-12.0,14.0,h6,0,0
6741,2025.11.03,17.07.00,-90.120292,29.934007,-113,-13,40.0,9,9,D,PERIODIC,-98.0,-12.0,14.0,h6,0,0
6742,2025.11.03,17.07.01,-90.120292,29.934007,-114,-12,40.0,12,12,D,PERIODIC,-98.0,-14.0,14.0,h6,0,0
6743,2025.11.03,17.07.02,-90.120292,29.934007,-114,-12,40.0,15,15,D,PERIODIC,-98.0,-14.0,14.0,h6,0,0
6744,2025.11.03,17.07.03,-90.120292,29.934007,-114,-13,40.0,0,0,I,PERIODIC,-98.0,-12.0,13.0,h6,0,0
6745,2025.11.03,17.07.04,-90.120292,29.934007,-114,-13,40.0,7,7,D,PERIODIC,-98.0,-12.0,13.0,h6,0,0
6746,2025.11.03,17.07.05,-90.120292,29.934007,-114,-12,35.0,11,11,D,PERIODIC,-98.0,-12.0,13.0,h6,0,0
6747,2025.11.03,17.07.06,-90.120292,29.934007,-114,-12,35.0,0,0,D,PERIODIC,-98.0,-12.0,13.0,h6,0,0
6748,2025.11.03,17.07.07,-90.120292,29.934007,-114,-12,5.0,0,0,I,PERIODIC,-98.0,-12.0,13.0,h6,0,0
6749,2025.11.03,17.07.08,-90.120292,29.934007,-114,-12,5.0,0,0,I,PERIODIC,-98.0,-12.0,13.0,h6,0,0
6750,2025.11.03,17.07.09,-90.120292,29.934007,-114,-12,40.0,0,0,I,PERIODIC,-98.0,-13.0,13.0,h6,0,0
6751,2025.11.03,17.07.10,-90.120292,29.934007,-114,-12,40.0,7,9,D,PERIODIC,-98.0,-13.0,13.0,h6,0,0
6752,2025.11.03,17.07.11,-90.120292,29.934007,-114,-12,40.0,2,3,D,PERIODIC,-98.0,-12.0,13.0,h6,0,0
6753,2025.11.03,17.07.12,-90.120292,29.934007,-114,-12,40.0,0,0,D,PERIODIC,-98.0,-12.0,13.0,h6,0,0
6754,2025.11.03,17.07.13,-90.120292,29.934007,-114,-12,40.0,0,0,I,PERIODIC,-98.0,-12.0,13.0,h6,0,0
6755,2025.11.03,17.07.14,-90.120292,29.934007,-114,-12,40.0,0,0,I,PERIODIC,-98.0,-12.0,13.0,h6,0,0
6756,2025.11.03,17.07.15,-90.120292,29.934007,-114,-12,40.0,0,0,I,PERIODIC,-98.0,-12.0,13.0,h6,0,0
6757,2025.11.03,17.07.16,-90.120292,29.934007,-114,-12,40.0,10035,7700,D,PERIODIC,-98.0,-12.0,13.0,h6,0,0
6758,2025.11.03,17.07.17,-90.120292,29.934007,-114,-13,40.0,4,4,D,PERIODIC,-98.0,-12.0,14.0,h6,0,0
6759,2025.11.03,17.07.18,-90.120292,29.934007,-114,-13,40.0,0,0,D,PERIODIC,-98.0,-12.0,14.0,h6,0,0
6760,2025.11.03,17.07.19,-90.120292,29.934007,-113,-13,40.0,0,0,D,PERIODIC,-98.0,-12.0,13.0,h6,0,0
6761,2025.11.03,17.07.20,-90.120292,29.934007,-113,-13,40.0,0,0,I,PERIODIC,-98.0,-12.0,13.0,h6,0,0
6762,2025.11.03,17.07.21,-90.120292,29.934007,-114,-12,6.0,0,0,I,PERIODIC,-98.0,-10.0,13.0,h6,0,0
6763,2025.11.03,17.07.22,-90.120292,29.934007,-114,-12,6.0,0,0,I,PERIODIC,-98.0,-10.0,13.0,h6,0,0
6764,2025.11.03,17.07.23,-90.120292,29.934007,-114,-13,30.0,0,0,I,PERIODIC,-98.0,-12.0,13.0,h6,0,0
6765,2025.11.03,17.07.24,-90.120292,29.934007,-114,-13,30.0,0,0,I,PERIODIC,-98.0,-12.0,13.0,h6,0,0
6766,2025.11.03,17.07.25,-90.120292,29.934007,-114,-13,30.0,0,0,I,PERIODIC,-98.0,-12.0,13.0,h6,0,0
6767,2025.11.03,17.07.26,-90.120292,29.934007,-114,-12,40.0,0,0,I,PERIODIC,-98.0,-13.0,12.0,h6,0,0
6768,2025.11.03,17.07.27,-90.120292,29.934007,-115,-13,35.0,0,0,I,PERIODIC,-98.0,-11.0,14.0,h6,0,0
6769,2025.11.03,17.07.28,-90.120292,29.934007,-115,-13,35.0,0,0,I,PERIODIC,-98.0,-11.0,14.0,h6,0,0
6770,2025.11.03,17.07.29,-90.120292,29.934007,-114,-13,40.0,0,0,I,PERIODIC,-98.0,-12.0,13.0,h6,0,0
6771,2025.11.03,17.07.30,-90.120292,29.934007,-114,-13,40.0,5,5,D,PERIODIC,-98.0,-12.0,13.0,h6,0,0
6772,2025.11.03,17.07.31,-90.120292,29.934007,-113,-13,30.0,1,1,D,PERIODIC,-98.0,-12.0,12.0,h6,0,0
6773,2025.11.03,17.07.32,-90.120292,29.934007,-113,-13,30.0,10,10,D,PERIODIC,-98.0,-12.0,12.0,h6,0,0
6774,2025.11.03,17.07.33,-90.120292,29.934007,-114,-13,40.0,1,1,D,PERIODIC,-98.0,-12.0,15.0,h6,0,0
6775,2025.11.03,17.07.34,-90.120292,29.934007,-114,-13,40.0,16,16,D,PERIODIC,-98.0,-12.0,15.0,h6,0,0
6776,2025.11.03,17.07.35,-90.120292,29.934007,-115,-13,35.0,2,3,D,PERIODIC,-98.0,-11.0,12.0,h6,0,0
6777,2025.11.03,17.07.36,-90.120292,29.934007,-115,-13,35.0,0,0,D,PERIODIC,-98.0,-11.0,12.0,h6,0,0
6778,2025.11.03,17.07.37,-90.120292,29.934007,-115,-13,35.0,0,0,I,PERIODIC,-98.0,-11.0,12.0,h6,0,0
6779,2025.11.03,17.07.38,-90.120292,29.934007,-113,-12,40.0,0,0,I,PERIODIC,-98.0,-13.0,14.0,h6,0,0
6780,2025.11.03,17.07.39,-90.120292,29.934007,-114,-12,4.0,0,0,I,PERIODIC,-98.0,-12.0,13.0,h6,0,0
6781,2025.11.03,17.07.40,-90.120292,29.934007,-114,-12,4.0,0,0,I,PERIODIC,-98.0,-12.0,13.0,h6,0,0
6782,2025.11.03,17.07.41,-90.120292,29.934007,-114,-12,4.0,53979,1723,D,PERIODIC,-98.0,-11.0,13.0,h6,0,0
6783,2025.11.03,17.07.42,-90.120292,29.934007,-114,-12,3.0,11,13,D,PERIODIC,-98.0,-11.0,13.0,h6,0,0
6784,2025.11.03,17.07.43,-90.120292,29.934007,-114,-12,40.0,6,6,D,PERIODIC,-98.0,-11.0,14.0,h6,0,0
6785,2025.11.03,17.07.44,-90.120292,29.934007,-114,-12,40.0,3,3,D,PERIODIC,-98.0,-11.0,14.0,h6,0,0
6786,2025.11.03,17.07.45,-90.120292,29.934007,-108,-12,5.0,0,0,I,PERIODIC,-97.0,-11.0,12.0,h6,0,0
6787,2025.11.03,17.07.46,-90.120292,29.934007,-108,-12,4.0,55232,5247,D,PERIODIC,-97.0,-11.0,12.0,h6,0,0
6788,2025.11.03,17.07.47,-90.120292,29.934007,-109,-12,4.0,17,17,D,PERIODIC,-97.0,-12.0,14.0,h6,0,0
6789,2025.11.03,17.07.48,-90.120292,29.934007,-109,-12,5.0,9,9,D,PERIODIC,-97.0,-12.0,14.0,h6,0,0
6790,2025.11.03,17.07.49,-90.120292,29.934007,-112,-12,5.0,0,0,I,PERIODIC,-97.0,-11.0,15.0,h6,0,0
6791,2025.11.03,17.07.50,-90.120292,29.934007,-112,-12,5.0,0,0,I,PERIODIC,-97.0,-11.0,15.0,h6,0,0
6792,2025.11.03,17.07.51,-90.120292,29.934007,-112,-12,5.0,41931,779,D,PERIODIC,-97.0,-11.0,15.0,h6,0,0
6793,2025.11.03,17.07.52,-90.120292,29.934007,-112,-12,5.0,8,8,D,PERIODIC,-97.0,-11.0,15.0,h6,0,0
6794,2025.11.03,17.07.53,-90.120292,29.934007,-112,-12,5.0,8,8,D,PERIODIC,-98.0,-11.0,15.0,h6,0,0
6795,2025.11.03,17.07.54,-90.120292,29.934007,-112,-12,5.0,0,0,D,PERIODIC,-98.0,-11.0,15.0,h6,0,0
6796,2025.11.03,17.07.55,-90.120292,29.934007,-109,-12,5.0,0,0,D,PERIODIC,-98.0,-11.0,14.0,h6,0,0
6797,2025.11.03,17.07.56,-90.120292,29.934007,-109,-12,5.0,155484,7361,D,PERIODIC,-98.0,-11.0,14.0,h6,0,0
6798,2025.11.03,17.07.57,-90.120292,29.934007,-109,-12,5.0,0,0,D,PERIODIC,-98.0,-12.0,14.0,h6,0,0
6799,2025.11.03,17.07.58,-90.120292,29.934007,-109,-12,5.0,10,11,D,PERIODIC,-98.0,-12.0,14.0,h6,0,0
6800,2025.11.03,17.07.59,-90.120292,29.934007,-109,-12,5.0,6,6,D,PERIODIC,-98.0,-11.0,14.0,h6,0,0
6801,2025.11.03,17.08.00,-90.120292,29.934007,-109,-12,4.0,2,2,D,PERIODIC,-98.0,-11.0,14.0,h6,0,0
6802,2025.11.03,17.08.01,-90.120292,29.934007,-113,-12,40.0,186270,1444,D,PERIODIC,-98.0,-12.0,14.0,h6,0,0
6803,2025.11.03,17.08.02,-90.120292,29.934007,-113,-12,40.0,3,3,D,PERIODIC,-98.0,-12.0,14.0,h6,0,0
6804,2025.11.03,17.08.03,-90.120292,29.934007,-113,-12,40.0,6,6,D,PERIODIC,-98.0,-11.0,14.0,h6,0,0
6805,2025.11.03,17.08.04,-90.120292,29.934007,-113,-12,40.0,30,30,D,PERIODIC,-98.0,-11.0,14.0,h6,0,0
6806,2025.11.03,17.08.05,-90.120292,29.934007,-113,-12,40.0,0,0,D,PERIODIC,-98.0,-11.0,14.0,h6,0,0
6807,2025.11.03,17.08.06,-90.120292,29.934007,-113,-12,40.0,0,0,D,PERIODIC,-98.0,-11.0,14.0,h6,0,0
6808,2025.11.03,17.08.07,-90.120292,29.934007,-114,-12,5.0,0,0,I,PERIODIC,-98.0,-12.0,14.0,h6,0,0
6809,2025.11.03,17.08.08,-90.120292,29.934007,-114,-12,5.0,0,0,I,PERIODIC,-98.0,-12.0,14.0,h6,0,0
6810,2025.11.03,17.08.09,-90.120292,29.934007,-114,-12,5.0,0,0,I,PERIODIC,-98.0,-10.0,14.0,h6,0,0
6811,2025.11.03,17.08.10,-90.120292,29.934007,-114,-12,5.0,0,0,I,PERIODIC,-98.0,-10.0,14.0,h6,0,0
6812,2025.11.03,17.08.11,-90.120292,29.934007,-114,-13,35.0,0,0,I,PERIODIC,-98.0,-11.0,13.0,h6,0,0
6813,2025.11.03,17.08.12,-90.120292,29.934007,-114,-13,35.0,0,0,I,PERIODIC,-98.0,-11.0,13.0,h6,0,0
6814,2025.11.03,17.08.13,-90.120292,29.934007,-114,-12,5.0,5,4,D,PERIODIC,-98.0,-10.0,13.0,h6,0,0
6815,2025.11.03,17.08.14,-90.120292,29.934007,-114,-12,5.0,0,0,D,PERIODIC,-98.0,-10.0,13.0,h6,0,0
6816,2025.11.03,17.08.15,-90.120292,29.934007,-116,-13,25.0,4,4,D,PERIODIC,-100.0,-11.0,13.0,h6,0,0
6817,2025.11.03,17.08.16,-90.120292,29.934007,-116,-13,25.0,0,0,I,PERIODIC,-100.0,-11.0,13.0,h6,0,0
6818,2025.11.03,17.08.17,-90.120292,29.934007,-111,-13,35.0,4,4,D,PERIODIC,-101.0,-12.0,10.0,h6,0,0
933,2025.11.03,16.54.30,-90.120247,29.934187,-112,-13,30.0,107,8,D,LOG START,-102.0,-13.0,10.0,h5,0,0
934,2025.11.03,16.54.30,-90.120247,29.934187,-112,-13,30.0,70,1,D,PERIODIC,-102.0,-13.0,10.0,h5,0,0
935,2025.11.03,16.54.31,-90.120245,29.93413,-112,-13,30.0,70,1,D,,-102.0,-13.0,10.0,h5,0,0
936,2025.11.03,16.54.31,-90.120245,29.93413,-112,-13,30.0,0,0,I,PERIODIC,-102.0,-13.0,10.0,h5,0,0
937,2025.11.03,16.54.32,-90.120245,29.93413,-114,-13,35.0,0,0,I,PERIODIC,-102.0,-13.0,9.0,h5,0,0
938,2025.11.03,16.54.33,-90.120245,29.93413,-114,-13,15.0,0,2,D,PERIODIC,-98.0,-13.0,12.0,h5,0,0
939,2025.11.03,16.54.34,-90.120245,29.93413,-114,-13,15.0,0,7,D,PERIODIC,-98.0,-13.0,12.0,h5,0,0
940,2025.11.03,16.54.35,-90.120245,29.93413,-114,-13,15.0,0,0,D,PERIODIC,-98.0,-12.0,12.0,h5,0,0
941,2025.11.03,16.54.36,-90.120245,29.93413,-114,-13,15.0,18,17,D,PERIODIC,-98.0,-12.0,12.0,h5,0,0
942,2025.11.03,16.54.37,-90.120245,29.93413,-114,-13,15.0,8,8,D,PERIODIC,-98.0,-13.0,12.0,h5,0,0
943,2025.11.03,16.54.38,-90.120245,29.93413,-114,-13,15.0,0,0,I,PERIODIC,-98.0,-13.0,12.0,h5,0,0
944,2025.11.03,16.54.39,-90.120245,29.93413,-111,-13,30.0,8,9,D,PERIODIC,-98.0,-13.0,12.0,h5,0,0
945,2025.11.03,16.54.40,-90.120245,29.93413,-111,-13,30.0,8,8,D,PERIODIC,-98.0,-13.0,12.0,h5,0,0
946,2025.11.03,16.54.41,-90.120245,29.93413,-112,-13,35.0,0,0,I,PERIODIC,-98.0,-13.0,12.0,h5,0,0
947,2025.11.03,16.54.42,-90.120245,29.93413,-112,-13,35.0,0,0,I,PERIODIC,-98.0,-13.0,12.0,h5,0,0
948,2025.11.03,16.54.43,-90.120245,29.93413,-112,-13,30.0,6,6,D,PERIODIC,-98.0,-13.0,13.0,h5,0,0
949,2025.11.03,16.54.44,-90.120245,29.93413,-112,-13,30.0,0,0,I,PERIODIC,-98.0,-13.0,13.0,h5,0,0
950,2025.11.03,16.54.45,-90.120245,29.93413,-112,-13,30.0,7,7,D,PERIODIC,-98.0,-12.0,13.0,h5,0,0
951,2025.11.03,16.54.46,-90.120245,29.93413,-112,-13,30.0,0,0,I,PERIODIC,-98.0,-12.0,13.0,h5,0,0
952,2025.11.03,16.54.47,-90.120245,29.93413,-112,-13,30.0,0,0,I,PERIODIC,-98.0,-14.0,13.0,h5,0,0
953,2025.11.03,16.54.48,-90.120245,29.93413,-112,-13,30.0,0,0,I,PERIODIC,-98.0,-14.0,13.0,h5,0,0
954,2025.11.03,16.54.49,-90.120245,29.93413,-112,-13,30.0,0,0,I,PERIODIC,-98.0,-13.0,13.0,h5,0,0
955,2025.11.03,16.54.50,-90.120245,29.93413,-112,-13,30.0,16,15,D,PERIODIC,-98.0,-13.0,13.0,h5,0,0
956,2025.11.03,16.54.51,-90.120245,29.93413,-112,-13,30.0,0,0,D,PERIODIC,-98.0,-13.0,13.0,h5,0,0
957,2025.11.03,16.54.52,-90.120245,29.93413,-112,-13,30.0,0,0,I,PERIODIC,-98.0,-13.0,13.0,h5,0,0
958,2025.11.03,16.54.53,-90.120245,29.93413,-112,-13,30.0,8,9,D,PERIODIC,-98.0,-12.0,13.0,h5,0,0
959,2025.11.03,16.54.54,-90.120245,29.93413,-112,-13,30.0,2,2,D,PERIODIC,-98.0,-12.0,13.0,h5,0,0
960,2025.11.03,16.54.55,-90.120245,29.93413,-112,-13,30.0,0,0,D,PERIODIC,-98.0,-14.0,13.0,h5,0,0
961,2025.11.03,16.54.56,-90.120245,29.93413,-112,-13,30.0,5603,11436,D,PERIODIC,-98.0,-14.0,13.0,h5,0,0
962,2025.11.03,16.54.57,-90.120245,29.93413,-112,-13,30.0,0,0,I,PERIODIC,-98.0,-14.0,13.0,h5,0,0
963,2025.11.03,16.54.58,-90.120245,29.93413,-112,-13,30.0,0,0,I,PERIODIC,-98.0,-13.0,13.0,h5,0,0
964,2025.11.03,16.54.59,-90.120245,29.93413,-112,-13,30.0,4,4,D,PERIODIC,-98.0,-11.0,13.0,h5,0,0
965,2025.11.03,16.55.00,-90.120245,29.93413,-112,-13,30.0,5,5,D,PERIODIC,-98.0,-11.0,13.0,h5,0,0
966,2025.11.03,16.55.01,-90.120245,29.93413,-112,-13,30.0,3,3,D,PERIODIC,-98.0,-11.0,13.0,h5,0,0
967,2025.11.03,16.55.02,-90.120245,29.93413,-112,-13,30.0,4,4,D,PERIODIC,-98.0,-11.0,13.0,h5,0,0
968,2025.11.03,16.55.03,-90.120245,29.93413,-112,-13,30.0,8,8,D,PERIODIC,-98.0,-11.0,13.0,h5,0,0
969,2025.11.03,16.55.04,-90.120245,29.93413,-112,-13,30.0,12,12,D,PERIODIC,-98.0,-11.0,13.0,h5,0,0
970,2025.11.03,16.55.05,-90.120245,29.93413,-112,-13,30.0,10,10,D,PERIODIC,-98.0,-12.0,13.0,h5,0,0
971,2025.11.03,16.55.06,-90.120245,29.93413,-112,-13,30.0,11,11,D,PERIODIC,-98.0,-12.0,13.0,h5,0,0
972,2025.11.03,16.55.07,-90.120245,29.93413,-112,-13,30.0,5,5,D,PERIODIC,-98.0,-11.0,13.0,h5,0,0
973,2025.11.03,16.55.08,-90.120245,29.93413,-112,-13,30.0,53,56,D,PERIODIC,-98.0,-11.0,13.0,h5,0,0
974,2025.11.03,16.55.09,-90.120245,29.93413,-112,-12,4.0,46,13,D,PERIODIC,-98.0,-10.0,12.0,h5,0,0
975,2025.11.03,16.55.10,-90.120245,29.93413,-112,-12,4.0,2,2,D,PERIODIC,-98.0,-10.0,12.0,h5,0,0
976,2025.11.03,16.55.11,-90.120245,29.93413,-112,-13,4.0,1,1,D,PERIODIC,-98.0,-11.0,13.0,h5,0,0
977,2025.11.03,16.55.12,-90.120245,29.93413,-112,-13,4.0,0,0,I,PERIODIC,-98.0,-11.0,13.0,h5,0,0
978,2025.11.03,16.55.13,-90.120245,29.93413,-113,-12,6.0,29,27,D,PERIODIC,-98.0,-11.0,14.0,h5,0,0
979,2025.11.03,16.55.14,-90.120245,29.93413,-113,-12,6.0,0,7,D,PERIODIC,-98.0,-11.0,14.0,h5,0,0
980,2025.11.03,16.55.15,-90.120245,29.93413,-112,-13,30.0,6,7,D,PERIODIC,-98.0,-11.0,14.0,h5,0,0
981,2025.11.03,16.55.16,-90.120245,29.93413,-112,-13,30.0,44,45,D,PERIODIC,-98.0,-11.0,14.0,h5,0,0
982,2025.11.03,16.55.17,-90.120245,29.93413,-112,-13,30.0,18,18,D,PERIODIC,-98.0,-11.0,13.0,h5,0,0
983,2025.11.03,16.55.18,-90.120245,29.93413,-112,-13,30.0,0,0,I,PERIODIC,-98.0,-11.0,13.0,h5,0,0
984,2025.11.03,16.55.19,-90.120245,29.93413,-112,-13,30.0,0,0,I,PERIODIC,-98.0,-11.0,13.0,h5,0,0
985,2025.11.03,16.55.20,-90.120245,29.93413,-112,-13,30.0,75621,11860,D,PERIODIC,-98.0,-11.0,13.0,h5,0,0
986,2025.11.03,16.55.21,-90.120245,29.93413,-112,-13,30.0,0,0,D,PERIODIC,-98.0,-11.0,13.0,h5,0,0
987,2025.11.03,16.55.22,-90.120245,29.93413,-112,-13,30.0,0,0,I,PERIODIC,-98.0,-11.0,13.0,h5,0,0
988,2025.11.03,16.55.23,-90.120245,29.93413,-112,-13,30.0,0,0,I,PERIODIC,-98.0,-13.0,13.0,h5,0,0
989,2025.11.03,16.55.24,-90.120245,29.93413,-112,-13,30.0,2,2,D,PERIODIC,-98.0,-13.0,13.0,h5,0,0
990,2025.11.03,16.55.25,-90.120245,29.93413,-112,-13,30.0,253595,1888,D,PERIODIC,-98.0,-12.0,13.0,h5,0,0
991,2025.11.03,16.55.26,-90.120245,29.93413,-112,-13,30.0,2,2,D,PERIODIC,-98.0,-12.0,13.0,h5,0,0
992,2025.11.03,16.55.27,-90.120245,29.93413,-112,-13,30.0,2,1,D,PERIODIC,-98.0,-12.0,13.0,h5,0,0
993,2025.11.03,16.55.28,-90.120245,29.93413,-112,-13,30.0,2,1,D,PERIODIC,-98.0,-12.0,13.0,h5,0,0
994,2025.11.03,16.55.29,-90.120245,29.93413,-112,-13,35.0,9,11,D,PERIODIC,-98.0,-12.0,13.0,h5,0,0
995,2025.11.03,16.55.30,-90.120245,29.93413,-112,-13,35.0,120207,1470,D,PERIODIC,-98.0,-12.0,13.0,h5,0,0
996,2025.11.03,16.55.31,-90.120245,29.93413,-112,-13,35.0,6,6,D,PERIODIC,-98.0,-12.0,13.0,h5,0,0
997,2025.11.03,16.55.32,-90.120245,29.93413,-112,-13,35.0,5,5,D,PERIODIC,-98.0,-12.0,13.0,h5,0,0
998,2025.11.03,16.55.33,-90.120245,29.93413,-113,-12,35.0,13,15,D,PERIODIC,-97.0,-12.0,14.0,h5,0,0
999,2025.11.03,16.55.34,-90.120245,29.93413,-113,-12,35.0,0,0,I,PERIODIC,-97.0,-12.0,14.0,h5,0,0
1000,2025.11.03,16.55.35,-90.120245,29.93413,-113,-13,40.0,81172,2687,D,PERIODIC,-98.0,-13.0,14.0,h5,0,0
1001,2025.11.03,16.55.36,-90.120245,29.93413,-113,-13,40.0,36,36,D,PERIODIC,-98.0,-13.0,14.0,h5,0,0
1002,2025.11.03,16.55.37,-90.120245,29.93413,-113,-13,40.0,0,0,I,PERIODIC,-98.0,-15.0,14.0,h5,0,0
1003,2025.11.03,16.55.38,-90.120245,29.93413,-113,-13,40.0,0,0,I,PERIODIC,-98.0,-15.0,14.0,h5,0,0
1004,2025.11.03,16.55.39,-90.120245,29.93413,-112,-13,25.0,1,1,D,PERIODIC,-98.0,-13.0,13.0,h5,0,0
1005,2025.11.03,16.55.40,-90.120245,29.93413,-112,-13,25.0,0,1560,D,PERIODIC,-98.0,-13.0,13.0,h5,0,0
1006,2025.11.03,16.55.41,-90.120245,29.93413,-111,-13,35.0,3,3,D,PERIODIC,-98.0,-11.0,13.0,h5,0,0
1007,2025.11.03,16.55.42,-90.120245,29.93413,-111,-13,35.0,3,3,D,PERIODIC,-98.0,-11.0,13.0,h5,0,0
1008,2025.11.03,16.55.43,-90.120245,29.93413,-111,-13,35.0,0,0,I,PERIODIC,-98.0,-11.0,13.0,h5,0,0
1009,2025.11.03,16.55.44,-90.120245,29.93413,-111,-13,35.0,61,61,D,PERIODIC,-98.0,-11.0,13.0,h5,0,0
1010,2025.11.03,16.55.45,-90.120245,29.93413,-114,-13,25.0,113973,4625,D,PERIODIC,-98.0,-12.0,13.0,h5,0,0
1011,2025.11.03,16.55.46,-90.120245,29.93413,-114,-13,25.0,0,53,D,PERIODIC,-98.0,-12.0,13.0,h5,0,0
1012,2025.11.03,16.55.47,-90.120245,29.93413,-114,-13,25.0,0,0,D,PERIODIC,-98.0,-11.0,13.0,h5,0,0
1013,2025.11.03,16.55.48,-90.120245,29.93413,-114,-13,25.0,2,2,D,PERIODIC,-98.0,-11.0,13.0,h5,0,0
1014,2025.11.03,16.55.49,-90.120245,29.93413,-112,-13,30.0,3,3,D,PERIODIC,-98.0,-12.0,13.0,h5,0,0
1015,2025.11.03,16.55.50,-90.120245,29.93413,-112,-13,30.0,112322,1271,D,PERIODIC,-98.0,-12.0,13.0,h5,0,0
1016,2025.11.03,16.55.51,-90.120245,29.93413,-112,-12,35.0,0,1,D,PERIODIC,-98.0,-11.0,13.0,h5,0,0
1017,2025.11.03,16.55.52,-90.120245,29.93413,-112,-12,35.0,3,4,D,PERIODIC,-98.0,-11.0,13.0,h5,0,0
1018,2025.11.03,16.55.53,-90.120245,29.93413,-113,-13,30.0,51,57,D,PERIODIC,-98.0,-11.0,12.0,h5,0,0
1019,2025.11.03,16.55.54,-90.120245,29.93413,-113,-13,30.0,9,5,D,PERIODIC,-98.0,-11.0,12.0,h5,0,0
1020,2025.11.03,16.55.55,-90.120245,29.93413,-113,-13,30.0,63788,2764,D,PERIODIC,-98.0,-11.0,12.0,h5,0,0
1021,2025.11.03,16.55.56,-90.120245,29.93413,-113,-13,30.0,4,4,D,PERIODIC,-98.0,-11.0,12.0,h5,0,0
1022,2025.11.03,16.55.57,-90.120245,29.93413,-113,-13,30.0,0,0,D,PERIODIC,-98.0,-11.0,12.0,h5,0,0
1023,2025.11.03,16.55.58,-90.120245,29.93413,-113,-13,30.0,2,2,D,PERIODIC,-98.0,-11.0,12.0,h5,0,0
1024,2025.11.03,16.55.59,-90.120245,29.93413,-113,-13,30.0,0,0,I,PERIODIC,-98.0,-13.0,12.0,h5,0,0
1025,2025.11.03,16.56.00,-90.120245,29.93413,-113,-13,30.0,121665,5755,D,PERIODIC,-98.0,-13.0,12.0,h5,0,0
1026,2025.11.03,16.56.01,-90.120245,29.93413,-112,-13,30.0,0,0,D,PERIODIC,-98.0,-13.0,12.0,h5,0,0
1027,2025.11.03,16.56.02,-90.120245,29.93413,-112,-13,30.0,2,2,D,PERIODIC,-98.0,-13.0,12.0,h5,0,0
1028,2025.11.03,16.56.03,-90.120245,29.93413,-112,-13,30.0,0,0,I,PERIODIC,-98.0,-13.0,12.0,h5,0,0
1029,2025.11.03,16.56.04,-90.120245,29.93413,-112,-13,30.0,0,0,I,PERIODIC,-98.0,-11.0,12.0,h5,0,0
1030,2025.11.03,16.56.05,-90.120245,29.93413,-112,-13,30.0,101565,784,D,PERIODIC,-98.0,-11.0,12.0,h5,0,0
1031,2025.11.03,16.56.06,-90.120245,29.93413,-112,-13,30.0,0,0,D,PERIODIC,-98.0,-11.0,12.0,h5,0,0
1032,2025.11.03,16.56.07,-90.120245,29.93413,-112,-13,40.0,0,0,I,PERIODIC,-98.0,-10.0,12.0,h5,0,0
1033,2025.11.03,16.56.08,-90.120245,29.93413,-112,-13,40.0,0,0,I,PERIODIC,-98.0,-10.0,12.0,h5,0,0
1034,2025.11.03,16.56.09,-90.120245,29.93413,-113,-13,30.0,0,0,I,PERIODIC,-98.0,-13.0,13.0,h5,0,0
1035,2025.11.03,16.56.10,-90.120245,29.93413,-113,-13,30.0,81067,657,D,PERIODIC,-98.0,-13.0,13.0,h5,0,0
1036,2025.11.03,16.56.11,-90.120245,29.93413,-113,-13,30.0,0,0,D,PERIODIC,-98.0,-12.0,13.0,h5,0,0
1037,2025.11.03,16.56.12,-90.120245,29.93413,-113,-13,30.0,0,0,I,PERIODIC,-98.0,-12.0,13.0,h5,0,0
1038,2025.11.03,16.56.13,-90.120245,29.93413,-112,-12,35.0,1,1,D,PERIODIC,-98.0,-12.0,12.0,h5,0,0
1039,2025.11.03,16.56.14,-90.120245,29.93413,-112,-12,35.0,2,2,D,PERIODIC,-98.0,-12.0,12.0,h5,0,0
1040,2025.11.03,16.56.15,-90.120245,29.93413,-112,-13,35.0,66199,1857,D,PERIODIC,-98.0,-11.0,12.0,h5,0,0
1041,2025.11.03,16.56.16,-90.120245,29.93413,-112,-13,35.0,0,0,D,PERIODIC,-98.0,-11.0,12.0,h5,0,0
1042,2025.11.03,16.56.17,-90.120245,29.93413,-112,-13,40.0,2,2,D,PERIODIC,-98.0,-11.0,12.0,h5,0,0
1043,2025.11.03,16.56.18,-90.120245,29.93413,-112,-13,40.0,0,0,I,PERIODIC,-98.0,-11.0,12.0,h5,0,0
1044,2025.11.03,16.56.19,-90.120245,29.93413,-112,-12,30.0,0,0,I,PERIODIC,-98.0,-12.0,13.0,h5,0,0
1045,2025.11.03,16.56.20,-90.120245,29.93413,-112,-12,30.0,120279,943,D,PERIODIC,-98.0,-12.0,13.0,h5,0,0
1046,2025.11.03,16.56.21,-90.120245,29.93413,-111,-12,40.0,0,0,D,PERIODIC,-98.0,-12.0,13.0,h5,0,0
1047,2025.11.03,16.56.22,-90.120245,29.93413,-111,-12,40.0,0,0,I,PERIODIC,-98.0,-12.0,13.0,h5,0,0
1048,2025.11.03,16.56.23,-90.120245,29.93413,-111,-13,35.0,0,0,I,PERIODIC,-98.0,-11.0,13.0,h5,0,0
1049,2025.11.03,16.56.24,-90.120245,29.93413,-111,-13,35.0,2,4,D,PERIODIC,-98.0,-11.0,13.0,h5,0,0
1050,2025.11.03,16.56.25,-90.120245,29.93413,-111,-12,35.0,91659,768,D,PERIODIC,-98.0,-10.0,13.0,h5,0,0
1051,2025.11.03,16.56.26,-90.120245,29.93413,-111,-12,35.0,0,0,D,PERIODIC,-98.0,-10.0,13.0,h5,0,0
1052,2025.11.03,16.56.27,-90.120245,29.93413,-112,-13,40.0,1,1,D,PERIODIC,-98.0,-11.0,13.0,h5,0,0
1053,2025.11.03,16.56.28,-90.120245,29.93413,-112,-13,40.0,0,0,I,PERIODIC,-98.0,-11.0,13.0,h5,0,0
1054,2025.11.03,16.56.29,-90.120245,29.93413,-111,-13,30.0,0,0,I,PERIODIC,-99.0,-13.0,13.0,h5,0,0
1055,2025.11.03,16.56.30,-90.120245,29.93413,-111,-13,30.0,98060,1562,D,PERIODIC,-99.0,-13.0,13.0,h5,0,0
1056,2025.11.03,16.56.31,-90.120245,29.93413,-112,-13,5.0,0,0,D,PERIODIC,-98.0,-12.0,14.0,h5,0,0
1057,2025.11.03,16.56.32,-90.120245,29.93413,-112,-13,5.0,7,9,D,PERIODIC,-98.0,-12.0,14.0,h5,0,0
1058,2025.11.03,16.56.33,-90.120245,29.93413,-112,-13,5.0,40,40,D,PERIODIC,-98.0,-12.0,14.0,h5,0,0
1059,2025.11.03,16.56.34,-90.120245,29.93413,-112,-13,3.0,22,22,D,PERIODIC,-98.0,-12.0,14.0,h5,0,0
1060,2025.11.03,16.56.35,-90.120245,29.93413,-111,-13,30.0,108165,859,D,PERIODIC,-98.0,-11.0,13.0,h5,0,0
1061,2025.11.03,16.56.36,-90.120245,29.93413,-111,-13,30.0,0,0,D,PERIODIC,-98.0,-11.0,13.0,h5,0,0
1062,2025.11.03,16.56.37,-90.120245,29.93413,-111,-13,30.0,0,0,I,PERIODIC,-98.0,-12.0,13.0,h5,0,0
1063,2025.11.03,16.56.38,-90.120245,29.93413,-111,-13,30.0,0,0,I,PERIODIC,-98.0,-12.0,13.0,h5,0,0
1064,2025.11.03,16.56.39,-90.120245,29.93413,-111,-13,30.0,0,0,I,PERIODIC,-98.0,-12.0,13.0,h5,0,0
1065,2025.11.03,16.56.40,-90.120245,29.93413,-111,-13,30.0,80529,701,D,PERIODIC,-98.0,-12.0,13.0,h5,0,0
1066,2025.11.03,16.56.41,-90.120245,29.93413,-111,-13,35.0,0,0,D,PERIODIC,-98.0,-10.0,14.0,h5,0,0
1067,2025.11.03,16.56.42,-90.120245,29.93413,-111,-13,35.0,3,3,D,PERIODIC,-98.0,-10.0,14.0,h5,0,0
1068,2025.11.03,16.56.43,-90.120245,29.93413,-111,-13,35.0,3,3,D,PERIODIC,-99.0,-14.0,14.0,h5,0,0
1069,2025.11.03,16.56.44,-90.120245,29.93413,-111,-13,35.0,0,0,D,PERIODIC,-99.0,-14.0,14.0,h5,0,0
1070,2025.11.03,16.56.45,-90.120245,29.93413,-113,-13,30.0,0,0,I,PERIODIC,-99.0,-14.0,12.0,h5,0,0
1071,2025.11.03,16.56.46,-90.120245,29.93413,-113,-13,30.0,78277,650,D,PERIODIC,-99.0,-14.0,12.0,h5,0,0
1072,2025.11.03,16.56.47,-90.120245,29.93413,-113,-13,30.0,0,0,D,PERIODIC,-98.0,-12.0,12.0,h5,0,0
1073,2025.11.03,16.56.48,-90.120245,29.93413,-113,-13,30.0,0,0,D,PERIODIC,-98.0,-12.0,12.0,h5,0,0
1074,2025.11.03,16.56.49,-90.120245,29.93413,-112,-13,40.0,4,4,D,PERIODIC,-98.0,-12.0,13.0,h5,0,0
1075,2025.11.03,16.56.50,-90.120245,29.93413,-112,-13,40.0,120057,923,D,PERIODIC,-98.0,-12.0,13.0,h5,0,0
1076,2025.11.03,16.56.51,-90.120245,29.93413,-112,-13,40.0,0,0,D,PERIODIC,-98.0,-11.0,13.0,h5,0,0
1077,2025.11.03,16.56.52,-90.120245,29.93413,-112,-13,40.0,5,5,D,PERIODIC,-98.0,-11.0,13.0,h5,0,0
1078,2025.11.03,16.56.53,-90.120245,29.93413,-112,-13,40.0,3,3,D,PERIODIC,-98.0,-11.0,13.0,h5,0,0
1079,2025.11.03,16.56.54,-90.120245,29.93413,-112,-13,40.0,0,0,I,PERIODIC,-98.0,-11.0,13.0,h5,0,0
1080,2025.11.03,16.56.55,-90.120245,29.93413,-112,-13,40.0,115227,1425,D,PERIODIC,-98.0,-13.0,13.0,h5,0,0
1081,2025.11.03,16.56.56,-90.120245,29.93413,-112,-13,40.0,11,13,D,PERIODIC,-98.0,-13.0,13.0,h5,0,0
1082,2025.11.03,16.56.57,-90.120245,29.93413,-112,-13,40.0,0,0,D,PERIODIC,-98.0,-13.0,13.0,h5,0,0
1083,2025.11.03,16.56.58,-90.120245,29.93413,-112,-13,40.0,15,15,D,PERIODIC,-98.0,-13.0,13.0,h5,0,0
1084,2025.11.03,16.56.59,-90.120245,29.93413,-112,-13,40.0,0,0,D,PERIODIC,-98.0,-11.0,13.0,h5,0,0
1085,2025.11.03,16.57.00,-90.120245,29.93413,-112,-13,40.0,84271,4071,D,PERIODIC,-98.0,-11.0,13.0,h5,0,0
1086,2025.11.03,16.57.01,-90.120245,29.93413,-112,-13,30.0,9,8,D,PERIODIC,-98.0,-11.0,13.0,h5,0,0
1087,2025.11.03,16.57.02,-90.120245,29.93413,-112,-13,30.0,2,2,D,PERIODIC,-98.0,-11.0,13.0,h5,0,0
1088,2025.11.03,16.57.03,-90.120245,29.93413,-112,-13,30.0,0,0,I,PERIODIC,-98.0,-12.0,13.0,h5,0,0
1089,2025.11.03,16.57.04,-90.120245,29.93413,-112,-13,30.0,0,0,I,PERIODIC,-98.0,-12.0,13.0,h5,0,0
1090,2025.11.03,16.57.05,-90.120245,29.93413,-112,-13,30.0,68136,593,D,PERIODIC,-98.0,-12.0,13.0,h5,0,0
1091,2025.11.03,16.57.06,-90.120245,29.93413,-112,-13,30.0,9,6,D,PERIODIC,-98.0,-12.0,13.0,h5,0,0
1092,2025.11.03,16.57.07,-90.120245,29.93413,-112,-13,30.0,7,5,D,PERIODIC,-98.0,-12.0,13.0,h5,0,0
1093,2025.11.03,16.57.08,-90.120245,29.93413,-112,-13,30.0,0,0,D,PERIODIC,-98.0,-12.0,13.0,h5,0,0
1094,2025.11.03,16.57.09,-90.120245,29.93413,-112,-13,30.0,1,1,D,PERIODIC,-98.0,-13.0,13.0,h5,0,0
1095,2025.11.03,16.57.10,-90.120245,29.93413,-112,-13,30.0,129710,1407,D,PERIODIC,-98.0,-13.0,13.0,h5,0,0
1096,2025.11.03,16.57.11,-90.120245,29.93413,-112,-13,30.0,0,0,D,PERIODIC,-98.0,-11.0,13.0,h5,0,0
1097,2025.11.03,16.57.12,-90.120245,29.93413,-112,-13,30.0,3,2,D,PERIODIC,-98.0,-11.0,13.0,h5,0,0
1098,2025.11.03,16.57.13,-90.120245,29.93413,-113,-13,35.0,0,0,D,PERIODIC,-98.0,-12.0,13.0,h5,0,0
1099,2025.11.03,16.57.14,-90.120245,29.93413,-113,-13,35.0,6,4,D,PERIODIC,-98.0,-12.0,13.0,h5,0,0
1100,2025.11.03,16.57.15,-90.120245,29.93413,-113,-13,35.0,73526,598,D,PERIODIC,-98.0,-13.0,13.0,h5,0,0
1101,2025.11.03,16.57.16,-90.120245,29.93413,-113,-13,35.0,0,0,D,PERIODIC,-98.0,-13.0,13.0,h5,0,0
1102,2025.11.03,16.57.17,-90.120245,29.93413,-113,-13,35.0,2,2,D,PERIODIC,-98.0,-13.0,13.0,h5,0,0
1103,2025.11.03,16.57.18,-90.120245,29.93413,-113,-13,35.0,0,0,D,PERIODIC,-98.0,-13.0,13.0,h5,0,0
1104,2025.11.03,16.57.19,-90.120245,29.93413,-113,-13,35.0,2,1,D,PERIODIC,-98.0,-14.0,13.0,h5,0,0
1105,2025.11.03,16.57.20,-90.120245,29.93413,-113,-13,35.0,50283,443,D,PERIODIC,-98.0,-14.0,13.0,h5,0,0
1106,2025.11.03,16.57.21,-90.120245,29.93413,-113,-13,35.0,0,0,D,PERIODIC,-98.0,-12.0,13.0,h5,0,0
1107,2025.11.03,16.57.22,-90.120245,29.93413,-113,-13,35.0,0,0,I,PERIODIC,-98.0,-12.0,13.0,h5,0,0
1108,2025.11.03,16.57.23,-90.120245,29.93413,-112,-13,40.0,0,0,I,PERIODIC,-98.0,-13.0,13.0,h5,0,0
1109,2025.11.03,16.57.24,-90.120245,29.93413,-112,-13,40.0,0,2,D,PERIODIC,-98.0,-13.0,13.0,h5,0,0
1110,2025.11.03,16.57.25,-90.120245,29.93413,-112,-13,40.0,0,0,D,PERIODIC,-99.0,-14.0,13.0,h5,0,0
1111,2025.11.03,16.57.26,-90.120245,29.93413,-112,-13,40.0,0,0,D,PERIODIC,-99.0,-14.0,13.0,h5,0,0
1112,2025.11.03,16.57.27,-90.120245,29.93413,-112,-13,40.0,0,0,D,PERIODIC,-98.0,-13.0,12.0,h5,0,0
1113,2025.11.03,16.57.28,-90.120245,29.93413,-112,-13,40.0,1,1,D,PERIODIC,-98.0,-13.0,12.0,h5,0,0
1114,2025.11.03,16.57.29,-90.120245,29.93413,-112,-13,40.0,0,0,I,PERIODIC,-98.0,-12.0,12.0,h5,0,0
1115,2025.11.03,16.57.30,-90.120245,29.93413,-112,-13,40.0,84447,1381,D,PERIODIC,-98.0,-12.0,12.0,h5,0,0
1116,2025.11.03,16.57.31,-90.120245,29.93413,-112,-12,5.0,0,1,D,PERIODIC,-98.0,-12.0,12.0,h5,0,0
1117,2025.11.03,16.57.32,-90.120245,29.93413,-112,-12,3.0,8,6,D,PERIODIC,-98.0,-12.0,12.0,h5,0,0
1118,2025.11.03,16.57.33,-90.120245,29.93413,-111,-13,40.0,0,0,I,PERIODIC,-98.0,-14.0,12.0,h5,0,0
1119,2025.11.03,16.57.34,-90.120245,29.93413,-111,-13,40.0,0,0,I,PERIODIC,-98.0,-14.0,12.0,h5,0,0
1120,2025.11.03,16.57.35,-90.120245,29.93413,-111,-13,40.0,80774,653,D,PERIODIC,-98.0,-13.0,12.0,h5,0,0
1121,2025.11.03,16.57.36,-90.120245,29.93413,-111,-13,40.0,0,0,I,PERIODIC,-98.0,-13.0,12.0,h5,0,0
1122,2025.11.03,16.57.37,-90.120245,29.93413,-111,-13,40.0,0,0,I,PERIODIC,-98.0,-11.0,12.0,h5,0,0
1123,2025.11.03,16.57.38,-90.120245,29.93413,-111,-13,40.0,1,1,D,PERIODIC,-98.0,-11.0,12.0,h5,0,0
1124,2025.11.03,16.57.39,-90.120245,29.93413,-113,-13,25.0,0,0,I,PERIODIC,-99.0,-15.0,13.0,h5,0,0
1125,2025.11.03,16.57.40,-90.120245,29.93413,-113,-13,25.0,83130,649,D,PERIODIC,-99.0,-15.0,13.0,h5,0,0
1126,2025.11.03,16.57.41,-90.120245,29.93413,-113,-13,25.0,0,0,I,PERIODIC,-99.0,-15.0,13.0,h5,0,0
1127,2025.11.03,16.57.42,-90.120245,29.93413,-113,-13,25.0,0,0,I,PERIODIC,-99.0,-14.0,13.0,h5,0,0
1128,2025.11.03,16.57.43,-90.120245,29.93413,-113,-13,25.0,0,0,I,PERIODIC,-99.0,-14.0,13.0,h5,0,0
1129,2025.11.03,16.57.44,-90.120245,29.93413,-111,-13,25.0,0,0,I,PERIODIC,-99.0,-13.0,12.0,h5,0,0
1130,2025.11.03,16.57.45,-90.120245,29.93413,-111,-13,25.0,64545,544,D,PERIODIC,-99.0,-13.0,12.0,h5,0,0
1131,2025.11.03,16.57.46,-90.120245,29.93413,-111,-13,25.0,0,0,I,PERIODIC,-99.0,-13.0,12.0,h5,0,0
1132,2025.11.03,16.57.47,-90.120245,29.93413,-111,-13,25.0,10,10,D,PERIODIC,-99.0,-13.0,12.0,h5,0,0
1133,2025.11.03,16.57.48,-90.120245,29.93413,-111,-13,25.0,0,0,I,PERIODIC,-99.0,-13.0,12.0,h5,0,0
1134,2025.11.03,16.57.49,-90.120245,29.93413,-111,-13,25.0,0,0,I,PERIODIC,-99.0,-13.0,12.0,h5,0,0
1135,2025.11.03,16.57.50,-90.120245,29.93413,-111,-13,25.0,0,0,D,PERIODIC,-99.0,-12.0,12.0,h5,0,0
1136,2025.11.03,16.57.51,-90.120245,29.93413,-111,-13,25.0,97909,787,D,PERIODIC,-99.0,-12.0,12.0,h5,0,0
1137,2025.11.03,16.57.52,-90.120245,29.93413,-111,-13,25.0,5,5,D,PERIODIC,-98.0,-11.0,12.0,h5,0,0
1138,2025.11.03,16.57.53,-90.120245,29.93413,-111,-13,25.0,2,2,D,PERIODIC,-98.0,-11.0,12.0,h5,0,0
1139,2025.11.03,16.57.54,-90.120245,29.93413,-112,-13,4.0,0,0,I,PERIODIC,-99.0,-13.0,12.0,h5,0,0
1140,2025.11.03,16.57.55,-90.120245,29.93413,-112,-13,4.0,74645,1002,D,PERIODIC,-99.0,-13.0,12.0,h5,0,0
1141,2025.11.03,16.57.56,-90.120245,29.93413,-112,-13,4.0,0,0,D,PERIODIC,-98.0,-13.0,12.0,h5,0,0
1142,2025.11.03,16.57.57,-90.120245,29.93413,-112,-13,2.0,4,4,D,PERIODIC,-98.0,-13.0,12.0,h5,0,0
1143,2025.11.03,16.57.58,-90.120245,29.93413,-113,-13,25.0,2,2,D,PERIODIC,-98.0,-11.0,13.0,h5,0,0
1144,2025.11.03,16.57.59,-90.120245,29.93413,-113,-13,25.0,0,0,D,PERIODIC,-98.0,-11.0,13.0,h5,0,0
1145,2025.11.03,16.58.00,-90.120245,29.93413,-113,-13,25.0,124957,4382,D,PERIODIC,-98.0,-12.0,13.0,h5,0,0
1146,2025.11.03,16.58.01,-90.120245,29.93413,-113,-13,25.0,0,0,I,PERIODIC,-98.0,-12.0,13.0,h5,0,0
1147,2025.11.03,16.58.02,-90.120245,29.93413,-111,-13,35.0,2,2,D,PERIODIC,-99.0,-11.0,14.0,h5,0,0
1148,2025.11.03,16.58.03,-90.120245,29.93413,-111,-13,35.0,0,0,I,PERIODIC,-99.0,-11.0,14.0,h5,0,0
1149,2025.11.03,16.58.04,-90.120245,29.93413,-111,-13,35.0,0,0,I,PERIODIC,-98.0,-12.0,14.0,h5,0,0
1150,2025.11.03,16.58.05,-90.120245,29.93413,-111,-13,35.0,84284,688,D,PERIODIC,-98.0,-12.0,14.0,h5,0,0
1151,2025.11.03,16.58.06,-90.120245,29.93413,-111,-13,35.0,0,3,D,PERIODIC,-99.0,-12.0,14.0,h5,0,0
1152,2025.11.03,16.58.07,-90.120245,29.93413,-111,-13,35.0,0,5,D,PERIODIC,-99.0,-12.0,14.0,h5,0,0
1153,2025.11.03,16.58.08,-90.120245,29.93413,-111,-13,35.0,0,0,I,PERIODIC,-99.0,-13.0,14.0,h5,0,0
1154,2025.11.03,16.58.09,-90.120245,29.93413,-111,-13,35.0,0,4,D,PERIODIC,-99.0,-13.0,14.0,h5,0,0
1155,2025.11.03,16.58.10,-90.120245,29.93413,-113,-13,20.0,78170,641,D,PERIODIC,-99.0,-12.0,13.0,h5,0,0
1156,2025.11.03,16.58.11,-90.120245,29.93413,-113,-13,20.0,0,0,D,PERIODIC,-99.0,-12.0,13.0,h5,0,0
1157,2025.11.03,16.58.12,-90.120245,29.93413,-113,-13,20.0,32,43,D,PERIODIC,-99.0,-11.0,13.0,h5,0,0
1158,2025.11.03,16.58.13,-90.120245,29.93413,-113,-13,20.0,0,0,D,PERIODIC,-99.0,-11.0,13.0,h5,0,0
1159,2025.11.03,16.58.14,-90.120245,29.93413,-111,-13,20.0,0,0,I,PERIODIC,-99.0,-12.0,13.0,h5,0,0
1160,2025.11.03,16.58.15,-90.120245,29.93413,-111,-13,20.0,79853,677,D,PERIODIC,-99.0,-12.0,13.0,h5,0,0
1161,2025.11.03,16.58.16,-90.120245,29.93413,-111,-13,20.0,1,1,D,PERIODIC,-99.0,-12.0,13.0,h5,0,0
1162,2025.11.03,16.58.17,-90.120245,29.93413,-111,-13,20.0,3,2,D,PERIODIC,-99.0,-12.0,13.0,h5,0,0
1163,2025.11.03,16.58.18,-90.120245,29.93413,-113,-13,20.0,0,1,D,PERIODIC,-99.0,-11.0,13.0,h5,0,0
1164,2025.11.03,16.58.19,-90.120245,29.93413,-113,-13,20.0,0,0,I,PERIODIC,-99.0,-11.0,13.0,h5,0,0
1165,2025.11.03,16.58.20,-90.120245,29.93413,-113,-13,20.0,0,0,D,PERIODIC,-98.0,-12.0,13.0,h5,0,0
1166,2025.11.03,16.58.21,-90.120245,29.93413,-113,-13,20.0,83553,0,D,PERIODIC,-98.0,-12.0,13.0,h5,0,0
1167,2025.11.03,16.58.22,-90.120245,29.93413,-113,-13,20.0,0,0,I,PERIODIC,-99.0,-11.0,13.0,h5,0,0
1168,2025.11.03,16.58.23,-90.120245,29.93413,-113,-13,20.0,0,0,I,PERIODIC,-99.0,-11.0,13.0,h5,0,0
1169,2025.11.03,16.58.24,-90.120245,29.93413,-113,-13,20.0,0,0,I,PERIODIC,-99.0,-13.0,13.0,h5,0,0
1170,2025.11.03,16.58.25,-90.120245,29.93413,-113,-13,20.0,83535,740,D,PERIODIC,-99.0,-13.0,13.0,h5,0,0
1171,2025.11.03,16.58.26,-90.120245,29.93413,-113,-13,20.0,0,0,D,PERIODIC,-99.0,-12.0,13.0,h5,0,0
1172,2025.11.03,16.58.27,-90.120245,29.93413,-113,-13,20.0,0,0,D,PERIODIC,-99.0,-12.0,13.0,h5,0,0
1173,2025.11.03,16.58.28,-90.120245,29.93413,-113,-13,20.0,10,11,D,PERIODIC,-99.0,-12.0,13.0,h5,0,0
1174,2025.11.03,16.58.29,-90.120245,29.93413,-113,-13,20.0,0,0,I,PERIODIC,-99.0,-12.0,13.0,h5,0,0
1175,2025.11.03,16.58.30,-90.120245,29.93413,-111,-13,30.0,62142,1505,D,PERIODIC,-99.0,-13.0,14.0,h5,0,0
1176,2025.11.03,16.58.31,-90.120245,29.93413,-111,-13,30.0,0,0,I,PERIODIC,-99.0,-13.0,14.0,h5,0,0
1177,2025.11.03,16.58.32,-90.120245,29.93413,-111,-12,40.0,5,5,D,PERIODIC,-99.0,-12.0,12.0,h5,0,0
1178,2025.11.03,16.58.33,-90.120245,29.93413,-111,-12,40.0,0,0,I,PERIODIC,-99.0,-12.0,12.0,h5,0,0
1179,2025.11.03,16.58.34,-90.120245,29.93413,-112,-13,40.0,0,0,I,PERIODIC,-99.0,-13.0,13.0,h5,0,0
1180,2025.11.03,16.58.35,-90.120245,29.93413,-112,-13,40.0,0,0,D,PERIODIC,-99.0,-13.0,13.0,h5,0,0
1181,2025.11.03,16.58.36,-90.120245,29.93413,-112,-13,40.0,85571,678,D,PERIODIC,-99.0,-14.0,13.0,h5,0,0
1182,2025.11.03,16.58.37,-90.120245,29.93413,-112,-13,40.0,0,0,I,PERIODIC,-99.0,-14.0,13.0,h5,0,0
1183,2025.11.03,16.58.38,-90.120245,29.93413,-111,-13,40.0,0,0,I,PERIODIC,-99.0,-13.0,12.0,h5,0,0
1184,2025.11.03,16.58.39,-90.120245,29.93413,-111,-13,40.0,0,0,I,PERIODIC,-99.0,-13.0,12.0,h5,0,0
1185,2025.11.03,16.58.40,-90.120245,29.93413,-111,-13,40.0,78139,582,D,PERIODIC,-99.0,-13.0,12.0,h5,0,0
1186,2025.11.03,16.58.41,-90.120245,29.93413,-111,-13,40.0,0,0,I,PERIODIC,-99.0,-13.0,12.0,h5,0,0
1187,2025.11.03,16.58.42,-90.120245,29.93413,-111,-13,40.0,0,0,I,PERIODIC,-99.0,-13.0,12.0,h5,0,0
1188,2025.11.03,16.58.43,-90.120245,29.93413,-111,-13,40.0,0,0,I,PERIODIC,-99.0,-13.0,12.0,h5,0,0
1189,2025.11.03,16.58.44,-90.120245,29.93413,-111,-13,40.0,0,0,I,PERIODIC,-99.0,-12.0,12.0,h5,0,0
1190,2025.11.03,16.58.45,-90.120245,29.93413,-111,-13,40.0,0,0,I,PERIODIC,-99.0,-12.0,12.0,h5,0,0
1191,2025.11.03,16.58.46,-90.120245,29.93413,-111,-13,40.0,0,0,I,PERIODIC,-99.0,-12.0,12.0,h5,0,0
1192,2025.11.03,16.58.47,-90.120245,29.93413,-112,-12,4.0,7,5,D,PERIODIC,-99.0,-12.0,13.0,h5,0,0
1193,2025.11.03,16.58.48,-90.120245,29.93413,-112,-12,3.0,11,12,D,PERIODIC,-99.0,-12.0,13.0,h5,0,0
1194,2025.11.03,16.58.49,-90.120245,29.93413,-111,-13,35.0,1,1,D,PERIODIC,-99.0,-13.0,13.0,h5,0,0
1195,2025.11.03,16.58.50,-90.120245,29.93413,-111,-13,35.0,0,0,I,PERIODIC,-99.0,-13.0,13.0,h5,0,0
1196,2025.11.03,16.58.51,-90.120245,29.93413,-112,-12,40.0,0,0,I,PERIODIC,-99.0,-12.0,14.0,h5,0,0
1197,2025.11.03,16.58.52,-90.120245,29.93413,-112,-12,40.0,0,0,D,PERIODIC,-99.0,-12.0,14.0,h5,0,0
1198,2025.11.03,16.58.53,-90.120245,29.93413,-111,-13,35.0,2,2,D,PERIODIC,-98.0,-13.0,12.0,h5,0,0
1199,2025.11.03,16.58.54,-90.120245,29.93413,-111,-13,35.0,0,0,I,PERIODIC,-98.0,-13.0,12.0,h5,0,0
1200,2025.11.03,16.58.55,-90.120245,29.93413,-111,-13,35.0,0,0,I,PERIODIC,-98.0,-13.0,12.0,h5,0,0
1201,2025.11.03,16.58.56,-90.120245,29.93413,-113,-12,3.0,8,8,D,PERIODIC,-98.0,-12.0,12.0,h5,0,0
1202,2025.11.03,16.58.57,-90.120245,29.93413,-112,-13,30.0,5,5,D,PERIODIC,-98.0,-12.0,13.0,h5,0,0
1203,2025.11.03,16.58.58,-90.120245,29.93413,-112,-13,30.0,2,2,D,PERIODIC,-98.0,-12.0,13.0,h5,0,0
1204,2025.11.03,16.58.59,-90.120245,29.93413,-112,-13,30.0,0,0,D,PERIODIC,-98.0,-13.0,13.0,h5,0,0
1205,2025.11.03,16.59.00,-90.120245,29.93413,-112,-13,30.0,20,22,D,PERIODIC,-98.0,-13.0,13.0,h5,0,0
1206,2025.11.03,16.59.01,-90.120245,29.93413,-112,-13,30.0,1,1,D,PERIODIC,-99.0,-13.0,13.0,h5,0,0
1207,2025.11.03,16.59.02,-90.120245,29.93413,-112,-13,30.0,1,1,D,PERIODIC,-99.0,-13.0,13.0,h5,0,0
1208,2025.11.03,16.59.03,-90.120245,29.93413,-112,-13,30.0,0,0,I,PERIODIC,-99.0,-12.0,13.0,h5,0,0
1209,2025.11.03,16.59.04,-90.120245,29.93413,-112,-13,30.0,0,0,I,PERIODIC,-99.0,-12.0,13.0,h5,0,0
1210,2025.11.03,16.59.05,-90.120245,29.93413,-112,-13,30.0,0,0,I,PERIODIC,-99.0,-12.0,13.0,h5,0,0
1211,2025.11.03,16.59.06,-90.120245,29.93413,-112,-13,30.0,0,0,I,PERIODIC,-98.0,-13.0,13.0,h5,0,0
1212,2025.11.03,16.59.07,-90.120245,29.93413,-112,-13,30.0,0,0,I,PERIODIC,-98.0,-13.0,13.0,h5,0,0
1213,2025.11.03,16.59.08,-90.120245,29.93413,-112,-13,30.0,1,1,D,PERIODIC,-98.0,-13.0,13.0,h5,0,0
1214,2025.11.03,16.59.09,-90.120245,29.93413,-112,-13,30.0,0,0,D,PERIODIC,-98.0,-12.0,12.0,h5,0,0
1215,2025.11.03,16.59.10,-90.120245,29.93413,-112,-13,30.0,8,8,D,PERIODIC,-98.0,-12.0,12.0,h5,0,0
1216,2025.11.03,16.59.11,-90.120245,29.93413,-112,-13,30.0,0,0,I,PERIODIC,-98.0,-12.0,12.0,h5,0,0
1217,2025.11.03,16.59.12,-90.120245,29.93413,-112,-13,30.0,0,0,I,PERIODIC,-98.0,-12.0,12.0,h5,0,0
1218,2025.11.03,16.59.13,-90.120245,29.93413,-112,-13,30.0,0,0,I,PERIODIC,-98.0,-12.0,13.0,h5,0,0
1219,2025.11.03,16.59.14,-90.120245,29.93413,-112,-13,30.0,0,0,I,PERIODIC,-98.0,-12.0,13.0,h5,0,0
1220,2025.11.03,16.59.15,-90.120245,29.93413,-112,-13,30.0,0,0,I,PERIODIC,-99.0,-11.0,13.0,h5,0,0
1221,2025.11.03,16.59.16,-90.120245,29.93413,-112,-13,30.0,0,0,D,PERIODIC,-99.0,-11.0,13.0,h5,0,0
1222,2025.11.03,16.59.17,-90.120245,29.93413,-112,-13,30.0,4,4,D,PERIODIC,-99.0,-11.0,13.0,h5,0,0
1223,2025.11.03,16.59.18,-90.120245,29.93413,-113,-12,35.0,4,4,D,PERIODIC,-98.0,-11.0,13.0,h5,0,0
1224,2025.11.03,16.59.19,-90.120245,29.93413,-112,-13,30.0,0,0,D,PERIODIC,-98.0,-12.0,13.0,h5,0,0
1225,2025.11.03,16.59.20,-90.120245,29.93413,-112,-13,30.0,0,0,D,PERIODIC,-98.0,-12.0,13.0,h5,0,0
1226,2025.11.03,16.59.21,-90.120245,29.93413,-112,-13,30.0,0,0,I,PERIODIC,-99.0,-12.0,13.0,h5,0,0
1227,2025.11.03,16.59.22,-90.120245,29.93413,-112,-13,30.0,4,4,D,PERIODIC,-99.0,-12.0,13.0,h5,0,0
1228,2025.11.03,16.59.23,-90.120245,29.93413,-112,-13,30.0,0,0,D,PERIODIC,-99.0,-12.0,13.0,h5,0,0
1229,2025.11.03,16.59.24,-90.120245,29.93413,-112,-13,30.0,0,0,I,PERIODIC,-99.0,-12.0,13.0,h5,0,0
1230,2025.11.03,16.59.25,-90.120245,29.93413,-112,-13,30.0,0,0,I,PERIODIC,-102.0,-12.0,13.0,h5,0,0
1231,2025.11.03,16.59.26,-90.120245,29.93413,-112,-13,30.0,0,0,I,PERIODIC,-102.0,-12.0,13.0,h5,0,0
1232,2025.11.03,16.59.27,-90.120245,29.93413,-112,-13,30.0,0,0,I,PERIODIC,-102.0,-12.0,13.0,h5,0,0
1233,2025.11.03,16.59.28,-90.120245,29.93413,-111,-12,40.0,0,0,I,PERIODIC,-102.0,-12.0,9.0,h5,0,0
10434,2025.12.24,15.33.31,-87.901219,42.340112,-100,-11,21.0,0,0,D,LOG START,-94.0,-10.0,15.0,h5,0,0
10435,2025.12.24,15.33.31,-87.901219,42.340112,-97,-11,21.0,0,0,D,PERIODIC,-96.0,-10.0,21.0,h5,0,0
10436,2025.12.24,15.33.31,-87.901219,42.340112,-97,-11,21.0,0,0,D,,-96.0,-10.0,21.0,h5,0,0
10437,2025.12.24,15.33.32,-87.901219,42.340112,-97,-11,21.0,0,0,I,PERIODIC,-96.0,-10.0,21.0,h5,0,0
10438,2025.12.24,15.33.33,-87.901219,42.340112,-97,-11,21.0,1,1,D,PERIODIC,-93.0,-8.0,13.0,h5,0,0
10439,2025.12.24,15.33.34,-87.901219,42.340112,-97,-11,18.0,0,0,D,PERIODIC,-93.0,-8.0,13.0,h5,0,0
10440,2025.12.24,15.33.35,-87.901219,42.340112,-100,-11,20.0,0,0,I,PERIODIC,-96.0,-13.0,13.0,h5,0,0
10441,2025.12.24,15.33.36,-87.901219,42.340112,-100,-11,20.0,0,0,I,PERIODIC,-96.0,-13.0,13.0,h5,0,0
10442,2025.12.24,15.33.37,-87.901219,42.340112,-102,-11,19.0,0,0,D,PERIODIC,-94.0,-11.0,13.0,h5,0,0
10443,2025.12.24,15.33.38,-87.901219,42.340112,-102,-11,19.0,0,0,I,PERIODIC,-94.0,-11.0,13.0,h5,0,0
10444,2025.12.24,15.33.39,-87.901219,42.340112,-102,-11,19.0,2,1,D,PERIODIC,-95.0,-12.0,13.0,h5,0,0
10445,2025.12.24,15.33.40,-87.901219,42.340112,-102,-11,19.0,0,0,D,PERIODIC,-95.0,-12.0,13.0,h5,0,0
10446,2025.12.24,15.33.41,-87.901219,42.340112,-102,-11,19.0,0,0,I,PERIODIC,-95.0,-12.0,13.0,h5,0,0
10447,2025.12.24,15.33.42,-87.901219,42.340112,-102,-11,19.0,2,2,D,PERIODIC,-95.0,-12.0,13.0,h5,0,0
10448,2025.12.24,15.33.43,-87.901219,42.340112,-102,-11,19.0,0,0,D,PERIODIC,-95.0,-14.0,13.0,h5,0,0
10449,2025.12.24,15.33.44,-87.901219,42.340112,-102,-11,19.0,20,0,D,PERIODIC,-95.0,-14.0,13.0,h5,0,0
10450,2025.12.24,15.33.45,-87.901219,42.340112,-103,-11,19.0,0,0,I,PERIODIC,-95.0,-12.0,11.0,h5,0,0
10451,2025.12.24,15.33.46,-87.901219,42.340112,-103,-11,19.0,0,0,I,PERIODIC,-95.0,-12.0,11.0,h5,0,0
10452,2025.12.24,15.33.47,-87.901219,42.340112,-101,-11,18.0,4,5,D,PERIODIC,-95.0,-9.0,12.0,h5,0,0
10453,2025.12.24,15.33.48,-87.901219,42.340112,-101,-11,19.0,0,0,D,PERIODIC,-95.0,-9.0,12.0,h5,0,0
10454,2025.12.24,15.33.49,-87.901219,42.340112,-99,-11,19.0,1,1,D,PERIODIC,-97.0,-11.0,13.0,h5,0,0
10455,2025.12.24,15.33.50,-87.901219,42.340112,-99,-11,19.0,0,0,D,PERIODIC,-97.0,-11.0,13.0,h5,0,0
10456,2025.12.24,15.33.51,-87.901219,42.340112,-99,-11,19.0,0,0,I,PERIODIC,-96.0,-12.0,13.0,h5,0,0
10457,2025.12.24,15.33.52,-87.901219,42.340112,-99,-11,19.0,7,10,D,PERIODIC,-96.0,-12.0,13.0,h5,0,0
10458,2025.12.24,15.33.53,-87.901219,42.340112,-99,-11,19.0,1,1,D,PERIODIC,-97.0,-11.0,13.0,h5,0,0
10459,2025.12.24,15.33.54,-87.901219,42.340112,-99,-11,19.0,0,0,D,PERIODIC,-97.0,-11.0,13.0,h5,0,0
10460,2025.12.24,15.33.55,-87.901219,42.340112,-99,-11,19.0,0,0,I,PERIODIC,-95.0,-11.0,13.0,h5,0,0
10461,2025.12.24,15.33.56,-87.901219,42.340112,-99,-11,19.0,0,0,I,PERIODIC,-95.0,-11.0,13.0,h5,0,0
10462,2025.12.24,15.33.57,-87.901219,42.340112,-99,-11,19.0,17,16,D,PERIODIC,-95.0,-14.0,13.0,h5,0,0
10463,2025.12.24,15.33.58,-87.901219,42.340112,-99,-11,19.0,18,20,D,PERIODIC,-95.0,-14.0,13.0,h5,0,0
10464,2025.12.24,15.33.59,-87.901219,42.340112,-99,-11,19.0,0,0,D,PERIODIC,-98.0,-11.0,13.0,h5,0,0
10465,2025.12.24,15.34.00,-87.901219,42.340112,-99,-11,18.0,0,5,D,PERIODIC,-98.0,-11.0,13.0,h5,0,0
10466,2025.12.24,15.34.01,-87.901219,42.340112,-102,-11,18.0,0,0,D,PERIODIC,-96.0,-13.0,12.0,h5,0,0
10467,2025.12.24,15.34.02,-87.901219,42.340112,-102,-11,18.0,8,11,D,PERIODIC,-96.0,-13.0,12.0,h5,0,0
10468,2025.12.24,15.34.03,-87.901219,42.340112,-102,-11,18.0,4,4,D,PERIODIC,-96.0,-10.0,10.0,h5,0,0
10469,2025.12.24,15.34.04,-87.901219,42.340112,-102,-11,18.0,85434,9119,D,PERIODIC,-96.0,-10.0,10.0,h5,0,0
10470,2025.12.24,15.34.05,-87.901219,42.340112,-102,-11,18.0,4,4,D,PERIODIC,-96.0,-10.0,10.0,h5,0,0
10471,2025.12.24,15.34.06,-87.901219,42.340112,-102,-11,18.0,0,0,D,PERIODIC,-96.0,-10.0,10.0,h5,0,0
10472,2025.12.24,15.34.07,-87.901219,42.340112,-102,-11,18.0,0,0,I,PERIODIC,-95.0,-11.0,10.0,h5,0,0
10473,2025.12.24,15.34.08,-87.901219,42.340112,-102,-11,18.0,2,2,D,PERIODIC,-95.0,-11.0,10.0,h5,0,0
10474,2025.12.24,15.34.09,-87.901219,42.340112,-102,-11,18.0,192243,1605,D,PERIODIC,-95.0,-11.0,10.0,h5,0,0
10475,2025.12.24,15.34.10,-87.901219,42.340112,-101,-11,18.0,0,0,D,PERIODIC,-95.0,-10.0,9.0,h5,0,0
10476,2025.12.24,15.34.11,-87.901219,42.340112,-101,-11,18.0,0,0,I,PERIODIC,-96.0,-10.0,9.0,h5,0,0
10477,2025.12.24,15.34.12,-87.901219,42.340112,-101,-11,18.0,0,0,I,PERIODIC,-96.0,-10.0,9.0,h5,0,0
10478,2025.12.24,15.34.13,-87.901219,42.340112,-102,-11,18.0,4,4,D,PERIODIC,-96.0,-10.0,16.0,h5,0,0
10479,2025.12.24,15.34.14,-87.901219,42.340112,-102,-11,18.0,104485,854,D,PERIODIC,-96.0,-10.0,16.0,h5,0,0
10480,2025.12.24,15.34.15,-87.901219,42.340112,-102,-11,18.0,0,0,D,PERIODIC,-94.0,-9.0,16.0,h5,0,0
10481,2025.12.24,15.34.16,-87.901219,42.340112,-102,-11,18.0,0,0,I,PERIODIC,-94.0,-9.0,16.0,h5,0,0
10482,2025.12.24,15.34.17,-87.901219,42.340112,-97,-11,20.0,4,4,D,PERIODIC,-94.0,-10.0,15.0,h5,0,0
10483,2025.12.24,15.34.18,-87.901219,42.340112,-97,-11,18.0,0,0,D,PERIODIC,-94.0,-10.0,15.0,h5,0,0
10484,2025.12.24,15.34.19,-87.901219,42.340112,-99,-11,18.0,0,0,I,PERIODIC,-94.0,-13.0,13.0,h5,0,0
10485,2025.12.24,15.34.20,-87.901219,42.340112,-99,-11,18.0,0,0,D,PERIODIC,-94.0,-13.0,13.0,h5,0,0
10486,2025.12.24,15.34.21,-87.901219,42.340112,-99,-11,18.0,0,0,I,PERIODIC,-95.0,-13.0,13.0,h5,0,0
10487,2025.12.24,15.34.22,-87.901219,42.340112,-99,-11,20.0,0,0,I,PERIODIC,-95.0,-13.0,13.0,h5,0,0
10488,2025.12.24,15.34.23,-87.901219,42.340112,-97,-11,20.0,0,0,I,PERIODIC,-95.0,-12.0,9.0,h5,0,0
10489,2025.12.24,15.34.24,-87.901219,42.340112,-97,-11,19.0,0,0,I,PERIODIC,-95.0,-12.0,9.0,h5,0,0
10490,2025.12.24,15.34.25,-87.901219,42.340112,-99,-11,19.0,0,0,D,PERIODIC,-94.0,-12.0,11.0,h5,0,0
10491,2025.12.24,15.34.26,-87.901219,42.340112,-99,-11,19.0,3,3,D,PERIODIC,-94.0,-12.0,11.0,h5,0,0
10492,2025.12.24,15.34.27,-87.901219,42.340112,-96,-11,17.0,6,6,D,PERIODIC,-96.0,-13.0,14.0,h5,0,0
10493,2025.12.24,15.34.28,-87.901219,42.340112,-96,-11,17.0,1,1,D,PERIODIC,-96.0,-13.0,14.0,h5,0,0
10494,2025.12.24,15.34.29,-87.901219,42.340112,-99,-11,18.0,64502,3732,D,PERIODIC,-97.0,-13.0,12.0,h5,0,0
10495,2025.12.24,15.34.30,-87.901219,42.340112,-99,-11,18.0,0,0,D,PERIODIC,-97.0,-13.0,12.0,h5,0,0
10496,2025.12.24,15.34.31,-87.901219,42.340112,-98,-11,18.0,0,0,I,PERIODIC,-98.0,-10.0,11.0,h5,0,0
10497,2025.12.24,15.34.32,-87.901219,42.340112,-98,-11,18.0,0,0,I,PERIODIC,-98.0,-10.0,11.0,h5,0,0
10498,2025.12.24,15.34.33,-87.901219,42.340112,-98,-11,19.0,0,0,I,PERIODIC,-97.0,-10.0,11.0,h5,0,0
10499,2025.12.24,15.34.34,-87.901219,42.340112,-98,-11,19.0,109398,795,D,PERIODIC,-97.0,-10.0,11.0,h5,0,0
10500,2025.12.24,15.34.35,-87.901219,42.340112,-98,-11,19.0,0,0,D,PERIODIC,-97.0,-10.0,11.0,h5,0,0
10501,2025.12.24,15.34.36,-87.901219,42.340112,-98,-11,19.0,0,0,I,PERIODIC,-97.0,-10.0,11.0,h5,0,0
10502,2025.12.24,15.34.37,-87.901219,42.340112,-98,-11,19.0,0,0,I,PERIODIC,-97.0,-10.0,11.0,h5,0,0
10503,2025.12.24,15.34.38,-87.901219,42.340112,-100,-11,19.0,0,0,I,PERIODIC,-96.0,-9.0,12.0,h5,0,0
10504,2025.12.24,15.34.39,-87.901219,42.340112,-100,-11,19.0,103922,820,D,PERIODIC,-96.0,-9.0,12.0,h5,0,0
10505,2025.12.24,15.34.40,-87.901219,42.340112,-100,-11,18.0,0,0,D,PERIODIC,-95.0,-12.0,14.0,h5,0,0
10506,2025.12.24,15.34.41,-87.901219,42.340112,-100,-11,18.0,0,0,I,PERIODIC,-95.0,-12.0,14.0,h5,0,0
10507,2025.12.24,15.34.42,-87.901219,42.340112,-100,-11,18.0,2,2,D,PERIODIC,-96.0,-11.0,14.0,h5,0,0
10508,2025.12.24,15.34.43,-87.901219,42.340112,-100,-11,18.0,0,0,D,PERIODIC,-96.0,-11.0,14.0,h5,0,0
10509,2025.12.24,15.34.44,-87.901219,42.340112,-100,-11,18.0,72094,611,D,PERIODIC,-95.0,-14.0,14.0,h5,0,0
10510,2025.12.24,15.34.45,-87.901219,42.340112,-100,-11,18.0,6,5,D,PERIODIC,-95.0,-14.0,14.0,h5,0,0
10511,2025.12.24,15.34.46,-87.901219,42.340112,-100,-11,18.0,0,0,D,PERIODIC,-96.0,-12.0,14.0,h5,0,0
10512,2025.12.24,15.34.47,-87.901219,42.340112,-100,-11,18.0,4,4,D,PERIODIC,-96.0,-12.0,14.0,h5,0,0
10513,2025.12.24,15.34.48,-87.901219,42.340112,-100,-11,18.0,0,0,D,PERIODIC,-95.0,-7.0,14.0,h5,0,0
10514,2025.12.24,15.34.49,-87.901219,42.340112,-100,-11,18.0,98444,2023,D,PERIODIC,-95.0,-7.0,14.0,h5,0,0
10515,2025.12.24,15.34.50,-87.901219,42.340112,-100,-11,18.0,0,0,D,PERIODIC,-95.0,-12.0,14.0,h5,0,0
10516,2025.12.24,15.34.51,-87.901219,42.340112,-100,-11,18.0,0,0,I,PERIODIC,-95.0,-12.0,14.0,h5,0,0
10517,2025.12.24,15.34.52,-87.901219,42.340112,-100,-11,18.0,0,0,I,PERIODIC,-95.0,-10.0,14.0,h5,0,0
10518,2025.12.24,15.34.53,-87.901219,42.340112,-100,-11,18.0,1,1,D,PERIODIC,-95.0,-10.0,14.0,h5,0,0
10519,2025.12.24,15.34.54,-87.901219,42.340112,-100,-11,18.0,0,692,D,PERIODIC,-96.0,-14.0,14.0,h5,0,0
10520,2025.12.24,15.34.55,-87.901219,42.340112,-100,-11,18.0,0,0,D,PERIODIC,-96.0,-14.0,14.0,h5,0,0
10521,2025.12.24,15.34.56,-87.901219,42.340112,-100,-11,18.0,0,0,I,PERIODIC,-96.0,-14.0,14.0,h5,0,0
10522,2025.12.24,15.34.57,-87.901219,42.340112,-100,-11,19.0,7,10,D,PERIODIC,-96.0,-8.0,14.0,h5,0,0
10523,2025.12.24,15.34.58,-87.901219,42.340112,-100,-11,18.0,0,0,D,PERIODIC,-96.0,-8.0,14.0,h5,0,0
10524,2025.12.24,15.34.59,-87.901219,42.340112,-100,-11,18.0,62564,487,D,PERIODIC,-96.0,-11.0,13.0,h5,0,0
10525,2025.12.24,15.35.00,-87.901219,42.340112,-100,-11,18.0,0,0,D,PERIODIC,-96.0,-10.0,13.0,h5,0,0
10526,2025.12.24,15.35.01,-87.901219,42.340112,-100,-11,19.0,0,0,I,PERIODIC,-96.0,-10.0,13.0,h5,0,0
10527,2025.12.24,15.35.02,-87.901219,42.340112,-99,-11,19.0,127,76,D,PERIODIC,-95.0,-14.0,12.0,h5,0,0
10528,2025.12.24,15.35.03,-87.901219,42.340112,-99,-11,19.0,0,2,D,PERIODIC,-95.0,-14.0,12.0,h5,0,0
10529,2025.12.24,15.35.04,-87.901219,42.340112,-100,-11,19.0,0,0,D,PERIODIC,-95.0,-12.0,13.0,h5,0,0
10530,2025.12.24,15.35.05,-87.901219,42.340112,-100,-11,19.0,101771,1666,D,PERIODIC,-95.0,-12.0,13.0,h5,0,0
10531,2025.12.24,15.35.06,-87.901219,42.340112,-100,-11,20.0,0,0,I,PERIODIC,-95.0,-12.0,13.0,h5,0,0
10532,2025.12.24,15.35.07,-87.901219,42.340112,-100,-11,20.0,0,0,I,PERIODIC,-96.0,-14.0,12.0,h5,0,0
10533,2025.12.24,15.35.08,-87.901219,42.340112,-100,-11,20.0,0,1,D,PERIODIC,-96.0,-14.0,12.0,h5,0,0
10534,2025.12.24,15.35.09,-87.901219,42.340112,-100,-11,20.0,63807,890,D,PERIODIC,-96.0,-15.0,10.0,h5,0,0
10535,2025.12.24,15.35.10,-87.901219,42.340112,-100,-11,20.0,0,0,D,PERIODIC,-96.0,-15.0,10.0,h5,0,0
10536,2025.12.24,15.35.11,-87.901219,42.340112,-100,-11,20.0,0,0,I,PERIODIC,-95.0,-13.0,10.0,h5,0,0
10537,2025.12.24,15.35.12,-87.901219,42.340112,-100,-11,20.0,7,8,D,PERIODIC,-95.0,-13.0,10.0,h5,0,0
10538,2025.12.24,15.35.13,-87.901219,42.340112,-99,-11,20.0,0,0,D,PERIODIC,-95.0,-12.0,11.0,h5,0,0
10539,2025.12.24,15.35.14,-87.901219,42.340112,-99,-11,20.0,105584,777,D,PERIODIC,-95.0,-12.0,11.0,h5,0,0
10540,2025.12.24,15.35.15,-87.901219,42.340112,-99,-11,20.0,0,0,D,PERIODIC,-95.0,-14.0,11.0,h5,0,0
10541,2025.12.24,15.35.16,-87.901219,42.340112,-99,-11,20.0,0,0,I,PERIODIC,-95.0,-14.0,11.0,h5,0,0
10542,2025.12.24,15.35.17,-87.901219,42.340112,-99,-11,20.0,0,0,I,PERIODIC,-95.0,-13.0,11.0,h5,0,0
10543,2025.12.24,15.35.18,-87.901219,42.340112,-99,-11,20.0,0,0,I,PERIODIC,-95.0,-13.0,11.0,h5,0,0
10544,2025.12.24,15.35.19,-87.901219,42.340112,-100,-11,20.0,72187,587,D,PERIODIC,-96.0,-14.0,9.0,h5,0,0
10545,2025.12.24,15.35.20,-87.901219,42.340112,-100,-11,20.0,0,0,D,PERIODIC,-96.0,-14.0,9.0,h5,0,0
10546,2025.12.24,15.35.21,-87.901219,42.340112,-100,-11,20.0,0,0,I,PERIODIC,-96.0,-12.0,9.0,h5,0,0
10547,2025.12.24,15.35.22,-87.901219,42.340112,-100,-11,19.0,0,0,I,PERIODIC,-96.0,-12.0,9.0,h5,0,0
10548,2025.12.24,15.35.23,-87.901219,42.340112,-101,-11,19.0,0,0,I,PERIODIC,-95.0,-13.0,12.0,h5,0,0
10549,2025.12.24,15.35.24,-87.901219,42.340112,-101,-11,19.0,112700,771,D,PERIODIC,-95.0,-13.0,12.0,h5,0,0
10550,2025.12.24,15.35.25,-87.901219,42.340112,-101,-11,19.0,0,0,D,PERIODIC,-96.0,-13.0,12.0,h5,0,0
10551,2025.12.24,15.35.26,-87.901219,42.340112,-101,-11,19.0,5,6,D,PERIODIC,-96.0,-13.0,12.0,h5,0,0
10552,2025.12.24,15.35.27,-87.901219,42.340112,-100,-11,19.0,20,21,D,PERIODIC,-96.0,-12.0,12.0,h5,0,0
10553,2025.12.24,15.35.28,-87.901219,42.340112,-100,-11,19.0,13,13,D,PERIODIC,-96.0,-12.0,12.0,h5,0,0
10554,2025.12.24,15.35.29,-87.901219,42.340112,-100,-11,19.0,0,0,D,PERIODIC,-96.0,-14.0,12.0,h5,0,0
10555,2025.12.24,15.35.30,-87.901219,42.340112,-100,-11,19.0,0,0,D,PERIODIC,-96.0,-14.0,12.0,h5,0,0
10556,2025.12.24,15.35.31,-87.901219,42.340112,-100,-11,19.0,0,0,I,PERIODIC,-96.0,-14.0,12.0,h5,0,0
10557,2025.12.24,15.35.32,-87.901219,42.340112,-100,-11,19.0,2,1,D,PERIODIC,-96.0,-14.0,12.0,h5,0,0
10558,2025.12.24,15.35.33,-87.901219,42.340112,-100,-11,19.0,0,1,D,PERIODIC,-97.0,-15.0,12.0,h5,0,0
10559,2025.12.24,15.35.34,-87.901219,42.340112,-100,-11,19.0,65936,548,D,PERIODIC,-97.0,-15.0,12.0,h5,0,0
10560,2025.12.24,15.35.35,-87.901219,42.340112,-100,-11,19.0,0,0,D,PERIODIC,-96.0,-14.0,12.0,h5,0,0
10561,2025.12.24,15.35.36,-87.901219,42.340112,-100,-11,19.0,0,0,I,PERIODIC,-96.0,-14.0,12.0,h5,0,0
10562,2025.12.24,15.35.37,-87.901219,42.340112,-100,-11,19.0,0,0,I,PERIODIC,-96.0,-11.0,12.0,h5,0,0
10563,2025.12.24,15.35.38,-87.901219,42.340112,-100,-11,19.0,0,0,I,PERIODIC,-96.0,-11.0,12.0,h5,0,0
10564,2025.12.24,15.35.39,-87.901219,42.340112,-100,-11,19.0,99168,737,D,PERIODIC,-96.0,-11.0,12.0,h5,0,0
10565,2025.12.24,15.35.40,-87.901219,42.340112,-100,-11,19.0,0,0,D,PERIODIC,-96.0,-11.0,12.0,h5,0,0
10566,2025.12.24,15.35.41,-87.901219,42.340112,-100,-11,19.0,0,0,I,PERIODIC,-96.0,-14.0,12.0,h5,0,0
10567,2025.12.24,15.35.42,-87.901219,42.340112,-100,-11,19.0,2,2,D,PERIODIC,-96.0,-14.0,12.0,h5,0,0
10568,2025.12.24,15.35.43,-87.901219,42.340112,-100,-11,20.0,0,0,D,PERIODIC,-96.0,-12.0,13.0,h5,0,0
10569,2025.12.24,15.35.44,-87.901219,42.340112,-100,-11,19.0,0,0,I,PERIODIC,-96.0,-12.0,13.0,h5,0,0
10570,2025.12.24,15.35.45,-87.901219,42.340112,-100,-11,19.0,67046,523,D,PERIODIC,-96.0,-13.0,11.0,h5,0,0
10571,2025.12.24,15.35.46,-87.901219,42.340112,-100,-11,19.0,0,2,D,PERIODIC,-96.0,-13.0,11.0,h5,0,0
10572,2025.12.24,15.35.47,-87.901219,42.340112,-100,-11,19.0,0,0,D,PERIODIC,-95.0,-13.0,11.0,h5,0,0
10573,2025.12.24,15.35.48,-87.901219,42.340112,-100,-11,19.0,8,0,D,PERIODIC,-95.0,-13.0,11.0,h5,0,0
10574,2025.12.24,15.35.49,-87.901219,42.340112,-100,-11,19.0,103038,1275,D,PERIODIC,-96.0,-14.0,11.0,h5,0,0
10575,2025.12.24,15.35.50,-87.901219,42.340112,-100,-11,20.0,0,0,D,PERIODIC,-96.0,-14.0,11.0,h5,0,0
10576,2025.12.24,15.35.51,-87.901219,42.340112,-100,-11,20.0,0,0,I,PERIODIC,-96.0,-12.0,12.0,h5,0,0
10577,2025.12.24,15.35.52,-87.901219,42.340112,-100,-11,20.0,0,0,I,PERIODIC,-96.0,-12.0,12.0,h5,0,0
10578,2025.12.24,15.35.53,-87.901219,42.340112,-100,-11,20.0,0,0,I,PERIODIC,-96.0,-9.0,14.0,h5,0,0
10579,2025.12.24,15.35.54,-87.901219,42.340112,-100,-11,20.0,74969,533,D,PERIODIC,-96.0,-9.0,14.0,h5,0,0
10580,2025.12.24,15.35.55,-87.901219,42.340112,-100,-11,20.0,0,0,D,PERIODIC,-97.0,-11.0,14.0,h5,0,0
10581,2025.12.24,15.35.56,-87.901219,42.340112,-100,-11,20.0,1,1,D,PERIODIC,-97.0,-11.0,14.0,h5,0,0
10582,2025.12.24,15.35.57,-87.901219,42.340112,-100,-11,20.0,7,7,D,PERIODIC,-96.0,-14.0,14.0,h5,0,0
10583,2025.12.24,15.35.58,-87.901219,42.340112,-100,-11,20.0,0,0,D,PERIODIC,-96.0,-14.0,14.0,h5,0,0
10584,2025.12.24,15.35.59,-87.901219,42.340112,-100,-11,20.0,106333,771,D,PERIODIC,-97.0,-11.0,9.0,h5,0,0
10585,2025.12.24,15.36.00,-87.901219,42.340112,-100,-11,20.0,0,0,D,PERIODIC,-97.0,-11.0,9.0,h5,0,0
10586,2025.12.24,15.36.01,-87.901219,42.340112,-99,-11,20.0,0,0,I,PERIODIC,-95.0,-13.0,12.0,h5,0,0
10587,2025.12.24,15.36.02,-87.901219,42.340112,-99,-11,20.0,9,11,D,PERIODIC,-95.0,-13.0,12.0,h5,0,0
10588,2025.12.24,15.36.03,-87.901219,42.340112,-99,-11,20.0,3,3,D,PERIODIC,-96.0,-12.0,12.0,h5,0,0
10589,2025.12.24,15.36.04,-87.901219,42.340112,-99,-11,20.0,0,0,D,PERIODIC,-96.0,-12.0,12.0,h5,0,0
10590,2025.12.24,15.36.05,-87.901219,42.340112,-100,-11,19.0,0,0,D,PERIODIC,-95.0,-10.0,13.0,h5,0,0
10591,2025.12.24,15.36.06,-87.901219,42.340112,-100,-11,19.0,0,0,I,PERIODIC,-95.0,-10.0,13.0,h5,0,0
10592,2025.12.24,15.36.07,-87.901219,42.340112,-100,-11,19.0,0,0,I,PERIODIC,-95.0,-11.0,12.0,h5,0,0
10593,2025.12.24,15.36.08,-87.901219,42.340112,-100,-11,19.0,0,4,D,PERIODIC,-95.0,-11.0,12.0,h5,0,0
10594,2025.12.24,15.36.09,-87.901219,42.340112,-100,-11,19.0,0,719,D,PERIODIC,-95.0,-10.0,13.0,h5,0,0
10595,2025.12.24,15.36.10,-87.901219,42.340112,-100,-11,19.0,0,0,D,PERIODIC,-95.0,-10.0,13.0,h5,0,0
10596,2025.12.24,15.36.11,-87.901219,42.340112,-99,-11,19.0,2,2,D,PERIODIC,-95.0,-8.0,10.0,h5,0,0
10597,2025.12.24,15.36.12,-87.901219,42.340112,-99,-11,19.0,28,26,D,PERIODIC,-95.0,-8.0,10.0,h5,0,0
10598,2025.12.24,15.36.13,-87.901219,42.340112,-98,-11,19.0,0,0,D,PERIODIC,-95.0,-13.0,10.0,h5,0,0
10599,2025.12.24,15.36.14,-87.901219,42.340112,-98,-11,19.0,97686,852,D,PERIODIC,-95.0,-13.0,10.0,h5,0,0
10600,2025.12.24,15.36.15,-87.901219,42.340112,-100,-11,19.0,0,0,D,PERIODIC,-94.0,-12.0,14.0,h5,0,0
10601,2025.12.24,15.36.16,-87.901219,42.340112,-100,-11,20.0,2,2,D,PERIODIC,-94.0,-12.0,14.0,h5,0,0
10602,2025.12.24,15.36.17,-87.901219,42.340112,-97,-11,20.0,0,0,I,PERIODIC,-94.0,-14.0,13.0,h5,0,0
10603,2025.12.24,15.36.18,-87.901219,42.340112,-97,-11,20.0,1,1,D,PERIODIC,-94.0,-14.0,13.0,h5,0,0
10604,2025.12.24,15.36.19,-87.901219,42.340112,-99,-11,20.0,0,826,D,PERIODIC,-96.0,-14.0,14.0,h5,0,0
10605,2025.12.24,15.36.20,-87.901219,42.340112,-99,-11,20.0,0,0,I,PERIODIC,-96.0,-14.0,14.0,h5,0,0
10606,2025.12.24,15.36.21,-87.901219,42.340112,-99,-11,20.0,0,0,D,PERIODIC,-95.0,-12.0,14.0,h5,0,0
10607,2025.12.24,15.36.22,-87.901219,42.340112,-99,-11,20.0,0,0,I,PERIODIC,-95.0,-12.0,14.0,h5,0,0
10608,2025.12.24,15.36.23,-87.901219,42.340112,-99,-11,19.0,0,0,I,PERIODIC,-95.0,-13.0,13.0,h5,0,0
10609,2025.12.24,15.36.24,-87.901219,42.340112,-99,-11,20.0,67925,515,D,PERIODIC,-95.0,-13.0,13.0,h5,0,0
10610,2025.12.24,15.36.25,-87.901219,42.340112,-97,-11,19.0,0,0,I,PERIODIC,-95.0,-12.0,10.0,h5,0,0
10611,2025.12.24,15.36.26,-87.901219,42.340112,-97,-11,19.0,3,3,D,PERIODIC,-95.0,-12.0,10.0,h5,0,0
10612,2025.12.24,15.36.27,-87.901219,42.340112,-97,-11,19.0,11,13,D,PERIODIC,-96.0,-13.0,10.0,h5,0,0
10613,2025.12.24,15.36.28,-87.901219,42.340112,-97,-11,19.0,0,0,D,PERIODIC,-96.0,-13.0,10.0,h5,0,0
10614,2025.12.24,15.36.29,-87.901219,42.340112,-97,-11,19.0,0,0,D,PERIODIC,-96.0,-12.0,10.0,h5,0,0
10615,2025.12.24,15.36.30,-87.901219,42.340112,-97,-11,19.0,79877,3162,D,PERIODIC,-96.0,-12.0,10.0,h5,0,0
10616,2025.12.24,15.36.31,-87.901219,42.340112,-97,-11,19.0,0,0,I,PERIODIC,-96.0,-13.0,10.0,h5,0,0
10617,2025.12.24,15.36.32,-87.901219,42.340112,-97,-11,19.0,0,0,I,PERIODIC,-96.0,-13.0,10.0,h5,0,0
10618,2025.12.24,15.36.33,-87.901219,42.340112,-96,-11,20.0,0,0,I,PERIODIC,-94.0,-14.0,12.0,h5,0,0
10619,2025.12.24,15.36.34,-87.901219,42.340112,-96,-11,22.0,105286,754,D,PERIODIC,-94.0,-14.0,12.0,h5,0,0
10620,2025.12.24,15.36.35,-87.901219,42.340112,-95,-11,22.0,0,0,I,PERIODIC,-95.0,-12.0,12.0,h5,0,0
10621,2025.12.24,15.36.36,-87.901219,42.340112,-95,-11,22.0,0,0,I,PERIODIC,-95.0,-12.0,12.0,h5,0,0
10622,2025.12.24,15.36.37,-87.901219,42.340112,-95,-11,22.0,0,0,I,PERIODIC,-95.0,-11.0,12.0,h5,0,0
10623,2025.12.24,15.36.38,-87.901219,42.340112,-95,-11,20.0,13,16,D,PERIODIC,-95.0,-11.0,12.0,h5,0,0
10624,2025.12.24,15.36.39,-87.901219,42.340112,-96,-11,19.0,97571,723,D,PERIODIC,-98.0,-12.0,9.0,h5,0,0
10625,2025.12.24,15.36.40,-87.901219,42.340112,-96,-11,19.0,0,0,I,PERIODIC,-98.0,-12.0,9.0,h5,0,0
10626,2025.12.24,15.36.41,-87.901219,42.340112,-96,-11,19.0,0,0,I,PERIODIC,-94.0,-11.0,9.0,h5,0,0
10627,2025.12.24,15.36.42,-87.901219,42.340112,-96,-11,19.0,0,3,D,PERIODIC,-94.0,-11.0,9.0,h5,0,0
10628,2025.12.24,15.36.43,-87.901219,42.340112,-95,-11,19.0,0,0,D,PERIODIC,-98.0,-10.0,11.0,h5,0,0
10629,2025.12.24,15.36.44,-87.901219,42.340112,-95,-11,20.0,67451,589,D,PERIODIC,-98.0,-10.0,11.0,h5,0,0
10630,2025.12.24,15.36.45,-87.901219,42.340112,-96,-11,20.0,0,0,I,PERIODIC,-97.0,-10.0,16.0,h5,0,0
10631,2025.12.24,15.36.46,-87.901219,42.340112,-96,-11,20.0,0,4,D,PERIODIC,-97.0,-10.0,16.0,h5,0,0
10632,2025.12.24,15.36.47,-87.901219,42.340112,-96,-11,20.0,2,2,D,PERIODIC,-95.0,-10.0,16.0,h5,0,0
10633,2025.12.24,15.36.48,-87.901219,42.340112,-96,-11,19.0,1,1,D,PERIODIC,-95.0,-10.0,16.0,h5,0,0
10634,2025.12.24,15.36.49,-87.901219,42.340112,-96,-11,20.0,98965,1205,D,PERIODIC,-96.0,-11.0,16.0,h5,0,0
10635,2025.12.24,15.36.50,-87.901219,42.340112,-96,-11,20.0,0,0,I,PERIODIC,-96.0,-11.0,16.0,h5,0,0
10636,2025.12.24,15.36.51,-87.901219,42.340112,-96,-11,20.0,0,0,I,PERIODIC,-96.0,-11.0,16.0,h5,0,0
10637,2025.12.24,15.36.52,-87.901219,42.340112,-96,-11,20.0,0,0,I,PERIODIC,-96.0,-11.0,16.0,h5,0,0
10638,2025.12.24,15.36.53,-87.901219,42.340112,-96,-11,20.0,8,11,D,PERIODIC,-96.0,-10.0,16.0,h5,0,0
10639,2025.12.24,15.36.54,-87.901219,42.340112,-96,-11,20.0,104354,719,D,PERIODIC,-96.0,-10.0,16.0,h5,0,0
10640,2025.12.24,15.36.55,-87.901219,42.340112,-94,-11,20.0,0,0,I,PERIODIC,-95.0,-14.0,13.0,h5,0,0
10641,2025.12.24,15.36.56,-87.901219,42.340112,-94,-11,20.0,0,0,I,PERIODIC,-95.0,-14.0,13.0,h5,0,0
10642,2025.12.24,15.36.57,-87.901219,42.340112,-94,-11,23.0,4,4,D,PERIODIC,-95.0,-10.0,13.0,h5,0,0
10643,2025.12.24,15.36.58,-87.901219,42.340112,-94,-11,19.0,0,0,D,PERIODIC,-95.0,-10.0,13.0,h5,0,0
10644,2025.12.24,15.36.59,-87.901219,42.340112,-97,-11,19.0,0,491,D,PERIODIC,-95.0,-16.0,11.0,h5,0,0
10645,2025.12.24,15.37.00,-87.901219,42.340112,-97,-11,19.0,0,0,I,PERIODIC,-95.0,-16.0,11.0,h5,0,0
10646,2025.12.24,15.37.01,-87.901219,42.340112,-97,-11,19.0,0,0,I,PERIODIC,-95.0,-10.0,11.0,h5,0,0
10647,2025.12.24,15.37.02,-87.901219,42.340112,-97,-11,21.0,3,3,D,PERIODIC,-95.0,-10.0,11.0,h5,0,0
10648,2025.12.24,15.37.03,-87.901219,42.340112,-96,-11,21.0,2,3,D,PERIODIC,-93.0,-13.0,13.0,h5,0,0
10649,2025.12.24,15.37.04,-87.901219,42.340112,-96,-11,20.0,76088,1367,D,PERIODIC,-93.0,-13.0,13.0,h5,0,0
10650,2025.12.24,15.37.05,-87.901219,42.340112,-98,-11,22.0,0,0,I,PERIODIC,-94.0,-13.0,14.0,h5,0,0
10651,2025.12.24,15.37.06,-87.901219,42.340112,-98,-11,19.0,0,0,I,PERIODIC,-94.0,-13.0,14.0,h5,0,0
10652,2025.12.24,15.37.07,-87.901219,42.340112,-97,-11,21.0,0,0,I,PERIODIC,-93.0,-14.0,13.0,h5,0,0
10653,2025.12.24,15.37.08,-87.901219,42.340112,-97,-11,21.0,0,0,D,PERIODIC,-93.0,-14.0,13.0,h5,0,0
10654,2025.12.24,15.37.09,-87.901219,42.340112,-97,-11,21.0,103207,1006,D,PERIODIC,-94.0,-13.0,13.0,h5,0,0
10655,2025.12.24,15.37.10,-87.901219,42.340112,-97,-11,21.0,0,0,I,PERIODIC,-94.0,-13.0,13.0,h5,0,0
10656,2025.12.24,15.37.11,-87.901219,42.340112,-97,-11,21.0,0,0,D,PERIODIC,-94.0,-14.0,13.0,h5,0,0
10657,2025.12.24,15.37.12,-87.901219,42.340112,-97,-11,21.0,7,9,D,PERIODIC,-94.0,-14.0,13.0,h5,0,0
10658,2025.12.24,15.37.13,-87.901219,42.340112,-96,-11,21.0,3,3,D,PERIODIC,-93.0,-10.0,15.0,h5,0,0
10659,2025.12.24,15.37.14,-87.901219,42.340112,-96,-11,21.0,101432,811,D,PERIODIC,-93.0,-10.0,15.0,h5,0,0
10660,2025.12.24,15.37.15,-87.901219,42.340112,-96,-11,21.0,0,0,I,PERIODIC,-93.0,-11.0,15.0,h5,0,0
10661,2025.12.24,15.37.16,-87.901219,42.340112,-96,-11,21.0,0,0,I,PERIODIC,-93.0,-11.0,15.0,h5,0,0
10662,2025.12.24,15.37.17,-87.901219,42.340112,-96,-11,21.0,0,0,I,PERIODIC,-93.0,-12.0,15.0,h5,0,0
10663,2025.12.24,15.37.18,-87.901219,42.340112,-96,-11,21.0,0,0,I,PERIODIC,-93.0,-12.0,15.0,h5,0,0
10664,2025.12.24,15.37.19,-87.901219,42.340112,-99,-11,20.0,64549,512,D,PERIODIC,-93.0,-12.0,16.0,h5,0,0
10665,2025.12.24,15.37.20,-87.901219,42.340112,-99,-11,20.0,0,1,D,PERIODIC,-93.0,-12.0,16.0,h5,0,0
10666,2025.12.24,15.37.21,-87.901219,42.340112,-98,-11,20.0,0,0,I,PERIODIC,-93.0,-12.0,15.0,h5,0,0
10667,2025.12.24,15.37.22,-87.901219,42.340112,-98,-11,20.0,0,0,I,PERIODIC,-93.0,-12.0,15.0,h5,0,0
10668,2025.12.24,15.37.23,-87.901219,42.340112,-98,-11,20.0,0,0,I,PERIODIC,-94.0,-12.0,15.0,h5,0,0
10669,2025.12.24,15.37.24,-87.901219,42.340112,-98,-11,20.0,106107,849,D,PERIODIC,-94.0,-12.0,15.0,h5,0,0
10670,2025.12.24,15.37.25,-87.901219,42.340112,-98,-11,19.0,1,1,D,PERIODIC,-94.0,-12.0,11.0,h5,0,0
10671,2025.12.24,15.37.26,-87.901219,42.340112,-98,-11,19.0,4,4,D,PERIODIC,-94.0,-12.0,11.0,h5,0,0
10672,2025.12.24,15.37.27,-87.901219,42.340112,-98,-11,19.0,3,3,D,PERIODIC,-95.0,-11.0,11.0,h5,0,0
10673,2025.12.24,15.37.28,-87.901219,42.340112,-98,-11,19.0,0,0,D,PERIODIC,-95.0,-11.0,11.0,h5,0,0
10674,2025.12.24,15.37.29,-87.901219,42.340112,-98,-11,20.0,111842,3451,D,PERIODIC,-93.0,-11.0,15.0,h5,0,0
10675,2025.12.24,15.37.30,-87.901219,42.340112,-98,-11,20.0,1,1,D,PERIODIC,-93.0,-11.0,15.0,h5,0,0
10676,2025.12.24,15.37.31,-87.901219,42.340112,-98,-11,20.0,0,0,I,PERIODIC,-95.0,-8.0,15.0,h5,0,0
10677,2025.12.24,15.37.32,-87.901219,42.340112,-98,-11,20.0,0,0,I,PERIODIC,-95.0,-8.0,15.0,h5,0,0
10678,2025.12.24,15.37.33,-87.901219,42.340112,-97,-11,20.0,0,0,I,PERIODIC,-94.0,-11.0,12.0,h5,0,0
10679,2025.12.24,15.37.34,-87.901219,42.340112,-97,-11,20.0,67400,514,D,PERIODIC,-94.0,-11.0,12.0,h5,0,0
10680,2025.12.24,15.37.35,-87.901219,42.340112,-97,-11,19.0,0,0,I,PERIODIC,-94.0,-11.0,12.0,h5,0,0
10681,2025.12.24,15.37.36,-87.901219,42.340112,-100,-11,19.0,0,0,I,PERIODIC,-95.0,-11.0,12.0,h5,0,0
10682,2025.12.24,15.37.37,-87.901219,42.340112,-98,-11,19.0,1,1,D,PERIODIC,-95.0,-10.0,14.0,h5,0,0
10683,2025.12.24,15.37.38,-87.901219,42.340112,-98,-11,19.0,0,0,I,PERIODIC,-95.0,-10.0,14.0,h5,0,0
10684,2025.12.24,15.37.39,-87.901219,42.340112,-97,-11,19.0,99848,742,D,PERIODIC,-95.0,-13.0,14.0,h5,0,0
10685,2025.12.24,15.37.40,-87.901219,42.340112,-97,-11,19.0,0,0,I,PERIODIC,-95.0,-13.0,14.0,h5,0,0
10686,2025.12.24,15.37.41,-87.901219,42.340112,-97,-11,19.0,0,0,I,PERIODIC,-95.0,-13.0,14.0,h5,0,0
10687,2025.12.24,15.37.42,-87.901219,42.340112,-98,-11,19.0,2,3,D,PERIODIC,-94.0,-11.0,14.0,h5,0,0
10688,2025.12.24,15.37.43,-87.901219,42.340112,-98,-11,19.0,0,0,D,PERIODIC,-95.0,-11.0,14.0,h5,0,0
10689,2025.12.24,15.37.44,-87.901219,42.340112,-98,-11,19.0,77824,636,D,PERIODIC,-95.0,-11.0,14.0,h5,0,0
10690,2025.12.24,15.37.45,-87.901219,42.340112,-98,-11,19.0,0,0,I,PERIODIC,-95.0,-12.0,14.0,h5,0,0
10691,2025.12.24,15.37.46,-87.901219,42.340112,-98,-11,19.0,4,4,D,PERIODIC,-95.0,-12.0,14.0,h5,0,0
10692,2025.12.24,15.37.47,-87.901219,42.340112,-98,-11,19.0,0,2,D,PERIODIC,-95.0,-12.0,14.0,h5,0,0
10693,2025.12.24,15.37.48,-87.901219,42.340112,-97,-11,19.0,0,0,I,PERIODIC,-98.0,-15.0,14.0,h5,0,0
10694,2025.12.24,15.37.49,-87.901219,42.340112,-98,-11,20.0,102706,1237,D,PERIODIC,-96.0,-11.0,12.0,h5,0,0
10695,2025.12.24,15.37.50,-87.901219,42.340112,-98,-11,20.0,0,0,I,PERIODIC,-96.0,-11.0,12.0,h5,0,0
10696,2025.12.24,15.37.51,-87.901219,42.340112,-98,-11,19.0,0,0,I,PERIODIC,-95.0,-13.0,15.0,h5,0,0
10697,2025.12.24,15.37.52,-87.901219,42.340112,-98,-11,19.0,1,1,D,PERIODIC,-95.0,-13.0,15.0,h5,0,0
10698,2025.12.24,15.37.53,-87.901219,42.340112,-97,-11,18.0,0,0,D,PERIODIC,-96.0,-13.0,15.0,h5,0,0
10699,2025.12.24,15.37.54,-87.901219,42.340112,-97,-11,18.0,63422,489,D,PERIODIC,-96.0,-13.0,15.0,h5,0,0
10700,2025.12.24,15.37.55,-87.901219,42.340112,-97,-11,18.0,0,0,I,PERIODIC,-96.0,-13.0,15.0,h5,0,0
10701,2025.12.24,15.37.56,-87.901219,42.340112,-97,-11,19.0,0,0,I,PERIODIC,-96.0,-13.0,15.0,h5,0,0
10702,2025.12.24,15.37.57,-87.901219,42.340112,-97,-11,20.0,7,9,D,PERIODIC,-95.0,-14.0,14.0,h5,0,0
10703,2025.12.24,15.37.58,-87.901219,42.340112,-97,-11,19.0,0,0,D,PERIODIC,-95.0,-14.0,14.0,h5,0,0
10704,2025.12.24,15.37.59,-87.901219,42.340112,-96,-11,19.0,99802,736,D,PERIODIC,-98.0,-14.0,14.0,h5,0,0
10705,2025.12.24,15.38.00,-87.901219,42.340112,-96,-11,19.0,0,0,I,PERIODIC,-98.0,-14.0,14.0,h5,0,0
10706,2025.12.24,15.38.01,-87.901219,42.340112,-98,-11,20.0,0,0,I,PERIODIC,-96.0,-12.0,13.0,h5,0,0
10707,2025.12.24,15.38.02,-87.901219,42.340112,-98,-11,20.0,2,2,D,PERIODIC,-96.0,-12.0,13.0,h5,0,0
10708,2025.12.24,15.38.03,-87.901219,42.340112,-98,-11,20.0,2,2,D,PERIODIC,-92.0,-9.0,13.0,h5,0,0
10709,2025.12.24,15.38.04,-87.901219,42.340112,-98,-11,19.0,102996,1539,D,PERIODIC,-92.0,-9.0,13.0,h5,0,0
10710,2025.12.24,15.38.05,-87.901219,42.340112,-99,-11,20.0,0,1,D,PERIODIC,-92.0,-9.0,15.0,h5,0,0
10711,2025.12.24,15.38.06,-87.901219,42.340112,-99,-11,20.0,0,0,I,PERIODIC,-92.0,-9.0,15.0,h5,0,0
10712,2025.12.24,15.38.07,-87.901219,42.340112,-92,-11,22.0,0,0,I,PERIODIC,-94.0,-11.0,20.0,h5,0,0
10713,2025.12.24,15.38.08,-87.901219,42.340112,-92,-11,22.0,0,0,I,PERIODIC,-94.0,-11.0,20.0,h5,0,0
10714,2025.12.24,15.38.09,-87.901219,42.340112,-96,-11,22.0,63967,808,D,PERIODIC,-93.0,-10.0,20.0,h5,0,0
10715,2025.12.24,15.38.10,-87.901219,42.340112,-96,-11,22.0,0,0,I,PERIODIC,-93.0,-10.0,20.0,h5,0,0
10716,2025.12.24,15.38.11,-87.901219,42.340112,-98,-11,19.0,0,0,I,PERIODIC,-94.0,-11.0,18.0,h5,0,0
10717,2025.12.24,15.38.12,-87.901219,42.340112,-98,-11,19.0,0,9,D,PERIODIC,-94.0,-11.0,18.0,h5,0,0
10718,2025.12.24,15.38.13,-87.901219,42.340112,-98,-11,19.0,0,0,D,PERIODIC,-95.0,-10.0,18.0,h5,0,0
10719,2025.12.24,15.38.14,-87.901219,42.340112,-98,-11,19.0,0,727,D,PERIODIC,-95.0,-10.0,18.0,h5,0,0
10720,2025.12.24,15.38.15,-87.901219,42.340112,-98,-11,19.0,0,0,I,PERIODIC,-94.0,-12.0,18.0,h5,0,0
10721,2025.12.24,15.38.16,-87.901219,42.340112,-98,-11,19.0,0,0,I,PERIODIC,-94.0,-12.0,18.0,h5,0,0
10722,2025.12.24,15.38.17,-87.901219,42.340112,-98,-11,19.0,0,0,I,PERIODIC,-95.0,-10.0,18.0,h5,0,0
10723,2025.12.24,15.38.18,-87.901219,42.340112,-98,-11,19.0,0,0,I,PERIODIC,-95.0,-10.0,18.0,h5,0,0
10724,2025.12.24,15.38.19,-87.901219,42.340112,-98,-11,19.0,72130,547,D,PERIODIC,-93.0,-11.0,18.0,h5,0,0
10725,2025.12.24,15.38.20,-87.901219,42.340112,-98,-11,19.0,0,0,I,PERIODIC,-93.0,-11.0,18.0,h5,0,0
10726,2025.12.24,15.38.21,-87.901219,42.340112,-98,-11,19.0,0,0,I,PERIODIC,-97.0,-13.0,18.0,h5,0,0
10727,2025.12.24,15.38.22,-87.901219,42.340112,-98,-11,20.0,0,0,I,PERIODIC,-97.0,-13.0,18.0,h5,0,0
10728,2025.12.24,15.38.23,-87.901219,42.340112,-96,-11,19.0,0,1,D,PERIODIC,-94.0,-14.0,15.0,h5,0,0
10729,2025.12.24,15.38.24,-87.901219,42.340112,-96,-11,19.0,110201,798,D,PERIODIC,-94.0,-14.0,15.0,h5,0,0
10730,2025.12.24,15.38.25,-87.901219,42.340112,-96,-11,19.0,0,2,D,PERIODIC,-94.0,-14.0,15.0,h5,0,0
10731,2025.12.24,15.38.26,-87.901219,42.340112,-97,-11,19.0,7,8,D,PERIODIC,-94.0,-11.0,17.0,h5,0,0
10732,2025.12.24,15.38.27,-87.901219,42.340112,-97,-11,19.0,6,6,D,PERIODIC,-94.0,-11.0,17.0,h5,0,0
10733,2025.12.24,15.38.28,-87.901219,42.340112,-97,-11,19.0,0,0,D,PERIODIC,-94.0,-11.0,17.0,h5,0,0
10734,2025.12.24,15.38.29,-87.901219,42.340112,-98,-11,22.0,65479,3700,D,PERIODIC,-94.0,-8.0,15.0,h5,0,0
10735,2025.12.24,15.38.30,-87.901219,42.340112,-98,-11,20.0,0,0,I,PERIODIC,-94.0,-8.0,15.0,h5,0,0
10736,2025.12.24,15.38.31,-87.901219,42.340112,-98,-11,20.0,0,0,I,PERIODIC,-94.0,-11.0,17.0,h5,0,0
10737,2025.12.24,15.38.32,-87.901219,42.340112,-98,-11,20.0,0,0,I,PERIODIC,-94.0,-11.0,17.0,h5,0,0
10738,2025.12.24,15.38.33,-87.901219,42.340112,-99,-11,20.0,0,0,I,PERIODIC,-94.0,-10.0,18.0,h5,0,0
10739,2025.12.24,15.38.34,-87.901219,42.340112,-99,-11,20.0,101194,728,D,PERIODIC,-94.0,-10.0,18.0,h5,0,0
10740,2025.12.24,15.38.35,-87.901219,42.340112,-99,-11,20.0,0,0,D,PERIODIC,-94.0,-10.0,18.0,h5,0,0
10741,2025.12.24,15.38.36,-87.901219,42.340112,-97,-11,20.0,0,0,I,PERIODIC,-94.0,-8.0,15.0,h5,0,0
10742,2025.12.24,15.38.37,-87.901219,42.340112,-96,-11,19.0,0,0,I,PERIODIC,-93.0,-10.0,17.0,h5,0,0
10743,2025.12.24,15.38.38,-87.901219,42.340112,-96,-11,20.0,0,0,I,PERIODIC,-93.0,-10.0,17.0,h5,0,0
10744,2025.12.24,15.38.39,-87.901219,42.340112,-97,-11,20.0,105125,709,D,PERIODIC,-94.0,-11.0,19.0,h5,0,0
10745,2025.12.24,15.38.40,-87.901219,42.340112,-97,-11,20.0,0,1,D,PERIODIC,-94.0,-11.0,19.0,h5,0,0
10746,2025.12.24,15.38.41,-87.901219,42.340112,-97,-11,20.0,0,0,D,PERIODIC,-93.0,-10.0,19.0,h5,0,0
10747,2025.12.24,15.38.42,-87.901219,42.340112,-97,-11,20.0,0,2,D,PERIODIC,-93.0,-10.0,19.0,h5,0,0
10748,2025.12.24,15.38.43,-87.901219,42.340112,-97,-11,20.0,0,0,D,PERIODIC,-93.0,-10.0,19.0,h5,0,0
10749,2025.12.24,15.38.44,-87.901219,42.340112,-97,-11,20.0,67060,582,D,PERIODIC,-94.0,-9.0,19.0,h5,0,0
10750,2025.12.24,15.38.45,-87.901219,42.340112,-97,-11,20.0,0,0,I,PERIODIC,-93.0,-9.0,19.0,h5,0,0
10751,2025.12.24,15.38.46,-87.901219,42.340112,-97,-11,20.0,7,6,D,PERIODIC,-93.0,-9.0,19.0,h5,0,0
10752,2025.12.24,15.38.47,-87.901219,42.340112,-97,-11,20.0,2,2,D,PERIODIC,-94.0,-10.0,19.0,h5,0,0
10753,2025.12.24,15.38.48,-87.901219,42.340112,-97,-11,20.0,0,0,I,PERIODIC,-94.0,-10.0,19.0,h5,0,0
10754,2025.12.24,15.38.49,-87.901219,42.340112,-97,-11,20.0,99575,1205,D,PERIODIC,-94.0,-10.0,19.0,h5,0,0
10755,2025.12.24,15.38.50,-87.901219,42.340112,-97,-11,20.0,0,0,I,PERIODIC,-94.0,-10.0,19.0,h5,0,0
10756,2025.12.24,15.38.51,-87.901219,42.340112,-97,-11,20.0,5,5,D,PERIODIC,-94.0,-10.0,19.0,h5,0,0
10757,2025.12.24,15.38.52,-87.901219,42.340112,-97,-11,19.0,0,0,I,PERIODIC,-94.0,-9.0,17.0,h5,0,0
10758,2025.12.24,15.38.53,-87.901219,42.340112,-97,-11,19.0,0,0,I,PERIODIC,-94.0,-10.0,16.0,h5,0,0
10759,2025.12.24,15.38.54,-87.901219,42.340112,-97,-11,19.0,99887,723,D,PERIODIC,-94.0,-10.0,16.0,h5,0,0
10760,2025.12.24,15.38.55,-87.901219,42.340112,-97,-11,19.0,0,0,I,PERIODIC,-95.0,-11.0,16.0,h5,0,0
10761,2025.12.24,15.38.56,-87.901219,42.340112,-97,-11,19.0,0,0,I,PERIODIC,-95.0,-11.0,16.0,h5,0,0
10762,2025.12.24,15.38.57,-87.901219,42.340112,-97,-11,19.0,4,4,D,PERIODIC,-94.0,-12.0,16.0,h5,0,0
10763,2025.12.24,15.38.58,-87.901219,42.340112,-97,-11,19.0,0,0,I,PERIODIC,-94.0,-12.0,16.0,h5,0,0
10764,2025.12.24,15.38.59,-87.901219,42.340112,-96,-11,19.0,76225,570,D,PERIODIC,-94.0,-13.0,18.0,h5,0,0
10765,2025.12.24,15.39.00,-87.901219,42.340112,-96,-11,19.0,1,1,D,PERIODIC,-94.0,-13.0,18.0,h5,0,0
10766,2025.12.24,15.39.01,-87.901219,42.340112,-96,-11,19.0,0,0,I,PERIODIC,-94.0,-11.0,18.0,h5,0,0
10767,2025.12.24,15.39.02,-87.901219,42.340112,-96,-11,19.0,3,3,D,PERIODIC,-94.0,-11.0,18.0,h5,0,0
10768,2025.12.24,15.39.03,-87.901219,42.340112,-97,-11,19.0,0,0,D,PERIODIC,-94.0,-11.0,15.0,h5,0,0
10769,2025.12.24,15.39.04,-87.901219,42.340112,-97,-11,19.0,106274,2180,D,PERIODIC,-94.0,-11.0,15.0,h5,0,0
10770,2025.12.24,15.39.05,-87.901219,42.340112,-97,-11,19.0,0,0,I,PERIODIC,-94.0,-13.0,19.0,h5,0,0
10771,2025.12.24,15.39.06,-87.901219,42.340112,-97,-11,19.0,0,0,I,PERIODIC,-94.0,-13.0,19.0,h5,0,0
10772,2025.12.24,15.39.07,-87.901219,42.340112,-99,-11,20.0,0,0,I,PERIODIC,-94.0,-13.0,17.0,h5,0,0
10773,2025.12.24,15.39.08,-87.901219,42.340112,-99,-11,19.0,0,0,I,PERIODIC,-94.0,-13.0,17.0,h5,0,0
10774,2025.12.24,15.39.09,-87.901219,42.340112,-96,-11,19.0,63886,496,D,PERIODIC,-94.0,-10.0,16.0,h5,0,0
10775,2025.12.24,15.39.10,-87.901219,42.340112,-96,-11,19.0,0,0,I,PERIODIC,-94.0,-10.0,16.0,h5,0,0
10776,2025.12.24,15.39.11,-87.901219,42.340112,-96,-11,19.0,0,0,I,PERIODIC,-95.0,-10.0,16.0,h5,0,0
10777,2025.12.24,15.39.12,-87.901219,42.340112,-96,-11,19.0,8,10,D,PERIODIC,-95.0,-10.0,16.0,h5,0,0
10778,2025.12.24,15.39.13,-87.901219,42.340112,-96,-11,19.0,0,0,I,PERIODIC,-94.0,-14.0,16.0,h5,0,0
10779,2025.12.24,15.39.14,-87.901219,42.340112,-96,-11,19.0,80636,624,D,PERIODIC,-94.0,-14.0,16.0,h5,0,0
10780,2025.12.24,15.39.15,-87.901219,42.340112,-98,-11,19.0,1,1,D,PERIODIC,-94.0,-10.0,14.0,h5,0,0
10781,2025.12.24,15.39.16,-87.901219,42.340112,-98,-11,19.0,0,0,I,PERIODIC,-94.0,-10.0,14.0,h5,0,0
10782,2025.12.24,15.39.17,-87.901219,42.340112,-98,-11,19.0,0,0,I,PERIODIC,-94.0,-10.0,14.0,h5,0,0
10783,2025.12.24,15.39.18,-87.901219,42.340112,-98,-11,19.0,0,0,I,PERIODIC,-94.0,-13.0,14.0,h5,0,0
10784,2025.12.24,15.39.19,-87.901219,42.340112,-97,-11,19.0,0,0,I,PERIODIC,-94.0,-12.0,15.0,h5,0,0
10785,2025.12.24,15.39.20,-87.901219,42.340112,-97,-11,19.0,0,0,I,PERIODIC,-94.0,-12.0,15.0,h5,0,0
10786,2025.12.24,15.39.21,-87.901219,42.340112,-97,-11,19.0,0,0,I,PERIODIC,-94.0,-12.0,16.0,h5,0,0
10787,2025.12.24,15.39.22,-87.901219,42.340112,-97,-11,19.0,0,0,I,PERIODIC,-94.0,-12.0,16.0,h5,0,0
10788,2025.12.24,15.39.23,-87.901219,42.340112,-96,-11,19.0,0,0,I,PERIODIC,-91.0,-9.0,18.0,h5,0,0
10789,2025.12.24,15.39.24,-87.901219,42.340112,-96,-11,19.0,0,0,I,PERIODIC,-91.0,-9.0,18.0,h5,0,0
10790,2025.12.24,15.39.25,-87.901219,42.340112,-97,-11,19.0,1,1,D,PERIODIC,-94.0,-13.0,19.0,h5,0,0
10791,2025.12.24,15.39.26,-87.901219,42.340112,-97,-11,19.0,3,3,D,PERIODIC,-94.0,-13.0,19.0,h5,0,0
10792,2025.12.24,15.39.27,-87.901219,42.340112,-97,-11,19.0,3,3,D,PERIODIC,-94.0,-13.0,19.0,h5,0,0
10793,2025.12.24,15.39.28,-87.901219,42.340112,-97,-11,19.0,0,0,I,PERIODIC,-93.0,-10.0,18.0,h5,0,0
10794,2025.12.24,15.39.29,-87.901219,42.340112,-97,-11,19.0,0,0,I,PERIODIC,-93.0,-10.0,18.0,h5,0,0
10795,2025.12.24,15.39.30,-87.901219,42.340112,-99,-11,19.0,0,0,I,PERIODIC,-94.0,-10.0,16.0,h5,0,0
10796,2025.12.24,15.39.31,-87.901219,42.340112,-99,-11,19.0,0,0,I,PERIODIC,-94.0,-11.0,16.0,h5,0,0
10797,2025.12.24,15.39.32,-87.901219,42.340112,-99,-11,20.0,0,0,I,PERIODIC,-94.0,-11.0,16.0,h5,0,0
10798,2025.12.24,15.39.33,-87.901219,42.340112,-100,-11,20.0,6,9,D,PERIODIC,-94.0,-11.0,17.0,h5,0,0
10799,2025.12.24,15.39.34,-87.901219,42.340112,-100,-11,20.0,5,5,D,PERIODIC,-94.0,-11.0,17.0,h5,0,0
10800,2025.12.24,15.39.35,-87.901219,42.340112,-100,-11,20.0,0,0,D,PERIODIC,-94.0,-13.0,17.0,h5,0,0
10801,2025.12.24,15.39.36,-87.901219,42.340112,-100,-11,20.0,0,0,I,PERIODIC,-94.0,-13.0,17.0,h5,0,0
10802,2025.12.24,15.39.37,-87.901219,42.340112,-96,-11,19.0,0,0,I,PERIODIC,-92.0,-10.0,14.0,h5,0,0
10803,2025.12.24,15.39.38,-87.901219,42.340112,-96,-11,19.0,0,0,I,PERIODIC,-92.0,-10.0,14.0,h5,0,0
10804,2025.12.24,15.39.39,-87.901219,42.340112,-99,-11,20.0,12,12,D,PERIODIC,-92.0,-9.0,18.0,h5,0,0
10805,2025.12.24,15.39.40,-87.901219,42.340112,-99,-11,19.0,7,7,D,PERIODIC,-92.0,-9.0,18.0,h5,0,0
10806,2025.12.24,15.39.41,-87.901219,42.340112,-99,-11,20.0,0,0,I,PERIODIC,-92.0,-9.0,18.0,h5,0,0
10807,2025.12.24,15.39.42,-87.901219,42.340112,-99,-11,18.0,2,2,D,PERIODIC,-92.0,-9.0,18.0,h5,0,0
10808,2025.12.24,15.39.43,-87.901219,42.340112,-100,-11,18.0,0,0,I,PERIODIC,-93.0,-12.0,20.0,h5,0,0
10809,2025.12.24,15.39.44,-87.901219,42.340112,-100,-11,19.0,0,0,I,PERIODIC,-93.0,-12.0,20.0,h5,0,0
10810,2025.12.24,15.39.45,-87.901219,42.340112,-100,-11,19.0,0,0,I,PERIODIC,-93.0,-12.0,20.0,h5,0,0
10811,2025.12.24,15.39.46,-87.901219,42.340112,-99,-11,19.0,0,8,D,PERIODIC,-92.0,-11.0,16.0,h5,0,0
10812,2025.12.24,15.39.47,-87.901219,42.340112,-99,-11,19.0,9,8,D,PERIODIC,-93.0,-9.0,20.0,h5,0,0
10813,2025.12.24,15.39.48,-87.901219,42.340112,-99,-11,18.0,1069,5997,D,PERIODIC,-93.0,-9.0,20.0,h5,0,0
10814,2025.12.24,15.39.49,-87.901219,42.340112,-98,-11,18.0,0,0,I,PERIODIC,-92.0,-10.0,16.0,h5,0,0
10815,2025.12.24,15.39.50,-87.901219,42.340112,-98,-11,20.0,0,0,I,PERIODIC,-92.0,-10.0,16.0,h5,0,0
10816,2025.12.24,15.39.51,-87.901219,42.340112,-94,-11,21.0,0,0,I,PERIODIC,-98.0,-9.0,19.0,h5,0,0
2662,2025.11.11,14.13.08,-90.120275,29.934104,-103,-14,5.0,0,0,D,LOG START,-110.0,-16.0,4.0,h43,0,0
2663,2025.11.11,14.13.08,-90.120275,29.934104,-103,-14,5.0,0,0,D,PERIODIC,-110.0,-16.0,4.0,h43,0,0
2664,2025.11.11,14.13.09,-90.120275,29.934104,-105,-15,-15.0,0,1,D,PERIODIC,-109.0,-12.0,6.0,h43,0,0
2665,2025.11.11,14.13.10,-90.120275,29.934104,-105,-15,-15.0,0,0,I,PERIODIC,-109.0,-12.0,6.0,h43,0,0
2666,2025.11.11,14.13.11,-90.120275,29.934104,-105,-16,-15.0,0,0,I,PERIODIC,-109.0,-14.0,5.0,h43,0,0
2667,2025.11.11,14.13.12,-90.120275,29.934104,-105,-16,-15.0,0,0,I,PERIODIC,-109.0,-14.0,5.0,h43,0,0
2668,2025.11.11,14.13.13,-90.120275,29.934104,-105,-16,-15.0,0,0,I,PERIODIC,-110.0,-12.0,5.0,h43,0,0
2669,2025.11.11,14.13.14,-90.120275,29.934104,-105,-16,-15.0,37,38,D,PERIODIC,-110.0,-12.0,5.0,h43,0,0
2670,2025.11.11,14.13.15,-90.120275,29.934104,-105,-16,-15.0,6,6,D,PERIODIC,-110.0,-12.0,5.0,h43,0,0
2671,2025.11.11,14.13.16,-90.120275,29.934104,-105,-16,-15.0,0,0,D,PERIODIC,-110.0,-12.0,5.0,h43,0,0
2672,2025.11.11,14.13.17,-90.120275,29.934104,-106,-15,-2.0,14,14,D,PERIODIC,-110.0,-13.0,2.0,h43,0,0
2673,2025.11.11,14.13.18,-90.120275,29.934104,-106,-15,-2.0,176,176,D,PERIODIC,-110.0,-13.0,2.0,h43,0,0
2674,2025.11.11,14.13.19,-90.120275,29.934104,-106,-15,-2.0,0,0,D,PERIODIC,-110.0,-11.0,2.0,h43,0,0
2675,2025.11.11,14.13.20,-90.120275,29.934104,-106,-15,-2.0,205,43,D,PERIODIC,-110.0,-11.0,2.0,h43,0,0
2676,2025.11.11,14.13.21,-90.120275,29.934104,-107,-17,-4.0,13,14,D,PERIODIC,-107.0,-13.0,6.0,h43,0,0
2677,2025.11.11,14.13.22,-90.120275,29.934104,-107,-17,-4.0,0,0,D,PERIODIC,-107.0,-13.0,6.0,h43,0,0
2678,2025.11.11,14.13.23,-90.120275,29.934104,-108,-16,-4.0,41,40,D,PERIODIC,-108.0,-14.0,7.0,h43,0,0
2679,2025.11.11,14.13.24,-90.120275,29.934104,-108,-16,-4.0,7,7,D,PERIODIC,-108.0,-14.0,7.0,h43,0,0
2680,2025.11.11,14.13.25,-90.120275,29.934104,-106,-16,-4.0,48226,8463,D,PERIODIC,-108.0,-14.0,7.0,h43,0,0
2681,2025.11.11,14.13.26,-90.120275,29.934104,-106,-16,-4.0,5,5,D,PERIODIC,-108.0,-14.0,7.0,h43,0,0
2682,2025.11.11,14.13.27,-90.120275,29.934104,-106,-16,-4.0,0,0,I,PERIODIC,-108.0,-13.0,7.0,h43,0,0
2683,2025.11.11,14.13.28,-90.120275,29.934104,-106,-16,-4.0,36,36,D,PERIODIC,-108.0,-13.0,7.0,h43,0,0
2684,2025.11.11,14.13.29,-90.120275,29.934104,-106,-16,-4.0,7,7,D,PERIODIC,-108.0,-13.0,7.0,h43,0,0
2685,2025.11.11,14.13.30,-90.120275,29.934104,-106,-16,-4.0,40709,5044,D,PERIODIC,-108.0,-13.0,7.0,h43,0,0
2686,2025.11.11,14.13.31,-90.120275,29.934104,-106,-16,-4.0,0,0,I,PERIODIC,-108.0,-13.0,7.0,h43,0,0
2687,2025.11.11,14.13.32,-90.120275,29.934104,-106,-16,-4.0,0,0,D,PERIODIC,-108.0,-13.0,7.0,h43,0,0
2688,2025.11.11,14.13.33,-90.120275,29.934104,-106,-16,-4.0,9,9,D,PERIODIC,-107.0,-13.0,7.0,h43,0,0
2689,2025.11.11,14.13.34,-90.120275,29.934104,-106,-16,-4.0,2,2,D,PERIODIC,-107.0,-13.0,7.0,h43,0,0
2690,2025.11.11,14.13.35,-90.120275,29.934104,-106,-16,-4.0,0,0,D,PERIODIC,-107.0,-13.0,7.0,h43,0,0
2691,2025.11.11,14.13.36,-90.120275,29.934104,-106,-16,-4.0,8,8,D,PERIODIC,-107.0,-13.0,7.0,h43,0,0
2692,2025.11.11,14.13.37,-90.120275,29.934104,-106,-16,-4.0,0,1,D,PERIODIC,-107.0,-14.0,7.0,h43,0,0
2693,2025.11.11,14.13.38,-90.120275,29.934104,-106,-16,-4.0,0,0,I,PERIODIC,-107.0,-14.0,7.0,h43,0,0
2694,2025.11.11,14.13.39,-90.120275,29.934104,-106,-16,-4.0,3,3,D,PERIODIC,-107.0,-13.0,7.0,h43,0,0
2695,2025.11.11,14.13.40,-90.120275,29.934104,-106,-16,-4.0,35894,2843,D,PERIODIC,-107.0,-13.0,7.0,h43,0,0
2696,2025.11.11,14.13.41,-90.120275,29.934104,-104,-15,-20.0,0,0,I,PERIODIC,-107.0,-12.0,6.0,h43,0,0
2697,2025.11.11,14.13.42,-90.120275,29.934104,-104,-15,-20.0,6,6,D,PERIODIC,-107.0,-12.0,6.0,h43,0,0
2698,2025.11.11,14.13.43,-90.120275,29.934104,-105,-15,-20.0,0,0,I,PERIODIC,-109.0,-12.0,6.0,h43,0,0
2699,2025.11.11,14.13.44,-90.120275,29.934104,-105,-15,-20.0,0,0,I,PERIODIC,-109.0,-12.0,6.0,h43,0,0
2700,2025.11.11,14.13.45,-90.120275,29.934104,-105,-15,-20.0,9,10,D,PERIODIC,-109.0,-12.0,6.0,h43,0,0
2701,2025.11.11,14.13.46,-90.120275,29.934104,-105,-15,-20.0,0,0,D,PERIODIC,-109.0,-12.0,6.0,h43,0,0
2702,2025.11.11,14.13.47,-90.120275,29.934104,-105,-15,-20.0,4,4,D,PERIODIC,-109.0,-14.0,6.0,h43,0,0
2703,2025.11.11,14.13.48,-90.120275,29.934104,-105,-15,-20.0,3,3,D,PERIODIC,-109.0,-14.0,6.0,h43,0,0
2704,2025.11.11,14.13.49,-90.120275,29.934104,-105,-15,-20.0,0,0,D,PERIODIC,-109.0,-11.0,6.0,h43,0,0
2705,2025.11.11,14.13.50,-90.120275,29.934104,-105,-15,-20.0,0,0,I,PERIODIC,-109.0,-11.0,6.0,h43,0,0
2706,2025.11.11,14.13.51,-90.120275,29.934104,-106,-15,-3.0,0,0,I,PERIODIC,-109.0,-11.0,5.0,h43,0,0
2707,2025.11.11,14.13.52,-90.120275,29.934104,-106,-15,-3.0,0,0,D,PERIODIC,-109.0,-11.0,5.0,h43,0,0
2708,2025.11.11,14.13.53,-90.120275,29.934104,-106,-15,-3.0,0,0,I,PERIODIC,-109.0,-13.0,5.0,h43,0,0
2709,2025.11.11,14.13.54,-90.120275,29.934104,-106,-15,-3.0,0,0,I,PERIODIC,-109.0,-13.0,5.0,h43,0,0
2710,2025.11.11,14.13.55,-90.120275,29.934104,-106,-15,-3.0,2,2,D,PERIODIC,-109.0,-14.0,5.0,h43,0,0
2711,2025.11.11,14.13.56,-90.120275,29.934104,-106,-15,-4.0,0,0,D,PERIODIC,-109.0,-14.0,5.0,h43,0,0
2712,2025.11.11,14.13.57,-90.120275,29.934104,-108,-17,-4.0,1,1,D,PERIODIC,-109.0,-13.0,4.0,h43,0,0
2713,2025.11.11,14.13.58,-90.120275,29.934104,-108,-17,-4.0,0,0,I,PERIODIC,-109.0,-13.0,4.0,h43,0,0
2714,2025.11.11,14.13.59,-90.120275,29.934104,-107,-16,-4.0,0,0,I,PERIODIC,-108.0,-12.0,5.0,h43,0,0
2715,2025.11.11,14.14.00,-90.120275,29.934104,-107,-16,-4.0,2,2,D,PERIODIC,-108.0,-12.0,5.0,h43,0,0
2716,2025.11.11,14.14.01,-90.120275,29.934104,-107,-16,-4.0,0,0,D,PERIODIC,-108.0,-12.0,5.0,h43,0,0
2717,2025.11.11,14.14.02,-90.120275,29.934104,-107,-16,-4.0,0,0,I,PERIODIC,-109.0,-12.0,5.0,h43,0,0
2718,2025.11.11,14.14.03,-90.120275,29.934104,-107,-16,-4.0,13,14,D,PERIODIC,-110.0,-15.0,5.0,h43,0,0
2719,2025.11.11,14.14.04,-90.120275,29.934104,-107,-16,-4.0,25,28,D,PERIODIC,-110.0,-15.0,5.0,h43,0,0
2720,2025.11.11,14.14.05,-90.120275,29.934104,-107,-16,-4.0,33,34,D,PERIODIC,-110.0,-14.0,5.0,h43,0,0
2721,2025.11.11,14.14.06,-90.120275,29.934104,-107,-16,-4.0,6,6,D,PERIODIC,-110.0,-14.0,5.0,h43,0,0
2722,2025.11.11,14.14.07,-90.120275,29.934104,-106,-15,-10.0,0,0,D,PERIODIC,-107.0,-14.0,6.0,h43,0,0
2723,2025.11.11,14.14.08,-90.120275,29.934104,-106,-15,-10.0,0,0,I,PERIODIC,-107.0,-14.0,6.0,h43,0,0
2724,2025.11.11,14.14.09,-90.120275,29.934104,-106,-15,-10.0,4,4,D,PERIODIC,-107.0,-14.0,6.0,h43,0,0
2725,2025.11.11,14.14.10,-90.120275,29.934104,-106,-15,-10.0,0,0,D,PERIODIC,-107.0,-14.0,6.0,h43,0,0
2726,2025.11.11,14.14.11,-90.120275,29.934104,-106,-15,-10.0,32304,0,D,PERIODIC,-107.0,-14.0,6.0,h43,0,0
2727,2025.11.11,14.14.12,-90.120275,29.934104,-105,-15,-15.0,0,0,I,PERIODIC,-107.0,-14.0,7.0,h43,0,0
2728,2025.11.11,14.14.13,-90.120275,29.934104,-106,-15,-3.0,0,0,I,PERIODIC,-106.0,-12.0,5.0,h43,0,0
2729,2025.11.11,14.14.14,-90.120275,29.934104,-106,-15,-3.0,0,0,I,PERIODIC,-106.0,-12.0,5.0,h43,0,0
2730,2025.11.11,14.14.15,-90.120275,29.934104,-106,-15,-3.0,0,0,D,PERIODIC,-106.0,-13.0,5.0,h43,0,0
2731,2025.11.11,14.14.16,-90.120275,29.934104,-106,-15,-3.0,116670,1,D,PERIODIC,-106.0,-13.0,5.0,h43,0,0
2732,2025.11.11,14.14.17,-90.120275,29.934104,-107,-16,-3.0,0,0,I,PERIODIC,-108.0,-13.0,7.0,h43,0,0
2733,2025.11.11,14.14.18,-90.120275,29.934104,-107,-16,-3.0,0,0,I,PERIODIC,-108.0,-13.0,7.0,h43,0,0
2734,2025.11.11,14.14.19,-90.120275,29.934104,-108,-16,-3.0,0,0,I,PERIODIC,-106.0,-15.0,8.0,h43,0,0
2735,2025.11.11,14.14.20,-90.120275,29.934104,-108,-16,-3.0,0,0,D,PERIODIC,-106.0,-15.0,8.0,h43,0,0
2736,2025.11.11,14.14.21,-90.120275,29.934104,-108,-16,-3.0,28556,0,D,PERIODIC,-106.0,-15.0,8.0,h43,0,0
2737,2025.11.11,14.14.22,-90.120275,29.934104,-108,-16,-3.0,0,0,I,PERIODIC,-109.0,-13.0,8.0,h43,0,0
2738,2025.11.11,14.14.23,-90.120275,29.934104,-108,-16,-3.0,0,0,I,PERIODIC,-106.0,-10.0,8.0,h43,0,0
2739,2025.11.11,14.14.24,-90.120275,29.934104,-108,-16,-3.0,0,9,D,PERIODIC,-106.0,-10.0,8.0,h43,0,0
2740,2025.11.11,14.14.25,-90.120275,29.934104,-108,-16,-3.0,0,260,D,PERIODIC,-107.0,-13.0,8.0,h43,0,0
2741,2025.11.11,14.14.26,-90.120275,29.934104,-108,-16,-3.0,2,2,D,PERIODIC,-107.0,-13.0,8.0,h43,0,0
2742,2025.11.11,14.14.27,-90.120275,29.934104,-108,-16,-3.0,4,4,D,PERIODIC,-108.0,-13.0,8.0,h43,0,0
2743,2025.11.11,14.14.28,-90.120275,29.934104,-108,-16,-3.0,4,4,D,PERIODIC,-108.0,-13.0,8.0,h43,0,0
2744,2025.11.11,14.14.29,-90.120275,29.934104,-108,-16,-3.0,1,1,D,PERIODIC,-110.0,-13.0,8.0,h43,0,0
2745,2025.11.11,14.14.30,-90.120275,29.934104,-108,-16,-3.0,41125,3780,D,PERIODIC,-110.0,-13.0,8.0,h43,0,0
2746,2025.11.11,14.14.30,-90.12027,29.934114,-108,-16,-3.0,41125,3780,D,,-110.0,-13.0,8.0,h43,0,0
2747,2025.11.11,14.14.31,-90.12027,29.934114,-105,-14,0.0,2,2,D,PERIODIC,-110.0,-13.0,3.0,h43,0,0
2748,2025.11.11,14.14.32,-90.12027,29.934114,-105,-14,0.0,1,1,D,PERIODIC,-110.0,-13.0,3.0,h43,0,0
2749,2025.11.11,14.14.33,-90.12027,29.934114,-105,-15,-20.0,0,0,D,PERIODIC,-110.0,-13.0,4.0,h43,0,0
2750,2025.11.11,14.14.34,-90.12027,29.934114,-105,-15,-20.0,0,1,D,PERIODIC,-110.0,-13.0,4.0,h43,0,0
2751,2025.11.11,14.14.35,-90.12027,29.934114,-105,-15,-20.0,2,2,D,PERIODIC,-110.0,-13.0,4.0,h43,0,0
2752,2025.11.11,14.14.36,-90.12027,29.934114,-105,-15,-20.0,0,0,I,PERIODIC,-110.0,-13.0,4.0,h43,0,0
2753,2025.11.11,14.14.37,-90.12027,29.934114,-105,-15,-20.0,166,165,D,PERIODIC,-110.0,-14.0,4.0,h43,0,0
2754,2025.11.11,14.14.38,-90.12027,29.934114,-105,-15,-20.0,0,0,D,PERIODIC,-110.0,-14.0,4.0,h43,0,0
2755,2025.11.11,14.14.39,-90.12027,29.934114,-105,-15,-20.0,0,0,I,PERIODIC,-110.0,-14.0,4.0,h43,0,0
2756,2025.11.11,14.14.40,-90.12027,29.934114,-105,-15,-20.0,36512,4371,D,PERIODIC,-108.0,-12.0,4.0,h43,0,0
2757,2025.11.11,14.14.41,-90.12027,29.934114,-105,-15,-20.0,1,1,D,PERIODIC,-108.0,-12.0,4.0,h43,0,0
2758,2025.11.11,14.14.42,-90.12027,29.934114,-104,-14,-10.0,0,0,D,PERIODIC,-108.0,-12.0,7.0,h43,0,0
2759,2025.11.11,14.14.43,-90.12027,29.934114,-104,-14,-10.0,1,0,D,PERIODIC,-108.0,-12.0,7.0,h43,0,0
2760,2025.11.11,14.14.44,-90.12027,29.934114,-104,-15,-10.0,0,0,D,PERIODIC,-108.0,-11.0,6.0,h43,0,0
2761,2025.11.11,14.14.45,-90.12027,29.934114,-104,-15,-10.0,33245,428,D,PERIODIC,-108.0,-11.0,6.0,h43,0,0
2762,2025.11.11,14.14.46,-90.12027,29.934114,-104,-15,-10.0,0,0,I,PERIODIC,-108.0,-11.0,6.0,h43,0,0
2763,2025.11.11,14.14.47,-90.12027,29.934114,-105,-15,-15.0,0,0,D,PERIODIC,-109.0,-12.0,6.0,h43,0,0
2764,2025.11.11,14.14.48,-90.12027,29.934114,-106,-17,-4.0,0,0,I,PERIODIC,-110.0,-14.0,5.0,h43,0,0
2765,2025.11.11,14.14.49,-90.12027,29.934114,-106,-17,-2.0,0,0,I,PERIODIC,-110.0,-14.0,5.0,h43,0,0
2766,2025.11.11,14.14.50,-90.12027,29.934114,-106,-16,-2.0,0,0,I,PERIODIC,-108.0,-11.0,6.0,h43,0,0
2767,2025.11.11,14.14.51,-90.12027,29.934114,-106,-16,-2.0,0,0,I,PERIODIC,-108.0,-11.0,6.0,h43,0,0
2768,2025.11.11,14.14.52,-90.12027,29.934114,-106,-16,-2.0,3,3,D,PERIODIC,-108.0,-13.0,6.0,h43,0,0
2769,2025.11.11,14.14.53,-90.12027,29.934114,-106,-16,-2.0,0,0,D,PERIODIC,-108.0,-13.0,6.0,h43,0,0
2770,2025.11.11,14.14.54,-90.12027,29.934114,-106,-16,-2.0,1,1,D,PERIODIC,-108.0,-14.0,6.0,h43,0,0
2771,2025.11.11,14.14.55,-90.12027,29.934114,-106,-16,-2.0,51763,1378,D,PERIODIC,-108.0,-14.0,6.0,h43,0,0
2772,2025.11.11,14.14.56,-90.12027,29.934114,-106,-16,-2.0,6,6,D,PERIODIC,-107.0,-13.0,6.0,h43,0,0
2773,2025.11.11,14.14.57,-90.12027,29.934114,-106,-16,-2.0,0,0,D,PERIODIC,-107.0,-13.0,6.0,h43,0,0
2774,2025.11.11,14.14.58,-90.12027,29.934114,-105,-14,-15.0,0,0,D,PERIODIC,-109.0,-15.0,7.0,h43,0,0
2775,2025.11.11,14.14.59,-90.12027,29.934114,-105,-14,-15.0,0,0,I,PERIODIC,-109.0,-15.0,7.0,h43,0,0
2776,2025.11.11,14.15.00,-90.12027,29.934114,-105,-15,-20.0,0,0,D,PERIODIC,-109.0,-14.0,6.0,h43,0,0
2777,2025.11.11,14.15.01,-90.12027,29.934114,-105,-15,-20.0,17512,230,D,PERIODIC,-109.0,-14.0,6.0,h43,0,0
2778,2025.11.11,14.15.02,-90.12027,29.934114,-105,-15,-15.0,0,0,I,PERIODIC,-108.0,-15.0,8.0,h43,0,0
2779,2025.11.11,14.15.03,-90.12027,29.934114,-105,-15,-15.0,0,0,I,PERIODIC,-108.0,-15.0,8.0,h43,0,0
2780,2025.11.11,14.15.04,-90.12027,29.934114,-105,-15,-15.0,0,0,I,PERIODIC,-107.0,-14.0,8.0,h43,0,0
2781,2025.11.11,14.15.05,-90.12027,29.934114,-105,-15,-15.0,34326,481,D,PERIODIC,-107.0,-14.0,8.0,h43,0,0
2782,2025.11.11,14.15.06,-90.12027,29.934114,-104,-15,-5.0,0,0,D,PERIODIC,-108.0,-14.0,7.0,h43,0,0
2783,2025.11.11,14.15.07,-90.12027,29.934114,-104,-15,-5.0,41,40,D,PERIODIC,-108.0,-14.0,7.0,h43,0,0
2784,2025.11.11,14.15.08,-90.12027,29.934114,-104,-15,-10.0,5,5,D,PERIODIC,-108.0,-15.0,7.0,h43,0,0
2785,2025.11.11,14.15.09,-90.12027,29.934114,-104,-15,-10.0,0,0,I,PERIODIC,-108.0,-15.0,7.0,h43,0,0
2786,2025.11.11,14.15.10,-90.12027,29.934114,-105,-15,-20.0,39033,609,D,PERIODIC,-107.0,-15.0,7.0,h43,0,0
2787,2025.11.11,14.15.11,-90.12027,29.934114,-105,-15,-20.0,0,0,D,PERIODIC,-107.0,-15.0,7.0,h43,0,0
2788,2025.11.11,14.15.12,-90.12027,29.934114,-103,-15,-10.0,1,1,D,PERIODIC,-109.0,-16.0,7.0,h43,0,0
2789,2025.11.11,14.15.13,-90.12027,29.934114,-103,-15,-10.0,0,0,D,PERIODIC,-109.0,-16.0,7.0,h43,0,0
2790,2025.11.11,14.15.14,-90.12027,29.934114,-107,-15,-3.0,6,0,D,PERIODIC,-110.0,-14.0,4.0,h43,0,0
2791,2025.11.11,14.15.15,-90.12027,29.934114,-107,-15,-4.0,42199,537,D,PERIODIC,-110.0,-14.0,4.0,h43,0,0
2792,2025.11.11,14.15.16,-90.12027,29.934114,-107,-16,-3.0,0,0,D,PERIODIC,-106.0,-13.0,6.0,h43,0,0
2793,2025.11.11,14.15.17,-90.12027,29.934114,-107,-16,-3.0,0,0,D,PERIODIC,-106.0,-13.0,6.0,h43,0,0
2794,2025.11.11,14.15.18,-90.12027,29.934114,-107,-16,-4.0,0,12,D,PERIODIC,-106.0,-12.0,9.0,h43,0,0
2795,2025.11.11,14.15.19,-90.12027,29.934114,-107,-16,-4.0,0,0,I,PERIODIC,-106.0,-12.0,9.0,h43,0,0
2796,2025.11.11,14.15.20,-90.12027,29.934114,-104,-15,-3.0,0,0,D,PERIODIC,-107.0,-14.0,9.0,h43,0,0
2797,2025.11.11,14.15.21,-90.12027,29.934114,-104,-15,-1.0,0,0,D,PERIODIC,-107.0,-14.0,9.0,h43,0,0
2798,2025.11.11,14.15.22,-90.12027,29.934114,-105,-15,-10.0,0,0,D,PERIODIC,-109.0,-11.0,3.0,h43,0,0
2799,2025.11.11,14.15.23,-90.12027,29.934114,-105,-15,-10.0,0,0,I,PERIODIC,-109.0,-11.0,3.0,h43,0,0
2800,2025.11.11,14.15.24,-90.12027,29.934114,-105,-15,-10.0,0,1,D,PERIODIC,-109.0,-13.0,3.0,h43,0,0
2801,2025.11.11,14.15.25,-90.12027,29.934114,-105,-15,-10.0,0,0,D,PERIODIC,-109.0,-13.0,3.0,h43,0,0
2802,2025.11.11,14.15.26,-90.12027,29.934114,-105,-15,-10.0,38540,0,D,PERIODIC,-107.0,-14.0,3.0,h43,0,0
2803,2025.11.11,14.15.27,-90.12027,29.934114,-105,-15,-10.0,9,3,D,PERIODIC,-107.0,-14.0,3.0,h43,0,0
2804,2025.11.11,14.15.28,-90.12027,29.934114,-106,-16,-4.0,0,0,D,PERIODIC,-106.0,-14.0,7.0,h43,0,0
2805,2025.11.11,14.15.29,-90.12027,29.934114,-106,-16,-4.0,6,4,D,PERIODIC,-106.0,-14.0,7.0,h43,0,0
2806,2025.11.11,14.15.30,-90.12027,29.934114,-104,-15,-15.0,0,0,D,PERIODIC,-107.0,-12.0,7.0,h43,0,0
2807,2025.11.11,14.15.31,-90.12027,29.934114,-104,-15,-15.0,44247,4386,D,PERIODIC,-107.0,-12.0,7.0,h43,0,0
2808,2025.11.11,14.15.32,-90.12027,29.934114,-105,-15,-15.0,0,0,I,PERIODIC,-110.0,-15.0,8.0,h43,0,0
2809,2025.11.11,14.15.33,-90.12027,29.934114,-105,-15,-15.0,4,4,D,PERIODIC,-110.0,-15.0,8.0,h43,0,0
2810,2025.11.11,14.15.34,-90.12027,29.934114,-105,-15,-15.0,1,1,D,PERIODIC,-106.0,-11.0,8.0,h43,0,0
2811,2025.11.11,14.15.35,-90.12027,29.934114,-105,-15,-15.0,65155,3238,D,PERIODIC,-106.0,-11.0,8.0,h43,0,0
2812,2025.11.11,14.15.36,-90.12027,29.934114,-105,-15,-15.0,8,6,D,PERIODIC,-106.0,-14.0,8.0,h43,0,0
2813,2025.11.11,14.15.37,-90.12027,29.934114,-105,-15,-15.0,0,0,D,PERIODIC,-106.0,-14.0,8.0,h43,0,0
2814,2025.11.11,14.15.38,-90.12027,29.934114,-105,-15,-15.0,80,81,D,PERIODIC,-107.0,-12.0,8.0,h43,0,0
2815,2025.11.11,14.15.39,-90.12027,29.934114,-105,-15,-15.0,1,1,D,PERIODIC,-107.0,-12.0,8.0,h43,0,0
2816,2025.11.11,14.15.40,-90.12027,29.934114,-108,-16,-3.0,0,0,I,PERIODIC,-109.0,-14.0,8.0,h43,0,0
2817,2025.11.11,14.15.41,-90.12027,29.934114,-108,-16,-3.0,38832,0,D,PERIODIC,-109.0,-14.0,8.0,h43,0,0
2818,2025.11.11,14.15.42,-90.12027,29.934114,-108,-16,-3.0,0,0,I,PERIODIC,-107.0,-14.0,8.0,h43,0,0
2819,2025.11.11,14.15.43,-90.12027,29.934114,-108,-16,-3.0,0,0,I,PERIODIC,-107.0,-14.0,8.0,h43,0,0
2820,2025.11.11,14.15.44,-90.12027,29.934114,-107,-16,-3.0,0,0,I,PERIODIC,-108.0,-14.0,7.0,h43,0,0
2821,2025.11.11,14.15.45,-90.12027,29.934114,-107,-16,-3.0,0,0,D,PERIODIC,-108.0,-14.0,7.0,h43,0,0
2822,2025.11.11,14.15.46,-90.12027,29.934114,-107,-16,-3.0,38778,477,D,PERIODIC,-107.0,-14.0,9.0,h43,0,0
2823,2025.11.11,14.15.47,-90.12027,29.934114,-107,-16,-3.0,0,0,D,PERIODIC,-107.0,-14.0,9.0,h43,0,0
2824,2025.11.11,14.15.48,-90.12027,29.934114,-106,-16,-3.0,0,0,I,PERIODIC,-107.0,-13.0,7.0,h43,0,0
2825,2025.11.11,14.15.49,-90.12027,29.934114,-106,-16,-3.0,0,0,I,PERIODIC,-107.0,-13.0,7.0,h43,0,0
2826,2025.11.11,14.15.50,-90.12027,29.934114,-104,-15,-15.0,0,0,I,PERIODIC,-108.0,-12.0,7.0,h43,0,0
2827,2025.11.11,14.15.51,-90.12027,29.934114,-104,-15,-15.0,0,0,I,PERIODIC,-108.0,-12.0,7.0,h43,0,0
2828,2025.11.11,14.15.52,-90.12027,29.934114,-105,-15,-2.0,1,1,D,PERIODIC,-107.0,-14.0,8.0,h43,0,0
2829,2025.11.11,14.15.53,-90.12027,29.934114,-105,-15,-2.0,2,2,D,PERIODIC,-107.0,-14.0,8.0,h43,0,0
2830,2025.11.11,14.15.54,-90.12027,29.934114,-105,-15,-2.0,2,2,D,PERIODIC,-107.0,-14.0,8.0,h43,0,0
2831,2025.11.11,14.15.55,-90.12027,29.934114,-105,-15,-2.0,78991,673,D,PERIODIC,-107.0,-14.0,8.0,h43,0,0
2832,2025.11.11,14.15.56,-90.12027,29.934114,-105,-15,-2.0,1,1,D,PERIODIC,-107.0,-14.0,8.0,h43,0,0
2833,2025.11.11,14.15.57,-90.12027,29.934114,-105,-15,-2.0,2,2,D,PERIODIC,-107.0,-14.0,8.0,h43,0,0
2834,2025.11.11,14.15.58,-90.12027,29.934114,-105,-15,-2.0,0,0,D,PERIODIC,-107.0,-13.0,8.0,h43,0,0
2835,2025.11.11,14.15.59,-90.12027,29.934114,-105,-15,-4.0,1,0,D,PERIODIC,-107.0,-13.0,8.0,h43,0,0
2836,2025.11.11,14.16.00,-90.12027,29.934114,-107,-16,-4.0,31987,925,D,PERIODIC,-109.0,-15.0,4.0,h43,0,0
2837,2025.11.11,14.16.01,-90.12027,29.934114,-107,-16,-4.0,0,0,I,PERIODIC,-109.0,-15.0,4.0,h43,0,0
2838,2025.11.11,14.16.02,-90.12027,29.934114,-107,-16,-4.0,0,0,I,PERIODIC,-107.0,-13.0,4.0,h43,0,0
2839,2025.11.11,14.16.03,-90.12027,29.934114,-107,-16,-4.0,0,0,I,PERIODIC,-107.0,-13.0,4.0,h43,0,0
2840,2025.11.11,14.16.04,-90.12027,29.934114,-107,-17,-4.0,0,0,D,PERIODIC,-106.0,-13.0,6.0,h43,0,0
2841,2025.11.11,14.16.05,-90.12027,29.934114,-107,-17,-4.0,77446,669,D,PERIODIC,-106.0,-13.0,6.0,h43,0,0
2842,2025.11.11,14.16.06,-90.12027,29.934114,-107,-17,-4.0,0,0,I,PERIODIC,-107.0,-12.0,6.0,h43,0,0
2843,2025.11.11,14.16.07,-90.12027,29.934114,-107,-17,-4.0,0,0,I,PERIODIC,-107.0,-12.0,6.0,h43,0,0
2844,2025.11.11,14.16.08,-90.12027,29.934114,-107,-16,-4.0,0,0,I,PERIODIC,-107.0,-13.0,8.0,h43,0,0
2845,2025.11.11,14.16.09,-90.12027,29.934114,-107,-16,-4.0,0,0,I,PERIODIC,-107.0,-13.0,8.0,h43,0,0
2846,2025.11.11,14.16.10,-90.12027,29.934114,-107,-16,-4.0,0,0,I,PERIODIC,-107.0,-14.0,8.0,h43,0,0
2847,2025.11.11,14.16.11,-90.12027,29.934114,-107,-16,-4.0,0,0,I,PERIODIC,-107.0,-14.0,8.0,h43,0,0
2848,2025.11.11,14.16.12,-90.12027,29.934114,-107,-16,-4.0,0,0,I,PERIODIC,-109.0,-15.0,8.0,h43,0,0
2849,2025.11.11,14.16.13,-90.12027,29.934114,-107,-16,-4.0,0,0,I,PERIODIC,-109.0,-15.0,8.0,h43,0,0
2850,2025.11.11,14.16.14,-90.12027,29.934114,-107,-16,-4.0,0,0,I,PERIODIC,-110.0,-15.0,8.0,h43,0,0
2851,2025.11.11,14.16.15,-90.12027,29.934114,-107,-16,-4.0,44109,519,D,PERIODIC,-110.0,-15.0,8.0,h43,0,0
2852,2025.11.11,14.16.16,-90.12027,29.934114,-105,-15,-15.0,0,0,I,PERIODIC,-108.0,-11.0,6.0,h43,0,0
2853,2025.11.11,14.16.17,-90.12027,29.934114,-105,-15,-15.0,0,0,I,PERIODIC,-108.0,-11.0,6.0,h43,0,0
2854,2025.11.11,14.16.18,-90.12027,29.934114,-106,-15,-5.0,9,11,D,PERIODIC,-107.0,-14.0,6.0,h43,0,0
2855,2025.11.11,14.16.19,-90.12027,29.934114,-106,-15,-5.0,0,0,D,PERIODIC,-107.0,-14.0,6.0,h43,0,0
2856,2025.11.11,14.16.20,-90.12027,29.934114,-106,-15,-10.0,35565,1687,D,PERIODIC,-110.0,-13.0,7.0,h43,0,0
2857,2025.11.11,14.16.21,-90.12027,29.934114,-106,-15,-10.0,3,3,D,PERIODIC,-110.0,-13.0,7.0,h43,0,0
2858,2025.11.11,14.16.22,-90.12027,29.934114,-106,-15,-10.0,0,0,D,PERIODIC,-110.0,-14.0,7.0,h43,0,0
2859,2025.11.11,14.16.23,-90.12027,29.934114,-106,-15,-10.0,3,2,D,PERIODIC,-110.0,-14.0,7.0,h43,0,0
2860,2025.11.11,14.16.24,-90.12027,29.934114,-106,-15,-10.0,30638,5483,D,PERIODIC,-107.0,-13.0,7.0,h43,0,0
2861,2025.11.11,14.16.25,-90.12027,29.934114,-106,-15,-10.0,0,0,D,PERIODIC,-107.0,-13.0,7.0,h43,0,0
2862,2025.11.11,14.16.27,-90.12027,29.934114,-105,-15,-20.0,0,0,D,PERIODIC,-107.0,-10.0,9.0,h43,0,0
2863,2025.11.11,14.16.27,-90.12027,29.934114,-105,-15,-20.0,0,0,I,PERIODIC,-107.0,-10.0,9.0,h43,0,0
2864,2025.11.11,14.16.29,-90.12027,29.934114,-106,-16,-2.0,0,0,I,PERIODIC,-108.0,-13.0,7.0,h43,0,0
2865,2025.11.11,14.16.29,-90.12027,29.934114,-106,-16,-2.0,0,0,I,PERIODIC,-108.0,-13.0,7.0,h43,0,0
2866,2025.11.11,14.16.31,-90.12027,29.934114,-106,-16,-2.0,7,8,D,PERIODIC,-110.0,-10.0,7.0,h43,0,0
2867,2025.11.11,14.16.31,-90.12027,29.934114,-106,-16,-2.0,0,0,D,PERIODIC,-110.0,-10.0,7.0,h43,0,0
2868,2025.11.11,14.16.32,-90.12027,29.934114,-106,-16,-2.0,1,1,D,PERIODIC,-111.0,-14.0,7.0,h43,0,0
2869,2025.11.11,14.16.33,-90.12027,29.934114,-106,-16,-2.0,0,6,D,PERIODIC,-111.0,-14.0,7.0,h43,0,0
2870,2025.11.11,14.16.35,-90.12027,29.934114,-106,-16,-2.0,33589,1152,D,PERIODIC,-108.0,-15.0,7.0,h43,0,0
2871,2025.11.11,14.16.36,-90.12027,29.934114,-106,-16,-2.0,0,0,I,PERIODIC,-108.0,-15.0,7.0,h43,0,0
2872,2025.11.11,14.16.37,-90.12027,29.934114,-106,-16,-2.0,0,0,I,PERIODIC,-106.0,-13.0,7.0,h43,0,0
2873,2025.11.11,14.16.38,-90.12027,29.934114,-106,-16,-2.0,0,0,I,PERIODIC,-106.0,-13.0,7.0,h43,0,0
2874,2025.11.11,14.16.39,-90.12027,29.934114,-106,-16,-2.0,0,0,I,PERIODIC,-107.0,-14.0,7.0,h43,0,0
2875,2025.11.11,14.16.40,-90.12027,29.934114,-106,-16,-2.0,0,0,I,PERIODIC,-107.0,-14.0,7.0,h43,0,0
2876,2025.11.11,14.16.41,-90.12027,29.934114,-108,-17,-4.0,0,0,D,PERIODIC,-108.0,-12.0,9.0,h43,0,0
2877,2025.11.11,14.16.42,-90.12027,29.934114,-108,-17,-4.0,0,0,I,PERIODIC,-108.0,-12.0,9.0,h43,0,0
2878,2025.11.11,14.16.43,-90.12027,29.934114,-109,-16,-4.0,0,0,I,PERIODIC,-109.0,-15.0,7.0,h43,0,0
2879,2025.11.11,14.16.44,-90.12027,29.934114,-109,-16,-4.0,0,0,I,PERIODIC,-109.0,-15.0,7.0,h43,0,0
2880,2025.11.11,14.16.45,-90.12027,29.934114,-109,-16,-4.0,0,0,D,PERIODIC,-108.0,-13.0,7.0,h43,0,0
2881,2025.11.11,14.16.46,-90.12027,29.934114,-109,-16,-4.0,42828,434,D,PERIODIC,-108.0,-13.0,7.0,h43,0,0
2882,2025.11.11,14.16.47,-90.12027,29.934114,-109,-16,-4.0,4,4,D,PERIODIC,-108.0,-13.0,7.0,h43,0,0
2883,2025.11.11,14.16.48,-90.12027,29.934114,-109,-16,-4.0,0,0,D,PERIODIC,-108.0,-13.0,7.0,h43,0,0
2884,2025.11.11,14.16.49,-90.12027,29.934114,-109,-16,-4.0,0,0,I,PERIODIC,-108.0,-11.0,7.0,h43,0,0
2885,2025.11.11,14.16.50,-90.12027,29.934114,-109,-16,-4.0,38134,392,D,PERIODIC,-108.0,-11.0,7.0,h43,0,0
2886,2025.11.11,14.16.51,-90.12027,29.934114,-109,-16,-4.0,0,0,I,PERIODIC,-109.0,-14.0,7.0,h43,0,0
2887,2025.11.11,14.16.52,-90.12027,29.934114,-109,-16,-4.0,0,0,I,PERIODIC,-109.0,-14.0,7.0,h43,0,0
2888,2025.11.11,14.16.53,-90.12027,29.934114,-109,-16,-4.0,0,0,I,PERIODIC,-109.0,-13.0,7.0,h43,0,0
2889,2025.11.11,14.16.54,-90.12027,29.934114,-109,-16,-4.0,1,1,D,PERIODIC,-109.0,-13.0,7.0,h43,0,0
2890,2025.11.11,14.16.55,-90.12027,29.934114,-109,-16,-4.0,0,913,D,PERIODIC,-109.0,-11.0,7.0,h43,0,0
2891,2025.11.11,14.16.56,-90.12027,29.934114,-109,-16,-2.0,0,0,D,PERIODIC,-109.0,-11.0,7.0,h43,0,0
2892,2025.11.11,14.16.57,-90.12027,29.934114,-106,-15,-20.0,0,0,I,PERIODIC,-108.0,-14.0,9.0,h43,0,0
2893,2025.11.11,14.16.58,-90.12027,29.934114,-106,-15,-20.0,0,0,D,PERIODIC,-108.0,-14.0,9.0,h43,0,0
2894,2025.11.11,14.16.59,-90.12027,29.934114,-105,-15,-10.0,0,0,I,PERIODIC,-108.0,-12.0,8.0,h43,0,0
2895,2025.11.11,14.17.00,-90.12027,29.934114,-105,-15,-10.0,29677,1127,D,PERIODIC,-108.0,-12.0,8.0,h43,0,0
2896,2025.11.11,14.17.01,-90.12027,29.934114,-105,-14,0.0,0,0,I,PERIODIC,-107.0,-14.0,8.0,h43,0,0
2897,2025.11.11,14.17.02,-90.12027,29.934114,-105,-14,0.0,0,3,D,PERIODIC,-107.0,-14.0,8.0,h43,0,0
2898,2025.11.11,14.17.03,-90.12027,29.934114,-105,-14,-5.0,0,0,D,PERIODIC,-108.0,-12.0,6.0,h43,0,0
2899,2025.11.11,14.17.04,-90.12027,29.934114,-105,-14,-5.0,0,0,I,PERIODIC,-108.0,-12.0,6.0,h43,0,0
2900,2025.11.11,14.17.05,-90.12027,29.934114,-105,-14,-20.0,51520,481,D,PERIODIC,-108.0,-14.0,6.0,h43,0,0
2901,2025.11.11,14.17.06,-90.12027,29.934114,-105,-14,-20.0,0,0,D,PERIODIC,-108.0,-14.0,6.0,h43,0,0
2902,2025.11.11,14.17.07,-90.12027,29.934114,-104,-15,-20.0,0,0,D,PERIODIC,-107.0,-15.0,8.0,h43,0,0
2903,2025.11.11,14.17.08,-90.12027,29.934114,-104,-15,-20.0,0,0,I,PERIODIC,-107.0,-15.0,8.0,h43,0,0
2904,2025.11.11,14.17.09,-90.12027,29.934114,-105,-15,-3.0,0,0,I,PERIODIC,-109.0,-12.0,7.0,h43,0,0
2905,2025.11.11,14.17.10,-90.12027,29.934114,-105,-15,-2.0,0,0,I,PERIODIC,-109.0,-12.0,7.0,h43,0,0
2906,2025.11.11,14.17.11,-90.12027,29.934114,-106,-15,-2.0,53750,493,D,PERIODIC,-108.0,-14.0,5.0,h43,0,0
2907,2025.11.11,14.17.12,-90.12027,29.934114,-106,-15,-2.0,0,0,D,PERIODIC,-108.0,-14.0,5.0,h43,0,0
2908,2025.11.11,14.17.13,-90.12027,29.934114,-106,-15,-2.0,0,0,I,PERIODIC,-108.0,-13.0,5.0,h43,0,0
2909,2025.11.11,14.17.14,-90.12027,29.934114,-106,-15,-2.0,0,0,I,PERIODIC,-108.0,-13.0,5.0,h43,0,0
2910,2025.11.11,14.17.15,-90.12027,29.934114,-106,-15,-2.0,70153,1083,D,PERIODIC,-108.0,-12.0,5.0,h43,0,0
2911,2025.11.11,14.17.16,-90.12027,29.934114,-106,-15,-1.0,3,3,D,PERIODIC,-108.0,-12.0,5.0,h43,0,0
2912,2025.11.11,14.17.17,-90.12027,29.934114,-106,-15,-10.0,0,0,I,PERIODIC,-108.0,-12.0,6.0,h43,0,0
2913,2025.11.11,14.17.18,-90.12027,29.934114,-106,-15,-10.0,0,0,I,PERIODIC,-108.0,-12.0,6.0,h43,0,0
2914,2025.11.11,14.17.19,-90.12027,29.934114,-106,-15,-10.0,7,5,D,PERIODIC,-107.0,-11.0,6.0,h43,0,0
2915,2025.11.11,14.17.20,-90.12027,29.934114,-106,-15,-10.0,0,404,D,PERIODIC,-107.0,-11.0,6.0,h43,0,0
2916,2025.11.11,14.17.21,-90.12027,29.934114,-106,-15,-10.0,0,0,D,PERIODIC,-107.0,-14.0,6.0,h43,0,0
2917,2025.11.11,14.17.22,-90.12027,29.934114,-106,-15,-10.0,4,4,D,PERIODIC,-107.0,-14.0,6.0,h43,0,0
2918,2025.11.11,14.17.23,-90.12027,29.934114,-106,-15,-10.0,7,7,D,PERIODIC,-107.0,-12.0,6.0,h43,0,0
2919,2025.11.11,14.17.24,-90.12027,29.934114,-106,-15,-10.0,0,0,D,PERIODIC,-107.0,-12.0,6.0,h43,0,0
2920,2025.11.11,14.17.25,-90.12027,29.934114,-106,-15,-20.0,38986,3632,D,PERIODIC,-108.0,-11.0,4.0,h43,0,0
2921,2025.11.11,14.17.26,-90.12027,29.934114,-106,-15,-20.0,7,7,D,PERIODIC,-108.0,-11.0,4.0,h43,0,0
2922,2025.11.11,14.17.27,-90.12027,29.934114,-105,-15,-10.0,0,4,D,PERIODIC,-107.0,-12.0,8.0,h43,0,0
2923,2025.11.11,14.17.28,-90.12027,29.934114,-105,-15,-10.0,0,0,D,PERIODIC,-107.0,-12.0,8.0,h43,0,0
2924,2025.11.11,14.17.29,-90.12027,29.934114,-105,-15,-10.0,0,0,I,PERIODIC,-107.0,-11.0,8.0,h43,0,0
2925,2025.11.11,14.17.30,-90.12027,29.934114,-105,-15,-10.0,0,0,D,PERIODIC,-107.0,-11.0,8.0,h43,0,0
2926,2025.11.11,14.17.31,-90.12027,29.934114,-105,-15,-20.0,71053,8,D,PERIODIC,-107.0,-10.0,10.0,h43,0,0
2927,2025.11.11,14.17.32,-90.12027,29.934114,-105,-15,-20.0,1,1,D,PERIODIC,-107.0,-10.0,10.0,h43,0,0
2928,2025.11.11,14.17.33,-90.12027,29.934114,-105,-15,-20.0,1,1,D,PERIODIC,-106.0,-14.0,10.0,h43,0,0
2929,2025.11.11,14.17.34,-90.12027,29.934114,-105,-15,-20.0,3,3,D,PERIODIC,-106.0,-14.0,10.0,h43,0,0
2930,2025.11.11,14.17.35,-90.12027,29.934114,-105,-15,-15.0,38731,870,D,PERIODIC,-107.0,-12.0,6.0,h43,0,0
2931,2025.11.11,14.17.36,-90.12027,29.934114,-105,-15,-15.0,0,0,D,PERIODIC,-107.0,-12.0,6.0,h43,0,0
2932,2025.11.11,14.17.37,-90.12027,29.934114,-106,-15,-2.0,0,0,D,PERIODIC,-108.0,-14.0,9.0,h43,0,0
2933,2025.11.11,14.17.38,-90.12027,29.934114,-106,-15,-2.0,0,0,I,PERIODIC,-108.0,-14.0,9.0,h43,0,0
2934,2025.11.11,14.17.39,-90.12027,29.934114,-106,-16,-20.0,0,0,I,PERIODIC,-109.0,-13.0,6.0,h43,0,0
2935,2025.11.11,14.17.40,-90.12027,29.934114,-106,-16,-20.0,36598,471,D,PERIODIC,-109.0,-13.0,6.0,h43,0,0
2936,2025.11.11,14.17.41,-90.12027,29.934114,-106,-16,-20.0,0,0,I,PERIODIC,-108.0,-12.0,6.0,h43,0,0
2937,2025.11.11,14.17.42,-90.12027,29.934114,-106,-16,-20.0,0,0,I,PERIODIC,-108.0,-12.0,6.0,h43,0,0
2938,2025.11.11,14.17.43,-90.12027,29.934114,-106,-16,-20.0,1,1,D,PERIODIC,-107.0,-12.0,6.0,h43,0,0
2939,2025.11.11,14.17.44,-90.12027,29.934114,-106,-16,-20.0,0,0,D,PERIODIC,-107.0,-12.0,6.0,h43,0,0
2940,2025.11.11,14.17.45,-90.12027,29.934114,-105,-15,-10.0,0,1052,D,PERIODIC,-108.0,-13.0,6.0,h43,0,0
2941,2025.11.11,14.17.46,-90.12027,29.934114,-105,-15,-10.0,0,9,D,PERIODIC,-108.0,-13.0,6.0,h43,0,0
2942,2025.11.11,14.17.47,-90.12027,29.934114,-105,-15,-10.0,5,5,D,PERIODIC,-108.0,-13.0,6.0,h43,0,0
2943,2025.11.11,14.17.48,-90.12027,29.934114,-106,-15,-2.0,0,0,D,PERIODIC,-108.0,-11.0,6.0,h43,0,0
2944,2025.11.11,14.17.49,-90.12027,29.934114,-106,-15,-2.0,7,7,D,PERIODIC,-108.0,-11.0,6.0,h43,0,0
2945,2025.11.11,14.17.50,-90.12027,29.934114,-105,-15,-2.0,0,0,D,PERIODIC,-110.0,-14.0,8.0,h43,0,0
2946,2025.11.11,14.17.51,-90.12027,29.934114,-105,-15,0.0,0,0,I,PERIODIC,-110.0,-14.0,8.0,h43,0,0
2947,2025.11.11,14.17.52,-90.12027,29.934114,-104,-14,-5.0,1,1,D,PERIODIC,-108.0,-14.0,6.0,h43,0,0
2948,2025.11.11,14.17.53,-90.12027,29.934114,-104,-14,-5.0,0,1,D,PERIODIC,-108.0,-14.0,6.0,h43,0,0
2949,2025.11.11,14.17.54,-90.12027,29.934114,-104,-14,-5.0,7,7,D,PERIODIC,-107.0,-13.0,6.0,h43,0,0
2950,2025.11.11,14.17.55,-90.12027,29.934114,-104,-14,-5.0,159416,2260,D,PERIODIC,-107.0,-13.0,6.0,h43,0,0
2951,2025.11.11,14.17.56,-90.12027,29.934114,-105,-15,-20.0,3,3,D,PERIODIC,-108.0,-13.0,8.0,h43,0,0
2952,2025.11.11,14.17.57,-90.12027,29.934114,-105,-15,-20.0,22,25,D,PERIODIC,-108.0,-13.0,8.0,h43,0,0
2953,2025.11.11,14.17.58,-90.12027,29.934114,-105,-15,-20.0,0,1,D,PERIODIC,-108.0,-12.0,8.0,h43,0,0
2954,2025.11.11,14.17.59,-90.12027,29.934114,-105,-15,-20.0,3,3,D,PERIODIC,-108.0,-12.0,8.0,h43,0,0
2955,2025.11.11,14.18.00,-90.12027,29.934114,-105,-15,-20.0,0,2296,D,PERIODIC,-107.0,-10.0,8.0,h43,0,0
2956,2025.11.11,14.18.01,-90.12027,29.934114,-105,-15,-20.0,0,0,D,PERIODIC,-107.0,-10.0,8.0,h43,0,0
2957,2025.11.11,14.18.02,-90.12027,29.934114,-106,-15,-3.0,0,0,D,PERIODIC,-107.0,-13.0,9.0,h43,0,0
2958,2025.11.11,14.18.03,-90.12027,29.934114,-106,-15,-4.0,8,8,D,PERIODIC,-107.0,-13.0,9.0,h43,0,0
2959,2025.11.11,14.18.04,-90.12027,29.934114,-107,-16,-4.0,0,0,I,PERIODIC,-108.0,-13.0,6.0,h43,0,0
2960,2025.11.11,14.18.05,-90.12027,29.934114,-107,-16,-4.0,61511,1583,D,PERIODIC,-108.0,-13.0,6.0,h43,0,0
2961,2025.11.11,14.18.06,-90.12027,29.934114,-107,-16,-4.0,0,0,D,PERIODIC,-108.0,-15.0,6.0,h43,0,0
2962,2025.11.11,14.18.07,-90.12027,29.934114,-107,-16,-4.0,16,17,D,PERIODIC,-108.0,-15.0,6.0,h43,0,0
2963,2025.11.11,14.18.08,-90.12027,29.934114,-106,-16,-3.0,0,59,D,PERIODIC,-108.0,-11.0,9.0,h43,0,0
2964,2025.11.11,14.18.09,-90.12027,29.934114,-106,-16,-3.0,0,0,D,PERIODIC,-108.0,-11.0,9.0,h43,0,0
2965,2025.11.11,14.18.10,-90.12027,29.934114,-104,-15,-20.0,147788,1631,D,PERIODIC,-108.0,-11.0,5.0,h43,0,0
2966,2025.11.11,14.18.11,-90.12027,29.934114,-104,-15,-20.0,10,10,D,PERIODIC,-108.0,-11.0,5.0,h43,0,0
2967,2025.11.11,14.18.12,-90.12027,29.934114,-105,-15,-2.0,0,0,D,PERIODIC,-108.0,-14.0,7.0,h43,0,0
2968,2025.11.11,14.18.13,-90.12027,29.934114,-105,-15,-2.0,0,0,I,PERIODIC,-108.0,-14.0,7.0,h43,0,0
2969,2025.11.11,14.18.14,-90.12027,29.934114,-105,-15,-2.0,15,15,D,PERIODIC,-109.0,-12.0,7.0,h43,0,0
2970,2025.11.11,14.18.15,-90.12027,29.934114,-105,-15,-2.0,39156,2638,D,PERIODIC,-109.0,-12.0,7.0,h43,0,0
2971,2025.11.11,14.18.16,-90.12027,29.934114,-105,-15,-2.0,10,10,D,PERIODIC,-109.0,-12.0,7.0,h43,0,0
2972,2025.11.11,14.18.17,-90.12027,29.934114,-105,-15,-2.0,0,0,D,PERIODIC,-108.0,-12.0,7.0,h43,0,0
2973,2025.11.11,14.18.18,-90.12027,29.934114,-105,-15,-2.0,0,0,I,PERIODIC,-108.0,-13.0,7.0,h43,0,0
2974,2025.11.11,14.18.19,-90.12027,29.934114,-105,-15,-2.0,0,0,I,PERIODIC,-108.0,-13.0,7.0,h43,0,0
2975,2025.11.11,14.18.20,-90.12027,29.934114,-105,-15,-2.0,27525,3680,D,PERIODIC,-108.0,-12.0,7.0,h43,0,0
2976,2025.11.11,14.18.21,-90.12027,29.934114,-105,-15,-2.0,0,0,I,PERIODIC,-108.0,-12.0,7.0,h43,0,0
2977,2025.11.11,14.18.22,-90.12027,29.934114,-105,-15,-2.0,69,71,D,PERIODIC,-108.0,-14.0,7.0,h43,0,0
2978,2025.11.11,14.18.23,-90.12027,29.934114,-105,-15,-2.0,0,52,D,PERIODIC,-108.0,-14.0,7.0,h43,0,0
2979,2025.11.11,14.18.24,-90.12027,29.934114,-106,-15,-2.0,0,0,D,PERIODIC,-107.0,-14.0,8.0,h43,0,0
2980,2025.11.11,14.18.25,-90.12027,29.934114,-106,-15,-2.0,152171,2577,D,PERIODIC,-107.0,-14.0,8.0,h43,0,0
2981,2025.11.11,14.18.26,-90.12027,29.934114,-106,-16,-3.0,0,0,D,PERIODIC,-108.0,-14.0,8.0,h43,0,0
2982,2025.11.11,14.18.27,-90.12027,29.934114,-106,-16,-3.0,22,22,D,PERIODIC,-108.0,-14.0,8.0,h43,0,0
2983,2025.11.11,14.18.28,-90.12027,29.934114,-106,-16,-3.0,4,4,D,PERIODIC,-108.0,-15.0,8.0,h43,0,0
2984,2025.11.11,14.18.29,-90.12027,29.934114,-106,-16,-3.0,0,0,D,PERIODIC,-108.0,-15.0,8.0,h43,0,0
2985,2025.11.11,14.18.30,-90.12027,29.934114,-106,-16,-2.0,62444,5154,D,PERIODIC,-108.0,-15.0,8.0,h43,0,0
2986,2025.11.11,14.18.31,-90.12027,29.934114,-105,-15,-2.0,6,6,D,PERIODIC,-108.0,-14.0,6.0,h43,0,0
2987,2025.11.11,14.18.32,-90.12027,29.934114,-105,-15,-2.0,2,2,D,PERIODIC,-108.0,-14.0,6.0,h43,0,0
2988,2025.11.11,14.18.33,-90.12027,29.934114,-105,-15,-2.0,2,2,D,PERIODIC,-108.0,-13.0,6.0,h43,0,0
2989,2025.11.11,14.18.34,-90.12027,29.934114,-105,-15,-1.0,0,0,I,PERIODIC,-108.0,-13.0,6.0,h43,0,0
2990,2025.11.11,14.18.35,-90.12027,29.934114,-106,-15,-10.0,112880,4530,D,PERIODIC,-108.0,-14.0,6.0,h43,0,0
2991,2025.11.11,14.18.36,-90.12027,29.934114,-106,-15,-10.0,0,0,D,PERIODIC,-108.0,-14.0,6.0,h43,0,0
2992,2025.11.11,14.18.37,-90.12027,29.934114,-106,-15,-20.0,0,0,D,PERIODIC,-108.0,-11.0,9.0,h43,0,0
2993,2025.11.11,14.18.38,-90.12027,29.934114,-106,-15,-20.0,0,5,D,PERIODIC,-108.0,-11.0,9.0,h43,0,0
2994,2025.11.11,14.18.39,-90.12027,29.934114,-106,-15,-20.0,5,3,D,PERIODIC,-108.0,-15.0,9.0,h43,0,0
2995,2025.11.11,14.18.40,-90.12027,29.934114,-106,-15,-20.0,109943,4088,D,PERIODIC,-108.0,-15.0,9.0,h43,0,0
2996,2025.11.11,14.18.41,-90.12027,29.934114,-107,-16,-3.0,0,0,I,PERIODIC,-108.0,-11.0,7.0,h43,0,0
2997,2025.11.11,14.18.42,-90.12027,29.934114,-107,-16,-3.0,20,21,D,PERIODIC,-108.0,-11.0,7.0,h43,0,0
2998,2025.11.11,14.18.43,-90.12027,29.934114,-108,-16,-4.0,47,47,D,PERIODIC,-108.0,-13.0,9.0,h43,0,0
2999,2025.11.11,14.18.44,-90.12027,29.934114,-108,-16,-4.0,6,6,D,PERIODIC,-108.0,-13.0,9.0,h43,0,0
3000,2025.11.11,14.18.45,-90.12027,29.934114,-108,-16,-4.0,112349,1169,D,PERIODIC,-108.0,-13.0,9.0,h43,0,0
3001,2025.11.11,14.18.46,-90.12027,29.934114,-108,-16,-2.0,0,0,D,PERIODIC,-108.0,-13.0,9.0,h43,0,0
3002,2025.11.11,14.18.47,-90.12027,29.934114,-108,-16,-2.0,3,1,D,PERIODIC,-108.0,-13.0,9.0,h43,0,0
3003,2025.11.11,14.18.48,-90.12027,29.934114,-106,-15,-20.0,2,2,D,PERIODIC,-108.0,-12.0,6.0,h43,0,0
3004,2025.11.11,14.18.49,-90.12027,29.934114,-106,-15,-20.0,0,0,I,PERIODIC,-109.0,-14.0,6.0,h43,0,0
3005,2025.11.11,14.18.50,-90.12027,29.934114,-106,-15,-20.0,23538,504,D,PERIODIC,-109.0,-14.0,6.0,h43,0,0
3006,2025.11.11,14.18.51,-90.12027,29.934114,-106,-15,-20.0,0,0,D,PERIODIC,-109.0,-14.0,6.0,h43,0,0
3007,2025.11.11,14.18.52,-90.12027,29.934114,-106,-15,-20.0,0,0,I,PERIODIC,-109.0,-14.0,6.0,h43,0,0
3008,2025.11.11,14.18.53,-90.12027,29.934114,-106,-15,-20.0,0,0,I,PERIODIC,-109.0,-13.0,6.0,h43,0,0
3009,2025.11.11,14.18.54,-90.12027,29.934114,-106,-15,-20.0,0,0,I,PERIODIC,-109.0,-13.0,6.0,h43,0,0
3010,2025.11.11,14.18.55,-90.12027,29.934114,-106,-15,-20.0,0,0,I,PERIODIC,-109.0,-14.0,6.0,h43,0,0
3011,2025.11.11,14.18.56,-90.12027,29.934114,-106,-15,-20.0,0,0,I,PERIODIC,-109.0,-14.0,6.0,h43,0,0
3012,2025.11.11,14.18.57,-90.12027,29.934114,-106,-15,-20.0,0,0,I,PERIODIC,-110.0,-13.0,6.0,h43,0,0
3013,2025.11.11,14.18.58,-90.12027,29.934114,-106,-15,-20.0,0,6,D,PERIODIC,-110.0,-13.0,6.0,h43,0,0
3014,2025.11.11,14.18.59,-90.12027,29.934114,-106,-15,-20.0,0,0,D,PERIODIC,-108.0,-12.0,6.0,h43,0,0
3015,2025.11.11,14.19.00,-90.12027,29.934114,-106,-15,-20.0,0,0,I,PERIODIC,-108.0,-12.0,6.0,h43,0,0
3016,2025.11.11,14.19.01,-90.12027,29.934114,-106,-16,-4.0,2,2,D,PERIODIC,-109.0,-14.0,5.0,h43,0,0
3017,2025.11.11,14.19.02,-90.12027,29.934114,-106,-16,-4.0,6,6,D,PERIODIC,-109.0,-14.0,5.0,h43,0,0
3018,2025.11.11,14.19.03,-90.12027,29.934114,-106,-16,-2.0,4,4,D,PERIODIC,-109.0,-14.0,5.0,h43,0,0
3019,2025.11.11,14.19.04,-90.12027,29.934114,-106,-15,-20.0,0,0,I,PERIODIC,-107.0,-12.0,7.0,h43,0,0
3020,2025.11.11,14.19.05,-90.12027,29.934114,-106,-15,-20.0,0,0,D,PERIODIC,-108.0,-12.0,7.0,h43,0,0
3021,2025.11.11,14.19.06,-90.12027,29.934114,-106,-15,-20.0,0,0,I,PERIODIC,-108.0,-12.0,7.0,h43,0,0
3022,2025.11.11,14.19.07,-90.12027,29.934114,-106,-15,-20.0,0,0,D,PERIODIC,-108.0,-12.0,7.0,h43,0,0
3023,2025.11.11,14.19.08,-90.12027,29.934114,-107,-16,-3.0,0,0,D,PERIODIC,-107.0,-13.0,10.0,h43,0,0
3024,2025.11.11,14.19.09,-90.12027,29.934114,-106,-16,-3.0,7,7,D,PERIODIC,-109.0,-11.0,5.0,h43,0,0
3025,2025.11.11,14.19.10,-90.12027,29.934114,-106,-16,-3.0,3,3,D,PERIODIC,-109.0,-11.0,5.0,h43,0,0
3026,2025.11.11,14.19.11,-90.12027,29.934114,-106,-16,-3.0,3,3,D,PERIODIC,-109.0,-11.0,5.0,h43,0,0
3027,2025.11.11,14.19.12,-90.12027,29.934114,-106,-16,-3.0,3,3,D,PERIODIC,-111.0,-13.0,5.0,h43,0,0
3028,2025.11.11,14.19.13,-90.12027,29.934114,-106,-16,-3.0,21,22,D,PERIODIC,-111.0,-13.0,5.0,h43,0,0
3029,2025.11.11,14.19.14,-90.12027,29.934114,-106,-16,-3.0,0,0,D,PERIODIC,-111.0,-13.0,5.0,h43,0,0
3030,2025.11.11,14.19.15,-90.12027,29.934114,-105,-15,-2.0,1,1,D,PERIODIC,-110.0,-12.0,3.0,h43,0,0
3031,2025.11.11,14.19.16,-90.12027,29.934114,-105,-15,-2.0,3,3,D,PERIODIC,-110.0,-13.0,6.0,h43,0,0
3032,2025.11.11,14.19.17,-90.12027,29.934114,-105,-15,-2.0,0,0,D,PERIODIC,-110.0,-13.0,6.0,h43,0,0
3033,2025.11.11,14.19.18,-90.12027,29.934114,-106,-15,-2.0,4,5,D,PERIODIC,-108.0,-14.0,8.0,h43,0,0
3034,2025.11.11,14.19.19,-90.12027,29.934114,-106,-15,-2.0,0,0,I,PERIODIC,-108.0,-14.0,8.0,h43,0,0
3035,2025.11.11,14.19.20,-90.12027,29.934114,-106,-15,-2.0,0,4858,D,PERIODIC,-108.0,-14.0,8.0,h43,0,0
3036,2025.11.11,14.19.21,-90.12027,29.934114,-106,-15,-4.0,0,0,I,PERIODIC,-108.0,-14.0,8.0,h43,0,0
3037,2025.11.11,14.19.22,-90.12027,29.934114,-106,-16,-4.0,0,2,D,PERIODIC,-108.0,-14.0,6.0,h43,0,0
3038,2025.11.11,14.19.23,-90.12027,29.934114,-106,-16,-3.0,0,0,I,PERIODIC,-108.0,-14.0,6.0,h43,0,0
3039,2025.11.11,14.19.24,-90.12027,29.934114,-106,-16,-3.0,0,9,D,PERIODIC,-108.0,-14.0,6.0,h43,0,0
3040,2025.11.11,14.19.25,-90.12027,29.934114,-102,-16,-3.0,38669,2464,D,PERIODIC,-107.0,-14.0,7.0,h43,0,0
3041,2025.11.11,14.19.26,-90.12027,29.934114,-102,-16,-3.0,0,0,D,PERIODIC,-107.0,-14.0,7.0,h43,0,0
3645,2025.12.24,15.28.49,-87.901218,42.340113,-102,-11,20.0,9,9,D,LOG START,-94.0,-10.0,17.0,h4,0,0
3646,2025.12.24,15.28.49,-87.901218,42.340113,-102,-11,20.0,0,0,D,PERIODIC,-94.0,-10.0,17.0,h4,0,0
3647,2025.12.24,15.28.50,-87.901218,42.340113,-102,-11,20.0,0,0,I,,-94.0,-10.0,17.0,h4,0,0
3648,2025.12.24,15.28.50,-87.901218,42.340113,-97,-11,20.0,0,0,I,PERIODIC,-92.0,-9.0,10.0,h4,0,0
3649,2025.12.24,15.28.51,-87.901218,42.340113,-97,-11,20.0,0,0,I,PERIODIC,-93.0,-14.0,10.0,h4,0,0
3650,2025.12.24,15.28.52,-87.901218,42.340113,-97,-11,20.0,6,8,D,PERIODIC,-93.0,-14.0,10.0,h4,0,0
3651,2025.12.24,15.28.53,-87.901218,42.340113,-97,-11,20.0,0,0,D,PERIODIC,-94.0,-13.0,10.0,h4,0,0
3652,2025.12.24,15.28.54,-87.901218,42.340113,-97,-11,20.0,0,0,I,PERIODIC,-94.0,-13.0,10.0,h4,0,0
3653,2025.12.24,15.28.55,-87.901218,42.340113,-97,-11,20.0,0,0,I,PERIODIC,-94.0,-11.0,10.0,h4,0,0
3654,2025.12.24,15.28.56,-87.901218,42.340113,-97,-11,20.0,0,0,D,PERIODIC,-94.0,-11.0,10.0,h4,0,0
3655,2025.12.24,15.28.57,-87.901218,42.340113,-95,-11,23.0,4,4,D,PERIODIC,-93.0,-14.0,15.0,h4,0,0
3656,2025.12.24,15.28.58,-87.901218,42.340113,-95,-11,23.0,0,0,D,PERIODIC,-93.0,-14.0,15.0,h4,0,0
3657,2025.12.24,15.28.59,-87.901218,42.340113,-95,-11,22.0,0,0,I,PERIODIC,-93.0,-14.0,15.0,h4,0,0
3658,2025.12.24,15.29.00,-87.901218,42.340113,-96,-11,22.0,0,0,I,PERIODIC,-93.0,-14.0,15.0,h4,0,0
3659,2025.12.24,15.29.01,-87.901218,42.340113,-96,-11,22.0,19,19,D,PERIODIC,-93.0,-11.0,15.0,h4,0,0
3660,2025.12.24,15.29.02,-87.901218,42.340113,-96,-11,22.0,4,4,D,PERIODIC,-93.0,-11.0,15.0,h4,0,0
3661,2025.12.24,15.29.03,-87.901218,42.340113,-95,-11,24.0,0,0,D,PERIODIC,-94.0,-14.0,15.0,h4,0,0
3662,2025.12.24,15.29.04,-87.901218,42.340113,-95,-11,24.0,0,0,D,PERIODIC,-94.0,-14.0,15.0,h4,0,0
3663,2025.12.24,15.29.05,-87.901218,42.340113,-95,-11,24.0,0,0,I,PERIODIC,-94.0,-14.0,15.0,h4,0,0
3664,2025.12.24,15.29.06,-87.901218,42.340113,-95,-11,24.0,0,0,I,PERIODIC,-94.0,-14.0,15.0,h4,0,0
3665,2025.12.24,15.29.07,-87.901218,42.340113,-95,-11,24.0,0,0,I,PERIODIC,-94.0,-11.0,15.0,h4,0,0
3666,2025.12.24,15.29.08,-87.901218,42.340113,-95,-11,24.0,0,0,I,PERIODIC,-94.0,-11.0,15.0,h4,0,0
3667,2025.12.24,15.29.09,-87.901218,42.340113,-96,-11,22.0,0,0,I,PERIODIC,-93.0,-11.0,14.0,h4,0,0
3668,2025.12.24,15.29.10,-87.901218,42.340113,-96,-11,22.0,0,0,I,PERIODIC,-93.0,-11.0,14.0,h4,0,0
3669,2025.12.24,15.29.11,-87.901218,42.340113,-96,-11,22.0,0,0,I,PERIODIC,-93.0,-8.0,15.0,h4,0,0
3670,2025.12.24,15.29.12,-87.901218,42.340113,-96,-11,22.0,8,10,D,PERIODIC,-93.0,-8.0,15.0,h4,0,0
3671,2025.12.24,15.29.13,-87.901218,42.340113,-96,-11,22.0,0,0,D,PERIODIC,-93.0,-13.0,15.0,h4,0,0
3672,2025.12.24,15.29.14,-87.901218,42.340113,-96,-11,22.0,0,0,I,PERIODIC,-93.0,-13.0,15.0,h4,0,0
3673,2025.12.24,15.29.15,-87.901218,42.340113,-96,-11,22.0,0,0,I,PERIODIC,-94.0,-9.0,15.0,h4,0,0
3674,2025.12.24,15.29.16,-87.901218,42.340113,-96,-11,22.0,1,1,D,PERIODIC,-94.0,-9.0,15.0,h4,0,0
3675,2025.12.24,15.29.17,-87.901218,42.340113,-96,-11,22.0,1,1,D,PERIODIC,-94.0,-13.0,14.0,h4,0,0
3676,2025.12.24,15.29.18,-87.901218,42.340113,-96,-11,22.0,0,0,I,PERIODIC,-94.0,-13.0,14.0,h4,0,0
3677,2025.12.24,15.29.19,-87.901218,42.340113,-96,-11,22.0,0,0,D,PERIODIC,-93.0,-13.0,14.0,h4,0,0
3678,2025.12.24,15.29.20,-87.901218,42.340113,-96,-11,22.0,0,0,I,PERIODIC,-93.0,-13.0,14.0,h4,0,0
3679,2025.12.24,15.29.21,-87.901218,42.340113,-96,-11,22.0,0,0,I,PERIODIC,-93.0,-15.0,14.0,h4,0,0
3680,2025.12.24,15.29.22,-87.901218,42.340113,-96,-11,22.0,0,0,I,PERIODIC,-93.0,-15.0,14.0,h4,0,0
3681,2025.12.24,15.29.23,-87.901218,42.340113,-96,-11,22.0,0,0,I,PERIODIC,-93.0,-12.0,12.0,h4,0,0
3682,2025.12.24,15.29.24,-87.901218,42.340113,-96,-11,22.0,0,0,I,PERIODIC,-93.0,-12.0,12.0,h4,0,0
3683,2025.12.24,15.29.25,-87.901218,42.340113,-96,-11,22.0,8,11,D,PERIODIC,-93.0,-13.0,12.0,h4,0,0
3684,2025.12.24,15.29.26,-87.901218,42.340113,-96,-11,22.0,32,36,D,PERIODIC,-93.0,-13.0,12.0,h4,0,0
3685,2025.12.24,15.29.27,-87.901218,42.340113,-95,-11,22.0,54,56,D,PERIODIC,-94.0,-13.0,13.0,h4,0,0
3686,2025.12.24,15.29.28,-87.901218,42.340113,-95,-11,22.0,0,11802,D,PERIODIC,-94.0,-13.0,13.0,h4,0,0
3687,2025.12.24,15.29.29,-87.901218,42.340113,-95,-11,23.0,0,0,D,PERIODIC,-93.0,-12.0,13.0,h4,0,0
3688,2025.12.24,15.29.30,-87.901218,42.340113,-95,-11,23.0,0,0,I,PERIODIC,-93.0,-12.0,13.0,h4,0,0
3689,2025.12.24,15.29.31,-87.901218,42.340113,-95,-11,23.0,0,0,I,PERIODIC,-93.0,-13.0,13.0,h4,0,0
3690,2025.12.24,15.29.32,-87.901218,42.340113,-95,-11,23.0,1,1,D,PERIODIC,-93.0,-13.0,13.0,h4,0,0
3691,2025.12.24,15.29.33,-87.901218,42.340113,-95,-11,23.0,238590,2118,D,PERIODIC,-94.0,-12.0,13.0,h4,0,0
3692,2025.12.24,15.29.34,-87.901218,42.340113,-95,-11,23.0,1,1,D,PERIODIC,-94.0,-12.0,13.0,h4,0,0
3693,2025.12.24,15.29.35,-87.901218,42.340113,-95,-11,23.0,0,0,D,PERIODIC,-93.0,-14.0,13.0,h4,0,0
3694,2025.12.24,15.29.36,-87.901218,42.340113,-95,-11,23.0,0,0,I,PERIODIC,-93.0,-14.0,13.0,h4,0,0
3695,2025.12.24,15.29.37,-87.901218,42.340113,-95,-11,23.0,0,0,I,PERIODIC,-93.0,-11.0,13.0,h4,0,0
3696,2025.12.24,15.29.38,-87.901218,42.340113,-95,-11,23.0,0,1666,D,PERIODIC,-93.0,-11.0,13.0,h4,0,0
3697,2025.12.24,15.29.39,-87.901218,42.340113,-95,-11,23.0,2,2,D,PERIODIC,-94.0,-13.0,13.0,h4,0,0
3698,2025.12.24,15.29.40,-87.901218,42.340113,-95,-11,23.0,0,0,D,PERIODIC,-94.0,-13.0,13.0,h4,0,0
3699,2025.12.24,15.29.41,-87.901218,42.340113,-99,-11,21.0,0,0,I,PERIODIC,-95.0,-13.0,15.0,h4,0,0
3700,2025.12.24,15.29.42,-87.901218,42.340113,-99,-11,22.0,1,1,D,PERIODIC,-95.0,-13.0,15.0,h4,0,0
3701,2025.12.24,15.29.43,-87.901218,42.340113,-96,-11,22.0,108129,822,D,PERIODIC,-93.0,-13.0,14.0,h4,0,0
3702,2025.12.24,15.29.44,-87.901218,42.340113,-96,-11,22.0,0,0,D,PERIODIC,-93.0,-13.0,14.0,h4,0,0
3703,2025.12.24,15.29.45,-87.901218,42.340113,-96,-11,22.0,0,0,I,PERIODIC,-93.0,-11.0,17.0,h4,0,0
3704,2025.12.24,15.29.46,-87.901218,42.340113,-96,-11,22.0,3,3,D,PERIODIC,-93.0,-11.0,17.0,h4,0,0
3705,2025.12.24,15.29.47,-87.901218,42.340113,-96,-11,22.0,1,1,D,PERIODIC,-93.0,-11.0,17.0,h4,0,0
3706,2025.12.24,15.29.48,-87.901218,42.340113,-96,-11,22.0,95351,1417,D,PERIODIC,-93.0,-11.0,17.0,h4,0,0
3707,2025.12.24,15.29.49,-87.901218,42.340113,-96,-11,22.0,1,1,D,PERIODIC,-93.0,-11.0,17.0,h4,0,0
3708,2025.12.24,15.29.50,-87.901218,42.340113,-96,-11,22.0,10,7,D,PERIODIC,-95.0,-11.0,17.0,h4,0,0
3709,2025.12.24,15.29.51,-87.901218,42.340113,-96,-11,22.0,1,1,D,PERIODIC,-93.0,-13.0,17.0,h4,0,0
3710,2025.12.24,15.29.52,-87.901218,42.340113,-96,-11,22.0,0,0,D,PERIODIC,-93.0,-13.0,17.0,h4,0,0
3711,2025.12.24,15.29.53,-87.901218,42.340113,-96,-11,22.0,97348,2129,D,PERIODIC,-93.0,-14.0,17.0,h4,0,0
3712,2025.12.24,15.29.54,-87.901218,42.340113,-96,-11,22.0,0,0,D,PERIODIC,-93.0,-14.0,17.0,h4,0,0
3713,2025.12.24,15.29.56,-87.901218,42.340113,-96,-11,22.0,0,0,I,PERIODIC,-94.0,-11.0,17.0,h4,0,0
3714,2025.12.24,15.29.56,-87.901218,42.340113,-96,-11,22.0,5,8,D,PERIODIC,-94.0,-11.0,17.0,h4,0,0
3715,2025.12.24,15.29.57,-87.901218,42.340113,-96,-11,22.0,1,1,D,PERIODIC,-94.0,-14.0,17.0,h4,0,0
3716,2025.12.24,15.29.59,-87.901218,42.340113,-96,-11,21.0,91189,583,D,PERIODIC,-94.0,-14.0,17.0,h4,0,0
3717,2025.12.24,15.30.00,-87.901218,42.340113,-97,-11,21.0,0,0,D,PERIODIC,-94.0,-10.0,11.0,h4,0,0
3718,2025.12.24,15.30.01,-87.901218,42.340113,-97,-11,21.0,0,0,I,PERIODIC,-94.0,-10.0,11.0,h4,0,0
3719,2025.12.24,15.30.02,-87.901218,42.340113,-97,-11,21.0,1,1,D,PERIODIC,-93.0,-9.0,11.0,h4,0,0
3720,2025.12.24,15.30.03,-87.901218,42.340113,-97,-11,23.0,0,0,D,PERIODIC,-93.0,-9.0,11.0,h4,0,0
3721,2025.12.24,15.30.04,-87.901218,42.340113,-95,-11,23.0,4,0,D,PERIODIC,-94.0,-13.0,14.0,h4,0,0
3722,2025.12.24,15.30.05,-87.901218,42.340113,-95,-11,22.0,96118,1150,D,PERIODIC,-94.0,-13.0,14.0,h4,0,0
3723,2025.12.24,15.30.06,-87.901218,42.340113,-94,-11,22.0,0,0,I,PERIODIC,-93.0,-12.0,12.0,h4,0,0
3724,2025.12.24,15.30.07,-87.901218,42.340113,-94,-11,22.0,0,0,I,PERIODIC,-93.0,-12.0,12.0,h4,0,0
3725,2025.12.24,15.30.08,-87.901218,42.340113,-94,-11,22.0,1,1,D,PERIODIC,-93.0,-12.0,12.0,h4,0,0
3726,2025.12.24,15.30.09,-87.901218,42.340113,-94,-11,22.0,91201,630,D,PERIODIC,-93.0,-12.0,12.0,h4,0,0
3727,2025.12.24,15.30.10,-87.901218,42.340113,-94,-11,22.0,0,0,D,PERIODIC,-92.0,-10.0,12.0,h4,0,0
3728,2025.12.24,15.30.11,-87.901218,42.340113,-94,-11,22.0,0,0,I,PERIODIC,-92.0,-10.0,12.0,h4,0,0
3729,2025.12.24,15.30.12,-87.901218,42.340113,-94,-11,22.0,4,5,D,PERIODIC,-92.0,-12.0,12.0,h4,0,0
3730,2025.12.24,15.30.13,-87.901218,42.340113,-94,-11,22.0,2,2,D,PERIODIC,-92.0,-12.0,12.0,h4,0,0
3731,2025.12.24,15.30.14,-87.901218,42.340113,-94,-11,22.0,90272,676,D,PERIODIC,-92.0,-12.0,12.0,h4,0,0
3732,2025.12.24,15.30.15,-87.901218,42.340113,-94,-11,22.0,0,0,D,PERIODIC,-92.0,-12.0,12.0,h4,0,0
3733,2025.12.24,15.30.16,-87.901218,42.340113,-94,-11,22.0,0,0,I,PERIODIC,-92.0,-10.0,12.0,h4,0,0
3734,2025.12.24,15.30.17,-87.901218,42.340113,-94,-11,22.0,4,4,D,PERIODIC,-92.0,-10.0,12.0,h4,0,0
3735,2025.12.24,15.30.18,-87.901218,42.340113,-94,-11,22.0,0,0,D,PERIODIC,-92.0,-11.0,12.0,h4,0,0
3736,2025.12.24,15.30.19,-87.901218,42.340113,-94,-11,22.0,0,796,D,PERIODIC,-92.0,-11.0,12.0,h4,0,0
3737,2025.12.24,15.30.20,-87.901218,42.340113,-94,-11,22.0,0,0,D,PERIODIC,-93.0,-11.0,12.0,h4,0,0
3738,2025.12.24,15.30.21,-87.901218,42.340113,-94,-11,22.0,0,0,I,PERIODIC,-93.0,-11.0,12.0,h4,0,0
3739,2025.12.24,15.30.22,-87.901218,42.340113,-94,-11,22.0,0,0,I,PERIODIC,-93.0,-13.0,12.0,h4,0,0
3740,2025.12.24,15.30.23,-87.901218,42.340113,-94,-11,22.0,0,0,I,PERIODIC,-93.0,-13.0,12.0,h4,0,0
3741,2025.12.24,15.30.24,-87.901218,42.340113,-94,-11,22.0,0,0,I,PERIODIC,-93.0,-13.0,12.0,h4,0,0
3742,2025.12.24,15.30.25,-87.901218,42.340113,-94,-11,22.0,70697,573,D,PERIODIC,-93.0,-13.0,12.0,h4,0,0
3743,2025.12.24,15.30.26,-87.901218,42.340113,-94,-11,22.0,5,8,D,PERIODIC,-92.0,-11.0,12.0,h4,0,0
3744,2025.12.24,15.30.27,-87.901218,42.340113,-94,-11,22.0,0,0,D,PERIODIC,-92.0,-11.0,12.0,h4,0,0
3745,2025.12.24,15.30.28,-87.901218,42.340113,-94,-11,22.0,4,4,D,PERIODIC,-94.0,-14.0,12.0,h4,0,0
3746,2025.12.24,15.30.29,-87.901218,42.340113,-94,-11,22.0,105830,3750,D,PERIODIC,-94.0,-14.0,12.0,h4,0,0
3747,2025.12.24,15.30.30,-87.901218,42.340113,-95,-11,22.0,0,0,D,PERIODIC,-93.0,-10.0,16.0,h4,0,0
3748,2025.12.24,15.30.31,-87.901218,42.340113,-95,-11,21.0,0,0,I,PERIODIC,-93.0,-10.0,16.0,h4,0,0
3749,2025.12.24,15.30.32,-87.901218,42.340113,-97,-11,21.0,0,0,I,PERIODIC,-94.0,-10.0,16.0,h4,0,0
3750,2025.12.24,15.30.33,-87.901218,42.340113,-97,-11,21.0,0,0,I,PERIODIC,-94.0,-10.0,16.0,h4,0,0
3751,2025.12.24,15.30.34,-87.901218,42.340113,-97,-11,21.0,69500,569,D,PERIODIC,-93.0,-10.0,16.0,h4,0,0
3752,2025.12.24,15.30.35,-87.901218,42.340113,-97,-11,21.0,0,0,D,PERIODIC,-93.0,-10.0,16.0,h4,0,0
3753,2025.12.24,15.30.36,-87.901218,42.340113,-97,-11,21.0,0,0,I,PERIODIC,-94.0,-12.0,16.0,h4,0,0
3754,2025.12.24,15.30.37,-87.901218,42.340113,-97,-11,21.0,0,0,I,PERIODIC,-94.0,-12.0,16.0,h4,0,0
3755,2025.12.24,15.30.38,-87.901218,42.340113,-95,-11,22.0,0,0,I,PERIODIC,-94.0,-8.0,15.0,h4,0,0
3756,2025.12.24,15.30.39,-87.901218,42.340113,-95,-11,22.0,91474,583,D,PERIODIC,-94.0,-8.0,15.0,h4,0,0
3757,2025.12.24,15.30.40,-87.901218,42.340113,-95,-11,22.0,0,0,D,PERIODIC,-93.0,-12.0,15.0,h4,0,0
3758,2025.12.24,15.30.41,-87.901218,42.340113,-95,-11,22.0,1,1,D,PERIODIC,-93.0,-12.0,15.0,h4,0,0
3759,2025.12.24,15.30.42,-87.901218,42.340113,-96,-11,21.0,1,1,D,PERIODIC,-94.0,-11.0,12.0,h4,0,0
3760,2025.12.24,15.30.43,-87.901218,42.340113,-96,-11,21.0,1,1,D,PERIODIC,-94.0,-11.0,12.0,h4,0,0
3761,2025.12.24,15.30.44,-87.901218,42.340113,-96,-11,21.0,87759,737,D,PERIODIC,-93.0,-9.0,12.0,h4,0,0
3762,2025.12.24,15.30.45,-87.901218,42.340113,-96,-11,22.0,0,0,D,PERIODIC,-93.0,-9.0,12.0,h4,0,0
3763,2025.12.24,15.30.46,-87.901218,42.340113,-95,-11,22.0,0,0,D,PERIODIC,-94.0,-12.0,15.0,h4,0,0
3764,2025.12.24,15.30.47,-87.901218,42.340113,-95,-11,22.0,3,3,D,PERIODIC,-94.0,-12.0,15.0,h4,0,0
3765,2025.12.24,15.30.48,-87.901218,42.340113,-95,-11,22.0,0,0,D,PERIODIC,-94.0,-12.0,15.0,h4,0,0
3766,2025.12.24,15.30.49,-87.901218,42.340113,-95,-11,21.0,114151,1311,D,PERIODIC,-94.0,-12.0,15.0,h4,0,0
3767,2025.12.24,15.30.50,-87.901218,42.340113,-95,-11,22.0,0,0,D,PERIODIC,-94.0,-12.0,15.0,h4,0,0
3768,2025.12.24,15.30.51,-87.901218,42.340113,-95,-11,22.0,0,0,D,PERIODIC,-94.0,-13.0,15.0,h4,0,0
3769,2025.12.24,15.30.52,-87.901218,42.340113,-95,-11,22.0,8,9,D,PERIODIC,-93.0,-12.0,15.0,h4,0,0
3770,2025.12.24,15.30.53,-87.901218,42.340113,-95,-11,21.0,0,0,D,PERIODIC,-93.0,-12.0,15.0,h4,0,0
3771,2025.12.24,15.30.54,-87.901218,42.340113,-96,-11,21.0,0,477,D,PERIODIC,-93.0,-12.0,10.0,h4,0,0
3772,2025.12.24,15.30.55,-87.901218,42.340113,-96,-11,21.0,0,0,D,PERIODIC,-93.0,-12.0,10.0,h4,0,0
3773,2025.12.24,15.30.56,-87.901218,42.340113,-94,-11,21.0,0,0,I,PERIODIC,-93.0,-13.0,14.0,h4,0,0
3774,2025.12.24,15.30.57,-87.901218,42.340113,-94,-11,21.0,3,3,D,PERIODIC,-93.0,-13.0,14.0,h4,0,0
3775,2025.12.24,15.30.58,-87.901218,42.340113,-93,-11,21.0,1,1,D,PERIODIC,-93.0,-11.0,14.0,h4,0,0
3776,2025.12.24,15.30.59,-87.901218,42.340113,-93,-11,21.0,110959,786,D,PERIODIC,-93.0,-11.0,14.0,h4,0,0
3777,2025.12.24,15.31.00,-87.901218,42.340113,-93,-11,21.0,1,1,D,PERIODIC,-93.0,-13.0,14.0,h4,0,0
3778,2025.12.24,15.31.01,-87.901218,42.340113,-93,-11,21.0,0,1,D,PERIODIC,-93.0,-13.0,14.0,h4,0,0
3779,2025.12.24,15.31.02,-87.901218,42.340113,-93,-11,21.0,1,1,D,PERIODIC,-93.0,-11.0,14.0,h4,0,0
3780,2025.12.24,15.31.03,-87.901218,42.340113,-93,-11,21.0,6,6,D,PERIODIC,-93.0,-11.0,14.0,h4,0,0
3781,2025.12.24,15.31.04,-87.901218,42.340113,-93,-11,21.0,96696,1616,D,PERIODIC,-93.0,-10.0,14.0,h4,0,0
3782,2025.12.24,15.31.05,-87.901218,42.340113,-93,-11,21.0,0,0,D,PERIODIC,-93.0,-10.0,14.0,h4,0,0
3783,2025.12.24,15.31.06,-87.901218,42.340113,-93,-11,21.0,0,0,I,PERIODIC,-93.0,-10.0,14.0,h4,0,0
3784,2025.12.24,15.31.07,-87.901218,42.340113,-93,-11,21.0,0,0,I,PERIODIC,-94.0,-10.0,14.0,h4,0,0
3785,2025.12.24,15.31.08,-87.901218,42.340113,-93,-11,21.0,0,0,I,PERIODIC,-93.0,-12.0,14.0,h4,0,0
3786,2025.12.24,15.31.09,-87.901218,42.340113,-93,-11,21.0,104332,831,D,PERIODIC,-93.0,-12.0,14.0,h4,0,0
3787,2025.12.24,15.31.10,-87.901218,42.340113,-96,-11,22.0,0,0,D,PERIODIC,-94.0,-11.0,17.0,h4,0,0
3788,2025.12.24,15.31.11,-87.901218,42.340113,-96,-11,22.0,0,0,I,PERIODIC,-94.0,-11.0,17.0,h4,0,0
3789,2025.12.24,15.31.12,-87.901218,42.340113,-96,-11,22.0,6,4,D,PERIODIC,-94.0,-9.0,17.0,h4,0,0
3790,2025.12.24,15.31.13,-87.901218,42.340113,-96,-11,22.0,1,1,D,PERIODIC,-94.0,-9.0,17.0,h4,0,0
3791,2025.12.24,15.31.14,-87.901218,42.340113,-95,-11,23.0,71768,554,D,PERIODIC,-93.0,-11.0,13.0,h4,0,0
3792,2025.12.24,15.31.15,-87.901218,42.340113,-95,-11,23.0,0,0,D,PERIODIC,-93.0,-11.0,13.0,h4,0,0
3793,2025.12.24,15.31.16,-87.901218,42.340113,-95,-11,23.0,0,0,I,PERIODIC,-92.0,-10.0,13.0,h4,0,0
3794,2025.12.24,15.31.17,-87.901218,42.340113,-95,-11,23.0,0,0,I,PERIODIC,-92.0,-10.0,13.0,h4,0,0
3795,2025.12.24,15.31.18,-87.901218,42.340113,-95,-11,23.0,0,0,I,PERIODIC,-93.0,-10.0,13.0,h4,0,0
3796,2025.12.24,15.31.19,-87.901218,42.340113,-95,-11,23.0,0,0,I,PERIODIC,-93.0,-10.0,13.0,h4,0,0
3797,2025.12.24,15.31.20,-87.901218,42.340113,-95,-11,23.0,0,0,D,PERIODIC,-93.0,-10.0,13.0,h4,0,0
3798,2025.12.24,15.31.21,-87.901218,42.340113,-95,-11,23.0,0,0,I,PERIODIC,-93.0,-11.0,13.0,h4,0,0
3799,2025.12.24,15.31.22,-87.901218,42.340113,-97,-11,21.0,0,0,I,PERIODIC,-93.0,-8.0,15.0,h4,0,0
3800,2025.12.24,15.31.23,-87.901218,42.340113,-97,-11,21.0,0,0,I,PERIODIC,-93.0,-8.0,15.0,h4,0,0
3801,2025.12.24,15.31.24,-87.901218,42.340113,-97,-11,21.0,73353,556,D,PERIODIC,-94.0,-10.0,15.0,h4,0,0
3802,2025.12.24,15.31.25,-87.901218,42.340113,-97,-11,21.0,0,0,D,PERIODIC,-94.0,-10.0,15.0,h4,0,0
3803,2025.12.24,15.31.26,-87.901218,42.340113,-97,-11,21.0,63,69,D,PERIODIC,-93.0,-10.0,15.0,h4,0,0
3804,2025.12.24,15.31.27,-87.901218,42.340113,-97,-11,21.0,0,5,D,PERIODIC,-93.0,-10.0,15.0,h4,0,0
3805,2025.12.24,15.31.28,-87.901218,42.340113,-97,-11,21.0,0,0,D,PERIODIC,-94.0,-8.0,15.0,h4,0,0
3806,2025.12.24,15.31.29,-87.901218,42.340113,-97,-11,18.0,102964,3384,D,PERIODIC,-94.0,-8.0,15.0,h4,0,0
3807,2025.12.24,15.31.30,-87.901218,42.340113,-96,-11,22.0,0,0,D,PERIODIC,-94.0,-12.0,12.0,h4,0,0
3808,2025.12.24,15.31.31,-87.901218,42.340113,-96,-11,22.0,0,2,D,PERIODIC,-94.0,-12.0,12.0,h4,0,0
3809,2025.12.24,15.31.32,-87.901218,42.340113,-96,-11,22.0,4,4,D,PERIODIC,-94.0,-14.0,12.0,h4,0,0
3810,2025.12.24,15.31.33,-87.901218,42.340113,-96,-11,22.0,0,0,D,PERIODIC,-94.0,-14.0,12.0,h4,0,0
3811,2025.12.24,15.31.34,-87.901218,42.340113,-96,-11,22.0,68284,2573,D,PERIODIC,-94.0,-13.0,12.0,h4,0,0
3812,2025.12.24,15.31.35,-87.901218,42.340113,-96,-11,22.0,0,0,D,PERIODIC,-94.0,-13.0,12.0,h4,0,0
3813,2025.12.24,15.31.36,-87.901218,42.340113,-96,-11,22.0,0,0,I,PERIODIC,-94.0,-9.0,12.0,h4,0,0
3814,2025.12.24,15.31.37,-87.901218,42.340113,-96,-11,22.0,0,0,I,PERIODIC,-94.0,-9.0,12.0,h4,0,0
3815,2025.12.24,15.31.38,-87.901218,42.340113,-96,-11,22.0,0,0,I,PERIODIC,-94.0,-11.0,12.0,h4,0,0
3816,2025.12.24,15.31.39,-87.901218,42.340113,-96,-11,22.0,104695,766,D,PERIODIC,-94.0,-11.0,12.0,h4,0,0
3817,2025.12.24,15.31.40,-87.901218,42.340113,-96,-11,22.0,0,0,D,PERIODIC,-94.0,-11.0,12.0,h4,0,0
3818,2025.12.24,15.31.41,-87.901218,42.340113,-96,-11,22.0,1,1,D,PERIODIC,-94.0,-11.0,12.0,h4,0,0
3819,2025.12.24,15.31.42,-87.901218,42.340113,-105,-11,19.0,2,2,D,PERIODIC,-95.0,-9.0,16.0,h4,0,0
3820,2025.12.24,15.31.43,-87.901218,42.340113,-105,-11,21.0,0,0,D,PERIODIC,-95.0,-9.0,16.0,h4,0,0
3821,2025.12.24,15.31.44,-87.901218,42.340113,-94,-11,21.0,94035,643,D,PERIODIC,-93.0,-13.0,14.0,h4,0,0
3822,2025.12.24,15.31.45,-87.901218,42.340113,-94,-11,21.0,0,0,D,PERIODIC,-93.0,-13.0,14.0,h4,0,0
3823,2025.12.24,15.31.46,-87.901218,42.340113,-94,-11,21.0,0,0,I,PERIODIC,-93.0,-10.0,14.0,h4,0,0
3824,2025.12.24,15.31.47,-87.901218,42.340113,-94,-11,21.0,3,3,D,PERIODIC,-93.0,-10.0,14.0,h4,0,0
3825,2025.12.24,15.31.48,-87.901218,42.340113,-94,-11,22.0,0,0,D,PERIODIC,-93.0,-14.0,14.0,h4,0,0
3826,2025.12.24,15.31.49,-87.901218,42.340113,-94,-11,22.0,93730,1167,D,PERIODIC,-93.0,-14.0,14.0,h4,0,0
3827,2025.12.24,15.31.50,-87.901218,42.340113,-94,-11,22.0,0,0,D,PERIODIC,-93.0,-10.0,15.0,h4,0,0
3828,2025.12.24,15.31.51,-87.901218,42.340113,-94,-11,22.0,0,1,D,PERIODIC,-93.0,-10.0,15.0,h4,0,0
3829,2025.12.24,15.31.52,-87.901218,42.340113,-94,-11,22.0,0,0,D,PERIODIC,-93.0,-14.0,15.0,h4,0,0
3830,2025.12.24,15.31.53,-87.901218,42.340113,-94,-11,22.0,0,0,D,PERIODIC,-93.0,-14.0,15.0,h4,0,0
3831,2025.12.24,15.31.54,-87.901218,42.340113,-94,-11,22.0,97619,691,D,PERIODIC,-94.0,-11.0,15.0,h4,0,0
3832,2025.12.24,15.31.55,-87.901218,42.340113,-94,-11,22.0,0,0,D,PERIODIC,-94.0,-11.0,15.0,h4,0,0
3833,2025.12.24,15.31.56,-87.901218,42.340113,-94,-11,22.0,0,0,I,PERIODIC,-94.0,-9.0,15.0,h4,0,0
3834,2025.12.24,15.31.57,-87.901218,42.340113,-94,-11,22.0,6,8,D,PERIODIC,-94.0,-9.0,15.0,h4,0,0
3835,2025.12.24,15.31.58,-87.901218,42.340113,-94,-11,22.0,1,1,D,PERIODIC,-93.0,-11.0,15.0,h4,0,0
3836,2025.12.24,15.31.59,-87.901218,42.340113,-94,-11,22.0,0,788,D,PERIODIC,-93.0,-11.0,15.0,h4,0,0
3837,2025.12.24,15.32.00,-87.901218,42.340113,-94,-11,22.0,0,0,D,PERIODIC,-93.0,-10.0,15.0,h4,0,0
3838,2025.12.24,15.32.01,-87.901218,42.340113,-94,-11,22.0,0,0,I,PERIODIC,-93.0,-10.0,15.0,h4,0,0
3839,2025.12.24,15.32.02,-87.901218,42.340113,-94,-11,22.0,6,6,D,PERIODIC,-94.0,-10.0,15.0,h4,0,0
3840,2025.12.24,15.32.03,-87.901218,42.340113,-94,-11,22.0,3,3,D,PERIODIC,-94.0,-10.0,15.0,h4,0,0
3841,2025.12.24,15.32.04,-87.901218,42.340113,-94,-11,22.0,73483,1485,D,PERIODIC,-94.0,-11.0,15.0,h4,0,0
3842,2025.12.24,15.32.05,-87.901218,42.340113,-94,-11,22.0,0,0,D,PERIODIC,-94.0,-11.0,15.0,h4,0,0
3843,2025.12.24,15.32.06,-87.901218,42.340113,-94,-11,22.0,0,0,I,PERIODIC,-94.0,-13.0,15.0,h4,0,0
3844,2025.12.24,15.32.07,-87.901218,42.340113,-94,-11,22.0,0,0,I,PERIODIC,-94.0,-13.0,15.0,h4,0,0
3845,2025.12.24,15.32.08,-87.901218,42.340113,-94,-11,22.0,0,0,I,PERIODIC,-94.0,-13.0,15.0,h4,0,0
3846,2025.12.24,15.32.09,-87.901218,42.340113,-94,-11,22.0,113216,866,D,PERIODIC,-94.0,-13.0,15.0,h4,0,0
3847,2025.12.24,15.32.10,-87.901218,42.340113,-94,-11,22.0,0,0,D,PERIODIC,-94.0,-11.0,15.0,h4,0,0
3848,2025.12.24,15.32.11,-87.901218,42.340113,-94,-11,22.0,0,0,I,PERIODIC,-94.0,-11.0,15.0,h4,0,0
3849,2025.12.24,15.32.12,-87.901218,42.340113,-94,-11,22.0,0,7,D,PERIODIC,-94.0,-10.0,15.0,h4,0,0
3850,2025.12.24,15.32.13,-87.901218,42.340113,-94,-11,22.0,7,7,D,PERIODIC,-94.0,-10.0,15.0,h4,0,0
3851,2025.12.24,15.32.14,-87.901218,42.340113,-94,-11,22.0,4,4,D,PERIODIC,-94.0,-14.0,15.0,h4,0,0
3852,2025.12.24,15.32.15,-87.901218,42.340113,-94,-11,22.0,0,0,D,PERIODIC,-94.0,-14.0,15.0,h4,0,0
3853,2025.12.24,15.32.16,-87.901218,42.340113,-94,-11,22.0,0,0,I,PERIODIC,-94.0,-12.0,15.0,h4,0,0
3854,2025.12.24,15.32.17,-87.901218,42.340113,-94,-11,22.0,1,1,D,PERIODIC,-94.0,-12.0,15.0,h4,0,0
3855,2025.12.24,15.32.18,-87.901218,42.340113,-94,-11,22.0,0,0,D,PERIODIC,-94.0,-12.0,15.0,h4,0,0
3856,2025.12.24,15.32.19,-87.901218,42.340113,-94,-11,22.0,177169,1448,D,PERIODIC,-95.0,-10.0,15.0,h4,0,0
3857,2025.12.24,15.32.20,-87.901218,42.340113,-94,-11,22.0,0,0,D,PERIODIC,-95.0,-10.0,15.0,h4,0,0
3858,2025.12.24,15.32.21,-87.901218,42.340113,-94,-11,22.0,23,0,D,PERIODIC,-95.0,-11.0,15.0,h4,0,0
3859,2025.12.24,15.32.22,-87.901218,42.340113,-94,-11,22.0,0,0,I,PERIODIC,-94.0,-10.0,15.0,h4,0,0
3860,2025.12.24,15.32.23,-87.901218,42.340113,-94,-11,22.0,0,0,I,PERIODIC,-94.0,-10.0,15.0,h4,0,0
3861,2025.12.24,15.32.24,-87.901218,42.340113,-94,-11,22.0,0,743,D,PERIODIC,-98.0,-12.0,15.0,h4,0,0
3862,2025.12.24,15.32.25,-87.901218,42.340113,-94,-11,22.0,0,0,D,PERIODIC,-98.0,-12.0,15.0,h4,0,0
3863,2025.12.24,15.32.26,-87.901218,42.340113,-94,-11,22.0,0,4,D,PERIODIC,-94.0,-12.0,15.0,h4,0,0
3864,2025.12.24,15.32.27,-87.901218,42.340113,-94,-11,22.0,0,0,D,PERIODIC,-94.0,-12.0,15.0,h4,0,0
3865,2025.12.24,15.32.28,-87.901218,42.340113,-94,-11,22.0,0,0,D,PERIODIC,-94.0,-8.0,15.0,h4,0,0
3866,2025.12.24,15.32.29,-87.901218,42.340113,-94,-11,22.0,79130,3174,D,PERIODIC,-94.0,-8.0,15.0,h4,0,0
3867,2025.12.24,15.32.30,-87.901218,42.340113,-94,-11,22.0,0,0,D,PERIODIC,-94.0,-11.0,15.0,h4,0,0
3868,2025.12.24,15.32.31,-87.901218,42.340113,-94,-11,22.0,0,0,I,PERIODIC,-94.0,-11.0,15.0,h4,0,0
3869,2025.12.24,15.32.32,-87.901218,42.340113,-94,-11,22.0,0,0,I,PERIODIC,-93.0,-11.0,15.0,h4,0,0
3870,2025.12.24,15.32.33,-87.901218,42.340113,-94,-11,22.0,0,0,I,PERIODIC,-93.0,-11.0,15.0,h4,0,0
3871,2025.12.24,15.32.34,-87.901218,42.340113,-94,-11,22.0,97593,744,D,PERIODIC,-94.0,-11.0,15.0,h4,0,0
3872,2025.12.24,15.32.35,-87.901218,42.340113,-94,-11,22.0,0,0,D,PERIODIC,-94.0,-11.0,15.0,h4,0,0
3873,2025.12.24,15.32.36,-87.901218,42.340113,-94,-11,22.0,0,0,I,PERIODIC,-94.0,-9.0,15.0,h4,0,0
3874,2025.12.24,15.32.37,-87.901218,42.340113,-94,-11,22.0,0,0,I,PERIODIC,-94.0,-9.0,15.0,h4,0,0
3875,2025.12.24,15.32.38,-87.901218,42.340113,-94,-11,22.0,0,0,I,PERIODIC,-94.0,-12.0,15.0,h4,0,0
3876,2025.12.24,15.32.39,-87.901218,42.340113,-94,-11,22.0,97148,625,D,PERIODIC,-94.0,-12.0,15.0,h4,0,0
3877,2025.12.24,15.32.40,-87.901218,42.340113,-94,-11,22.0,0,0,D,PERIODIC,-94.0,-11.0,15.0,h4,0,0
3878,2025.12.24,15.32.41,-87.901218,42.340113,-94,-11,22.0,0,0,I,PERIODIC,-94.0,-11.0,15.0,h4,0,0
3879,2025.12.24,15.32.42,-87.901218,42.340113,-94,-11,22.0,0,0,I,PERIODIC,-93.0,-12.0,15.0,h4,0,0
3880,2025.12.24,15.32.43,-87.901218,42.340113,-94,-11,22.0,3,3,D,PERIODIC,-93.0,-12.0,15.0,h4,0,0
3881,2025.12.24,15.32.44,-87.901218,42.340113,-94,-11,22.0,94407,676,D,PERIODIC,-94.0,-11.0,15.0,h4,0,0
3882,2025.12.24,15.32.45,-87.901218,42.340113,-94,-11,22.0,0,0,D,PERIODIC,-94.0,-11.0,15.0,h4,0,0
3883,2025.12.24,15.32.46,-87.901218,42.340113,-94,-11,22.0,0,0,I,PERIODIC,-94.0,-12.0,15.0,h4,0,0
3884,2025.12.24,15.32.47,-87.901218,42.340113,-94,-11,22.0,4,4,D,PERIODIC,-94.0,-12.0,15.0,h4,0,0
3885,2025.12.24,15.32.48,-87.901218,42.340113,-94,-11,22.0,0,0,D,PERIODIC,-94.0,-15.0,15.0,h4,0,0
3886,2025.12.24,15.32.49,-87.901218,42.340113,-94,-11,22.0,111437,1289,D,PERIODIC,-94.0,-15.0,15.0,h4,0,0
3887,2025.12.24,15.32.50,-87.901218,42.340113,-94,-11,22.0,0,0,D,PERIODIC,-94.0,-10.0,15.0,h4,0,0
3888,2025.12.24,15.32.51,-87.901218,42.340113,-94,-11,22.0,0,0,I,PERIODIC,-94.0,-10.0,15.0,h4,0,0
3889,2025.12.24,15.32.52,-87.901218,42.340113,-94,-11,22.0,0,0,D,PERIODIC,-94.0,-13.0,15.0,h4,0,0
3890,2025.12.24,15.32.53,-87.901218,42.340113,-94,-11,22.0,0,0,I,PERIODIC,-94.0,-13.0,15.0,h4,0,0
3891,2025.12.24,15.32.54,-87.901218,42.340113,-94,-11,22.0,0,0,I,PERIODIC,-93.0,-8.0,15.0,h4,0,0
3892,2025.12.24,15.32.55,-87.901218,42.340113,-94,-11,22.0,0,0,I,PERIODIC,-93.0,-8.0,15.0,h4,0,0
3893,2025.12.24,15.32.56,-87.901218,42.340113,-94,-11,22.0,0,0,I,PERIODIC,-95.0,-10.0,15.0,h4,0,0
3894,2025.12.24,15.32.57,-87.901218,42.340113,-94,-11,22.0,3,3,D,PERIODIC,-95.0,-10.0,15.0,h4,0,0
3895,2025.12.24,15.32.58,-87.901218,42.340113,-94,-11,22.0,0,0,D,PERIODIC,-93.0,-13.0,15.0,h4,0,0
3896,2025.12.24,15.32.59,-87.901218,42.340113,-94,-11,22.0,0,0,I,PERIODIC,-93.0,-13.0,15.0,h4,0,0
3897,2025.12.24,15.33.00,-87.901218,42.340113,-94,-11,22.0,0,0,I,PERIODIC,-94.0,-8.0,15.0,h4,0,0
3898,2025.12.24,15.33.01,-87.901218,42.340113,-94,-11,22.0,0,0,I,PERIODIC,-94.0,-8.0,15.0,h4,0,0
3899,2025.12.24,15.33.02,-87.901218,42.340113,-99,-11,22.0,7,9,D,PERIODIC,-94.0,-10.0,16.0,h4,0,0
3900,2025.12.24,15.33.03,-87.901218,42.340113,-99,-11,21.0,3,3,D,PERIODIC,-94.0,-10.0,16.0,h4,0,0
3901,2025.12.24,15.33.04,-87.901218,42.340113,-97,-11,22.0,0,0,D,PERIODIC,-94.0,-14.0,12.0,h4,0,0
3902,2025.12.24,15.33.05,-87.901218,42.340113,-97,-11,22.0,0,0,I,PERIODIC,-94.0,-14.0,12.0,h4,0,0
3903,2025.12.24,15.33.06,-87.901218,42.340113,-98,-11,22.0,4,6,D,PERIODIC,-93.0,-8.0,14.0,h4,0,0
3904,2025.12.24,15.33.07,-87.901218,42.340113,-98,-11,22.0,0,0,D,PERIODIC,-93.0,-8.0,14.0,h4,0,0
3905,2025.12.24,15.33.08,-87.901218,42.340113,-98,-11,22.0,0,0,I,PERIODIC,-95.0,-12.0,14.0,h4,0,0
3906,2025.12.24,15.33.09,-87.901218,42.340113,-98,-11,22.0,0,0,I,PERIODIC,-95.0,-12.0,14.0,h4,0,0
3907,2025.12.24,15.33.10,-87.901218,42.340113,-98,-11,22.0,0,0,I,PERIODIC,-94.0,-13.0,14.0,h4,0,0
3908,2025.12.24,15.33.11,-87.901218,42.340113,-98,-11,22.0,0,0,I,PERIODIC,-94.0,-13.0,14.0,h4,0,0
3909,2025.12.24,15.33.12,-87.901218,42.340113,-98,-11,22.0,0,0,I,PERIODIC,-94.0,-13.0,14.0,h4,0,0
3910,2025.12.24,15.33.13,-87.901218,42.340113,-99,-11,22.0,4,4,D,PERIODIC,-94.0,-10.0,16.0,h4,0,0
3911,2025.12.24,15.33.14,-87.901218,42.340113,-97,-11,22.0,0,0,I,PERIODIC,-95.0,-11.0,11.0,h4,0,0
3912,2025.12.24,15.33.15,-87.901218,42.340113,-97,-11,22.0,0,0,I,PERIODIC,-95.0,-11.0,11.0,h4,0,0
3913,2025.12.24,15.33.16,-87.901218,42.340113,-97,-11,22.0,0,0,I,PERIODIC,-95.0,-12.0,11.0,h4,0,0
3914,2025.12.24,15.33.17,-87.901218,42.340113,-97,-11,22.0,0,0,I,PERIODIC,-95.0,-12.0,11.0,h4,0,0
3915,2025.12.24,15.33.18,-87.901218,42.340113,-99,-11,22.0,13,15,D,PERIODIC,-96.0,-12.0,14.0,h4,0,0
3916,2025.12.24,15.33.19,-87.901218,42.340113,-99,-11,22.0,0,0,D,PERIODIC,-96.0,-12.0,14.0,h4,0,0
3917,2025.12.24,15.33.20,-87.901218,42.340113,-96,-11,22.0,0,0,I,PERIODIC,-95.0,-8.0,12.0,h4,0,0
3918,2025.12.24,15.33.21,-87.901218,42.340113,-96,-11,22.0,0,0,I,PERIODIC,-95.0,-8.0,12.0,h4,0,0
0,2025.12.24,15.24.03,-87.901215,42.340114,-99,-11,21.0,0,0,I,LOG START,-88.0,-10.0,18.0,h3,0,0
1,2025.12.24,15.24.03,-87.901215,42.340113,-99,-11,21.0,0,0,I,,-88.0,-10.0,18.0,h3,0,0
2,2025.12.24,15.24.03,-87.901215,42.340113,-90,-11,23.0,1,1,D,PERIODIC,-95.0,-11.0,14.0,h3,0,0
3,2025.12.24,15.24.04,-87.901215,42.340113,-90,-11,21.0,2,2,D,PERIODIC,-95.0,-11.0,14.0,h3,0,0
4,2025.12.24,15.24.05,-87.901215,42.340113,-96,-11,21.0,0,0,I,PERIODIC,-95.0,-12.0,17.0,h3,0,0
5,2025.12.24,15.24.06,-87.901215,42.340113,-96,-11,21.0,0,0,I,PERIODIC,-95.0,-12.0,17.0,h3,0,0
6,2025.12.24,15.24.07,-87.901215,42.340113,-99,-11,21.0,1,1,D,PERIODIC,-94.0,-9.0,17.0,h3,0,0
7,2025.12.24,15.24.08,-87.901215,42.340113,-99,-11,22.0,0,0,I,PERIODIC,-94.0,-9.0,17.0,h3,0,0
8,2025.12.24,15.24.09,-87.901215,42.340113,-98,-11,22.0,0,0,D,PERIODIC,-94.0,-11.0,14.0,h3,0,0
9,2025.12.24,15.24.10,-87.901215,42.340113,-98,-11,22.0,0,1,D,PERIODIC,-94.0,-11.0,14.0,h3,0,0
10,2025.12.24,15.24.11,-87.901215,42.340113,-99,-11,21.0,0,1,D,PERIODIC,-95.0,-13.0,14.0,h3,0,0
11,2025.12.24,15.24.12,-87.901215,42.340113,-99,-11,21.0,7,9,D,PERIODIC,-95.0,-13.0,14.0,h3,0,0
12,2025.12.24,15.24.13,-87.901215,42.340113,-99,-11,21.0,0,0,I,PERIODIC,-94.0,-12.0,17.0,h3,0,0
13,2025.12.24,15.24.14,-87.901215,42.340113,-99,-11,21.0,4,5,D,PERIODIC,-94.0,-12.0,17.0,h3,0,0
14,2025.12.24,15.24.15,-87.901215,42.340113,-97,-11,21.0,0,0,I,PERIODIC,-94.0,-11.0,16.0,h3,0,0
15,2025.12.24,15.24.16,-87.901215,42.340113,-97,-11,21.0,0,0,I,PERIODIC,-94.0,-11.0,16.0,h3,0,0
16,2025.12.24,15.24.17,-87.901215,42.340113,-99,-11,21.0,0,0,I,PERIODIC,-96.0,-11.0,13.0,h3,0,0
17,2025.12.24,15.24.18,-87.901215,42.340113,-99,-11,21.0,0,0,I,PERIODIC,-96.0,-11.0,13.0,h3,0,0
18,2025.12.24,15.24.19,-87.901215,42.340113,-99,-11,21.0,0,0,I,PERIODIC,-94.0,-13.0,13.0,h3,0,0
19,2025.12.24,15.24.20,-87.901215,42.340113,-99,-11,21.0,0,0,I,PERIODIC,-94.0,-13.0,13.0,h3,0,0
20,2025.12.24,15.24.21,-87.901215,42.340113,-99,-11,21.0,0,0,I,PERIODIC,-95.0,-14.0,13.0,h3,0,0
21,2025.12.24,15.24.22,-87.901215,42.340113,-99,-11,21.0,0,0,I,PERIODIC,-95.0,-14.0,13.0,h3,0,0
22,2025.12.24,15.24.23,-87.901215,42.340113,-98,-11,21.0,0,0,I,PERIODIC,-93.0,-10.0,11.0,h3,0,0
23,2025.12.24,15.24.24,-87.901215,42.340113,-98,-11,21.0,0,0,I,PERIODIC,-93.0,-10.0,11.0,h3,0,0
24,2025.12.24,15.24.25,-87.901215,42.340113,-99,-11,21.0,0,0,I,PERIODIC,-94.0,-11.0,15.0,h3,0,0
25,2025.12.24,15.24.26,-87.901215,42.340113,-99,-11,21.0,0,12,D,PERIODIC,-94.0,-11.0,15.0,h3,0,0
26,2025.12.24,15.24.27,-87.901215,42.340113,-99,-11,21.0,4,4,D,PERIODIC,-95.0,-14.0,15.0,h3,0,0
27,2025.12.24,15.24.28,-87.901215,42.340113,-99,-11,21.0,3,3,D,PERIODIC,-95.0,-14.0,15.0,h3,0,0
28,2025.12.24,15.24.29,-87.901215,42.340113,-99,-11,21.0,0,0,D,PERIODIC,-95.0,-12.0,15.0,h3,0,0
29,2025.12.24,15.24.30,-87.901215,42.340113,-99,-11,21.0,0,3,D,PERIODIC,-95.0,-12.0,15.0,h3,0,0
30,2025.12.24,15.24.31,-87.901215,42.340113,-98,-11,22.0,0,0,D,PERIODIC,-95.0,-11.0,19.0,h3,0,0
31,2025.12.24,15.24.32,-87.901215,42.340113,-98,-11,21.0,1,1,D,PERIODIC,-95.0,-11.0,19.0,h3,0,0
32,2025.12.24,15.24.33,-87.901215,42.340113,-100,-11,21.0,0,8,D,PERIODIC,-94.0,-12.0,13.0,h3,0,0
33,2025.12.24,15.24.34,-87.901215,42.340113,-100,-11,21.0,0,36,D,PERIODIC,-94.0,-12.0,13.0,h3,0,0
34,2025.12.24,15.24.35,-87.901215,42.340113,-98,-11,22.0,0,0,D,PERIODIC,-93.0,-13.0,18.0,h3,0,0
35,2025.12.24,15.24.36,-87.901215,42.340113,-98,-11,22.0,2,0,D,PERIODIC,-93.0,-13.0,18.0,h3,0,0
36,2025.12.24,15.24.37,-87.901215,42.340113,-98,-11,23.0,0,0,I,PERIODIC,-93.0,-14.0,18.0,h3,0,0
37,2025.12.24,15.24.38,-87.901215,42.340113,-98,-11,23.0,0,0,I,PERIODIC,-93.0,-14.0,18.0,h3,0,0
38,2025.12.24,15.24.39,-87.901215,42.340113,-98,-11,20.0,0,0,D,PERIODIC,-93.0,-14.0,18.0,h3,0,0
39,2025.12.24,15.24.40,-87.901215,42.340113,-99,-11,20.0,96851,0,D,PERIODIC,-93.0,-12.0,16.0,h3,0,0
40,2025.12.24,15.24.41,-87.901215,42.340113,-99,-11,22.0,0,0,I,PERIODIC,-93.0,-12.0,16.0,h3,0,0
41,2025.12.24,15.24.42,-87.901215,42.340113,-98,-11,22.0,3,3,D,PERIODIC,-93.0,-10.0,16.0,h3,0,0
42,2025.12.24,15.24.43,-87.901215,42.340113,-98,-11,21.0,1,1,D,PERIODIC,-93.0,-10.0,16.0,h3,0,0
43,2025.12.24,15.24.44,-87.901215,42.340113,-97,-11,22.0,227240,1672,D,PERIODIC,-93.0,-11.0,16.0,h3,0,0
44,2025.12.24,15.24.45,-87.901215,42.340113,-97,-11,22.0,0,0,I,PERIODIC,-93.0,-11.0,16.0,h3,0,0
45,2025.12.24,15.24.46,-87.901215,42.340113,-97,-11,22.0,2,2,D,PERIODIC,-93.0,-11.0,16.0,h3,0,0
46,2025.12.24,15.24.47,-87.901215,42.340113,-97,-11,21.0,3,3,D,PERIODIC,-92.0,-13.0,16.0,h3,0,0
47,2025.12.24,15.24.48,-87.901215,42.340113,-97,-11,22.0,3,3,D,PERIODIC,-92.0,-13.0,16.0,h3,0,0
48,2025.12.24,15.24.49,-87.901215,42.340113,-97,-11,22.0,63201,1210,D,PERIODIC,-91.0,-11.0,17.0,h3,0,0
49,2025.12.24,15.24.50,-87.901215,42.340113,-97,-11,21.0,0,84,D,PERIODIC,-91.0,-11.0,17.0,h3,0,0
50,2025.12.24,15.24.51,-87.901215,42.340113,-98,-11,21.0,1,1,D,PERIODIC,-92.0,-13.0,18.0,h3,0,0
51,2025.12.24,15.24.52,-87.901215,42.340113,-98,-11,21.0,0,0,I,PERIODIC,-92.0,-13.0,18.0,h3,0,0
52,2025.12.24,15.24.53,-87.901215,42.340113,-98,-11,22.0,0,0,I,PERIODIC,-91.0,-11.0,18.0,h3,0,0
53,2025.12.24,15.24.54,-87.901215,42.340113,-98,-11,22.0,0,0,D,PERIODIC,-91.0,-11.0,18.0,h3,0,0
54,2025.12.24,15.24.55,-87.901215,42.340113,-97,-11,22.0,0,0,D,PERIODIC,-92.0,-14.0,20.0,h3,0,0
55,2025.12.24,15.24.56,-87.901215,42.340113,-99,-11,21.0,0,0,I,PERIODIC,-95.0,-14.0,18.0,h3,0,0
56,2025.12.24,15.24.57,-87.901215,42.340113,-99,-11,21.0,4,4,D,PERIODIC,-95.0,-14.0,18.0,h3,0,0
57,2025.12.24,15.24.58,-87.901215,42.340113,-101,-11,21.0,0,0,I,PERIODIC,-95.0,-12.0,13.0,h3,0,0
58,2025.12.24,15.24.59,-87.901215,42.340113,-101,-11,26.0,37940,299,D,PERIODIC,-95.0,-12.0,13.0,h3,0,0
59,2025.12.24,15.25.00,-87.901215,42.340113,-100,-11,21.0,0,0,I,PERIODIC,-94.0,-9.0,12.0,h3,0,0
60,2025.12.24,15.25.01,-87.901215,42.340113,-100,-11,21.0,0,0,I,PERIODIC,-94.0,-9.0,12.0,h3,0,0
61,2025.12.24,15.25.02,-87.901215,42.340113,-100,-11,21.0,0,0,D,PERIODIC,-95.0,-13.0,12.0,h3,0,0
62,2025.12.24,15.25.03,-87.901215,42.340113,-100,-11,21.0,7,7,D,PERIODIC,-95.0,-13.0,12.0,h3,0,0
63,2025.12.24,15.25.04,-87.901215,42.340113,-100,-11,21.0,0,1778,D,PERIODIC,-96.0,-11.0,12.0,h3,0,0
64,2025.12.24,15.25.05,-87.901215,42.340113,-100,-11,22.0,0,0,I,PERIODIC,-96.0,-11.0,12.0,h3,0,0
65,2025.12.24,15.25.06,-87.901215,42.340113,-98,-11,23.0,0,0,I,PERIODIC,-95.0,-10.0,14.0,h3,0,0
66,2025.12.24,15.25.07,-87.901215,42.340113,-98,-11,22.0,1,1,D,PERIODIC,-95.0,-10.0,14.0,h3,0,0
67,2025.12.24,15.25.08,-87.901215,42.340113,-97,-11,22.0,0,0,I,PERIODIC,-96.0,-12.0,18.0,h3,0,0
68,2025.12.24,15.25.09,-87.901215,42.340113,-97,-11,22.0,35860,1132,D,PERIODIC,-96.0,-12.0,18.0,h3,0,0
69,2025.12.24,15.25.10,-87.901215,42.340113,-98,-11,22.0,5,4,D,PERIODIC,-97.0,-14.0,15.0,h3,0,0
70,2025.12.24,15.25.11,-87.901215,42.340113,-98,-11,23.0,0,0,I,PERIODIC,-97.0,-14.0,15.0,h3,0,0
71,2025.12.24,15.25.12,-87.901215,42.340113,-97,-11,23.0,10,10,D,PERIODIC,-94.0,-13.0,11.0,h3,0,0
72,2025.12.24,15.25.13,-87.901215,42.340113,-97,-11,23.0,3,3,D,PERIODIC,-94.0,-13.0,11.0,h3,0,0
73,2025.12.24,15.25.14,-87.901215,42.340113,-97,-11,23.0,64201,622,D,PERIODIC,-95.0,-11.0,11.0,h3,0,0
74,2025.12.24,15.25.15,-87.901215,42.340113,-97,-11,23.0,0,0,I,PERIODIC,-95.0,-11.0,11.0,h3,0,0
75,2025.12.24,15.25.16,-87.901215,42.340113,-97,-11,23.0,0,0,I,PERIODIC,-95.0,-9.0,11.0,h3,0,0
76,2025.12.24,15.25.17,-87.901215,42.340113,-97,-11,23.0,1,1,D,PERIODIC,-95.0,-9.0,11.0,h3,0,0
77,2025.12.24,15.25.18,-87.901215,42.340113,-97,-11,23.0,0,0,I,PERIODIC,-95.0,-9.0,11.0,h3,0,0
78,2025.12.24,15.25.19,-87.901215,42.340113,-96,-11,23.0,72128,430,D,PERIODIC,-95.0,-10.0,16.0,h3,0,0
79,2025.12.24,15.25.20,-87.901215,42.340113,-96,-11,23.0,0,0,D,PERIODIC,-95.0,-12.0,16.0,h3,0,0
80,2025.12.24,15.25.21,-87.901215,42.340113,-96,-11,23.0,0,0,I,PERIODIC,-95.0,-12.0,16.0,h3,0,0
81,2025.12.24,15.25.22,-87.901215,42.340113,-97,-11,23.0,0,0,I,PERIODIC,-95.0,-13.0,16.0,h3,0,0
82,2025.12.24,15.25.23,-87.901215,42.340113,-97,-11,23.0,0,0,I,PERIODIC,-95.0,-13.0,16.0,h3,0,0
83,2025.12.24,15.25.24,-87.901215,42.340113,-97,-11,22.0,36077,334,D,PERIODIC,-95.0,-9.0,13.0,h3,0,0
84,2025.12.24,15.25.25,-87.901215,42.340113,-97,-11,22.0,1,3,D,PERIODIC,-95.0,-9.0,13.0,h3,0,0
85,2025.12.24,15.25.26,-87.901215,42.340113,-97,-11,22.0,10,11,D,PERIODIC,-95.0,-12.0,13.0,h3,0,0
86,2025.12.24,15.25.27,-87.901215,42.340113,-97,-11,22.0,4,4,D,PERIODIC,-95.0,-12.0,13.0,h3,0,0
87,2025.12.24,15.25.28,-87.901215,42.340113,-97,-11,22.0,0,0,D,PERIODIC,-95.0,-14.0,13.0,h3,0,0
88,2025.12.24,15.25.29,-87.901215,42.340113,-97,-11,22.0,75218,3485,D,PERIODIC,-95.0,-14.0,13.0,h3,0,0
89,2025.12.24,15.25.30,-87.901215,42.340113,-98,-11,21.0,0,0,I,PERIODIC,-95.0,-10.0,9.0,h3,0,0
90,2025.12.24,15.25.31,-87.901215,42.340113,-98,-11,21.0,1,1,D,PERIODIC,-95.0,-10.0,9.0,h3,0,0
91,2025.12.24,15.25.32,-87.901215,42.340113,-99,-11,21.0,0,0,I,PERIODIC,-96.0,-11.0,14.0,h3,0,0
92,2025.12.24,15.25.33,-87.901215,42.340113,-99,-11,23.0,0,0,I,PERIODIC,-96.0,-11.0,14.0,h3,0,0
93,2025.12.24,15.25.34,-87.901215,42.340113,-98,-11,22.0,75499,577,D,PERIODIC,-95.0,-11.0,11.0,h3,0,0
94,2025.12.24,15.25.35,-87.901215,42.340113,-98,-11,22.0,7,7,D,PERIODIC,-95.0,-11.0,11.0,h3,0,0
95,2025.12.24,15.25.36,-87.901215,42.340113,-99,-11,20.0,1,1,D,PERIODIC,-94.0,-10.0,13.0,h3,0,0
96,2025.12.24,15.25.37,-87.901215,42.340113,-99,-11,20.0,14,15,D,PERIODIC,-94.0,-10.0,13.0,h3,0,0
97,2025.12.24,15.25.38,-87.901215,42.340113,-98,-11,20.0,0,0,D,PERIODIC,-96.0,-12.0,15.0,h3,0,0
98,2025.12.24,15.25.39,-87.901215,42.340113,-98,-11,22.0,36191,392,D,PERIODIC,-96.0,-12.0,15.0,h3,0,0
99,2025.12.24,15.25.40,-87.901215,42.340113,-97,-11,22.0,0,0,I,PERIODIC,-94.0,-12.0,17.0,h3,0,0
100,2025.12.24,15.25.41,-87.901215,42.340113,-97,-11,22.0,0,0,D,PERIODIC,-94.0,-12.0,17.0,h3,0,0
101,2025.12.24,15.25.42,-87.901215,42.340113,-97,-11,22.0,3,3,D,PERIODIC,-94.0,-12.0,17.0,h3,0,0
102,2025.12.24,15.25.43,-87.901215,42.340113,-97,-11,22.0,0,1,D,PERIODIC,-95.0,-13.0,17.0,h3,0,0
103,2025.12.24,15.25.44,-87.901215,42.340113,-98,-11,22.0,41059,414,D,PERIODIC,-95.0,-12.0,14.0,h3,0,0
104,2025.12.24,15.25.45,-87.901215,42.340113,-98,-11,22.0,0,0,I,PERIODIC,-95.0,-12.0,14.0,h3,0,0
105,2025.12.24,15.25.46,-87.901215,42.340113,-99,-11,21.0,1,1,D,PERIODIC,-94.0,-11.0,16.0,h3,0,0
106,2025.12.24,15.25.47,-87.901215,42.340113,-99,-11,21.0,2,2,D,PERIODIC,-94.0,-11.0,16.0,h3,0,0
107,2025.12.24,15.25.48,-87.901215,42.340113,-99,-11,21.0,0,1244,D,PERIODIC,-94.0,-11.0,16.0,h3,0,0
108,2025.12.24,15.25.49,-87.901215,42.340113,-98,-11,21.0,0,68,D,PERIODIC,-95.0,-12.0,17.0,h3,0,0
109,2025.12.24,15.25.50,-87.901215,42.340113,-98,-11,20.0,75,37,D,PERIODIC,-97.0,-12.0,15.0,h3,0,0
110,2025.12.24,15.25.51,-87.901215,42.340113,-98,-11,21.0,0,0,D,PERIODIC,-97.0,-12.0,15.0,h3,0,0
111,2025.12.24,15.25.52,-87.901215,42.340113,-99,-11,21.0,0,0,I,PERIODIC,-95.0,-11.0,10.0,h3,0,0
112,2025.12.24,15.25.53,-87.901215,42.340113,-99,-11,22.0,0,0,I,PERIODIC,-95.0,-11.0,10.0,h3,0,0
113,2025.12.24,15.25.54,-87.901215,42.340113,-99,-11,20.0,37650,0,D,PERIODIC,-96.0,-13.0,16.0,h3,0,0
114,2025.12.24,15.25.55,-87.901215,42.340113,-99,-11,21.0,11,14,D,PERIODIC,-96.0,-13.0,16.0,h3,0,0
115,2025.12.24,15.25.56,-87.901215,42.340113,-98,-11,21.0,0,0,I,PERIODIC,-96.0,-10.0,15.0,h3,0,0
116,2025.12.24,15.25.57,-87.901215,42.340113,-98,-11,25.0,4,4,D,PERIODIC,-96.0,-10.0,15.0,h3,0,0
117,2025.12.24,15.25.58,-87.901215,42.340113,-95,-11,25.0,67570,586,D,PERIODIC,-96.0,-10.0,19.0,h3,0,0
118,2025.12.24,15.25.59,-87.901215,42.340113,-95,-11,25.0,0,0,D,PERIODIC,-96.0,-10.0,19.0,h3,0,0
119,2025.12.24,15.26.00,-87.901215,42.340113,-96,-11,24.0,110,130,D,PERIODIC,-95.0,-13.0,18.0,h3,0,0
120,2025.12.24,15.26.01,-87.901215,42.340113,-96,-11,24.0,52,45,D,PERIODIC,-95.0,-13.0,18.0,h3,0,0
121,2025.12.24,15.26.02,-87.901215,42.340113,-96,-11,24.0,4,4,D,PERIODIC,-96.0,-12.0,18.0,h3,0,0
122,2025.12.24,15.26.03,-87.901215,42.340113,-96,-11,23.0,0,0,D,PERIODIC,-96.0,-12.0,18.0,h3,0,0
123,2025.12.24,15.26.04,-87.901215,42.340113,-97,-11,23.0,0,0,D,PERIODIC,-96.0,-14.0,21.0,h3,0,0
124,2025.12.24,15.26.05,-87.901215,42.340113,-97,-11,23.0,0,0,I,PERIODIC,-96.0,-14.0,21.0,h3,0,0
125,2025.12.24,15.26.06,-87.901215,42.340113,-97,-11,23.0,8,10,D,PERIODIC,-96.0,-14.0,21.0,h3,0,0
126,2025.12.24,15.26.07,-87.901215,42.340113,-97,-11,23.0,0,0,D,PERIODIC,-96.0,-12.0,21.0,h3,0,0
127,2025.12.24,15.26.08,-87.901215,42.340113,-97,-11,23.0,0,0,I,PERIODIC,-97.0,-11.0,21.0,h3,0,0
128,2025.12.24,15.26.09,-87.901215,42.340113,-97,-11,22.0,69259,1460,D,PERIODIC,-97.0,-11.0,21.0,h3,0,0
129,2025.12.24,15.26.10,-87.901215,42.340113,-95,-11,22.0,0,0,I,PERIODIC,-95.0,-11.0,14.0,h3,0,0
130,2025.12.24,15.26.11,-87.901215,42.340113,-95,-11,22.0,0,0,I,PERIODIC,-95.0,-11.0,14.0,h3,0,0
131,2025.12.24,15.26.12,-87.901215,42.340113,-95,-11,22.0,10,10,D,PERIODIC,-96.0,-12.0,14.0,h3,0,0
132,2025.12.24,15.26.13,-87.901215,42.340113,-95,-11,22.0,0,2574,D,PERIODIC,-96.0,-12.0,14.0,h3,0,0
133,2025.12.24,15.26.14,-87.901215,42.340113,-98,-11,22.0,0,0,I,PERIODIC,-96.0,-13.0,15.0,h3,0,0
134,2025.12.24,15.26.15,-87.901215,42.340113,-98,-11,22.0,0,0,I,PERIODIC,-96.0,-13.0,15.0,h3,0,0
135,2025.12.24,15.26.16,-87.901215,42.340113,-97,-11,22.0,0,0,D,PERIODIC,-96.0,-14.0,15.0,h3,0,0
136,2025.12.24,15.26.17,-87.901215,42.340113,-97,-11,22.0,6,7,D,PERIODIC,-96.0,-14.0,15.0,h3,0,0
137,2025.12.24,15.26.18,-87.901215,42.340113,-98,-11,22.0,36245,1145,D,PERIODIC,-95.0,-14.0,19.0,h3,0,0
138,2025.12.24,15.26.19,-87.901215,42.340113,-98,-11,22.0,0,0,I,PERIODIC,-95.0,-14.0,19.0,h3,0,0
139,2025.12.24,15.26.20,-87.901215,42.340113,-98,-11,22.0,0,0,I,PERIODIC,-96.0,-10.0,19.0,h3,0,0
140,2025.12.24,15.26.21,-87.901215,42.340113,-98,-11,22.0,0,0,I,PERIODIC,-96.0,-10.0,19.0,h3,0,0
141,2025.12.24,15.26.22,-87.901215,42.340113,-98,-11,22.0,0,0,I,PERIODIC,-96.0,-13.0,19.0,h3,0,0
142,2025.12.24,15.26.23,-87.901215,42.340113,-98,-11,22.0,70187,734,D,PERIODIC,-96.0,-13.0,19.0,h3,0,0
143,2025.12.24,15.26.24,-87.901215,42.340113,-98,-11,22.0,0,0,I,PERIODIC,-97.0,-13.0,19.0,h3,0,0
144,2025.12.24,15.26.25,-87.901215,42.340113,-98,-11,22.0,0,0,I,PERIODIC,-97.0,-13.0,19.0,h3,0,0
145,2025.12.24,15.26.26,-87.901215,42.340113,-98,-11,22.0,0,0,I,PERIODIC,-97.0,-14.0,19.0,h3,0,0
146,2025.12.24,15.26.27,-87.901215,42.340113,-98,-11,22.0,2,3,D,PERIODIC,-97.0,-14.0,19.0,h3,0,0
147,2025.12.24,15.26.28,-87.901215,42.340113,-98,-11,22.0,0,0,D,PERIODIC,-97.0,-13.0,19.0,h3,0,0
148,2025.12.24,15.26.29,-87.901215,42.340113,-98,-11,22.0,8,10,D,PERIODIC,-97.0,-13.0,19.0,h3,0,0
149,2025.12.24,15.26.30,-87.901215,42.340113,-98,-11,22.0,1,1,D,PERIODIC,-97.0,-11.0,19.0,h3,0,0
150,2025.12.24,15.26.31,-87.901215,42.340113,-98,-11,22.0,3,3,D,PERIODIC,-97.0,-11.0,19.0,h3,0,0
151,2025.12.24,15.26.32,-87.901215,42.340113,-96,-11,25.0,2,3,D,PERIODIC,-97.0,-12.0,11.0,h3,0,0
152,2025.12.24,15.26.33,-87.901215,42.340113,-96,-11,25.0,0,2205,D,PERIODIC,-97.0,-12.0,11.0,h3,0,0
153,2025.12.24,15.26.34,-87.901215,42.340113,-97,-11,24.0,0,0,D,PERIODIC,-96.0,-11.0,10.0,h3,0,0
154,2025.12.24,15.26.35,-87.901215,42.340113,-97,-11,24.0,0,0,I,PERIODIC,-96.0,-11.0,10.0,h3,0,0
155,2025.12.24,15.26.36,-87.901215,42.340113,-96,-11,24.0,0,0,I,PERIODIC,-97.0,-12.0,12.0,h3,0,0
156,2025.12.24,15.26.37,-87.901215,42.340113,-96,-11,24.0,0,0,I,PERIODIC,-97.0,-12.0,12.0,h3,0,0
157,2025.12.24,15.26.38,-87.901215,42.340113,-96,-11,24.0,0,0,D,PERIODIC,-96.0,-8.0,12.0,h3,0,0
158,2025.12.24,15.26.39,-87.901215,42.340113,-96,-11,24.0,62574,0,D,PERIODIC,-96.0,-8.0,12.0,h3,0,0
159,2025.12.24,15.26.40,-87.901215,42.340113,-96,-11,24.0,0,0,I,PERIODIC,-98.0,-12.0,10.0,h3,0,0
160,2025.12.24,15.26.41,-87.901215,42.340113,-96,-11,24.0,0,0,I,PERIODIC,-98.0,-12.0,10.0,h3,0,0
161,2025.12.24,15.26.42,-87.901215,42.340113,-96,-11,25.0,2,2,D,PERIODIC,-97.0,-14.0,11.0,h3,0,0
162,2025.12.24,15.26.43,-87.901215,42.340113,-96,-11,24.0,77475,542,D,PERIODIC,-97.0,-14.0,11.0,h3,0,0
163,2025.12.24,15.26.44,-87.901215,42.340113,-96,-11,23.0,0,0,D,PERIODIC,-96.0,-8.0,16.0,h3,0,0
164,2025.12.24,15.26.45,-87.901215,42.340113,-96,-11,24.0,0,0,D,PERIODIC,-96.0,-8.0,16.0,h3,0,0
165,2025.12.24,15.26.46,-87.901215,42.340113,-96,-11,24.0,1,1,D,PERIODIC,-97.0,-14.0,17.0,h3,0,0
166,2025.12.24,15.26.47,-87.901215,42.340113,-96,-11,24.0,2,2,D,PERIODIC,-97.0,-14.0,17.0,h3,0,0
167,2025.12.24,15.26.48,-87.901215,42.340113,-99,-11,23.0,84694,1081,D,PERIODIC,-97.0,-11.0,14.0,h3,0,0
168,2025.12.24,15.26.49,-87.901215,42.340113,-99,-11,24.0,0,0,D,PERIODIC,-97.0,-11.0,14.0,h3,0,0
169,2025.12.24,15.26.50,-87.901215,42.340113,-99,-11,24.0,0,0,I,PERIODIC,-97.0,-14.0,16.0,h3,0,0
170,2025.12.24,15.26.51,-87.901215,42.340113,-99,-11,24.0,0,0,I,PERIODIC,-97.0,-14.0,16.0,h3,0,0
171,2025.12.24,15.26.52,-87.901215,42.340113,-96,-11,24.0,0,0,I,PERIODIC,-97.0,-14.0,16.0,h3,0,0
172,2025.12.24,15.26.53,-87.901215,42.340113,-96,-11,23.0,61518,461,D,PERIODIC,-97.0,-14.0,16.0,h3,0,0
173,2025.12.24,15.26.54,-87.901215,42.340113,-96,-11,23.0,0,0,I,PERIODIC,-97.0,-9.0,15.0,h3,0,0
174,2025.12.24,15.26.55,-87.901215,42.340113,-96,-11,24.0,0,0,I,PERIODIC,-97.0,-9.0,15.0,h3,0,0
175,2025.12.24,15.26.56,-87.901215,42.340113,-96,-11,24.0,0,0,I,PERIODIC,-96.0,-11.0,14.0,h3,0,0
176,2025.12.24,15.26.57,-87.901215,42.340113,-96,-11,24.0,7,10,D,PERIODIC,-96.0,-11.0,14.0,h3,0,0
177,2025.12.24,15.26.58,-87.901215,42.340113,-96,-11,24.0,72794,551,D,PERIODIC,-96.0,-8.0,14.0,h3,0,0
178,2025.12.24,15.26.59,-87.901215,42.340113,-96,-11,24.0,0,0,D,PERIODIC,-96.0,-8.0,14.0,h3,0,0
179,2025.12.24,15.27.00,-87.901215,42.340113,-96,-11,24.0,0,0,I,PERIODIC,-97.0,-11.0,15.0,h3,0,0
180,2025.12.24,15.27.01,-87.901215,42.340113,-96,-11,24.0,0,0,I,PERIODIC,-97.0,-11.0,15.0,h3,0,0
181,2025.12.24,15.27.02,-87.901215,42.340113,-96,-11,24.0,0,0,I,PERIODIC,-97.0,-11.0,15.0,h3,0,0
182,2025.12.24,15.27.03,-87.901215,42.340113,-96,-11,24.0,0,1531,D,PERIODIC,-98.0,-12.0,15.0,h3,0,0
183,2025.12.24,15.27.04,-87.901215,42.340113,-96,-11,24.0,0,0,D,PERIODIC,-98.0,-12.0,15.0,h3,0,0
184,2025.12.24,15.27.05,-87.901215,42.340113,-99,-11,23.0,0,0,D,PERIODIC,-97.0,-11.0,11.0,h3,0,0
185,2025.12.24,15.27.06,-87.901215,42.340113,-99,-11,23.0,0,0,I,PERIODIC,-97.0,-11.0,11.0,h3,0,0
186,2025.12.24,15.27.07,-87.901215,42.340113,-99,-11,23.0,0,0,I,PERIODIC,-96.0,-13.0,11.0,h3,0,0
187,2025.12.24,15.27.08,-87.901215,42.340113,-99,-11,23.0,0,0,I,PERIODIC,-96.0,-13.0,11.0,h3,0,0
188,2025.12.24,15.27.09,-87.901215,42.340113,-99,-11,23.0,0,0,I,PERIODIC,-97.0,-12.0,11.0,h3,0,0
189,2025.12.24,15.27.10,-87.901215,42.340113,-99,-11,23.0,0,0,I,PERIODIC,-97.0,-12.0,11.0,h3,0,0
190,2025.12.24,15.27.11,-87.901215,42.340113,-100,-11,22.0,0,0,I,PERIODIC,-96.0,-11.0,16.0,h3,0,0
191,2025.12.24,15.27.12,-87.901215,42.340113,-100,-11,22.0,7,9,D,PERIODIC,-96.0,-11.0,16.0,h3,0,0
192,2025.12.24,15.27.13,-87.901215,42.340113,-98,-11,22.0,3,3,D,PERIODIC,-96.0,-9.0,16.0,h3,0,0
193,2025.12.24,15.27.14,-87.901215,42.340113,-98,-11,22.0,0,0,D,PERIODIC,-96.0,-9.0,16.0,h3,0,0
194,2025.12.24,15.27.15,-87.901215,42.340113,-98,-11,22.0,0,0,I,PERIODIC,-96.0,-9.0,16.0,h3,0,0
195,2025.12.24,15.27.16,-87.901215,42.340113,-98,-11,22.0,0,0,I,PERIODIC,-96.0,-9.0,16.0,h3,0,0
196,2025.12.24,15.27.17,-87.901215,42.340113,-98,-11,22.0,0,0,D,PERIODIC,-96.0,-11.0,16.0,h3,0,0
197,2025.12.24,15.27.18,-87.901215,42.340113,-98,-11,22.0,36714,615,D,PERIODIC,-96.0,-11.0,16.0,h3,0,0
198,2025.12.24,15.27.19,-87.901215,42.340113,-98,-11,22.0,0,0,D,PERIODIC,-96.0,-11.0,16.0,h3,0,0
199,2025.12.24,15.27.20,-87.901215,42.340113,-98,-11,23.0,0,0,D,PERIODIC,-96.0,-11.0,16.0,h3,0,0
200,2025.12.24,15.27.21,-87.901215,42.340113,-97,-11,23.0,0,0,I,PERIODIC,-96.0,-13.0,17.0,h3,0,0
201,2025.12.24,15.27.22,-87.901215,42.340113,-97,-11,23.0,0,0,I,PERIODIC,-96.0,-13.0,17.0,h3,0,0
202,2025.12.24,15.27.23,-87.901215,42.340113,-99,-11,22.0,36071,276,D,PERIODIC,-97.0,-8.0,20.0,h3,0,0
203,2025.12.24,15.27.24,-87.901215,42.340113,-99,-11,23.0,0,0,D,PERIODIC,-97.0,-8.0,20.0,h3,0,0
204,2025.12.24,15.27.25,-87.901215,42.340113,-97,-11,23.0,5,7,D,PERIODIC,-95.0,-9.0,18.0,h3,0,0
205,2025.12.24,15.27.26,-87.901215,42.340113,-97,-11,23.0,20,20,D,PERIODIC,-95.0,-9.0,18.0,h3,0,0
206,2025.12.24,15.27.27,-87.901215,42.340113,-97,-11,23.0,29,29,D,PERIODIC,-98.0,-12.0,18.0,h3,0,0
207,2025.12.24,15.27.28,-87.901215,42.340113,-97,-11,23.0,39530,3825,D,PERIODIC,-98.0,-12.0,18.0,h3,0,0
208,2025.12.24,15.27.29,-87.901215,42.340113,-98,-11,22.0,0,0,D,PERIODIC,-96.0,-11.0,19.0,h3,0,0
209,2025.12.24,15.27.30,-87.901215,42.340113,-98,-11,22.0,0,0,I,PERIODIC,-96.0,-11.0,19.0,h3,0,0
210,2025.12.24,15.27.31,-87.901215,42.340113,-98,-11,22.0,0,0,I,PERIODIC,-95.0,-10.0,19.0,h3,0,0
211,2025.12.24,15.27.32,-87.901215,42.340113,-98,-11,22.0,0,0,I,PERIODIC,-95.0,-10.0,19.0,h3,0,0
212,2025.12.24,15.27.33,-87.901215,42.340113,-97,-11,23.0,37091,398,D,PERIODIC,-97.0,-11.0,11.0,h3,0,0
213,2025.12.24,15.27.34,-87.901215,42.340113,-97,-11,23.0,0,0,D,PERIODIC,-97.0,-11.0,11.0,h3,0,0
214,2025.12.24,15.27.35,-87.901215,42.340113,-97,-11,23.0,0,0,I,PERIODIC,-96.0,-14.0,11.0,h3,0,0
215,2025.12.24,15.27.36,-87.901215,42.340113,-97,-11,23.0,1,1,D,PERIODIC,-96.0,-14.0,11.0,h3,0,0
216,2025.12.24,15.27.37,-87.901215,42.340113,-98,-11,23.0,2,2,D,PERIODIC,-97.0,-14.0,13.0,h3,0,0
217,2025.12.24,15.27.38,-87.901215,42.340113,-98,-11,23.0,0,1722,D,PERIODIC,-97.0,-14.0,13.0,h3,0,0
218,2025.12.24,15.27.39,-87.901215,42.340113,-98,-11,23.0,0,0,D,PERIODIC,-96.0,-8.0,16.0,h3,0,0
219,2025.12.24,15.27.40,-87.901215,42.340113,-98,-11,23.0,0,0,D,PERIODIC,-96.0,-8.0,16.0,h3,0,0
220,2025.12.24,15.27.41,-87.901215,42.340113,-98,-11,23.0,0,0,I,PERIODIC,-97.0,-12.0,14.0,h3,0,0
221,2025.12.24,15.27.42,-87.901215,42.340113,-98,-11,23.0,2,2,D,PERIODIC,-97.0,-12.0,14.0,h3,0,0
222,2025.12.24,15.27.43,-87.901215,42.340113,-98,-11,22.0,33896,292,D,PERIODIC,-96.0,-13.0,15.0,h3,0,0
223,2025.12.24,15.27.44,-87.901215,42.340113,-98,-11,21.0,0,0,D,PERIODIC,-96.0,-13.0,15.0,h3,0,0
224,2025.12.24,15.27.45,-87.901215,42.340113,-98,-11,21.0,0,0,I,PERIODIC,-97.0,-11.0,14.0,h3,0,0
225,2025.12.24,15.27.46,-87.901215,42.340113,-98,-11,21.0,1,1,D,PERIODIC,-97.0,-11.0,14.0,h3,0,0
226,2025.12.24,15.27.47,-87.901215,42.340113,-98,-11,22.0,3,3,D,PERIODIC,-96.0,-13.0,15.0,h3,0,0
227,2025.12.24,15.27.48,-87.901215,42.340113,-98,-11,21.0,0,490,D,PERIODIC,-96.0,-13.0,15.0,h3,0,0
228,2025.12.24,15.27.49,-87.901215,42.340113,-98,-11,21.0,0,0,D,PERIODIC,-96.0,-12.0,16.0,h3,0,0
229,2025.12.24,15.27.50,-87.901215,42.340113,-98,-11,21.0,0,0,I,PERIODIC,-96.0,-12.0,16.0,h3,0,0
230,2025.12.24,15.27.51,-87.901215,42.340113,-97,-11,23.0,3,3,D,PERIODIC,-96.0,-14.0,16.0,h3,0,0
231,2025.12.24,15.27.52,-87.901215,42.340113,-97,-11,23.0,0,0,D,PERIODIC,-96.0,-14.0,16.0,h3,0,0
232,2025.12.24,15.27.53,-87.901215,42.340113,-97,-11,22.0,36152,308,D,PERIODIC,-96.0,-14.0,16.0,h3,0,0
233,2025.12.24,15.27.54,-87.901215,42.340113,-99,-11,21.0,4,4,D,PERIODIC,-95.0,-9.0,13.0,h3,0,0
234,2025.12.24,15.27.55,-87.901215,42.340113,-98,-11,21.0,0,0,D,PERIODIC,-96.0,-12.0,14.0,h3,0,0
235,2025.12.24,15.27.56,-87.901215,42.340113,-98,-11,22.0,0,0,I,PERIODIC,-96.0,-12.0,14.0,h3,0,0
236,2025.12.24,15.27.57,-87.901215,42.340113,-98,-11,21.0,4,4,D,PERIODIC,-96.0,-11.0,15.0,h3,0,0
237,2025.12.24,15.27.58,-87.901215,42.340113,-98,-11,22.0,0,0,D,PERIODIC,-96.0,-11.0,15.0,h3,0,0
238,2025.12.24,15.27.59,-87.901215,42.340113,-99,-11,21.0,0,0,I,PERIODIC,-95.0,-14.0,17.0,h3,0,0
239,2025.12.24,15.28.00,-87.901215,42.340113,-99,-11,21.0,0,0,I,PERIODIC,-95.0,-14.0,17.0,h3,0,0
240,2025.12.24,15.28.01,-87.901215,42.340113,-98,-11,21.0,0,0,I,PERIODIC,-96.0,-12.0,19.0,h3,0,0
241,2025.12.24,15.28.02,-87.901215,42.340113,-98,-11,21.0,10,12,D,PERIODIC,-96.0,-12.0,19.0,h3,0,0
242,2025.12.24,15.28.03,-87.901215,42.340113,-99,-11,21.0,0,0,D,PERIODIC,-96.0,-11.0,15.0,h3,0,0
243,2025.12.24,15.28.04,-87.901215,42.340113,-99,-11,21.0,0,0,D,PERIODIC,-96.0,-11.0,15.0,h3,0,0
244,2025.12.24,15.28.05,-87.901215,42.340113,-98,-11,22.0,0,0,I,PERIODIC,-96.0,-11.0,14.0,h3,0,0
245,2025.12.24,15.28.06,-87.901215,42.340113,-98,-11,22.0,0,0,I,PERIODIC,-96.0,-11.0,14.0,h3,0,0
246,2025.12.24,15.28.07,-87.901215,42.340113,-98,-11,22.0,0,0,I,PERIODIC,-96.0,-8.0,14.0,h3,0,0
247,2025.12.24,15.28.08,-87.901215,42.340113,-98,-11,22.0,0,0,I,PERIODIC,-96.0,-8.0,14.0,h3,0,0
248,2025.12.24,15.28.09,-87.901215,42.340113,-98,-11,22.0,0,0,I,PERIODIC,-95.0,-11.0,14.0,h3,0,0
249,2025.12.24,15.28.10,-87.901215,42.340113,-98,-11,22.0,0,0,I,PERIODIC,-95.0,-11.0,14.0,h3,0,0
250,2025.12.24,15.28.11,-87.901215,42.340113,-98,-11,22.0,0,0,I,PERIODIC,-97.0,-10.0,14.0,h3,0,0
251,2025.12.24,15.28.12,-87.901215,42.340113,-98,-11,22.0,4,4,D,PERIODIC,-97.0,-10.0,14.0,h3,0,0
252,2025.12.24,15.28.13,-87.901215,42.340113,-99,-11,20.0,0,0,D,PERIODIC,-96.0,-11.0,19.0,h3,0,0
253,2025.12.24,15.28.14,-87.901215,42.340113,-99,-11,20.0,2,0,D,PERIODIC,-96.0,-11.0,19.0,h3,0,0
254,2025.12.24,15.28.15,-87.901215,42.340113,-97,-11,23.0,0,0,D,PERIODIC,-95.0,-10.0,19.0,h3,0,0
255,2025.12.24,15.28.16,-87.901215,42.340113,-97,-11,23.0,0,0,I,PERIODIC,-95.0,-10.0,19.0,h3,0,0
256,2025.12.24,15.28.17,-87.901215,42.340113,-97,-11,23.0,0,0,I,PERIODIC,-95.0,-11.0,19.0,h3,0,0
257,2025.12.24,15.28.18,-87.901215,42.340113,-97,-11,23.0,15,17,D,PERIODIC,-95.0,-11.0,19.0,h3,0,0
258,2025.12.24,15.28.19,-87.901215,42.340113,-99,-11,21.0,24,32,D,PERIODIC,-97.0,-11.0,19.0,h3,0,0
259,2025.12.24,15.28.20,-87.901215,42.340113,-99,-11,21.0,0,0,D,PERIODIC,-97.0,-11.0,19.0,h3,0,0
260,2025.12.24,15.28.21,-87.901215,42.340113,-98,-11,22.0,0,0,I,PERIODIC,-96.0,-10.0,16.0,h3,0,0
261,2025.12.24,15.28.22,-87.901215,42.340113,-98,-11,22.0,0,0,I,PERIODIC,-96.0,-10.0,16.0,h3,0,0
262,2025.12.24,15.28.23,-87.901215,42.340113,-98,-11,22.0,0,0,I,PERIODIC,-98.0,-13.0,13.0,h3,0,0
263,2025.12.24,15.28.24,-87.901215,42.340113,-98,-11,22.0,0,1,D,PERIODIC,-98.0,-13.0,13.0,h3,0,0
264,2025.12.24,15.28.25,-87.901215,42.340113,-98,-11,22.0,7,8,D,PERIODIC,-96.0,-9.0,16.0,h3,0,0
265,2025.12.24,15.28.26,-87.901215,42.340113,-98,-11,22.0,3,3,D,PERIODIC,-96.0,-9.0,16.0,h3,0,0
266,2025.12.24,15.28.27,-87.901215,42.340113,-98,-11,22.0,12,12,D,PERIODIC,-98.0,-12.0,16.0,h3,0,0
267,2025.12.24,15.28.28,-87.901215,42.340113,-98,-11,22.0,0,0,D,PERIODIC,-98.0,-12.0,16.0,h3,0,0
268,2025.12.24,15.28.29,-87.901215,42.340113,-102,-11,21.0,0,0,I,PERIODIC,-96.0,-11.0,15.0,h3,0,0
269,2025.12.24,15.28.30,-87.901215,42.340113,-102,-11,21.0,0,0,I,PERIODIC,-96.0,-11.0,15.0,h3,0,0
270,2025.12.24,15.28.31,-87.901215,42.340113,-105,-11,19.0,0,0,I,PERIODIC,-96.0,-12.0,12.0,h3,0,0
11444,2025.12.16,15.24.42,-90.120271,29.934141,-111,-14,3.0,0,0,I,LOG START,-110.0,-14.0,6.0,y5,0,0
11445,2025.12.16,15.24.42,-90.120271,29.934141,-109,-14,30.0,0,0,I,PERIODIC,-110.0,-15.0,7.0,y5,0,0
11446,2025.12.16,15.24.43,-90.120271,29.934141,-109,-14,30.0,0,0,I,PERIODIC,-110.0,-15.0,7.0,y5,0,0
11447,2025.12.16,15.24.44,-90.120271,29.934141,-109,-15,-2.0,0,0,I,PERIODIC,-107.0,-14.0,10.0,y5,0,0
11448,2025.12.16,15.24.45,-90.120271,29.934141,-109,-15,-1.0,0,0,I,PERIODIC,-107.0,-14.0,10.0,y5,0,0
11449,2025.12.16,15.24.46,-90.120271,29.934141,-111,-14,0.0,0,0,D,HANDOVER_DATA_5G5G,-108.0,-14.0,7.0,y5,0,0
11450,2025.12.16,15.24.47,-90.120271,29.934141,-111,-14,0.0,1,1,D,PERIODIC,-108.0,-14.0,7.0,y5,0,0
11451,2025.12.16,15.24.48,-90.120271,29.934141,-111,-14,0.0,1,1,D,PERIODIC,-109.0,-13.0,7.0,y5,0,0
11452,2025.12.16,15.24.49,-90.120271,29.934141,-111,-14,0.0,0,0,I,PERIODIC,-109.0,-13.0,7.0,y5,0,0
11453,2025.12.16,15.24.50,-90.120271,29.934141,-111,-14,0.0,0,0,I,PERIODIC,-108.0,-13.0,7.0,y5,0,0
11454,2025.12.16,15.24.51,-90.120271,29.934141,-111,-14,0.0,0,0,I,PERIODIC,-108.0,-13.0,7.0,y5,0,0
11455,2025.12.16,15.24.52,-90.120271,29.934141,-112,-15,0.0,2,2,D,PERIODIC,-108.0,-14.0,8.0,y5,0,0
11456,2025.12.16,15.24.53,-90.120271,29.934141,-112,-15,0.0,0,0,I,PERIODIC,-108.0,-14.0,8.0,y5,0,0
11457,2025.12.16,15.24.54,-90.120271,29.934141,-113,-14,-5.0,0,0,I,PERIODIC,-108.0,-12.0,7.0,y5,0,0
11458,2025.12.16,15.24.55,-90.120271,29.934141,-113,-14,-5.0,0,0,I,PERIODIC,-108.0,-12.0,7.0,y5,0,0
11459,2025.12.16,15.24.56,-90.120271,29.934141,-112,-15,-5.0,7,6,D,PERIODIC,-107.0,-13.0,7.0,y5,0,0
11460,2025.12.16,15.24.57,-90.120271,29.934141,-112,-15,-5.0,1,1,D,PERIODIC,-107.0,-13.0,7.0,y5,0,0
11461,2025.12.16,15.24.58,-90.120271,29.934141,-111,-14,0.0,24,25,D,PERIODIC,-108.0,-12.0,8.0,y5,0,0
11462,2025.12.16,15.24.59,-90.120271,29.934141,-111,-14,0.0,0,0,I,PERIODIC,-108.0,-12.0,8.0,y5,0,0
11463,2025.12.16,15.25.00,-90.120271,29.934141,-112,-15,-5.0,0,0,I,PERIODIC,-109.0,-13.0,8.0,y5,0,0
11464,2025.12.16,15.25.01,-90.120271,29.934141,-112,-15,-5.0,0,0,I,PERIODIC,-109.0,-13.0,8.0,y5,0,0
11465,2025.12.16,15.25.02,-90.120271,29.934141,-112,-15,-5.0,0,2,D,PERIODIC,-108.0,-13.0,8.0,y5,0,0
11466,2025.12.16,15.25.03,-90.120271,29.934141,-112,-15,-5.0,0,0,D,PERIODIC,-108.0,-13.0,8.0,y5,0,0
11467,2025.12.16,15.25.04,-90.120271,29.934141,-112,-15,-5.0,0,0,I,PERIODIC,-108.0,-13.0,8.0,y5,0,0
11468,2025.12.16,15.25.05,-90.120271,29.934141,-112,-15,-5.0,0,0,I,PERIODIC,-108.0,-13.0,8.0,y5,0,0
11469,2025.12.16,15.25.06,-90.120271,29.934141,-112,-15,-5.0,0,0,I,PERIODIC,-107.0,-13.0,8.0,y5,0,0
11470,2025.12.16,15.25.07,-90.120271,29.934141,-112,-15,-5.0,0,0,I,PERIODIC,-107.0,-13.0,8.0,y5,0,0
11471,2025.12.16,15.25.08,-90.120271,29.934141,-112,-15,-5.0,0,0,I,PERIODIC,-108.0,-14.0,8.0,y5,0,0
11472,2025.12.16,15.25.09,-90.120271,29.934141,-112,-15,-5.0,0,0,I,PERIODIC,-108.0,-14.0,8.0,y5,0,0
11473,2025.12.16,15.25.10,-90.120271,29.934141,-112,-15,-5.0,0,0,I,PERIODIC,-108.0,-11.0,8.0,y5,0,0
11474,2025.12.16,15.25.11,-90.120271,29.934141,-112,-15,-5.0,9,9,D,PERIODIC,-108.0,-11.0,8.0,y5,0,0
11475,2025.12.16,15.25.12,-90.120271,29.934141,-112,-15,-5.0,0,0,I,PERIODIC,-108.0,-12.0,8.0,y5,0,0
11476,2025.12.16,15.25.13,-90.120271,29.934141,-112,-15,-5.0,0,0,I,PERIODIC,-108.0,-12.0,8.0,y5,0,0
11477,2025.12.16,15.25.14,-90.120271,29.934141,-112,-15,-5.0,5,5,D,PERIODIC,-108.0,-13.0,8.0,y5,0,0
11478,2025.12.16,15.25.15,-90.120271,29.934141,-112,-15,-5.0,0,0,D,PERIODIC,-108.0,-13.0,8.0,y5,0,0
11479,2025.12.16,15.25.16,-90.120271,29.934141,-112,-15,-5.0,0,0,I,PERIODIC,-108.0,-12.0,8.0,y5,0,0
11480,2025.12.16,15.25.17,-90.120271,29.934141,-112,-15,-5.0,0,0,I,PERIODIC,-108.0,-12.0,8.0,y5,0,0
11481,2025.12.16,15.25.18,-90.120271,29.934141,-112,-15,-5.0,7,5,D,PERIODIC,-108.0,-12.0,8.0,y5,0,0
11482,2025.12.16,15.25.19,-90.120271,29.934141,-112,-15,-5.0,17,17,D,PERIODIC,-108.0,-12.0,8.0,y5,0,0
11483,2025.12.16,15.25.20,-90.120271,29.934141,-112,-15,-5.0,54,56,D,PERIODIC,-108.0,-13.0,8.0,y5,0,0
11484,2025.12.16,15.25.21,-90.120271,29.934141,-112,-15,-5.0,21,21,D,PERIODIC,-108.0,-13.0,8.0,y5,0,0
11485,2025.12.16,15.25.22,-90.120271,29.934141,-110,-15,-15.0,7,7,D,PERIODIC,-109.0,-14.0,6.0,y5,0,0
11486,2025.12.16,15.25.23,-90.120271,29.934141,-110,-15,-15.0,6,6,D,PERIODIC,-109.0,-14.0,6.0,y5,0,0
11487,2025.12.16,15.25.24,-90.120271,29.934141,-111,-16,-5.0,0,0,I,PERIODIC,-109.0,-13.0,5.0,y5,0,0
11488,2025.12.16,15.25.25,-90.120271,29.934141,-111,-16,-5.0,43796,3514,D,PERIODIC,-109.0,-13.0,5.0,y5,0,0
11489,2025.12.16,15.25.26,-90.120271,29.934141,-111,-16,-5.0,2,2,D,PERIODIC,-109.0,-14.0,5.0,y5,0,0
11490,2025.12.16,15.25.27,-90.120271,29.934141,-111,-16,-5.0,1,1,D,PERIODIC,-109.0,-14.0,5.0,y5,0,0
11491,2025.12.16,15.25.28,-90.120271,29.934141,-111,-16,-5.0,1,1,D,PERIODIC,-109.0,-14.0,5.0,y5,0,0
11492,2025.12.16,15.25.29,-90.120271,29.934141,-111,-16,-5.0,10,9,D,PERIODIC,-108.0,-14.0,5.0,y5,0,0
11493,2025.12.16,15.25.30,-90.120271,29.934141,-110,-16,-15.0,104915,4210,D,PERIODIC,-108.0,-14.0,7.0,y5,0,0
11494,2025.12.16,15.25.31,-90.120271,29.934141,-110,-16,-15.0,0,0,I,PERIODIC,-108.0,-14.0,7.0,y5,0,0
11495,2025.12.16,15.25.32,-90.120271,29.934141,-111,-16,-10.0,0,0,D,PERIODIC,-109.0,-13.0,5.0,y5,0,0
11496,2025.12.16,15.25.33,-90.120271,29.934141,-111,-16,-10.0,4,4,D,PERIODIC,-109.0,-13.0,5.0,y5,0,0
11497,2025.12.16,15.25.34,-90.120271,29.934141,-111,-16,-10.0,0,0,I,PERIODIC,-109.0,-14.0,5.0,y5,0,0
11498,2025.12.16,15.25.35,-90.120271,29.934141,-111,-16,-10.0,0,0,D,PERIODIC,-109.0,-14.0,5.0,y5,0,0
11499,2025.12.16,15.25.36,-90.120271,29.934141,-111,-16,-10.0,1,1,D,PERIODIC,-109.0,-13.0,5.0,y5,0,0
11500,2025.12.16,15.25.37,-90.120271,29.934141,-111,-16,-10.0,0,0,I,PERIODIC,-109.0,-13.0,5.0,y5,0,0
11501,2025.12.16,15.25.38,-90.120271,29.934141,-110,-15,-10.0,11,11,D,PERIODIC,-108.0,-13.0,7.0,y5,0,0
11502,2025.12.16,15.25.39,-90.120271,29.934141,-110,-15,-10.0,0,7,D,PERIODIC,-108.0,-13.0,7.0,y5,0,0
11503,2025.12.16,15.25.40,-90.120271,29.934141,-111,-15,-5.0,108545,1393,D,PERIODIC,-108.0,-13.0,5.0,y5,0,0
11504,2025.12.16,15.25.41,-90.120271,29.934141,-111,-15,-5.0,0,0,I,PERIODIC,-108.0,-13.0,5.0,y5,0,0
11505,2025.12.16,15.25.42,-90.120271,29.934141,-110,-15,5.0,0,0,I,PERIODIC,-109.0,-14.0,6.0,y5,0,0
11506,2025.12.16,15.25.43,-90.120271,29.934141,-110,-15,5.0,0,0,I,PERIODIC,-109.0,-14.0,6.0,y5,0,0
11507,2025.12.16,15.25.44,-90.120271,29.934141,-110,-15,0.0,0,0,I,PERIODIC,-108.0,-13.0,7.0,y5,0,0
11508,2025.12.16,15.25.45,-90.120271,29.934141,-110,-15,0.0,47583,455,D,PERIODIC,-108.0,-13.0,7.0,y5,0,0
11509,2025.12.16,15.25.46,-90.120271,29.934141,-110,-15,0.0,0,0,I,PERIODIC,-108.0,-14.0,7.0,y5,0,0
11510,2025.12.16,15.25.47,-90.120271,29.934141,-110,-15,0.0,0,0,D,PERIODIC,-108.0,-14.0,7.0,y5,0,0
11511,2025.12.16,15.25.48,-90.120269,29.934147,-110,-15,0.0,0,0,D,,-108.0,-14.0,7.0,y5,0,0
11512,2025.12.16,15.25.48,-90.120269,29.934147,-110,-15,0.0,3,9,D,PERIODIC,-108.0,-13.0,7.0,y5,0,0
11513,2025.12.16,15.25.49,-90.120269,29.934147,-110,-15,0.0,19,17,D,PERIODIC,-108.0,-13.0,7.0,y5,0,0
11514,2025.12.16,15.25.50,-90.120269,29.934147,-110,-15,0.0,95376,797,D,PERIODIC,-108.0,-13.0,7.0,y5,0,0
11515,2025.12.16,15.25.51,-90.120269,29.934147,-110,-15,0.0,0,0,D,PERIODIC,-108.0,-13.0,7.0,y5,0,0
11516,2025.12.16,15.25.52,-90.120269,29.934147,-110,-15,0.0,6,8,D,PERIODIC,-108.0,-13.0,7.0,y5,0,0
11517,2025.12.16,15.25.53,-90.120269,29.934147,-110,-15,0.0,1,1,D,PERIODIC,-108.0,-13.0,7.0,y5,0,0
11518,2025.12.16,15.25.54,-90.120269,29.934147,-110,-15,0.0,0,3,D,PERIODIC,-109.0,-14.0,7.0,y5,0,0
11519,2025.12.16,15.25.55,-90.120269,29.934147,-110,-15,0.0,74324,761,D,PERIODIC,-109.0,-14.0,7.0,y5,0,0
11520,2025.12.16,15.25.56,-90.120269,29.934147,-110,-15,0.0,0,0,D,PERIODIC,-108.0,-13.0,7.0,y5,0,0
11521,2025.12.16,15.25.57,-90.120269,29.934147,-110,-15,0.0,0,0,I,PERIODIC,-108.0,-13.0,7.0,y5,0,0
11522,2025.12.16,15.25.58,-90.120269,29.934147,-111,-16,-5.0,1,1,D,PERIODIC,-108.0,-13.0,5.0,y5,0,0
11523,2025.12.16,15.25.59,-90.120269,29.934147,-111,-16,-5.0,0,0,I,PERIODIC,-108.0,-13.0,5.0,y5,0,0
11524,2025.12.16,15.26.00,-90.120269,29.934147,-110,-16,-10.0,0,0,D,PERIODIC,-108.0,-14.0,6.0,y5,0,0
11525,2025.12.16,15.26.01,-90.120269,29.934147,-110,-16,-10.0,0,0,D,PERIODIC,-108.0,-14.0,6.0,y5,0,0
11526,2025.12.16,15.26.02,-90.120269,29.934147,-111,-15,-15.0,2,4,D,PERIODIC,-109.0,-12.0,7.0,y5,0,0
11527,2025.12.16,15.26.03,-90.120269,29.934147,-111,-15,-15.0,6,3,D,PERIODIC,-109.0,-12.0,7.0,y5,0,0
11528,2025.12.16,15.26.04,-90.120269,29.934147,-111,-15,-15.0,1,1,D,PERIODIC,-108.0,-14.0,7.0,y5,0,0
11529,2025.12.16,15.26.05,-90.120269,29.934147,-111,-15,-15.0,80013,673,D,PERIODIC,-108.0,-14.0,7.0,y5,0,0
11530,2025.12.16,15.26.06,-90.120269,29.934147,-111,-15,-15.0,0,0,I,PERIODIC,-108.0,-14.0,6.0,y5,0,0
11531,2025.12.16,15.26.07,-90.120269,29.934147,-111,-15,-15.0,0,0,D,PERIODIC,-108.0,-14.0,6.0,y5,0,0
11532,2025.12.16,15.26.08,-90.120269,29.934147,-111,-15,-15.0,0,0,D,PERIODIC,-108.0,-13.0,6.0,y5,0,0
11533,2025.12.16,15.26.09,-90.120269,29.934147,-111,-15,-15.0,0,0,D,PERIODIC,-108.0,-13.0,6.0,y5,0,0
11534,2025.12.16,15.26.10,-90.120269,29.934147,-111,-15,-15.0,0,884,D,PERIODIC,-108.0,-13.0,6.0,y5,0,0
11535,2025.12.16,15.26.11,-90.120269,29.934147,-111,-15,-15.0,0,0,I,PERIODIC,-108.0,-13.0,6.0,y5,0,0
11536,2025.12.16,15.26.12,-90.120269,29.934147,-111,-15,-15.0,0,0,I,PERIODIC,-108.0,-14.0,6.0,y5,0,0
11537,2025.12.16,15.26.13,-90.120269,29.934147,-111,-15,-15.0,4,5,D,PERIODIC,-108.0,-14.0,6.0,y5,0,0
11538,2025.12.16,15.26.14,-90.120269,29.934147,-111,-15,-15.0,0,0,D,PERIODIC,-108.0,-14.0,6.0,y5,0,0
11539,2025.12.16,15.26.15,-90.120269,29.934147,-111,-15,-15.0,0,0,I,PERIODIC,-108.0,-14.0,6.0,y5,0,0
11540,2025.12.16,15.26.16,-90.120269,29.934147,-110,-15,0.0,42330,1,D,HANDOVER_DATA_5G5G,-109.0,-14.0,6.0,y5,0,0
11541,2025.12.16,15.26.17,-90.120269,29.934147,-110,-15,0.0,3,3,D,PERIODIC,-109.0,-14.0,6.0,y5,0,0
11542,2025.12.16,15.26.18,-90.120269,29.934147,-110,-14,-5.0,1,1,D,PERIODIC,-108.0,-14.0,6.0,y5,0,0
11543,2025.12.16,15.26.19,-90.120269,29.934147,-110,-14,-5.0,0,0,D,PERIODIC,-108.0,-14.0,6.0,y5,0,0
11544,2025.12.16,15.26.20,-90.120269,29.934147,-108,-15,-5.0,36773,432,D,PERIODIC,-108.0,-14.0,7.0,y5,0,0
11545,2025.12.16,15.26.21,-90.120269,29.934147,-108,-15,-5.0,0,0,D,PERIODIC,-108.0,-14.0,7.0,y5,0,0
11546,2025.12.16,15.26.22,-90.120269,29.934147,-108,-14,0.0,0,0,I,PERIODIC,-108.0,-13.0,8.0,y5,0,0
11547,2025.12.16,15.26.23,-90.120269,29.934147,-108,-14,0.0,0,0,I,PERIODIC,-108.0,-13.0,8.0,y5,0,0
11548,2025.12.16,15.26.24,-90.120269,29.934147,-108,-14,0.0,0,0,I,PERIODIC,-108.0,-14.0,8.0,y5,0,0
11549,2025.12.16,15.26.25,-90.120269,29.934147,-108,-14,0.0,34650,394,D,PERIODIC,-108.0,-14.0,8.0,y5,0,0
11550,2025.12.16,15.26.26,-90.120269,29.934147,-108,-15,-10.0,3,3,D,PERIODIC,-108.0,-13.0,6.0,y5,0,0
11551,2025.12.16,15.26.27,-90.120269,29.934147,-108,-15,-10.0,1,1,D,PERIODIC,-108.0,-13.0,6.0,y5,0,0
11552,2025.12.16,15.26.28,-90.120269,29.934147,-106,-14,-5.0,0,0,D,PERIODIC,-109.0,-14.0,7.0,y5,0,0
11553,2025.12.16,15.26.29,-90.120269,29.934147,-106,-14,-5.0,0,0,I,PERIODIC,-109.0,-14.0,7.0,y5,0,0
11554,2025.12.16,15.26.30,-90.120269,29.934147,-106,-14,-5.0,17702,3174,D,PERIODIC,-109.0,-14.0,7.0,y5,0,0
11555,2025.12.16,15.26.31,-90.120269,29.934147,-107,-15,-5.0,0,0,D,PERIODIC,-109.0,-14.0,6.0,y5,0,0
11556,2025.12.16,15.26.32,-90.120269,29.934147,-112,-11,8.0,0,0,D,HANDOVER_DATA_5G5G,-107.0,-12.0,7.0,y5,0,0
11557,2025.12.16,15.26.33,-90.120269,29.934147,-112,-11,8.0,7,8,D,PERIODIC,-107.0,-12.0,7.0,y5,0,0
11558,2025.12.16,15.26.34,-90.120269,29.934147,-112,-11,8.0,0,0,D,PERIODIC,-107.0,-13.0,7.0,y5,0,0
11559,2025.12.16,15.26.35,-90.120269,29.934147,-112,-11,8.0,72929,582,D,PERIODIC,-107.0,-13.0,7.0,y5,0,0
11560,2025.12.16,15.26.36,-90.120269,29.934147,-112,-11,8.0,0,0,D,PERIODIC,-106.0,-13.0,7.0,y5,0,0
11561,2025.12.16,15.26.37,-90.120269,29.934147,-112,-11,8.0,0,0,I,PERIODIC,-106.0,-13.0,7.0,y5,0,0
11562,2025.12.16,15.26.38,-90.120269,29.934147,-112,-11,8.0,5,5,D,PERIODIC,-106.0,-13.0,7.0,y5,0,0
11563,2025.12.16,15.26.39,-90.120269,29.934147,-112,-11,8.0,1,1,D,PERIODIC,-106.0,-13.0,7.0,y5,0,0
11564,2025.12.16,15.26.40,-90.120269,29.934147,-110,-11,10.0,78479,1091,D,PERIODIC,-107.0,-12.0,8.0,y5,0,0
11565,2025.12.16,15.26.41,-90.120269,29.934147,-110,-11,9.0,0,0,D,PERIODIC,-107.0,-12.0,8.0,y5,0,0
11566,2025.12.16,15.26.42,-90.120269,29.934147,-111,-11,9.0,0,0,D,PERIODIC,-108.0,-13.0,6.0,y5,0,0
11567,2025.12.16,15.26.43,-90.120269,29.934147,-111,-11,9.0,0,0,D,PERIODIC,-108.0,-13.0,6.0,y5,0,0
11568,2025.12.16,15.26.44,-90.120269,29.934147,-111,-11,9.0,0,0,I,PERIODIC,-108.0,-13.0,6.0,y5,0,0
11569,2025.12.16,15.26.45,-90.120269,29.934147,-111,-11,9.0,0,596,D,PERIODIC,-108.0,-13.0,6.0,y5,0,0
11570,2025.12.16,15.26.46,-90.120269,29.934147,-111,-11,9.0,0,0,D,PERIODIC,-108.0,-13.0,6.0,y5,0,0
11571,2025.12.16,15.26.47,-90.120269,29.934147,-111,-11,9.0,0,2,D,PERIODIC,-108.0,-13.0,6.0,y5,0,0
11572,2025.12.16,15.26.48,-90.120269,29.934147,-111,-11,9.0,0,1,D,PERIODIC,-108.0,-12.0,6.0,y5,0,0
11573,2025.12.16,15.26.49,-90.120269,29.934147,-111,-11,9.0,0,0,D,PERIODIC,-108.0,-12.0,6.0,y5,0,0
11574,2025.12.16,15.26.50,-90.120269,29.934147,-111,-11,9.0,78805,606,D,PERIODIC,-108.0,-12.0,6.0,y5,0,0
11575,2025.12.16,15.26.51,-90.120269,29.934147,-111,-11,9.0,0,0,D,PERIODIC,-108.0,-12.0,6.0,y5,0,0
11576,2025.12.16,15.26.52,-90.120269,29.934147,-111,-11,9.0,28,29,D,PERIODIC,-109.0,-13.0,6.0,y5,0,0
11577,2025.12.16,15.26.53,-90.120269,29.934147,-111,-11,9.0,6,6,D,PERIODIC,-109.0,-13.0,6.0,y5,0,0
11578,2025.12.16,15.26.54,-90.120269,29.934147,-111,-11,9.0,0,0,I,PERIODIC,-108.0,-13.0,6.0,y5,0,0
11579,2025.12.16,15.26.55,-90.120269,29.934147,-111,-11,9.0,73767,729,D,PERIODIC,-108.0,-13.0,6.0,y5,0,0
11580,2025.12.16,15.26.56,-90.120269,29.934147,-111,-11,9.0,4,4,D,PERIODIC,-109.0,-13.0,6.0,y5,0,0
11581,2025.12.16,15.26.57,-90.120269,29.934147,-111,-11,9.0,3,3,D,PERIODIC,-109.0,-13.0,6.0,y5,0,0
11582,2025.12.16,15.26.58,-90.120269,29.934147,-111,-11,9.0,0,0,I,PERIODIC,-109.0,-13.0,6.0,y5,0,0
11583,2025.12.16,15.26.59,-90.120269,29.934147,-111,-11,9.0,0,0,I,PERIODIC,-109.0,-13.0,6.0,y5,0,0
11584,2025.12.16,15.27.00,-90.120269,29.934147,-111,-11,9.0,36566,1011,D,PERIODIC,-108.0,-13.0,6.0,y5,0,0
11585,2025.12.16,15.27.01,-90.120269,29.934147,-111,-11,9.0,0,0,I,PERIODIC,-108.0,-13.0,6.0,y5,0,0
11586,2025.12.16,15.27.02,-90.120269,29.934147,-111,-11,9.0,2,2,D,PERIODIC,-108.0,-13.0,6.0,y5,0,0
11587,2025.12.16,15.27.03,-90.120269,29.934147,-111,-11,9.0,0,0,I,PERIODIC,-108.0,-13.0,6.0,y5,0,0
11588,2025.12.16,15.27.04,-90.120269,29.934147,-111,-11,9.0,0,0,I,PERIODIC,-108.0,-14.0,6.0,y5,0,0
11589,2025.12.16,15.27.05,-90.120269,29.934147,-111,-11,9.0,36076,349,D,PERIODIC,-108.0,-14.0,6.0,y5,0,0
11590,2025.12.16,15.27.06,-90.120269,29.934147,-111,-11,9.0,0,0,D,PERIODIC,-108.0,-14.0,6.0,y5,0,0
11591,2025.12.16,15.27.07,-90.120269,29.934147,-111,-11,9.0,0,0,I,PERIODIC,-109.0,-14.0,6.0,y5,0,0
11592,2025.12.16,15.27.08,-90.120269,29.934147,-111,-11,9.0,0,0,I,PERIODIC,-109.0,-14.0,6.0,y5,0,0
11593,2025.12.16,15.27.09,-90.120269,29.934147,-111,-11,9.0,0,0,I,PERIODIC,-109.0,-14.0,6.0,y5,0,0
11594,2025.12.16,15.27.10,-90.120269,29.934147,-111,-11,9.0,36057,322,D,PERIODIC,-108.0,-14.0,6.0,y5,0,0
11595,2025.12.16,15.27.11,-90.120269,29.934147,-111,-11,9.0,0,0,I,PERIODIC,-108.0,-14.0,6.0,y5,0,0
11596,2025.12.16,15.27.12,-90.120269,29.934147,-111,-11,9.0,0,0,I,PERIODIC,-108.0,-14.0,6.0,y5,0,0
11597,2025.12.16,15.27.13,-90.120269,29.934147,-111,-11,9.0,0,0,I,PERIODIC,-108.0,-14.0,6.0,y5,0,0
11598,2025.12.16,15.27.14,-90.120269,29.934147,-111,-11,9.0,0,0,I,PERIODIC,-108.0,-14.0,6.0,y5,0,0
11599,2025.12.16,15.27.15,-90.120269,29.934147,-111,-11,9.0,39253,462,D,PERIODIC,-108.0,-14.0,6.0,y5,0,0
11600,2025.12.16,15.27.16,-90.120269,29.934147,-111,-11,9.0,0,0,I,PERIODIC,-108.0,-13.0,6.0,y5,0,0
11601,2025.12.16,15.27.17,-90.120269,29.934147,-111,-11,9.0,7,8,D,PERIODIC,-108.0,-13.0,6.0,y5,0,0
11602,2025.12.16,15.27.18,-90.120269,29.934147,-111,-11,9.0,0,0,D,PERIODIC,-108.0,-13.0,6.0,y5,0,0
11603,2025.12.16,15.27.19,-90.120269,29.934147,-111,-11,9.0,0,0,I,PERIODIC,-108.0,-13.0,6.0,y5,0,0
11604,2025.12.16,15.27.20,-90.120269,29.934147,-111,-11,9.0,36061,324,D,PERIODIC,-107.0,-12.0,6.0,y5,0,0
11605,2025.12.16,15.27.21,-90.120269,29.934147,-111,-11,9.0,0,0,D,PERIODIC,-107.0,-12.0,6.0,y5,0,0
11606,2025.12.16,15.27.22,-90.120269,29.934147,-111,-11,9.0,0,0,I,PERIODIC,-108.0,-13.0,6.0,y5,0,0
11607,2025.12.16,15.27.23,-90.120269,29.934147,-111,-11,9.0,0,0,I,PERIODIC,-108.0,-13.0,6.0,y5,0,0
11608,2025.12.16,15.27.24,-90.120269,29.934147,-111,-11,9.0,0,0,I,PERIODIC,-107.0,-12.0,6.0,y5,0,0
11609,2025.12.16,15.27.25,-90.120269,29.934147,-111,-11,9.0,33938,336,D,PERIODIC,-107.0,-12.0,6.0,y5,0,0
11610,2025.12.16,15.27.26,-90.120269,29.934147,-114,-12,5.0,3,3,D,PERIODIC,-107.0,-13.0,9.0,y5,0,0
11611,2025.12.16,15.27.27,-90.120269,29.934147,-114,-12,5.0,0,3,D,PERIODIC,-107.0,-13.0,9.0,y5,0,0
11612,2025.12.16,15.27.28,-90.120269,29.934147,-110,-11,10.0,0,0,I,PERIODIC,-108.0,-11.0,8.0,y5,0,0
11613,2025.12.16,15.27.29,-90.120269,29.934147,-110,-11,9.0,0,0,I,PERIODIC,-108.0,-11.0,8.0,y5,0,0
11614,2025.12.16,15.27.30,-90.120269,29.934147,-115,-12,7.0,31670,3132,D,PERIODIC,-107.0,-12.0,9.0,y5,0,0
11615,2025.12.16,15.27.31,-90.120269,29.934147,-115,-12,7.0,0,0,D,PERIODIC,-107.0,-12.0,9.0,y5,0,0
11616,2025.12.16,15.27.32,-90.120269,29.934147,-115,-12,7.0,0,8,D,PERIODIC,-107.0,-12.0,9.0,y5,0,0
11617,2025.12.16,15.27.33,-90.120269,29.934147,-115,-12,7.0,0,0,D,PERIODIC,-107.0,-12.0,9.0,y5,0,0
11618,2025.12.16,15.27.34,-90.120269,29.934147,-115,-12,7.0,0,0,I,PERIODIC,-107.0,-13.0,9.0,y5,0,0
11619,2025.12.16,15.27.35,-90.120269,29.934147,-115,-12,7.0,34266,343,D,PERIODIC,-107.0,-13.0,9.0,y5,0,0
11620,2025.12.16,15.27.36,-90.120269,29.934147,-115,-12,7.0,0,0,D,PERIODIC,-107.0,-12.0,9.0,y5,0,0
11621,2025.12.16,15.27.37,-90.120269,29.934147,-115,-12,7.0,0,0,I,PERIODIC,-107.0,-12.0,9.0,y5,0,0
11622,2025.12.16,15.27.38,-90.120269,29.934147,-115,-12,7.0,5,5,D,PERIODIC,-107.0,-12.0,9.0,y5,0,0
11623,2025.12.16,15.27.39,-90.120269,29.934147,-115,-12,7.0,0,0,I,PERIODIC,-106.0,-11.0,9.0,y5,0,0
11624,2025.12.16,15.27.40,-90.120269,29.934147,-115,-12,7.0,30975,684,D,PERIODIC,-106.0,-11.0,9.0,y5,0,0
11625,2025.12.16,15.27.41,-90.120269,29.934147,-115,-12,7.0,7,7,D,PERIODIC,-106.0,-12.0,9.0,y5,0,0
11626,2025.12.16,15.27.42,-90.120269,29.934147,-115,-12,6.0,0,0,I,PERIODIC,-106.0,-12.0,9.0,y5,0,0
11627,2025.12.16,15.27.43,-90.120269,29.934147,-114,-12,6.0,0,0,D,PERIODIC,-108.0,-12.0,8.0,y5,0,0
11628,2025.12.16,15.27.44,-90.120269,29.934147,-114,-12,8.0,8,10,D,PERIODIC,-108.0,-12.0,8.0,y5,0,0
11629,2025.12.16,15.27.45,-90.120269,29.934147,-112,-12,8.0,31013,1668,D,PERIODIC,-108.0,-12.0,7.0,y5,0,0
11630,2025.12.16,15.27.46,-90.120269,29.934147,-112,-12,8.0,0,0,I,PERIODIC,-108.0,-12.0,7.0,y5,0,0
11631,2025.12.16,15.27.47,-90.120269,29.934147,-112,-12,8.0,2,2,D,PERIODIC,-108.0,-12.0,7.0,y5,0,0
11632,2025.12.16,15.27.48,-90.120269,29.934147,-113,-12,8.0,0,0,D,PERIODIC,-107.0,-12.0,6.0,y5,0,0
11633,2025.12.16,15.27.49,-90.120269,29.934147,-113,-12,8.0,0,0,I,PERIODIC,-107.0,-13.0,6.0,y5,0,0
11634,2025.12.16,15.27.50,-90.120269,29.934147,-113,-12,8.0,0,436,D,PERIODIC,-107.0,-13.0,6.0,y5,0,0
11635,2025.12.16,15.27.51,-90.120269,29.934147,-113,-12,8.0,0,0,I,PERIODIC,-107.0,-12.0,6.0,y5,0,0
11636,2025.12.16,15.27.52,-90.120269,29.934147,-113,-12,8.0,0,0,D,PERIODIC,-107.0,-12.0,6.0,y5,0,0
11637,2025.12.16,15.27.53,-90.120269,29.934147,-113,-12,8.0,6,5,D,PERIODIC,-107.0,-13.0,6.0,y5,0,0
11638,2025.12.16,15.27.54,-90.120269,29.934147,-113,-12,8.0,0,11,D,PERIODIC,-107.0,-13.0,6.0,y5,0,0
11639,2025.12.16,15.27.55,-90.120269,29.934147,-113,-12,8.0,42102,1109,D,PERIODIC,-108.0,-14.0,6.0,y5,0,0
11640,2025.12.16,15.27.56,-90.120269,29.934147,-113,-12,8.0,0,0,I,PERIODIC,-108.0,-14.0,6.0,y5,0,0
11641,2025.12.16,15.27.57,-90.120269,29.934147,-113,-12,8.0,0,0,I,PERIODIC,-107.0,-12.0,6.0,y5,0,0
11642,2025.12.16,15.27.58,-90.120269,29.934147,-113,-12,8.0,0,0,I,PERIODIC,-107.0,-12.0,6.0,y5,0,0
11643,2025.12.16,15.27.59,-90.120269,29.934147,-113,-12,8.0,0,0,I,PERIODIC,-106.0,-12.0,6.0,y5,0,0
11644,2025.12.16,15.28.00,-90.120269,29.934147,-113,-12,8.0,0,0,I,PERIODIC,-106.0,-12.0,6.0,y5,0,0
11645,2025.12.16,15.28.01,-90.120269,29.934147,-113,-12,8.0,0,0,I,PERIODIC,-107.0,-13.0,6.0,y5,0,0
11646,2025.12.16,15.28.02,-90.120269,29.934147,-113,-12,8.0,0,2,D,PERIODIC,-107.0,-13.0,6.0,y5,0,0
11647,2025.12.16,15.28.03,-90.120269,29.934147,-113,-12,8.0,0,0,D,PERIODIC,-107.0,-12.0,6.0,y5,0,0
11648,2025.12.16,15.28.04,-90.120269,29.934147,-113,-12,8.0,0,0,I,PERIODIC,-107.0,-12.0,6.0,y5,0,0
11649,2025.12.16,15.28.05,-90.120269,29.934147,-113,-12,8.0,0,0,I,PERIODIC,-107.0,-13.0,6.0,y5,0,0
11650,2025.12.16,15.28.06,-90.120269,29.934147,-113,-12,2.0,0,0,I,PERIODIC,-107.0,-13.0,6.0,y5,0,0
11651,2025.12.16,15.28.07,-90.120269,29.934147,-115,-12,5.0,0,0,I,PERIODIC,-106.0,-14.0,6.0,y5,0,0
11652,2025.12.16,15.28.08,-90.120269,29.934147,-115,-12,5.0,0,0,I,PERIODIC,-106.0,-14.0,6.0,y5,0,0
11653,2025.12.16,15.28.09,-90.120269,29.934147,-115,-12,5.0,0,0,I,PERIODIC,-107.0,-14.0,6.0,y5,0,0
11654,2025.12.16,15.28.10,-90.120269,29.934147,-115,-12,5.0,0,0,I,PERIODIC,-107.0,-14.0,6.0,y5,0,0
11655,2025.12.16,15.28.11,-90.120269,29.934147,-115,-12,5.0,0,0,I,PERIODIC,-108.0,-14.0,6.0,y5,0,0
11656,2025.12.16,15.28.12,-90.120269,29.934147,-115,-12,5.0,0,0,I,PERIODIC,-108.0,-14.0,6.0,y5,0,0
11657,2025.12.16,15.28.13,-90.120269,29.934147,-116,-13,4.0,0,0,I,PERIODIC,-108.0,-13.0,6.0,y5,0,0
11658,2025.12.16,15.28.14,-90.120269,29.934147,-116,-13,4.0,0,0,D,PERIODIC,-108.0,-13.0,6.0,y5,0,0
11659,2025.12.16,15.28.15,-90.120269,29.934147,-115,-12,4.0,0,0,I,PERIODIC,-108.0,-13.0,7.0,y5,0,0
11660,2025.12.16,15.28.16,-90.120269,29.934147,-115,-12,3.0,0,0,I,PERIODIC,-108.0,-13.0,7.0,y5,0,0
11661,2025.12.16,15.28.17,-90.120269,29.934147,-116,-12,5.0,0,0,I,PERIODIC,-108.0,-14.0,6.0,y5,0,0
11662,2025.12.16,15.28.18,-90.120269,29.934147,-116,-12,5.0,0,0,I,PERIODIC,-108.0,-14.0,6.0,y5,0,0
11663,2025.12.16,15.28.19,-90.120269,29.934147,-116,-12,5.0,1,0,D,PERIODIC,-108.0,-14.0,6.0,y5,0,0
11664,2025.12.16,15.28.20,-90.120269,29.934147,-116,-12,5.0,32010,658,D,PERIODIC,-108.0,-14.0,6.0,y5,0,0
11665,2025.12.16,15.28.21,-90.120269,29.934147,-116,-12,5.0,1,1,D,PERIODIC,-108.0,-13.0,6.0,y5,0,0
11666,2025.12.16,15.28.22,-90.120269,29.934147,-116,-12,5.0,7,7,D,PERIODIC,-108.0,-13.0,6.0,y5,0,0
11667,2025.12.16,15.28.23,-90.120269,29.934147,-116,-12,5.0,2,3,D,PERIODIC,-107.0,-13.0,6.0,y5,0,0
11668,2025.12.16,15.28.24,-90.120269,29.934147,-116,-12,5.0,0,0,I,PERIODIC,-107.0,-13.0,6.0,y5,0,0
11669,2025.12.16,15.28.25,-90.120269,29.934147,-116,-12,5.0,0,0,I,PERIODIC,-108.0,-13.0,6.0,y5,0,0
11670,2025.12.16,15.28.26,-90.120269,29.934147,-116,-12,4.0,0,0,I,PERIODIC,-108.0,-13.0,6.0,y5,0,0
11671,2025.12.16,15.28.27,-90.120269,29.934147,-117,-13,35.0,0,0,I,PERIODIC,-107.0,-13.0,8.0,y5,0,0
11672,2025.12.16,15.28.28,-90.120269,29.934147,-117,-13,35.0,0,0,I,PERIODIC,-107.0,-13.0,8.0,y5,0,0
11673,2025.12.16,15.28.29,-90.120269,29.934147,-110,-15,0.0,2,4,D,CELL_RESELECTION_5G5G,-108.0,-14.0,7.0,y5,0,0
11674,2025.12.16,15.28.30,-90.120269,29.934147,-110,-15,0.0,0,0,I,PERIODIC,-108.0,-14.0,7.0,y5,0,0
11675,2025.12.16,15.28.31,-90.120269,29.934147,-110,-15,0.0,46,43,D,PERIODIC,-108.0,-13.0,7.0,y5,0,0
11676,2025.12.16,15.28.32,-90.120269,29.934147,-110,-15,0.0,6,6,D,PERIODIC,-108.0,-13.0,7.0,y5,0,0
11677,2025.12.16,15.28.33,-90.120269,29.934147,-110,-15,0.0,0,0,I,PERIODIC,-108.0,-13.0,7.0,y5,0,0
11678,2025.12.16,15.28.34,-90.120269,29.934147,-110,-15,0.0,0,0,I,PERIODIC,-108.0,-13.0,7.0,y5,0,0
11679,2025.12.16,15.28.35,-90.120269,29.934147,-108,-14,-10.0,23416,3559,D,PERIODIC,-109.0,-14.0,8.0,y5,0,0
11680,2025.12.16,15.28.36,-90.120269,29.934147,-108,-14,-10.0,0,0,I,PERIODIC,-109.0,-14.0,8.0,y5,0,0
11681,2025.12.16,15.28.37,-90.120269,29.934147,-108,-14,-10.0,0,0,I,PERIODIC,-107.0,-13.0,8.0,y5,0,0
11682,2025.12.16,15.28.38,-90.120269,29.934147,-108,-14,-10.0,2,2,D,PERIODIC,-107.0,-13.0,8.0,y5,0,0
11683,2025.12.16,15.28.39,-90.120269,29.934147,-108,-14,-10.0,1,1,D,PERIODIC,-107.0,-14.0,8.0,y5,0,0
11684,2025.12.16,15.28.40,-90.120269,29.934147,-108,-14,-10.0,25000,496,D,PERIODIC,-107.0,-14.0,8.0,y5,0,0
11685,2025.12.16,15.28.41,-90.120269,29.934147,-108,-14,-5.0,2,2,D,PERIODIC,-108.0,-13.0,6.0,y5,0,0
11686,2025.12.16,15.28.42,-90.120269,29.934147,-108,-14,-5.0,1,3,D,PERIODIC,-108.0,-13.0,6.0,y5,0,0
11687,2025.12.16,15.28.43,-90.120269,29.934147,-110,-15,-5.0,8,5,D,PERIODIC,-108.0,-13.0,6.0,y5,0,0
11688,2025.12.16,15.28.44,-90.120269,29.934147,-110,-15,-5.0,4,4,D,PERIODIC,-108.0,-13.0,6.0,y5,0,0
11689,2025.12.16,15.28.45,-90.120269,29.934147,-107,-14,-5.0,100980,1626,D,HANDOVER_DATA_5G5G,-109.0,-13.0,6.0,y5,0,0
11690,2025.12.16,15.28.46,-90.120269,29.934147,-107,-14,-5.0,0,0,D,PERIODIC,-109.0,-13.0,6.0,y5,0,0
11691,2025.12.16,15.28.47,-90.120269,29.934147,-109,-14,-10.0,9,9,D,PERIODIC,-108.0,-13.0,5.0,y5,0,0
11692,2025.12.16,15.28.48,-90.120269,29.934147,-109,-14,-10.0,1,1,D,PERIODIC,-108.0,-13.0,5.0,y5,0,0
11693,2025.12.16,15.28.49,-90.120269,29.934147,-111,-14,10.0,0,0,I,PERIODIC,-108.0,-14.0,4.0,y5,0,0
11694,2025.12.16,15.28.50,-90.120269,29.934147,-111,-14,10.0,72206,4655,D,PERIODIC,-108.0,-14.0,4.0,y5,0,0
11695,2025.12.16,15.28.51,-90.120269,29.934147,-110,-14,5.0,0,0,I,PERIODIC,-108.0,-12.0,7.0,y5,0,0
11696,2025.12.16,15.28.52,-90.120269,29.934147,-110,-14,5.0,0,0,I,PERIODIC,-108.0,-12.0,7.0,y5,0,0
11697,2025.12.16,15.28.53,-90.120269,29.934147,-113,-15,-15.0,0,0,I,PERIODIC,-108.0,-14.0,8.0,y5,0,0
11698,2025.12.16,15.28.54,-90.120269,29.934147,-113,-15,-15.0,0,0,I,PERIODIC,-108.0,-14.0,8.0,y5,0,0
11699,2025.12.16,15.28.55,-90.120269,29.934147,-113,-15,-15.0,71545,601,D,PERIODIC,-109.0,-14.0,8.0,y5,0,0
11700,2025.12.16,15.28.56,-90.120269,29.934147,-113,-15,-15.0,0,1,D,PERIODIC,-109.0,-14.0,8.0,y5,0,0
11701,2025.12.16,15.28.57,-90.120269,29.934147,-110,-16,-10.0,0,0,D,PERIODIC,-108.0,-14.0,6.0,y5,0,0
11702,2025.12.16,15.28.58,-90.120269,29.934147,-110,-16,-10.0,0,0,D,PERIODIC,-108.0,-14.0,6.0,y5,0,0
11703,2025.12.16,15.28.59,-90.120269,29.934147,-113,-16,-10.0,0,0,I,PERIODIC,-108.0,-13.0,7.0,y5,0,0
11704,2025.12.16,15.29.00,-90.120269,29.934147,-113,-16,-10.0,72136,994,D,PERIODIC,-108.0,-13.0,7.0,y5,0,0
11705,2025.12.16,15.29.01,-90.120269,29.934147,-110,-15,-10.0,0,0,I,PERIODIC,-109.0,-13.0,5.0,y5,0,0
11706,2025.12.16,15.29.02,-90.120269,29.934147,-110,-15,-10.0,0,0,D,PERIODIC,-109.0,-13.0,5.0,y5,0,0
11707,2025.12.16,15.29.03,-90.120269,29.934147,-109,-15,-5.0,2,0,D,PERIODIC,-109.0,-13.0,5.0,y5,0,0
11708,2025.12.16,15.29.04,-90.120269,29.934147,-109,-15,-5.0,0,0,I,PERIODIC,-109.0,-13.0,5.0,y5,0,0
11709,2025.12.16,15.29.05,-90.120269,29.934147,-112,-15,-10.0,75122,707,D,PERIODIC,-108.0,-13.0,6.0,y5,0,0
11710,2025.12.16,15.29.06,-90.120269,29.934147,-112,-15,-10.0,0,0,D,PERIODIC,-108.0,-13.0,6.0,y5,0,0
11711,2025.12.16,15.29.07,-90.120269,29.934147,-112,-15,-10.0,0,0,I,PERIODIC,-108.0,-13.0,6.0,y5,0,0
11712,2025.12.16,15.29.08,-90.120269,29.934147,-109,-14,-10.0,0,0,I,PERIODIC,-108.0,-14.0,6.0,y5,0,0
11713,2025.12.16,15.29.09,-90.120269,29.934147,-112,-15,-15.0,0,0,I,PERIODIC,-108.0,-14.0,7.0,y5,0,0
11714,2025.12.16,15.29.10,-90.120269,29.934147,-112,-15,-15.0,28671,333,D,PERIODIC,-108.0,-14.0,7.0,y5,0,0
11715,2025.12.16,15.29.11,-90.120269,29.934147,-112,-15,-15.0,0,0,I,PERIODIC,-108.0,-13.0,7.0,y5,0,0
11716,2025.12.16,15.29.12,-90.120269,29.934147,-112,-15,-15.0,0,0,I,PERIODIC,-108.0,-13.0,7.0,y5,0,0
11717,2025.12.16,15.29.13,-90.120269,29.934147,-110,-16,-20.0,0,0,I,PERIODIC,-109.0,-13.0,7.0,y5,0,0
11718,2025.12.16,15.29.14,-90.120269,29.934147,-110,-16,-20.0,0,0,I,PERIODIC,-109.0,-13.0,7.0,y5,0,0
11719,2025.12.16,15.29.15,-90.120269,29.934147,-112,-15,-5.0,25135,336,D,PERIODIC,-109.0,-11.0,9.0,y5,0,0
11720,2025.12.16,15.29.16,-90.120269,29.934147,-112,-15,-5.0,0,0,D,PERIODIC,-109.0,-11.0,9.0,y5,0,0
11721,2025.12.16,15.29.17,-90.120269,29.934147,-112,-15,-5.0,0,0,D,PERIODIC,-108.0,-14.0,9.0,y5,0,0
11722,2025.12.16,15.29.18,-90.120269,29.934147,-112,-15,-5.0,0,0,I,PERIODIC,-108.0,-14.0,9.0,y5,0,0
11723,2025.12.16,15.29.19,-90.120269,29.934147,-110,-15,-5.0,0,0,I,PERIODIC,-108.0,-13.0,7.0,y5,0,0
11724,2025.12.16,15.29.20,-90.120269,29.934147,-110,-15,-5.0,0,0,I,PERIODIC,-108.0,-13.0,7.0,y5,0,0
11725,2025.12.16,15.29.21,-90.120269,29.934147,-109,-14,10.0,1,1,D,PERIODIC,-108.0,-12.0,8.0,y5,0,0
11726,2025.12.16,15.29.22,-90.120269,29.934147,-109,-14,10.0,0,0,I,PERIODIC,-108.0,-12.0,8.0,y5,0,0
11727,2025.12.16,15.29.23,-90.120269,29.934147,-109,-14,10.0,0,0,I,PERIODIC,-108.0,-13.0,8.0,y5,0,0
11728,2025.12.16,15.29.24,-90.120269,29.934147,-109,-14,10.0,0,0,I,PERIODIC,-108.0,-13.0,8.0,y5,0,0
11729,2025.12.16,15.29.25,-90.120269,29.934147,-110,-15,-10.0,18098,330,D,PERIODIC,-109.0,-12.0,9.0,y5,0,0
11730,2025.12.16,15.29.26,-90.120269,29.934147,-110,-15,-10.0,0,0,D,PERIODIC,-109.0,-12.0,9.0,y5,0,0
11731,2025.12.16,15.29.27,-90.120269,29.934147,-111,-16,-10.0,4,0,D,PERIODIC,-109.0,-13.0,6.0,y5,0,0
11732,2025.12.16,15.29.28,-90.120269,29.934147,-111,-16,-10.0,3,3,D,PERIODIC,-109.0,-13.0,6.0,y5,0,0
11733,2025.12.16,15.29.29,-90.120269,29.934147,-111,-16,-10.0,0,0,I,PERIODIC,-107.0,-12.0,6.0,y5,0,0
11734,2025.12.16,15.29.30,-90.120269,29.934147,-111,-16,-10.0,0,0,I,PERIODIC,-107.0,-12.0,6.0,y5,0,0
11735,2025.12.16,15.29.31,-90.120269,29.934147,-111,-14,5.0,0,0,I,PERIODIC,-107.0,-14.0,5.0,y5,0,0
11736,2025.12.16,15.29.32,-90.120269,29.934147,-111,-14,5.0,7,5,D,PERIODIC,-107.0,-14.0,5.0,y5,0,0
11737,2025.12.16,15.29.33,-90.120269,29.934147,-111,-14,5.0,0,0,D,PERIODIC,-107.0,-14.0,5.0,y5,0,0
11738,2025.12.16,15.29.34,-90.120269,29.934147,-114,-16,-15.0,0,0,I,PERIODIC,-108.0,-14.0,7.0,y5,0,0
11739,2025.12.16,15.29.35,-90.120269,29.934147,-110,-15,-15.0,0,0,I,CELL_RESELECTION_5G5G,-108.0,-13.0,6.0,y5,0,0
11740,2025.12.16,15.29.36,-90.120269,29.934147,-110,-15,-15.0,0,1,D,PERIODIC,-108.0,-13.0,6.0,y5,0,0
11741,2025.12.16,15.29.37,-90.120269,29.934147,-110,-15,-15.0,0,0,D,PERIODIC,-108.0,-13.0,6.0,y5,0,0
11742,2025.12.16,15.29.38,-90.120269,29.934147,-110,-15,-15.0,0,0,D,PERIODIC,-108.0,-13.0,6.0,y5,0,0
11743,2025.12.16,15.29.39,-90.120269,29.934147,-110,-15,-15.0,6,6,D,PERIODIC,-107.0,-13.0,6.0,y5,0,0
11744,2025.12.16,15.29.40,-90.120269,29.934147,-110,-15,-15.0,2,2,D,PERIODIC,-107.0,-13.0,6.0,y5,0,0
11745,2025.12.16,15.29.41,-90.120269,29.934147,-110,-15,-15.0,0,0,D,PERIODIC,-107.0,-14.0,6.0,y5,0,0
11746,2025.12.16,15.29.42,-90.120269,29.934147,-110,-15,-15.0,25,25,D,PERIODIC,-107.0,-14.0,6.0,y5,0,0
11747,2025.12.16,15.29.43,-90.120269,29.934147,-111,-15,-20.0,0,0,D,PERIODIC,-107.0,-14.0,8.0,y5,0,0
11748,2025.12.16,15.29.44,-90.120269,29.934147,-111,-15,-20.0,0,0,I,PERIODIC,-107.0,-14.0,8.0,y5,0,0
11749,2025.12.16,15.29.45,-90.120269,29.934147,-110,-15,-10.0,2,2,D,PERIODIC,-107.0,-14.0,7.0,y5,0,0
11750,2025.12.16,15.29.46,-90.120269,29.934147,-110,-15,-10.0,0,0,I,PERIODIC,-107.0,-14.0,7.0,y5,0,0
11751,2025.12.16,15.29.47,-90.120269,29.934147,-110,-14,-5.0,2,2,D,PERIODIC,-107.0,-14.0,8.0,y5,0,0
11752,2025.12.16,15.29.48,-90.120269,29.934147,-110,-14,-5.0,0,0,D,PERIODIC,-107.0,-14.0,8.0,y5,0,0
11753,2025.12.16,15.29.49,-90.120269,29.934147,-110,-14,5.0,1,1,D,PERIODIC,-107.0,-14.0,7.0,y5,0,0
11754,2025.12.16,15.29.50,-90.120269,29.934147,-110,-14,5.0,0,0,I,PERIODIC,-107.0,-14.0,7.0,y5,0,0
11755,2025.12.16,15.29.51,-90.120269,29.934147,-110,-14,5.0,0,0,I,PERIODIC,-107.0,-14.0,7.0,y5,0,0
11756,2025.12.16,15.29.52,-90.120269,29.934147,-110,-14,5.0,0,0,I,PERIODIC,-107.0,-13.0,7.0,y5,0,0
11757,2025.12.16,15.29.53,-90.120269,29.934147,-110,-14,5.0,1,1,D,PERIODIC,-107.0,-14.0,7.0,y5,0,0
11758,2025.12.16,15.29.54,-90.120269,29.934147,-110,-14,5.0,0,0,I,PERIODIC,-107.0,-14.0,7.0,y5,0,0
11759,2025.12.16,15.29.55,-90.120269,29.934147,-110,-14,5.0,10,10,D,PERIODIC,-107.0,-14.0,7.0,y5,0,0
11760,2025.12.16,15.29.56,-90.120269,29.934147,-110,-14,5.0,1,1,D,PERIODIC,-107.0,-14.0,7.0,y5,0,0
11761,2025.12.16,15.29.57,-90.120269,29.934147,-109,-14,0.0,3,3,D,PERIODIC,-107.0,-14.0,7.0,y5,0,0
11762,2025.12.16,15.29.58,-90.120269,29.934147,-109,-14,0.0,0,0,D,PERIODIC,-107.0,-14.0,7.0,y5,0,0
11763,2025.12.16,15.29.59,-90.120269,29.934147,-109,-15,-20.0,3,3,D,PERIODIC,-108.0,-15.0,5.0,y5,0,0
11764,2025.12.16,15.30.00,-90.120269,29.934147,-109,-15,-20.0,0,0,D,PERIODIC,-108.0,-15.0,5.0,y5,0,0
11765,2025.12.16,15.30.01,-90.120269,29.934147,-107,-14,5.0,0,0,I,PERIODIC,-108.0,-12.0,5.0,y5,0,0
11766,2025.12.16,15.30.02,-90.120269,29.934147,-107,-14,5.0,4,4,D,PERIODIC,-108.0,-12.0,5.0,y5,0,0
11767,2025.12.16,15.30.03,-90.120269,29.934147,-108,-15,-10.0,0,0,I,PERIODIC,-107.0,-14.0,6.0,y5,0,0
11768,2025.12.16,15.30.04,-90.120269,29.934147,-108,-15,-10.0,0,0,I,PERIODIC,-107.0,-14.0,6.0,y5,0,0
11769,2025.12.16,15.30.05,-90.120269,29.934147,-108,-15,-10.0,0,0,I,PERIODIC,-107.0,-14.0,6.0,y5,0,0
11770,2025.12.16,15.30.06,-90.120269,29.934147,-108,-15,-10.0,0,0,I,PERIODIC,-107.0,-14.0,6.0,y5,0,0
11771,2025.12.16,15.30.07,-90.120269,29.934147,-107,-14,0.0,0,0,I,PERIODIC,-108.0,-13.0,7.0,y5,0,0
11772,2025.12.16,15.30.08,-90.120269,29.934147,-107,-14,0.0,0,0,I,PERIODIC,-108.0,-13.0,7.0,y5,0,0
11773,2025.12.16,15.30.09,-90.120269,29.934147,-107,-14,20.0,0,0,I,PERIODIC,-105.0,-12.0,7.0,y5,0,0
11774,2025.12.16,15.30.10,-90.120269,29.934147,-107,-14,20.0,0,0,I,PERIODIC,-105.0,-12.0,7.0,y5,0,0
11775,2025.12.16,15.30.11,-90.120269,29.934147,-107,-14,20.0,0,0,D,PERIODIC,-110.0,-14.0,7.0,y5,0,0
11776,2025.12.16,15.30.12,-90.120269,29.934147,-107,-14,20.0,3,3,D,PERIODIC,-110.0,-14.0,7.0,y5,0,0
11777,2025.12.16,15.30.13,-90.120269,29.934147,-115,-15,5.0,7,6,D,PERIODIC,-113.0,-14.0,7.0,y5,0,0
11778,2025.12.16,15.30.14,-90.120269,29.934147,-115,-15,5.0,0,0,D,PERIODIC,-113.0,-14.0,7.0,y5,0,0
