Date,Time,Longitude,Latitude,Level,Qual,SNR,DL_bitrate,UL_bitrate,State,EVENT,SecondCell_RSRP,SecondCell_RSRQ,SecondCell_SNR,Eid,Shift,Label,Quality Switching
2025.12.10,16.22.45,-90.120271,29.934123,-112,-14,7.0,1,1,D,LOG START,,,,1d,4,1,4
2025.12.10,16.22.45,-90.120271,29.934123,-112,-14,7.0,0,0,D,PERIODIC,,,,1d,4,1,4
2025.12.10,16.22.45,-90.120266,29.934127,-112,-14,7.0,0,0,I,,,,,1d,4,1,4
2025.12.10,16.22.46,-90.120266,29.934127,-110,-14,7.0,6,6,D,PERIODIC,,,,1d,4,1,4
2025.12.10,16.22.47,-90.120266,29.934127,-110,-14,7.0,1,1,D,PERIODIC,,,,1d,4,1,4
2025.12.10,16.22.48,-90.120266,29.934127,-110,-14,7.0,1,1,D,PERIODIC,,,,1d,4,1,4
2025.12.10,16.22.49,-90.120266,29.934127,-110,-14,7.0,0,20,D,PERIODIC,,,,1d,4,1,4
2025.12.10,16.22.50,-90.120266,29.934127,-110,-14,6.0,0,0,D,PERIODIC,,,,1d,4,1,4
2025.12.10,16.22.51,-90.120266,29.934127,-110,-14,6.0,26,6,D,PERIODIC,,,,1d,4,1,4
2025.12.10,16.22.52,-90.120266,29.934127,-109,-14,6.0,7,7,D,PERIODIC,,,,1d,4,1,4
2025.12.10,16.22.53,-90.120266,29.934127,-109,-14,6.0,1,1,D,PERIODIC,,,,1d,4,1,4
2025.12.10,16.22.54,-90.120266,29.934127,-109,-14,7.0,128,102,D,PERIODIC,,,,1d,4,1,4
2025.12.10,16.22.55,-90.120266,29.934127,-109,-14,7.0,19,16,D,PERIODIC,,,,1d,4,1,4
2025.12.10,16.22.56,-90.120266,29.934127,-110,-14,6.0,0,20550,D,PERIODIC,,,,1d,4,1,4
2025.12.10,16.22.57,-90.120266,29.934127,-110,-14,6.0,0,1,D,PERIODIC,,,,1d,4,1,4
2025.12.10,16.22.58,-90.120266,29.934127,-110,-13,9.0,0,12,D,PERIODIC,,,,1d,4,1,4
2025.12.10,16.22.59,-90.120266,29.934127,-110,-13,9.0,3,3,D,PERIODIC,,,,1d,4,1,4
2025.12.10,16.23.00,-90.120266,29.934127,-110,-14,9.0,5,5,D,PERIODIC,,,,1d,4,1,4
2025.12.10,16.23.01,-90.120266,29.934127,-110,-14,9.0,6,6,D,PERIODIC,,,,1d,4,1,4
2025.12.10,16.23.02,-90.120266,29.934127,-110,-14,7.0,1,1,D,PERIODIC,,,,1d,4,1,4
2025.12.10,16.23.03,-90.120266,29.934127,-110,-14,7.0,1,1,D,PERIODIC,,,,1d,4,1,4
2025.12.10,16.23.04,-90.120266,29.934127,-110,-14,7.0,0,3,D,PERIODIC,,,,1d,4,1,4
2025.12.10,16.23.05,-90.120266,29.934127,-110,-14,7.0,3,3,D,PERIODIC,,,,1d,4,1,4
2025.12.10,16.23.06,-90.120266,29.934127,-111,-14,7.0,0,9,D,PERIODIC,,,,1d,4,1,4
2025.12.10,16.23.07,-90.120266,29.934127,-111,-14,7.0,0,19,D,PERIODIC,,,,1d,4,1,4
2025.12.10,16.23.08,-90.120266,29.934127,-110,-14,7.0,0,0,D,PERIODIC,,,,1d,4,1,4
2025.12.10,16.23.09,-90.120266,29.934127,-110,-14,7.0,12,12,D,PERIODIC,,,,1d,4,1,4
2025.12.10,16.23.10,-90.120266,29.934127,-110,-14,9.0,0,5,D,PERIODIC,,,,1d,4,1,4
2025.12.10,16.23.11,-90.120266,29.934127,-110,-14,9.0,0,0,D,PERIODIC,,,,1d,4,1,4
2025.12.10,16.23.12,-90.120266,29.934127,-110,-14,9.0,6,6,D,PERIODIC,,,,1d,4,1,4
2025.12.10,16.23.13,-90.120266,29.934127,-110,-14,9.0,8,8,D,PERIODIC,,,,1d,4,1,4
2025.12.10,16.23.14,-90.120266,29.934127,-110,-13,7.0,11,11,D,PERIODIC,,,,1d,4,1,4
2025.12.10,16.23.15,-90.120266,29.934127,-110,-13,7.0,3,3,D,PERIODIC,,,,1d,4,1,4
2025.12.10,16.23.16,-90.120266,29.934127,-109,-13,7.0,15,15,D,PERIODIC,,,,1d,4,1,4
2025.12.10,16.23.17,-90.120266,29.934127,-108,-14,-,8,8,D,PERIODIC,-109.0,-13.0,7.0,1d,4,1,4
2025.12.10,16.23.17,-90.120266,29.934127,-108,-14,-,8,8,D,,-109.0,-13.0,7.0,1d,4,1,4
2025.12.10,16.23.18,-90.120266,29.934127,-108,-14,4.0,7,8,D,IRAT_HANDOVER_DATA_4G5G,-111.0,-14.0,9.0,1d,4,1,4
2025.12.10,16.23.19,-90.120266,29.934127,-108,-14,4.0,0,9,D,PERIODIC,-111.0,-14.0,9.0,1d,4,1,4
2025.12.10,16.23.20,-90.120266,29.934127,-108,-14,4.0,0,0,D,PERIODIC,-112.0,-14.0,9.0,1d,4,1,4
2025.12.10,16.23.21,-90.120266,29.934127,-108,-14,4.0,4,4,D,PERIODIC,-112.0,-14.0,9.0,1d,4,1,4
2025.12.10,16.23.22,-90.120266,29.934127,-107,-14,4.0,10,12,D,PERIODIC,-110.0,-14.0,8.0,1d,4,1,4
2025.12.10,16.23.23,-90.120266,29.934127,-107,-14,4.0,0,0,D,PERIODIC,-110.0,-14.0,8.0,1d,4,1,4
2025.12.10,16.23.24,-90.120266,29.934127,-107,-14,40.0,29,30,D,PERIODIC,-109.0,-13.0,7.0,1d,4,1,4
2025.12.10,16.23.25,-90.120266,29.934127,-107,-14,40.0,1,1,D,PERIODIC,-109.0,-13.0,7.0,1d,4,1,4
2025.12.10,16.23.26,-90.120266,29.934127,-107,-14,40.0,11,11,D,PERIODIC,-110.0,-14.0,9.0,1d,4,1,4
2025.12.10,16.23.27,-90.120266,29.934127,-107,-14,40.0,9,9,D,PERIODIC,-110.0,-14.0,9.0,1d,4,1,4
2025.12.10,16.23.28,-90.120266,29.934127,-107,-14,40.0,2,2,D,PERIODIC,-110.0,-14.0,6.0,1d,4,1,4
2025.12.10,16.23.29,-90.120266,29.934127,-107,-14,40.0,0,0,D,PERIODIC,-110.0,-14.0,6.0,1d,4,1,4
2025.12.10,16.23.30,-90.120266,29.934127,-107,-14,40.0,28,29,D,PERIODIC,-110.0,-14.0,6.0,1d,4,1,4
2025.12.10,16.23.31,-90.120266,29.934127,-107,-14,40.0,9967,12747,D,PERIODIC,-110.0,-14.0,6.0,1d,4,1,4
2025.12.10,16.23.32,-90.120266,29.934127,-107,-14,40.0,0,27,D,PERIODIC,-110.0,-15.0,6.0,1d,4,1,4
2025.12.10,16.23.33,-90.120266,29.934127,-107,-14,40.0,7,7,D,PERIODIC,-110.0,-15.0,6.0,1d,4,1,4
2025.12.10,16.23.34,-90.120266,29.934127,-106,-13,4.0,1,1,D,PERIODIC,-110.0,-14.0,7.0,1d,4,1,4
2025.12.10,16.23.35,-90.120266,29.934127,-106,-13,4.0,1,1,D,PERIODIC,-110.0,-14.0,7.0,1d,4,1,4
2025.12.10,16.23.36,-90.120266,29.934127,-106,-13,40.0,0,0,D,PERIODIC,-110.0,-14.0,7.0,1d,4,1,4
2025.12.10,16.23.37,-90.120266,29.934127,-106,-13,40.0,0,0,I,PERIODIC,-110.0,-14.0,7.0,1d,4,1,4
2025.12.10,16.23.38,-90.120266,29.934127,-106,-13,40.0,0,0,I,PERIODIC,-110.0,-14.0,7.0,1d,4,1,4
2025.12.10,16.23.39,-90.120266,29.934127,-106,-13,40.0,0,0,D,PERIODIC,-110.0,-14.0,7.0,1d,4,1,4
2025.12.10,16.23.40,-90.120266,29.934127,-105,-13,4.0,0,0,D,PERIODIC,-110.0,-14.0,7.0,1d,4,1,4
2025.12.10,16.23.41,-90.120266,29.934127,-105,-13,4.0,4,0,D,PERIODIC,-110.0,-14.0,7.0,1d,4,1,4
2025.12.10,16.23.42,-90.120266,29.934127,-106,-14,5.0,4,4,D,PERIODIC,-110.0,-14.0,7.0,1d,4,1,4
2025.12.10,16.23.43,-90.120266,29.934127,-106,-14,5.0,1,1,D,PERIODIC,-110.0,-14.0,7.0,1d,4,1,4
2025.12.10,16.23.44,-90.120266,29.934127,-106,-14,5.0,6,6,D,PERIODIC,-112.0,-14.0,7.0,1d,4,1,4
2025.12.10,16.23.45,-90.120266,29.934127,-106,-14,5.0,4,4,D,PERIODIC,-112.0,-14.0,7.0,1d,4,1,4
2025.12.10,16.23.46,-90.120266,29.934127,-106,-14,5.0,5,5,D,PERIODIC,-110.0,-14.0,7.0,1d,4,1,4
2025.12.10,16.23.47,-90.120266,29.934127,-106,-14,5.0,3,3,D,PERIODIC,-110.0,-14.0,7.0,1d,4,1,4
2025.12.10,16.23.48,-90.120266,29.934127,-106,-14,5.0,0,0,D,PERIODIC,-110.0,-14.0,7.0,1d,4,1,4
2025.12.10,16.23.49,-90.120266,29.934127,-107,-14,4.0,4,4,D,PERIODIC,-111.0,-14.0,7.0,1d,4,1,4
2025.12.10,16.23.50,-90.120266,29.934127,-107,-14,4.0,0,0,I,PERIODIC,-111.0,-14.0,7.0,1d,4,1,4
2025.12.10,16.23.51,-90.120266,29.934127,-107,-14,4.0,22231,5447,D,PERIODIC,-110.0,-14.0,7.0,1d,4,1,4
2025.12.10,16.23.52,-90.120266,29.934127,-107,-14,4.0,3,4,D,PERIODIC,-110.0,-14.0,7.0,1d,4,1,4
2025.12.10,16.23.53,-90.120266,29.934127,-107,-14,4.0,8,4,D,PERIODIC,-110.0,-14.0,7.0,1d,4,1,4
2025.12.10,16.23.54,-90.120266,29.934127,-107,-14,4.0,2,2,D,PERIODIC,-110.0,-14.0,7.0,1d,4,1,4
2025.12.10,16.23.55,-90.120266,29.934127,-107,-14,4.0,4,4,D,PERIODIC,-110.0,-14.0,7.0,1d,4,1,4
2025.12.10,16.23.56,-90.120266,29.934127,-107,-14,4.0,0,0,D,PERIODIC,-110.0,-14.0,7.0,1d,4,1,4
2025.12.10,16.23.57,-90.120266,29.934127,-107,-14,40.0,6,8,D,PERIODIC,-110.0,-14.0,8.0,1d,4,1,4
2025.12.10,16.23.58,-90.120266,29.934127,-107,-14,40.0,0,0,D,PERIODIC,-110.0,-14.0,8.0,1d,4,1,4
2025.12.10,16.23.59,-90.120266,29.934127,-107,-14,40.0,7,7,D,PERIODIC,-111.0,-15.0,8.0,1d,4,1,4
2025.12.10,16.24.00,-90.120266,29.934127,-107,-14,40.0,9,9,D,PERIODIC,-111.0,-15.0,8.0,1d,4,1,4
2025.12.10,16.24.01,-90.120266,29.934127,-107,-14,40.0,0,0,D,PERIODIC,-110.0,-14.0,8.0,1d,4,1,4
2025.12.10,16.24.02,-90.120266,29.934127,-107,-14,40.0,42441,4160,D,PERIODIC,-110.0,-14.0,8.0,1d,4,1,4
2025.12.10,16.24.03,-90.120266,29.934127,-107,-14,40.0,1,1,D,PERIODIC,-109.0,-14.0,8.0,1d,4,1,4
2025.12.10,16.24.04,-90.120266,29.934127,-107,-14,40.0,0,0,D,PERIODIC,-109.0,-14.0,8.0,1d,4,1,4
2025.12.10,16.24.05,-90.120266,29.934127,-106,-13,35.0,0,0,I,PERIODIC,-110.0,-13.0,7.0,1d,4,1,4
2025.12.10,16.24.06,-90.120266,29.934127,-106,-13,35.0,7,7,D,PERIODIC,-110.0,-13.0,7.0,1d,4,1,4
2025.12.10,16.24.07,-90.120266,29.934127,-106,-13,35.0,2,4,D,PERIODIC,-111.0,-14.0,7.0,1d,4,1,4
2025.12.10,16.24.08,-90.120266,29.934127,-106,-13,35.0,11,8,D,PERIODIC,-111.0,-14.0,7.0,1d,4,1,4
2025.12.10,16.24.09,-90.120266,29.934127,-107,-13,35.0,1,1,D,PERIODIC,-110.0,-14.0,8.0,1d,4,1,4
2025.12.10,16.24.10,-90.120266,29.934127,-107,-13,35.0,0,3,D,PERIODIC,-110.0,-14.0,8.0,1d,4,1,4
2025.12.10,16.24.11,-90.120266,29.934127,-107,-13,35.0,0,0,D,PERIODIC,-110.0,-14.0,8.0,1d,4,1,4
2025.12.10,16.24.12,-90.120266,29.934127,-107,-13,35.0,26692,5132,D,PERIODIC,-110.0,-14.0,8.0,1d,4,1,4
2025.12.10,16.24.13,-90.120266,29.934127,-106,-13,40.0,0,2,D,PERIODIC,-110.0,-14.0,9.0,1d,4,1,4
2025.12.10,16.24.14,-90.120266,29.934127,-106,-13,40.0,3,3,D,PERIODIC,-110.0,-14.0,9.0,1d,4,1,4
2025.12.10,16.24.15,-90.120266,29.934127,-106,-13,40.0,1,1,D,PERIODIC,-110.0,-14.0,9.0,1d,4,1,4
2025.12.10,16.24.16,-90.120266,29.934127,-106,-13,40.0,0,0,D,PERIODIC,-110.0,-14.0,9.0,1d,4,1,4
2025.12.10,16.24.17,-90.120266,29.934127,-106,-13,40.0,71,53,D,PERIODIC,-110.0,-14.0,9.0,1d,4,1,4
2025.12.10,16.24.18,-90.120266,29.934127,-106,-13,40.0,3,3,D,PERIODIC,-110.0,-14.0,9.0,1d,4,1,4
2025.12.10,16.24.19,-90.120266,29.934127,-106,-13,40.0,2,2,D,PERIODIC,-110.0,-14.0,9.0,1d,4,1,4
2025.12.10,16.24.20,-90.120266,29.934127,-106,-13,40.0,0,1,D,PERIODIC,-110.0,-14.0,9.0,1d,4,1,4
2025.12.10,16.24.21,-90.120266,29.934127,-106,-13,4.0,0,6753,D,PERIODIC,-110.0,-14.0,9.0,1d,4,1,4
2025.12.10,16.24.22,-90.120266,29.934127,-106,-13,4.0,0,0,D,PERIODIC,-110.0,-14.0,9.0,1d,4,1,4
2025.12.10,16.24.23,-90.120266,29.934127,-106,-13,4.0,4,4,D,PERIODIC,-110.0,-14.0,9.0,1d,4,1,4
2025.12.10,16.24.24,-90.120266,29.934127,-107,-13,40.0,0,0,D,PERIODIC,-110.0,-14.0,7.0,1d,4,1,4
2025.12.10,16.24.25,-90.120266,29.934127,-107,-13,40.0,0,0,D,PERIODIC,-110.0,-14.0,7.0,1d,4,1,4
2025.12.10,16.24.26,-90.120266,29.934127,-107,-13,40.0,29030,1327,D,PERIODIC,-111.0,-13.0,7.0,1d,4,1,4
2025.12.10,16.24.27,-90.120266,29.934127,-107,-13,40.0,0,0,D,PERIODIC,-111.0,-13.0,7.0,1d,4,1,4
2025.12.10,16.24.28,-90.120266,29.934127,-107,-13,40.0,31,31,D,PERIODIC,-111.0,-13.0,7.0,1d,4,1,4
2025.12.10,16.24.29,-90.120266,29.934127,-107,-13,40.0,4,4,D,PERIODIC,-111.0,-13.0,7.0,1d,4,1,4
2025.12.10,16.24.30,-90.120266,29.934127,-107,-13,4.0,30,30,D,PERIODIC,-111.0,-14.0,8.0,1d,4,1,4
2025.12.10,16.24.31,-90.120266,29.934127,-107,-13,4.0,20,20,D,PERIODIC,-111.0,-14.0,8.0,1d,4,1,4
2025.12.10,16.24.32,-90.120266,29.934127,-107,-13,4.0,102,102,D,PERIODIC,-111.0,-15.0,8.0,1d,4,1,4
2025.12.10,16.24.33,-90.120266,29.934127,-107,-13,5.0,24,24,D,PERIODIC,-111.0,-15.0,8.0,1d,4,1,4
2025.12.10,16.24.34,-90.120266,29.934127,-106,-13,4.0,0,3,D,PERIODIC,-112.0,-13.0,8.0,1d,4,1,4
2025.12.10,16.24.35,-90.120266,29.934127,-106,-13,4.0,0,0,D,PERIODIC,-112.0,-13.0,8.0,1d,4,1,4
2025.12.10,16.24.36,-90.120266,29.934127,-106,-13,4.0,39520,6783,D,PERIODIC,-110.0,-14.0,8.0,1d,4,1,4
2025.12.10,16.24.37,-90.120266,29.934127,-106,-13,4.0,51,51,D,PERIODIC,-110.0,-14.0,8.0,1d,4,1,4
2025.12.10,16.24.38,-90.120266,29.934127,-105,-13,5.0,12,14,D,PERIODIC,-110.0,-13.0,9.0,1d,4,1,4
2025.12.10,16.24.39,-90.120266,29.934127,-105,-13,5.0,22,22,D,PERIODIC,-110.0,-13.0,9.0,1d,4,1,4
2025.12.10,16.24.40,-90.120266,29.934127,-105,-13,4.0,7,7,D,PERIODIC,-111.0,-14.0,8.0,1d,4,1,4
2025.12.10,16.24.41,-90.120266,29.934127,-105,-13,4.0,9,9,D,PERIODIC,-111.0,-14.0,8.0,1d,4,1,4
2025.12.10,16.24.42,-90.120266,29.934127,-105,-12,4.0,2,2,D,PERIODIC,-111.0,-15.0,8.0,1d,4,1,4
2025.12.10,16.24.43,-90.120266,29.934127,-105,-12,4.0,2,2,D,PERIODIC,-111.0,-15.0,8.0,1d,4,1,4
2025.12.10,16.24.44,-90.120266,29.934127,-105,-13,4.0,0,4,D,PERIODIC,-110.0,-14.0,7.0,1d,4,1,4
2025.12.10,16.24.45,-90.120266,29.934127,-105,-13,4.0,2,2,D,PERIODIC,-110.0,-14.0,7.0,1d,4,1,4
2025.12.10,16.24.46,-90.120266,29.934127,-105,-13,4.0,5,5,D,PERIODIC,-109.0,-14.0,7.0,1d,4,1,4
2025.12.10,16.24.47,-90.120266,29.934127,-105,-13,4.0,3,3,D,PERIODIC,-109.0,-14.0,7.0,1d,4,1,4
2025.12.10,16.24.48,-90.120266,29.934127,-106,-13,40.0,0,0,D,PERIODIC,-112.0,-15.0,6.0,1d,4,1,4
2025.12.10,16.24.49,-90.120266,29.934127,-106,-13,40.0,5,6,D,PERIODIC,-112.0,-15.0,6.0,1d,4,1,4
2025.12.10,16.24.50,-90.120266,29.934127,-106,-13,4.0,1,1,D,PERIODIC,-110.0,-14.0,7.0,1d,4,1,4
2025.12.10,16.24.51,-90.120266,29.934127,-106,-13,4.0,0,0,D,PERIODIC,-110.0,-14.0,7.0,1d,4,1,4
2025.12.10,16.24.52,-90.120266,29.934127,-106,-13,4.0,3,3,D,PERIODIC,-110.0,-14.0,7.0,1d,4,1,4
2025.12.10,16.24.53,-90.120266,29.934127,-106,-13,4.0,2,2,D,PERIODIC,-110.0,-14.0,7.0,1d,4,1,4
2025.12.10,16.24.54,-90.120266,29.934127,-106,-13,4.0,2,2,D,PERIODIC,-110.0,-15.0,7.0,1d,4,1,4
2025.12.10,16.24.55,-90.120266,29.934127,-106,-13,4.0,8,8,D,PERIODIC,-110.0,-15.0,7.0,1d,4,1,4
2025.12.10,16.24.56,-90.120266,29.934127,-107,-13,4.0,3,3,D,PERIODIC,-110.0,-13.0,8.0,1d,4,1,4
2025.12.10,16.24.57,-90.120266,29.934127,-107,-13,4.0,0,0,D,PERIODIC,-110.0,-13.0,8.0,1d,4,1,4
2025.12.10,16.24.58,-90.120266,29.934127,-108,-14,4.0,6,6,D,PERIODIC,-109.0,-14.0,9.0,1d,4,1,4
2025.12.10,16.24.59,-90.120266,29.934127,-108,-14,4.0,0,4,D,PERIODIC,-109.0,-14.0,9.0,1d,4,1,4
2025.12.10,16.25.00,-90.120266,29.934127,-107,-13,4.0,0,7,D,PERIODIC,-110.0,-14.0,9.0,1d,4,1,4
2025.12.10,16.25.01,-90.120266,29.934127,-107,-13,4.0,0,0,D,PERIODIC,-110.0,-14.0,9.0,1d,4,1,4
2025.12.10,16.25.02,-90.120266,29.934127,-107,-13,4.0,8,4,D,PERIODIC,-110.0,-14.0,8.0,1d,4,1,4
2025.12.10,16.25.03,-90.120266,29.934127,-107,-13,4.0,5,5,D,PERIODIC,-110.0,-14.0,8.0,1d,4,1,4
2025.12.10,16.25.04,-90.120266,29.934127,-107,-13,4.0,1,1,D,PERIODIC,-110.0,-14.0,8.0,1d,4,1,4
2025.12.10,16.25.05,-90.120266,29.934127,-107,-13,4.0,3,3,D,PERIODIC,-110.0,-14.0,8.0,1d,4,1,4
2025.12.10,16.25.06,-90.120266,29.934127,-107,-13,4.0,3721,13754,D,PERIODIC,-110.0,-13.0,8.0,1d,4,1,4
2025.12.10,16.25.07,-90.120266,29.934127,-107,-13,3.0,4,2,D,PERIODIC,-110.0,-13.0,8.0,1d,4,1,4
2025.12.10,16.25.08,-90.120266,29.934127,-107,-13,3.0,4,4,D,PERIODIC,-110.0,-13.0,8.0,1d,4,1,4
2025.12.10,16.25.09,-90.120266,29.934127,-107,-13,35.0,1,1,D,PERIODIC,-111.0,-14.0,7.0,1d,4,1,4
2025.12.10,16.25.10,-90.120266,29.934127,-107,-13,35.0,2,2,D,PERIODIC,-111.0,-14.0,7.0,1d,4,1,4
2025.12.10,16.25.11,-90.120266,29.934127,-107,-13,35.0,0,0,D,PERIODIC,-112.0,-14.0,7.0,1d,4,1,4
2025.12.10,16.25.12,-90.120266,29.934127,-107,-13,35.0,0,2,D,PERIODIC,-112.0,-14.0,7.0,1d,4,1,4
2025.12.10,16.25.13,-90.120266,29.934127,-107,-13,35.0,1,1,D,PERIODIC,-112.0,-14.0,7.0,1d,4,1,4
2025.12.10,16.25.14,-90.120266,29.934127,-107,-13,35.0,1,1,D,PERIODIC,-112.0,-14.0,7.0,1d,4,1,4
2025.12.10,16.25.15,-90.120266,29.934127,-107,-14,40.0,0,0,D,PERIODIC,-111.0,-14.0,7.0,1d,4,1,4
2025.12.10,16.25.16,-90.120266,29.934127,-107,-14,40.0,4,0,D,PERIODIC,-111.0,-14.0,7.0,1d,4,1,4
2025.12.10,16.25.17,-90.120266,29.934127,-107,-13,35.0,37272,6012,D,PERIODIC,-110.0,-14.0,8.0,1d,4,1,4
2025.12.10,16.25.18,-90.120266,29.934127,-107,-13,35.0,4,4,D,PERIODIC,-110.0,-14.0,8.0,1d,4,1,4
2025.12.10,16.25.19,-90.120266,29.934127,-107,-14,40.0,1,1,D,PERIODIC,-110.0,-13.0,6.0,1d,4,1,4
2025.12.10,16.25.20,-90.120266,29.934127,-107,-14,40.0,3,3,D,PERIODIC,-110.0,-13.0,6.0,1d,4,1,4
2025.12.10,16.25.21,-90.120266,29.934127,-107,-13,30.0,2,2,D,PERIODIC,-111.0,-14.0,7.0,1d,4,1,4
2025.12.10,16.25.22,-90.120266,29.934127,-107,-13,30.0,2,2,D,PERIODIC,-111.0,-14.0,7.0,1d,4,1,4
2025.12.10,16.25.23,-90.120266,29.934127,-107,-13,30.0,1,1,D,PERIODIC,-111.0,-13.0,7.0,1d,4,1,4
2025.12.10,16.25.24,-90.120266,29.934127,-107,-13,30.0,3,5,D,PERIODIC,-111.0,-13.0,7.0,1d,4,1,4
2025.12.10,16.25.25,-90.120266,29.934127,-107,-13,30.0,0,0,D,PERIODIC,-111.0,-13.0,7.0,1d,4,1,4
2025.12.10,16.25.26,-90.120266,29.934127,-107,-13,30.0,0,0,D,PERIODIC,-111.0,-13.0,7.0,1d,4,1,4
2025.12.10,16.25.27,-90.120266,29.934127,-107,-14,35.0,4,0,D,PERIODIC,-112.0,-14.0,5.0,1d,4,1,4
2025.12.10,16.25.28,-90.120266,29.934127,-107,-14,35.0,1,1,D,PERIODIC,-112.0,-14.0,5.0,1d,4,1,4
2025.12.10,16.25.29,-90.120266,29.934127,-107,-13,30.0,8,9,D,PERIODIC,-112.0,-15.0,5.0,1d,4,1,4
2025.12.10,16.25.30,-90.120266,29.934127,-107,-13,30.0,3,3,D,PERIODIC,-112.0,-15.0,5.0,1d,4,1,4
2025.12.10,16.25.31,-90.120266,29.934127,-107,-14,30.0,5358,13108,D,PERIODIC,-112.0,-14.0,6.0,1d,4,1,4
2025.12.10,16.25.32,-90.120266,29.934127,-107,-14,30.0,57,57,D,PERIODIC,-112.0,-14.0,6.0,1d,4,1,4
2025.12.10,16.25.33,-90.120266,29.934127,-107,-14,30.0,37,37,D,PERIODIC,-112.0,-15.0,6.0,1d,4,1,4
2025.12.10,16.25.34,-90.120266,29.934127,-107,-14,30.0,0,0,D,PERIODIC,-112.0,-15.0,6.0,1d,4,1,4
2025.12.10,16.25.35,-90.120266,29.934127,-106,-13,30.0,0,3,D,PERIODIC,-112.0,-14.0,6.0,1d,4,1,4
2025.12.10,16.25.36,-90.120266,29.934127,-106,-13,30.0,17887,2071,D,PERIODIC,-112.0,-14.0,6.0,1d,4,1,4
2025.12.10,16.25.37,-90.120266,29.934127,-106,-13,30.0,0,2,D,PERIODIC,-112.0,-15.0,6.0,1d,4,1,4
2025.12.10,16.25.38,-90.120266,29.934127,-106,-13,30.0,0,0,D,PERIODIC,-112.0,-15.0,6.0,1d,4,1,4
2025.12.10,16.25.39,-90.120266,29.934127,-106,-13,30.0,7,7,D,PERIODIC,-111.0,-14.0,6.0,1d,4,1,4
2025.12.10,16.25.40,-90.120266,29.934127,-106,-13,30.0,3,3,D,PERIODIC,-111.0,-14.0,6.0,1d,4,1,4
2025.12.10,16.25.41,-90.120266,29.934127,-106,-13,30.0,18366,3663,D,PERIODIC,-111.0,-14.0,6.0,1d,4,1,4
2025.12.10,16.25.42,-90.120266,29.934127,-106,-13,30.0,2,2,D,PERIODIC,-111.0,-14.0,6.0,1d,4,1,4
2025.12.10,16.25.43,-90.120266,29.934127,-106,-13,30.0,1,1,D,PERIODIC,-111.0,-14.0,6.0,1d,4,1,4
2025.12.10,16.25.44,-90.120266,29.934127,-106,-13,30.0,3,3,D,PERIODIC,-111.0,-14.0,6.0,1d,4,1,4
2025.12.10,16.25.45,-90.120266,29.934127,-106,-13,30.0,0,3,D,PERIODIC,-111.0,-14.0,6.0,1d,4,1,4
2025.12.10,16.25.46,-90.120266,29.934127,-106,-13,30.0,5,5,D,PERIODIC,-111.0,-14.0,6.0,1d,4,1,4
2025.12.10,16.25.47,-90.120266,29.934127,-106,-13,30.0,2,2,D,PERIODIC,-111.0,-14.0,7.0,1d,4,1,4
2025.12.10,16.25.48,-90.120266,29.934127,-106,-13,30.0,3,3,D,PERIODIC,-111.0,-14.0,7.0,1d,4,1,4
2025.12.10,16.25.49,-90.120266,29.934127,-106,-13,30.0,1,1,D,PERIODIC,-111.0,-14.0,7.0,1d,4,1,4
2025.12.10,16.25.50,-90.120266,29.934127,-106,-13,30.0,2,2,D,PERIODIC,-111.0,-14.0,7.0,1d,4,1,4
2025.12.10,16.25.51,-90.120266,29.934127,-108,-14,40.0,1,1,D,PERIODIC,-111.0,-15.0,7.0,1d,4,1,4
2025.12.10,16.25.52,-90.120266,29.934127,-108,-14,40.0,22,25,D,PERIODIC,-111.0,-15.0,7.0,1d,4,1,4
2025.12.10,16.25.53,-90.120266,29.934127,-108,-14,40.0,9,9,D,PERIODIC,-111.0,-14.0,7.0,1d,4,1,4
2025.12.10,16.25.54,-90.120266,29.934127,-108,-14,40.0,1,1,D,PERIODIC,-111.0,-14.0,7.0,1d,4,1,4
2025.12.10,16.25.55,-90.120266,29.934127,-108,-14,40.0,0,0,D,PERIODIC,-111.0,-14.0,7.0,1d,4,1,4
2025.12.10,16.25.56,-90.120266,29.934127,-108,-14,40.0,0,0,I,PERIODIC,-111.0,-14.0,7.0,1d,4,1,4
2025.12.10,16.25.57,-90.120266,29.934127,-108,-14,40.0,0,0,D,PERIODIC,-111.0,-14.0,7.0,1d,4,1,4
2025.12.10,16.25.58,-90.120266,29.934127,-108,-14,40.0,3,3,D,PERIODIC,-111.0,-14.0,7.0,1d,4,1,4
2025.12.10,16.25.59,-90.120266,29.934127,-109,-13,30.0,5,5,D,PERIODIC,-112.0,-15.0,5.0,1d,4,1,4
2025.12.10,16.26.00,-90.120266,29.934127,-109,-13,30.0,4,4,D,PERIODIC,-112.0,-15.0,5.0,1d,4,1,4
2025.12.10,16.26.01,-90.120266,29.934127,-109,-13,30.0,6291,17526,D,PERIODIC,-112.0,-15.0,5.0,1d,4,1,4
2025.12.10,16.26.02,-90.120266,29.934127,-109,-13,30.0,1,1,D,PERIODIC,-112.0,-15.0,5.0,1d,4,1,4
2025.12.10,16.26.03,-90.120266,29.934127,-106,-13,30.0,9,9,D,PERIODIC,-111.0,-14.0,8.0,1d,4,1,4
2025.12.10,16.26.04,-90.120266,29.934127,-106,-13,30.0,0,1,D,PERIODIC,-111.0,-14.0,8.0,1d,4,1,4
2025.12.10,16.26.05,-90.120266,29.934127,-107,-13,25.0,3,3,D,PERIODIC,-111.0,-14.0,8.0,1d,4,1,4
2025.12.10,16.26.06,-90.120266,29.934127,-107,-13,25.0,4,4,D,PERIODIC,-111.0,-14.0,8.0,1d,4,1,4
2025.12.10,16.26.07,-90.120266,29.934127,-107,-13,25.0,0,0,D,PERIODIC,-111.0,-14.0,8.0,1d,4,1,4
2025.12.10,16.26.08,-90.120266,29.934127,-107,-13,25.0,0,0,I,PERIODIC,-111.0,-14.0,8.0,1d,4,1,4
2025.12.10,16.26.09,-90.120266,29.934127,-107,-13,25.0,11,11,D,PERIODIC,-111.0,-15.0,8.0,1d,4,1,4
2025.12.10,16.26.10,-90.120266,29.934127,-107,-13,25.0,0,0,D,PERIODIC,-111.0,-15.0,8.0,1d,4,1,4
2025.12.10,16.26.11,-90.120266,29.934127,-107,-13,25.0,0,8205,D,PERIODIC,-112.0,-15.0,8.0,1d,4,1,4
2025.12.10,16.26.12,-90.120266,29.934127,-107,-13,25.0,0,2,D,PERIODIC,-112.0,-15.0,8.0,1d,4,1,4
2025.12.10,16.26.13,-90.120266,29.934127,-108,-14,20.0,0,0,D,PERIODIC,-112.0,-15.0,7.0,1d,4,1,4
2025.12.10,16.26.14,-90.120266,29.934127,-108,-14,20.0,7,7,D,PERIODIC,-112.0,-15.0,7.0,1d,4,1,4
2025.12.10,16.26.15,-90.120266,29.934127,-107,-13,20.0,2,2,D,PERIODIC,-111.0,-14.0,6.0,1d,4,1,4
2025.12.10,16.26.16,-90.120266,29.934127,-107,-13,20.0,12,13,D,PERIODIC,-111.0,-14.0,6.0,1d,4,1,4
2025.12.10,16.26.17,-90.120266,29.934127,-107,-13,20.0,2,2,D,PERIODIC,-112.0,-14.0,6.0,1d,4,1,4
2025.12.10,16.26.18,-90.120266,29.934127,-107,-13,20.0,2,2,D,PERIODIC,-112.0,-14.0,6.0,1d,4,1,4
2025.12.10,16.26.19,-90.120266,29.934127,-113,-12,7.0,3,3,D,HANDOVER_DATA_5G5G,-110.0,-15.0,6.0,1d,4,1,4
2025.12.10,16.26.20,-90.120266,29.934127,-113,-12,7.0,2,2,D,PERIODIC,-110.0,-15.0,6.0,1d,4,1,4
2025.12.10,16.26.21,-90.120266,29.934127,-112,-12,6.0,11368,9597,D,PERIODIC,-111.0,-13.0,7.0,1d,4,1,4
2025.12.10,16.26.22,-90.120266,29.934127,-112,-12,6.0,3,3,D,PERIODIC,-111.0,-13.0,7.0,1d,4,1,4
2025.12.10,16.26.23,-90.120266,29.934127,-112,-12,6.0,0,0,D,PERIODIC,-112.0,-14.0,7.0,1d,4,1,4
2025.12.10,16.26.24,-90.120266,29.934127,-112,-12,6.0,8,8,D,PERIODIC,-112.0,-14.0,7.0,1d,4,1,4
2025.12.10,16.26.25,-90.120266,29.934127,-113,-12,6.0,3,3,D,PERIODIC,-112.0,-13.0,6.0,1d,4,1,4
2025.12.10,16.26.26,-90.120266,29.934127,-113,-12,6.0,4,4,D,PERIODIC,-112.0,-13.0,6.0,1d,4,1,4
2025.12.10,16.26.27,-90.120266,29.934127,-113,-12,6.0,9,11,D,PERIODIC,-112.0,-14.0,6.0,1d,4,1,4
2025.12.10,16.26.28,-90.120266,29.934127,-113,-12,6.0,3,3,D,PERIODIC,-112.0,-14.0,6.0,1d,4,1,4
2025.12.10,16.26.29,-90.120266,29.934127,-113,-12,6.0,8,8,D,PERIODIC,-112.0,-14.0,6.0,1d,4,1,4
2025.12.10,16.26.30,-90.120266,29.934127,-113,-12,6.0,4,4,D,PERIODIC,-112.0,-14.0,6.0,1d,4,1,4
2025.12.10,16.26.31,-90.120266,29.934127,-113,-12,6.0,5316,13492,D,PERIODIC,-112.0,-13.0,6.0,1d,4,1,4
2025.12.10,16.26.32,-90.120266,29.934127,-113,-12,6.0,3,3,D,PERIODIC,-112.0,-13.0,6.0,1d,4,1,4
2025.12.10,16.26.33,-90.120266,29.934127,-113,-12,6.0,10,10,D,PERIODIC,-112.0,-13.0,6.0,1d,4,1,4
2025.12.10,16.26.34,-90.120266,29.934127,-113,-12,6.0,3,3,D,PERIODIC,-112.0,-13.0,6.0,1d,4,1,4
2025.12.10,16.26.35,-90.120266,29.934127,-113,-12,6.0,3,4,D,PERIODIC,-112.0,-14.0,6.0,1d,4,1,4
2025.12.10,16.26.36,-90.120266,29.934127,-113,-12,6.0,0,6,D,PERIODIC,-112.0,-14.0,6.0,1d,4,1,4
2025.12.10,16.26.37,-90.120266,29.934127,-113,-12,6.0,4,4,D,PERIODIC,-112.0,-14.0,6.0,1d,4,1,4
2025.12.10,16.26.38,-90.120266,29.934127,-113,-12,6.0,0,0,D,PERIODIC,-112.0,-14.0,6.0,1d,4,1,4
2025.12.10,16.26.39,-90.120266,29.934127,-113,-12,6.0,9,9,D,PERIODIC,-112.0,-14.0,6.0,1d,4,1,4
2025.12.10,16.26.40,-90.120266,29.934127,-113,-12,6.0,3,3,D,PERIODIC,-112.0,-14.0,6.0,1d,4,1,4
2025.12.10,16.26.41,-90.120266,29.934127,-113,-12,6.0,37355,13508,D,PERIODIC,-112.0,-14.0,6.0,1d,4,1,4
2025.12.10,16.26.42,-90.120266,29.934127,-113,-12,6.0,0,5,D,PERIODIC,-112.0,-14.0,6.0,1d,4,1,4
2025.12.10,16.26.43,-90.120266,29.934127,-113,-12,6.0,0,0,D,PERIODIC,-112.0,-13.0,6.0,1d,4,1,4
2025.12.10,16.26.44,-90.120266,29.934127,-113,-12,6.0,4,4,D,PERIODIC,-112.0,-13.0,6.0,1d,4,1,4
2025.12.10,16.26.45,-90.120266,29.934127,-113,-12,6.0,4,4,D,PERIODIC,-112.0,-13.0,6.0,1d,4,1,4
2025.12.10,16.26.46,-90.120266,29.934127,-113,-12,6.0,6,6,D,PERIODIC,-112.0,-13.0,6.0,1d,4,1,4
2025.12.10,16.26.47,-90.120266,29.934127,-113,-12,6.0,4,4,D,PERIODIC,-112.0,-14.0,6.0,1d,4,1,4
2025.12.10,16.26.48,-90.120266,29.934127,-113,-12,6.0,0,0,D,PERIODIC,-112.0,-14.0,6.0,1d,4,1,4
2025.12.10,16.26.49,-90.120266,29.934127,-113,-12,6.0,7,7,D,PERIODIC,-112.0,-14.0,6.0,1d,4,1,4
2025.12.10,16.26.50,-90.120266,29.934127,-113,-12,6.0,5,5,D,PERIODIC,-112.0,-14.0,6.0,1d,4,1,4
2025.12.10,16.26.51,-90.120266,29.934127,-113,-12,6.0,3,3,D,PERIODIC,-112.0,-15.0,6.0,1d,4,1,4
2025.12.10,16.26.52,-90.120266,29.934127,-113,-12,6.0,4,4,D,PERIODIC,-112.0,-15.0,6.0,1d,4,1,4
2025.12.10,16.26.53,-90.120266,29.934127,-113,-12,6.0,1,1,D,PERIODIC,-112.0,-14.0,6.0,1d,4,1,4
2025.12.10,16.26.54,-90.120266,29.934127,-113,-12,6.0,3,3,D,PERIODIC,-112.0,-14.0,6.0,1d,4,1,4
2025.12.10,16.26.55,-90.120266,29.934127,-113,-12,6.0,0,0,D,PERIODIC,-112.0,-14.0,6.0,1d,4,1,4
2025.12.10,16.26.56,-90.120266,29.934127,-113,-12,6.0,1995,20282,D,PERIODIC,-112.0,-14.0,6.0,1d,4,1,4
2025.12.10,16.26.57,-90.120266,29.934127,-113,-12,6.0,8,8,D,PERIODIC,-112.0,-14.0,6.0,1d,4,1,4
2025.12.10,16.26.58,-90.120266,29.934127,-113,-12,6.0,3,3,D,PERIODIC,-112.0,-14.0,6.0,1d,4,1,4
2025.12.10,16.26.59,-90.120266,29.934127,-113,-12,6.0,6,6,D,PERIODIC,-110.0,-14.0,6.0,1d,4,1,4
2025.12.10,16.27.00,-90.120266,29.934127,-113,-12,7.0,16,18,D,PERIODIC,-110.0,-14.0,6.0,1d,4,1,4
2025.12.10,16.27.01,-90.120266,29.934127,-113,-12,7.0,5,5,D,PERIODIC,-112.0,-14.0,7.0,1d,4,1,4
2025.12.10,16.27.02,-90.120266,29.934127,-113,-12,7.0,4,4,D,PERIODIC,-112.0,-14.0,7.0,1d,4,1,4
2025.12.10,16.27.03,-90.120266,29.934127,-113,-12,7.0,6,6,D,PERIODIC,-111.0,-14.0,7.0,1d,4,1,4
2025.12.10,16.27.04,-90.120266,29.934127,-113,-12,7.0,4,4,D,PERIODIC,-111.0,-14.0,7.0,1d,4,1,4
2025.12.10,16.27.05,-90.120266,29.934127,-113,-12,7.0,0,0,D,PERIODIC,-110.0,-14.0,7.0,1d,4,1,4
2025.12.10,16.27.06,-90.120266,29.934127,-113,-12,5.0,4,5,D,PERIODIC,-110.0,-14.0,7.0,1d,4,1,4
2025.12.10,16.27.07,-90.120266,29.934127,-112,-12,7.0,6,6,D,PERIODIC,-110.0,-13.0,7.0,1d,4,1,4
2025.12.10,16.27.08,-90.120266,29.934127,-112,-12,6.0,0,0,D,PERIODIC,-110.0,-13.0,7.0,1d,4,1,4
2025.12.10,16.27.09,-90.120266,29.934127,-113,-12,6.0,2,2,D,PERIODIC,-111.0,-13.0,8.0,1d,4,1,4
2025.12.10,16.27.10,-90.120266,29.934127,-113,-12,6.0,0,4,D,PERIODIC,-111.0,-13.0,8.0,1d,4,1,4
2025.12.10,16.27.11,-90.120266,29.934127,-113,-12,6.0,0,0,D,PERIODIC,-111.0,-14.0,8.0,1d,4,1,4
2025.12.10,16.27.12,-90.120266,29.934127,-113,-12,6.0,3,3,D,PERIODIC,-111.0,-14.0,8.0,1d,4,1,4
2025.12.10,16.27.13,-90.120266,29.934127,-113,-12,6.0,0,0,D,PERIODIC,-111.0,-13.0,8.0,1d,4,1,4
2025.12.10,16.27.14,-90.120266,29.934127,-113,-12,8.0,0,0,D,PERIODIC,-111.0,-13.0,8.0,1d,4,1,4
2025.12.10,16.27.15,-90.120266,29.934127,-111,-12,8.0,11,12,D,PERIODIC,-111.0,-14.0,9.0,1d,4,1,4
2025.12.10,16.27.16,-90.120266,29.934127,-111,-12,8.0,6,6,D,PERIODIC,-111.0,-14.0,9.0,1d,4,1,4
2025.12.10,16.27.17,-90.120266,29.934127,-111,-12,8.0,3,3,D,PERIODIC,-111.0,-14.0,9.0,1d,4,1,4
2025.12.10,16.27.18,-90.120266,29.934127,-111,-12,8.0,4,4,D,PERIODIC,-111.0,-14.0,9.0,1d,4,1,4
2025.12.10,16.27.19,-90.120266,29.934127,-111,-12,8.0,0,0,D,PERIODIC,-110.0,-13.0,9.0,1d,4,1,4
2025.12.10,16.27.20,-90.120266,29.934127,-111,-12,7.0,8,4,D,PERIODIC,-110.0,-13.0,9.0,1d,4,1,4
2025.12.10,16.27.21,-90.120266,29.934127,-112,-12,7.0,4,4,D,PERIODIC,-109.0,-14.0,9.0,1d,4,1,4
2025.12.10,16.27.22,-90.120266,29.934127,-112,-12,7.0,4,4,D,PERIODIC,-109.0,-14.0,9.0,1d,4,1,4
2025.12.10,16.27.23,-90.120266,29.934127,-112,-12,7.0,3,3,D,PERIODIC,-110.0,-14.0,9.0,1d,4,1,4
2025.12.10,16.27.24,-90.120266,29.934127,-112,-12,7.0,0,0,D,PERIODIC,-110.0,-14.0,9.0,1d,4,1,4
2025.12.10,16.27.25,-90.120266,29.934127,-112,-12,7.0,7,7,D,PERIODIC,-110.0,-14.0,9.0,1d,4,1,4
2025.12.10,16.27.26,-90.120266,29.934127,-112,-12,9.0,2196,21454,D,PERIODIC,-110.0,-14.0,9.0,1d,4,1,4
2025.12.10,16.27.27,-90.120266,29.934127,-110,-11,9.0,3,3,D,PERIODIC,-110.0,-14.0,9.0,1d,4,1,4
2025.12.10,16.27.28,-90.120266,29.934127,-110,-11,8.0,0,0,D,PERIODIC,-110.0,-14.0,9.0,1d,4,1,4
2025.12.10,16.27.29,-90.120266,29.934127,-112,-12,8.0,10,12,D,PERIODIC,-110.0,-13.0,10.0,1d,4,1,4
2025.12.10,16.27.30,-90.120266,29.934127,-112,-12,9.0,4,4,D,PERIODIC,-110.0,-13.0,10.0,1d,4,1,4
2025.12.10,16.27.31,-90.120266,29.934127,-111,-12,8.0,5,5,D,PERIODIC,-110.0,-14.0,8.0,1d,4,1,4
2025.12.10,16.27.32,-90.120266,29.934127,-111,-12,8.0,0,0,D,PERIODIC,-110.0,-14.0,8.0,1d,4,1,4
2025.12.10,16.27.33,-90.120266,29.934127,-110,-11,8.0,8,8,D,PERIODIC,-110.0,-13.0,8.0,1d,4,1,4
2025.12.10,16.27.34,-90.120266,29.934127,-110,-11,8.0,5,5,D,PERIODIC,-110.0,-13.0,8.0,1d,4,1,4
2025.12.10,16.27.35,-90.120266,29.934127,-111,-11,8.0,5,5,D,PERIODIC,-110.0,-13.0,9.0,1d,4,1,4
2025.12.10,16.27.36,-90.120266,29.934127,-111,-11,8.0,7,8,D,PERIODIC,-110.0,-13.0,9.0,1d,4,1,4
2025.12.10,16.27.37,-90.120266,29.934127,-111,-11,8.0,0,0,D,PERIODIC,-110.0,-13.0,8.0,1d,4,1,4
2025.12.10,16.27.38,-90.120266,29.934127,-111,-11,8.0,6,6,D,PERIODIC,-110.0,-13.0,8.0,1d,4,1,4
2025.12.10,16.27.39,-90.120266,29.934127,-111,-11,8.0,0,0,D,PERIODIC,-110.0,-14.0,8.0,1d,4,1,4
2025.12.10,16.27.40,-90.120266,29.934127,-111,-11,8.0,7,7,D,PERIODIC,-110.0,-14.0,8.0,1d,4,1,4
2025.12.10,16.27.41,-90.120266,29.934127,-111,-11,8.0,2185,20252,D,PERIODIC,-110.0,-14.0,8.0,1d,4,1,4
2025.12.10,16.27.42,-90.120266,29.934127,-111,-11,8.0,4,4,D,PERIODIC,-110.0,-14.0,8.0,1d,4,1,4
2025.12.10,16.27.43,-90.120266,29.934127,-111,-11,8.0,3,3,D,PERIODIC,-110.0,-14.0,7.0,1d,4,1,4
2025.12.10,16.27.44,-90.120266,29.934127,-111,-11,8.0,4,4,D,PERIODIC,-110.0,-14.0,7.0,1d,4,1,4
2025.12.10,16.27.45,-90.120266,29.934127,-111,-11,8.0,8,8,D,PERIODIC,-110.0,-13.0,7.0,1d,4,1,4
2025.12.10,16.27.46,-90.120266,29.934127,-111,-11,8.0,4,4,D,PERIODIC,-110.0,-13.0,7.0,1d,4,1,4
2025.12.10,16.27.47,-90.120266,29.934127,-111,-11,8.0,0,3,D,PERIODIC,-110.0,-13.0,7.0,1d,4,1,4
2025.12.10,16.27.48,-90.120266,29.934127,-111,-11,8.0,3,3,D,PERIODIC,-110.0,-13.0,7.0,1d,4,1,4
2025.12.10,16.27.49,-90.120266,29.934127,-111,-11,8.0,0,0,D,PERIODIC,-110.0,-14.0,7.0,1d,4,1,4
2025.12.10,16.27.50,-90.120266,29.934127,-111,-11,8.0,17,19,D,PERIODIC,-110.0,-14.0,7.0,1d,4,1,4
2025.12.10,16.27.51,-90.120266,29.934127,-112,-12,8.0,4,4,D,PERIODIC,-109.0,-14.0,8.0,1d,4,1,4
2025.12.10,16.27.52,-90.120266,29.934127,-112,-12,8.0,0,1,D,PERIODIC,-109.0,-14.0,8.0,1d,4,1,4
2025.12.10,16.27.53,-90.120266,29.934127,-112,-12,8.0,3,3,D,PERIODIC,-109.0,-13.0,8.0,1d,4,1,4
2025.12.10,16.27.54,-90.120266,29.934127,-112,-12,8.0,0,0,D,PERIODIC,-109.0,-13.0,8.0,1d,4,1,4
2025.12.10,16.27.55,-90.120266,29.934127,-113,-12,6.0,8,7,D,PERIODIC,-109.0,-13.0,7.0,1d,4,1,4
2025.12.10,16.27.56,-90.120266,29.934127,-113,-12,6.0,0,0,D,PERIODIC,-109.0,-13.0,7.0,1d,4,1,4
2025.12.10,16.27.57,-90.120266,29.934127,-113,-12,6.0,2149,21494,D,PERIODIC,-110.0,-14.0,7.0,1d,4,1,4
2025.12.10,16.27.58,-90.120266,29.934127,-113,-12,6.0,0,0,D,PERIODIC,-110.0,-14.0,7.0,1d,4,1,4
2025.12.10,16.27.59,-90.120266,29.934127,-113,-12,6.0,17,17,D,PERIODIC,-110.0,-14.0,7.0,1d,4,1,4
2025.12.10,16.28.00,-90.120266,29.934127,-113,-12,6.0,6,6,D,PERIODIC,-110.0,-14.0,7.0,1d,4,1,4
2025.12.10,16.28.01,-90.120266,29.934127,-113,-12,6.0,3,3,D,PERIODIC,-109.0,-14.0,7.0,1d,4,1,4
2025.12.10,16.28.02,-90.120266,29.934127,-113,-12,6.0,3,3,D,PERIODIC,-109.0,-14.0,7.0,1d,4,1,4
2025.12.10,16.28.03,-90.120266,29.934127,-113,-12,6.0,3,3,D,PERIODIC,-109.0,-13.0,7.0,1d,4,1,4
2025.12.10,16.28.04,-90.120266,29.934127,-113,-12,6.0,4,4,D,PERIODIC,-109.0,-13.0,7.0,1d,4,1,4
2025.12.10,16.28.05,-90.120266,29.934127,-113,-12,6.0,3,3,D,PERIODIC,-110.0,-13.0,7.0,1d,4,1,4
2025.12.10,16.28.06,-90.120266,29.934127,-113,-12,6.0,1488,15683,D,PERIODIC,-110.0,-13.0,7.0,1d,4,1,4
2025.12.10,16.28.07,-90.120266,29.934127,-112,-12,7.0,0,0,D,PERIODIC,-110.0,-13.0,7.0,1d,4,1,4
2025.12.10,16.28.08,-90.120266,29.934127,-112,-12,7.0,17,19,D,PERIODIC,-110.0,-13.0,7.0,1d,4,1,4
2025.12.10,16.28.09,-90.120266,29.934127,-112,-12,7.0,0,0,D,PERIODIC,-111.0,-14.0,7.0,1d,4,1,4
2025.12.10,16.28.10,-90.120266,29.934127,-112,-12,7.0,7,7,D,PERIODIC,-111.0,-14.0,7.0,1d,4,1,4
2025.12.10,16.28.11,-90.120266,29.934127,-112,-12,7.0,0,7220,D,PERIODIC,-112.0,-15.0,7.0,1d,4,1,4
2025.12.10,16.28.12,-90.120266,29.934127,-112,-12,7.0,2,2,D,PERIODIC,-112.0,-15.0,7.0,1d,4,1,4
2025.12.10,16.28.13,-90.120266,29.934127,-112,-12,7.0,3,2,D,PERIODIC,-111.0,-14.0,9.0,1d,4,1,4
2025.12.10,16.28.14,-90.120266,29.934127,-112,-12,7.0,0,0,D,PERIODIC,-111.0,-14.0,9.0,1d,4,1,4
2025.12.10,16.28.15,-90.120266,29.934127,-112,-12,7.0,0,4,D,PERIODIC,-110.0,-14.0,9.0,1d,4,1,4
2025.12.10,16.28.16,-90.120266,29.934127,-112,-12,7.0,1,1,D,PERIODIC,-110.0,-14.0,9.0,1d,4,1,4
2025.12.10,16.28.17,-90.120266,29.934127,-112,-12,7.0,0,0,I,PERIODIC,-110.0,-14.0,9.0,1d,4,1,4
2025.12.10,16.28.18,-90.120266,29.934127,-112,-12,7.0,1,1,D,PERIODIC,-111.0,-14.0,9.0,1d,4,1,4
2025.12.10,16.28.19,-90.120266,29.934127,-111,-12,7.0,0,0,I,PERIODIC,-110.0,-13.0,6.0,1d,4,1,4
2025.12.10,16.28.20,-90.120266,29.934127,-111,-12,7.0,0,0,I,PERIODIC,-110.0,-13.0,6.0,1d,4,1,4
2025.12.10,16.28.21,-90.120266,29.934127,-111,-12,7.0,0,0,I,PERIODIC,-110.0,-14.0,6.0,1d,4,1,4
2025.12.10,16.28.22,-90.120266,29.934127,-111,-12,7.0,0,0,I,PERIODIC,-110.0,-14.0,6.0,1d,4,1,4
2025.12.10,16.28.23,-90.120266,29.934127,-111,-12,7.0,0,0,I,PERIODIC,-110.0,-14.0,6.0,1d,4,1,4
2025.12.10,16.28.24,-90.120266,29.934127,-111,-12,7.0,0,0,I,PERIODIC,-110.0,-14.0,6.0,1d,4,1,4
2025.12.10,16.28.25,-90.120266,29.934127,-111,-12,7.0,0,0,I,PERIODIC,-110.0,-14.0,6.0,1d,4,1,4
2025.12.10,16.28.26,-90.120266,29.934127,-111,-12,8.0,0,0,I,PERIODIC,-110.0,-14.0,6.0,1d,4,1,4
2025.12.10,16.28.27,-90.120266,29.934127,-112,-12,8.0,0,0,I,PERIODIC,-110.0,-13.0,6.0,1d,4,1,4
2025.12.10,16.28.28,-90.120266,29.934127,-112,-12,8.0,0,0,I,PERIODIC,-110.0,-13.0,6.0,1d,4,1,4
2025.12.10,16.28.29,-90.120266,29.934127,-110,-11,9.0,0,0,I,PERIODIC,-110.0,-14.0,7.0,1d,4,1,4
2025.12.10,16.28.30,-90.120266,29.934127,-110,-11,7.0,4,24,D,PERIODIC,-110.0,-14.0,7.0,1d,4,1,4
2025.12.10,16.28.31,-90.120266,29.934127,-112,-12,7.0,93,47,D,PERIODIC,-110.0,-15.0,7.0,1d,4,1,4
2025.12.10,16.28.32,-90.120266,29.934127,-112,-12,7.0,0,0,D,PERIODIC,-110.0,-15.0,7.0,1d,4,1,4
2025.12.10,16.28.33,-90.120266,29.934127,-112,-12,7.0,0,0,I,PERIODIC,-111.0,-15.0,7.0,1d,4,1,4
2025.12.10,16.28.34,-90.120266,29.934127,-112,-12,7.0,0,0,I,PERIODIC,-111.0,-15.0,7.0,1d,4,1,4
2025.12.10,16.28.35,-90.120266,29.934127,-112,-12,7.0,0,0,I,PERIODIC,-111.0,-14.0,7.0,1d,4,1,4
2025.12.10,16.28.36,-90.120266,29.934127,-112,-12,7.0,1,1,D,PERIODIC,-111.0,-14.0,7.0,1d,4,1,4
2025.12.10,16.28.37,-90.120266,29.934127,-112,-12,7.0,0,0,D,PERIODIC,-114.0,-14.0,8.0,1d,4,1,4
2025.12.10,16.28.38,-90.120266,29.934127,-112,-12,7.0,0,0,I,PERIODIC,-114.0,-14.0,8.0,1d,4,1,4
2025.12.10,16.28.39,-90.120266,29.934127,-112,-12,7.0,0,0,D,PERIODIC,-111.0,-14.0,8.0,1d,4,1,4
2025.12.10,16.28.40,-90.120266,29.934127,-112,-12,7.0,0,0,I,PERIODIC,-111.0,-14.0,8.0,1d,4,1,4
2025.12.10,16.28.41,-90.120266,29.934127,-112,-12,7.0,37470,1997,D,PERIODIC,-110.0,-15.0,9.0,1d,4,1,4
2025.12.10,16.28.42,-90.120266,29.934127,-112,-12,8.0,8,7,D,PERIODIC,-110.0,-15.0,9.0,1d,4,1,4
2025.12.10,16.28.43,-90.120266,29.934127,-112,-12,7.0,2,2,D,PERIODIC,-111.0,-14.0,7.0,1d,4,1,4
2025.12.10,16.28.44,-90.120266,29.934127,-112,-12,7.0,0,0,D,PERIODIC,-111.0,-14.0,7.0,1d,4,1,4
2025.12.10,16.28.45,-90.120266,29.934127,-112,-12,7.0,0,0,I,PERIODIC,-110.0,-14.0,8.0,1d,4,1,4
2025.12.10,16.28.46,-90.120266,29.934127,-112,-12,7.0,0,0,D,PERIODIC,-110.0,-14.0,8.0,1d,4,1,4
2025.12.10,16.28.47,-90.120266,29.934127,-112,-12,7.0,2,2,D,PERIODIC,-110.0,-14.0,6.0,1d,4,1,4
2025.12.10,16.28.48,-90.120266,29.934127,-112,-12,7.0,0,0,I,PERIODIC,-110.0,-14.0,6.0,1d,4,1,4
2025.12.10,16.28.49,-90.120266,29.934127,-112,-12,6.0,0,0,I,PERIODIC,-111.0,-14.0,7.0,1d,4,1,4
2025.12.10,16.28.50,-90.120266,29.934127,-112,-12,8.0,0,0,I,PERIODIC,-111.0,-14.0,7.0,1d,4,1,4
2025.12.10,16.28.51,-90.120266,29.934127,-112,-12,8.0,0,0,I,PERIODIC,-110.0,-15.0,6.0,1d,4,1,4
2025.12.10,16.28.52,-90.120266,29.934127,-112,-12,8.0,1,1,D,PERIODIC,-110.0,-15.0,6.0,1d,4,1,4
2025.12.10,16.28.53,-90.120266,29.934127,-112,-12,8.0,0,0,I,PERIODIC,-111.0,-15.0,6.0,1d,4,1,4
2025.12.10,16.28.54,-90.120266,29.934127,-112,-12,8.0,0,0,I,PERIODIC,-111.0,-15.0,6.0,1d,4,1,4
2025.12.10,16.28.55,-90.120266,29.934127,-112,-12,8.0,0,0,I,PERIODIC,-110.0,-15.0,6.0,1d,4,1,4
2025.12.10,16.28.56,-90.120266,29.934127,-112,-12,8.0,0,0,I,PERIODIC,-110.0,-15.0,6.0,1d,4,1,4
2025.12.10,16.28.57,-90.120266,29.934127,-112,-12,8.0,0,0,I,PERIODIC,-111.0,-14.0,6.0,1d,4,1,4
2025.12.10,16.28.58,-90.120266,29.934127,-112,-12,8.0,0,0,I,PERIODIC,-111.0,-14.0,6.0,1d,4,1,4
2025.12.10,16.28.59,-90.120266,29.934127,-112,-12,8.0,0,3,D,PERIODIC,-111.0,-14.0,6.0,1d,4,1,4
2025.12.10,16.29.00,-90.120266,29.934127,-112,-12,8.0,2,2,D,PERIODIC,-111.0,-14.0,6.0,1d,4,1,4
2025.12.10,16.29.01,-90.120266,29.934127,-112,-12,8.0,0,1,D,PERIODIC,-111.0,-14.0,6.0,1d,4,1,4
2025.12.10,16.29.02,-90.120266,29.934127,-112,-12,8.0,0,0,I,PERIODIC,-111.0,-14.0,6.0,1d,4,1,4
2025.12.10,16.29.03,-90.120266,29.934127,-112,-12,8.0,0,0,I,PERIODIC,-111.0,-14.0,6.0,1d,4,1,4
2025.12.10,16.29.04,-90.120266,29.934127,-112,-12,8.0,0,0,I,PERIODIC,-111.0,-14.0,6.0,1d,4,1,4
2025.12.10,16.29.05,-90.120266,29.934127,-112,-12,8.0,0,0,I,PERIODIC,-110.0,-15.0,6.0,1d,4,1,4
2025.12.10,16.29.06,-90.120266,29.934127,-112,-12,3.0,0,0,I,PERIODIC,-110.0,-15.0,6.0,1d,4,1,4
2025.12.10,16.29.07,-90.120266,29.934127,-117,-13,25.0,0,0,I,PERIODIC,-111.0,-15.0,7.0,1d,4,1,4
2025.12.10,16.29.08,-90.120266,29.934127,-117,-13,25.0,0,0,I,PERIODIC,-111.0,-15.0,7.0,1d,4,1,4
2025.12.10,16.29.09,-90.120266,29.934127,-106,-13,15.0,0,0,I,HANDOVER_DATA_5G5G,-111.0,-15.0,7.0,1d,4,1,4
2025.12.10,16.29.10,-90.120266,29.934127,-106,-13,15.0,0,0,I,PERIODIC,-111.0,-15.0,7.0,1d,4,1,4
2025.12.10,16.29.11,-90.120266,29.934127,-109,-14,40.0,0,0,I,PERIODIC,-111.0,-15.0,9.0,1d,4,1,4
2025.12.10,16.29.12,-90.120266,29.934127,-109,-14,40.0,1,1,D,PERIODIC,-111.0,-15.0,9.0,1d,4,1,4
2025.12.10,16.29.13,-90.120266,29.934127,-107,-13,35.0,2,2,D,PERIODIC,-112.0,-15.0,8.0,1d,4,1,4
2025.12.10,16.29.14,-90.120266,29.934127,-107,-13,35.0,1,1,D,PERIODIC,-112.0,-15.0,8.0,1d,4,1,4
2025.12.10,16.29.15,-90.120266,29.934127,-107,-13,35.0,10,12,D,PERIODIC,-111.0,-14.0,8.0,1d,4,1,4
2025.12.10,16.29.16,-90.120266,29.934127,-107,-13,35.0,1,1,D,PERIODIC,-111.0,-14.0,8.0,1d,4,1,4
2025.12.10,16.29.17,-90.120266,29.934127,-107,-13,35.0,0,1,D,PERIODIC,-111.0,-14.0,8.0,1d,4,1,4
2025.12.10,16.29.18,-90.120266,29.934127,-107,-13,35.0,0,0,I,PERIODIC,-109.0,-15.0,8.0,1d,4,1,4
2025.12.10,16.29.19,-90.120266,29.934127,-109,-13,40.0,0,0,I,PERIODIC,-110.0,-14.0,7.0,1d,4,1,4
2025.12.10,16.29.20,-90.120266,29.934127,-109,-13,40.0,0,0,I,PERIODIC,-110.0,-14.0,7.0,1d,4,1,4
2025.12.10,16.29.21,-90.120266,29.934127,-109,-13,40.0,0,0,I,PERIODIC,-110.0,-15.0,7.0,1d,4,1,4
2025.12.10,16.29.22,-90.120266,29.934127,-109,-13,40.0,0,0,I,PERIODIC,-110.0,-15.0,7.0,1d,4,1,4
2025.12.10,16.29.23,-90.120266,29.934127,-109,-13,40.0,0,0,I,PERIODIC,-110.0,-15.0,7.0,1d,4,1,4
2025.12.10,16.29.24,-90.120266,29.934127,-109,-13,40.0,0,0,I,PERIODIC,-110.0,-15.0,7.0,1d,4,1,4
2025.12.10,16.29.25,-90.120266,29.934127,-108,-13,40.0,0,0,I,PERIODIC,-110.0,-14.0,6.0,1d,4,1,4
2025.12.10,16.29.26,-90.120266,29.934127,-108,-13,40.0,14923,5011,D,PERIODIC,-110.0,-14.0,6.0,1d,4,1,4
2025.12.10,16.29.27,-90.120266,29.934127,-108,-13,40.0,0,0,I,PERIODIC,-111.0,-14.0,6.0,1d,4,1,4
2025.12.10,16.29.28,-90.120266,29.934127,-108,-13,40.0,0,0,I,PERIODIC,-111.0,-14.0,6.0,1d,4,1,4
2025.12.10,16.29.29,-90.120266,29.934127,-108,-13,40.0,7,8,D,PERIODIC,-110.0,-14.0,6.0,1d,4,1,4
2025.12.10,16.29.30,-90.120266,29.934127,-108,-13,40.0,0,0,D,PERIODIC,-110.0,-14.0,6.0,1d,4,1,4
2025.12.10,16.29.31,-90.120266,29.934127,-106,-13,40.0,2,2,D,PERIODIC,-110.0,-14.0,5.0,1d,4,1,4
2025.12.10,16.29.32,-90.120266,29.934127,-106,-13,40.0,0,0,I,PERIODIC,-110.0,-14.0,5.0,1d,4,1,4
2025.12.10,16.29.33,-90.120266,29.934127,-106,-13,40.0,0,0,I,PERIODIC,-110.0,-14.0,5.0,1d,4,1,4
2025.12.10,16.29.34,-90.120266,29.934127,-106,-13,40.0,0,0,I,PERIODIC,-110.0,-14.0,5.0,1d,4,1,4
2025.12.10,16.29.35,-90.120266,29.934127,-108,-13,40.0,0,0,I,PERIODIC,-110.0,-14.0,7.0,1d,4,1,4
2025.12.10,16.29.36,-90.120266,29.934127,-108,-13,40.0,0,0,I,PERIODIC,-110.0,-14.0,7.0,1d,4,1,4
2025.12.10,16.29.37,-90.120266,29.934127,-110,-13,35.0,0,0,I,PERIODIC,-110.0,-14.0,5.0,1d,4,1,4
2025.12.10,16.29.38,-90.120266,29.934127,-110,-13,35.0,0,0,I,PERIODIC,-110.0,-14.0,5.0,1d,4,1,4
2025.12.10,16.29.39,-90.120266,29.934127,-108,-13,30.0,0,0,I,PERIODIC,-110.0,-14.0,7.0,1d,4,1,4
2025.12.10,16.29.40,-90.120266,29.934127,-108,-13,30.0,0,0,I,PERIODIC,-110.0,-14.0,7.0,1d,4,1,4
2025.12.10,16.29.41,-90.120266,29.934127,-108,-13,30.0,0,0,I,PERIODIC,-110.0,-15.0,7.0,1d,4,1,4
2025.12.10,16.29.42,-90.120266,29.934127,-108,-13,30.0,7,6,D,PERIODIC,-110.0,-15.0,7.0,1d,4,1,4
2025.12.10,16.29.43,-90.120266,29.934127,-108,-13,30.0,2,2,D,PERIODIC,-110.0,-14.0,7.0,1d,4,1,4
2025.12.10,16.29.44,-90.120266,29.934127,-108,-13,30.0,0,0,D,PERIODIC,-110.0,-14.0,7.0,1d,4,1,4
2025.12.10,16.29.45,-90.120266,29.934127,-108,-13,30.0,0,1,D,PERIODIC,-110.0,-14.0,7.0,1d,4,1,4
2025.12.10,16.29.46,-90.120266,29.934127,-108,-13,30.0,3,4,D,PERIODIC,-110.0,-14.0,7.0,1d,4,1,4
2025.12.10,16.29.47,-90.120266,29.934127,-107,-14,40.0,3,1,D,PERIODIC,-110.0,-14.0,8.0,1d,4,1,4
2025.12.10,16.29.48,-90.120266,29.934127,-107,-14,40.0,0,0,I,PERIODIC,-110.0,-14.0,8.0,1d,4,1,4
2025.12.10,16.29.49,-90.120266,29.934127,-107,-14,40.0,4,5,D,PERIODIC,-110.0,-14.0,8.0,1d,4,1,4
2025.12.10,16.29.50,-90.120266,29.934127,-107,-14,40.0,0,0,D,PERIODIC,-110.0,-14.0,8.0,1d,4,1,4
2025.12.10,16.29.51,-90.120266,29.934127,-107,-13,40.0,0,0,I,PERIODIC,-110.0,-14.0,7.0,1d,4,1,4
2025.12.10,16.29.52,-90.120266,29.934127,-107,-13,40.0,0,0,I,PERIODIC,-110.0,-14.0,7.0,1d,4,1,4
2025.12.10,16.29.53,-90.120266,29.934127,-107,-13,40.0,22,23,D,PERIODIC,-110.0,-13.0,7.0,1d,4,1,4
2025.12.10,16.29.54,-90.120266,29.934127,-107,-13,40.0,0,0,D,PERIODIC,-110.0,-13.0,7.0,1d,4,1,4
2025.12.10,16.29.55,-90.120266,29.934127,-107,-13,40.0,15,15,D,PERIODIC,-111.0,-14.0,7.0,1d,4,1,4
2025.12.10,16.29.56,-90.120266,29.934127,-107,-13,40.0,0,0,D,PERIODIC,-111.0,-14.0,7.0,1d,4,1,4
2025.12.10,16.29.57,-90.120266,29.934127,-107,-14,40.0,0,0,D,PERIODIC,-110.0,-13.0,8.0,1d,4,1,4
2025.12.10,16.29.58,-90.120266,29.934127,-107,-14,40.0,0,0,I,PERIODIC,-110.0,-13.0,8.0,1d,4,1,4
2025.12.10,16.29.59,-90.120266,29.934127,-111,-15,15.0,0,0,D,PERIODIC,-112.0,-14.0,7.0,1d,4,1,4
2025.12.10,16.30.00,-90.120266,29.934127,-111,-15,15.0,3,3,D,PERIODIC,-112.0,-14.0,7.0,1d,4,1,4
2025.11.05,15.05.25,-90.12027,29.934121,-115,-13,25.0,0,0,I,LOG START,-107.0,-13.0,10.0,h11,3,1,3
2025.11.05,15.05.25,-90.12027,29.934121,-114,-12,40.0,0,0,D,PERIODIC,-108.0,-14.0,9.0,h11,3,1,3
2025.11.05,15.05.26,-90.12027,29.934121,-114,-12,40.0,1,0,D,PERIODIC,-108.0,-14.0,9.0,h11,3,1,3
2025.11.05,15.05.27,-90.12027,29.934121,-114,-13,40.0,0,0,I,PERIODIC,-105.0,-12.0,10.0,h11,3,1,3
2025.11.05,15.05.28,-90.12027,29.934121,-114,-13,40.0,0,0,I,PERIODIC,-105.0,-12.0,10.0,h11,3,1,3
2025.11.05,15.05.29,-90.12027,29.934121,-114,-13,40.0,0,0,I,PERIODIC,-105.0,-12.0,10.0,h11,3,1,3
2025.11.05,15.05.30,-90.12027,29.934121,-110,-12,40.0,7,8,D,PERIODIC,-102.0,-10.0,11.0,h11,3,1,3
2025.11.05,15.05.31,-90.12027,29.934121,-110,-13,35.0,0,0,I,PERIODIC,-102.0,-10.0,11.0,h11,3,1,3
2025.11.05,15.05.32,-90.12027,29.934121,-110,-13,35.0,0,0,D,PERIODIC,-102.0,-10.0,11.0,h11,3,1,3
2025.11.05,15.05.33,-90.12027,29.934121,-111,-13,35.0,0,0,I,PERIODIC,-103.0,-12.0,12.0,h11,3,1,3
2025.11.05,15.05.34,-90.12027,29.934121,-111,-13,35.0,1,1,D,PERIODIC,-103.0,-12.0,12.0,h11,3,1,3
2025.11.05,15.05.35,-90.12027,29.934121,-112,-13,35.0,7,7,D,PERIODIC,-103.0,-12.0,13.0,h11,3,1,3
2025.11.05,15.05.36,-90.12027,29.934121,-112,-13,35.0,0,0,I,PERIODIC,-103.0,-12.0,13.0,h11,3,1,3
2025.11.05,15.05.37,-90.12027,29.934121,-112,-13,35.0,0,0,I,PERIODIC,-103.0,-12.0,13.0,h11,3,1,3
2025.11.05,15.05.38,-90.12027,29.934121,-112,-13,35.0,25,25,D,PERIODIC,-103.0,-12.0,13.0,h11,3,1,3
2025.11.05,15.05.39,-90.12027,29.934121,-110,-12,4.0,0,0,D,PERIODIC,-103.0,-12.0,13.0,h11,3,1,3
2025.11.05,15.05.40,-90.12027,29.934121,-110,-12,3.0,0,0,I,PERIODIC,-103.0,-12.0,13.0,h11,3,1,3
2025.11.05,15.05.41,-90.12027,29.934121,-113,-13,35.0,0,0,D,PERIODIC,-103.0,-13.0,11.0,h11,3,1,3
2025.11.05,15.05.42,-90.12027,29.934121,-113,-13,35.0,3,3,D,PERIODIC,-103.0,-13.0,11.0,h11,3,1,3
2025.11.05,15.05.43,-90.12027,29.934121,-113,-13,35.0,0,0,I,PERIODIC,-103.0,-13.0,11.0,h11,3,1,3
2025.11.05,15.05.44,-90.12027,29.934121,-113,-13,30.0,0,0,I,PERIODIC,-102.0,-12.0,11.0,h11,3,1,3
2025.11.05,15.05.45,-90.12027,29.934121,-113,-13,30.0,0,0,I,PERIODIC,-103.0,-13.0,11.0,h11,3,1,3
2025.11.05,15.05.46,-90.12027,29.934121,-113,-13,30.0,0,0,I,PERIODIC,-103.0,-13.0,11.0,h11,3,1,3
2025.11.05,15.05.47,-90.12027,29.934121,-113,-13,30.0,0,0,I,PERIODIC,-102.0,-10.0,11.0,h11,3,1,3
2025.11.05,15.05.48,-90.12027,29.934121,-113,-13,30.0,0,0,I,PERIODIC,-102.0,-10.0,11.0,h11,3,1,3
2025.11.05,15.05.49,-90.12027,29.934121,-113,-13,30.0,0,0,I,PERIODIC,-102.0,-12.0,11.0,h11,3,1,3
2025.11.05,15.05.50,-90.12027,29.934121,-113,-13,30.0,0,0,I,PERIODIC,-102.0,-12.0,11.0,h11,3,1,3
2025.11.05,15.05.51,-90.120262,29.934217,-113,-13,35.0,0,0,D,PERIODIC,-103.0,-13.0,12.0,h11,3,1,3
2025.11.05,15.05.52,-90.120262,29.934217,-113,-13,35.0,1,1,D,PERIODIC,-103.0,-13.0,12.0,h11,3,1,3
2025.11.05,15.05.53,-90.120262,29.934217,-113,-13,35.0,2,2,D,PERIODIC,-103.0,-12.0,12.0,h11,3,1,3
2025.11.05,15.05.54,-90.120262,29.934217,-113,-13,35.0,0,0,I,PERIODIC,-103.0,-12.0,12.0,h11,3,1,3
2025.11.05,15.05.55,-90.120262,29.934217,-116,-14,20.0,16,16,D,PERIODIC,-103.0,-14.0,13.0,h11,3,1,3
2025.11.05,15.05.56,-90.120262,29.934217,-116,-14,20.0,18,21,D,PERIODIC,-103.0,-14.0,13.0,h11,3,1,3
2025.11.05,15.05.57,-90.120262,29.934217,-116,-14,20.0,0,7,D,PERIODIC,-104.0,-12.0,13.0,h11,3,1,3
2025.11.05,15.05.58,-90.120262,29.934217,-116,-14,20.0,0,0,D,PERIODIC,-104.0,-12.0,13.0,h11,3,1,3
2025.11.05,15.05.59,-90.120262,29.934217,-112,-13,25.0,27,22,D,PERIODIC,-102.0,-12.0,11.0,h11,3,1,3
2025.11.05,15.06.00,-90.120262,29.934217,-112,-13,25.0,4,5,D,PERIODIC,-102.0,-12.0,11.0,h11,3,1,3
2025.11.05,15.06.01,-90.120262,29.934217,-112,-13,20.0,0,0,D,PERIODIC,-102.0,-12.0,12.0,h11,3,1,3
2025.11.05,15.06.02,-90.120262,29.934217,-112,-13,20.0,3,3,D,PERIODIC,-102.0,-12.0,12.0,h11,3,1,3
2025.11.05,15.06.03,-90.120262,29.934217,-112,-13,20.0,3,3,D,PERIODIC,-102.0,-12.0,12.0,h11,3,1,3
2025.11.05,15.06.04,-90.120262,29.934217,-112,-13,20.0,0,0,D,PERIODIC,-102.0,-12.0,12.0,h11,3,1,3
2025.11.05,15.06.05,-90.120262,29.934217,-113,-14,25.0,7,7,D,PERIODIC,-104.0,-13.0,12.0,h11,3,1,3
2025.11.05,15.06.06,-90.120262,29.934217,-113,-14,25.0,9,9,D,PERIODIC,-104.0,-13.0,12.0,h11,3,1,3
2025.11.05,15.06.07,-90.120262,29.934217,-113,-14,25.0,0,0,I,PERIODIC,-104.0,-13.0,12.0,h11,3,1,3
2025.11.05,15.06.08,-90.120262,29.934217,-113,-14,25.0,25151,13099,D,PERIODIC,-104.0,-13.0,12.0,h11,3,1,3
2025.11.05,15.06.09,-90.120274,29.934123,-113,-14,25.0,0,0,I,PERIODIC,-104.0,-13.0,12.0,h11,3,1,3
2025.11.05,15.06.10,-90.120274,29.934123,-112,-13,30.0,0,0,I,PERIODIC,-102.0,-13.0,13.0,h11,3,1,3
2025.11.05,15.06.11,-90.120274,29.934123,-112,-13,30.0,0,0,I,PERIODIC,-102.0,-13.0,13.0,h11,3,1,3
2025.11.05,15.06.12,-90.120274,29.934123,-112,-14,25.0,0,0,D,PERIODIC,-103.0,-14.0,12.0,h11,3,1,3
2025.11.05,15.06.13,-90.120274,29.934123,-112,-14,25.0,35967,608,D,PERIODIC,-103.0,-14.0,12.0,h11,3,1,3
2025.11.05,15.06.14,-90.120274,29.934123,-112,-14,25.0,0,0,D,PERIODIC,-102.0,-13.0,12.0,h11,3,1,3
2025.11.05,15.06.15,-90.120274,29.934123,-112,-14,25.0,7,7,D,PERIODIC,-102.0,-13.0,12.0,h11,3,1,3
2025.11.05,15.06.16,-90.120274,29.934123,-112,-14,25.0,0,0,I,PERIODIC,-102.0,-13.0,12.0,h11,3,1,3
2025.11.05,15.06.17,-90.120274,29.934123,-112,-14,25.0,0,1,D,PERIODIC,-102.0,-13.0,12.0,h11,3,1,3
2025.11.05,15.06.18,-90.120312,29.934002,-111,-13,35.0,25347,1092,D,PERIODIC,-104.0,-11.0,12.0,h11,3,1,3
2025.11.05,15.06.19,-90.120312,29.934002,-111,-13,35.0,0,0,I,PERIODIC,-104.0,-11.0,12.0,h11,3,1,3
2025.11.05,15.06.20,-90.120312,29.934002,-112,-12,4.0,0,0,I,PERIODIC,-103.0,-13.0,13.0,h11,3,1,3
2025.11.05,15.06.21,-90.120312,29.934002,-112,-12,4.0,0,0,I,PERIODIC,-103.0,-13.0,13.0,h11,3,1,3
2025.11.05,15.06.22,-90.120312,29.934002,-111,-12,40.0,0,0,I,PERIODIC,-103.0,-12.0,12.0,h11,3,1,3
2025.11.05,15.06.23,-90.120312,29.934002,-111,-12,40.0,0,0,I,PERIODIC,-103.0,-12.0,12.0,h11,3,1,3
2025.11.05,15.06.24,-90.120312,29.934002,-109,-12,40.0,0,0,I,PERIODIC,-102.0,-14.0,10.0,h11,3,1,3
2025.11.05,15.06.25,-90.120312,29.934002,-109,-12,40.0,0,0,I,PERIODIC,-102.0,-14.0,10.0,h11,3,1,3
2025.11.05,15.06.26,-90.120312,29.934002,-112,-13,40.0,0,0,I,PERIODIC,-102.0,-14.0,13.0,h11,3,1,3
2025.11.05,15.06.27,-90.120147,29.934247,-112,-13,40.0,0,0,I,PERIODIC,-102.0,-14.0,13.0,h11,3,1,3
2025.11.05,15.06.28,-90.120147,29.934247,-108,-12,4.0,0,0,I,PERIODIC,-102.0,-14.0,12.0,h11,3,1,3
2025.11.05,15.06.29,-90.120147,29.934247,-108,-12,3.0,0,0,I,PERIODIC,-102.0,-14.0,12.0,h11,3,1,3
2025.11.05,15.06.30,-90.120147,29.934247,-108,-13,35.0,48,57,D,PERIODIC,-101.0,-12.0,11.0,h11,3,1,3
2025.11.05,15.06.31,-90.120147,29.934247,-108,-13,35.0,3,1,D,PERIODIC,-101.0,-12.0,11.0,h11,3,1,3
2025.11.05,15.06.32,-90.120147,29.934247,-112,-13,20.0,0,0,I,PERIODIC,-102.0,-12.0,11.0,h11,3,1,3
2025.11.05,15.06.33,-90.120147,29.934247,-112,-13,20.0,25653,1647,D,PERIODIC,-102.0,-12.0,11.0,h11,3,1,3
2025.11.05,15.06.34,-90.120147,29.934247,-112,-13,20.0,0,0,D,PERIODIC,-100.0,-13.0,11.0,h11,3,1,3
2025.11.05,15.06.35,-90.120274,29.934137,-112,-13,20.0,5,6,D,PERIODIC,-100.0,-13.0,11.0,h11,3,1,3
2025.11.05,15.06.36,-90.120274,29.934137,-112,-13,20.0,0,0,D,PERIODIC,-102.0,-13.0,11.0,h11,3,1,3
2025.11.05,15.06.37,-90.120274,29.934137,-112,-13,20.0,0,0,I,PERIODIC,-102.0,-13.0,11.0,h11,3,1,3
2025.11.05,15.06.38,-90.120274,29.934137,-112,-13,20.0,0,0,I,PERIODIC,-102.0,-13.0,11.0,h11,3,1,3
2025.11.05,15.06.39,-90.120274,29.934137,-112,-13,20.0,0,0,I,PERIODIC,-102.0,-13.0,11.0,h11,3,1,3
2025.11.05,15.06.40,-90.120274,29.934137,-112,-13,20.0,0,0,I,PERIODIC,-102.0,-13.0,11.0,h11,3,1,3
2025.11.05,15.06.41,-90.120274,29.934137,-112,-13,20.0,0,2,D,PERIODIC,-102.0,-13.0,11.0,h11,3,1,3
2025.11.05,15.06.42,-90.120274,29.934137,-112,-13,20.0,7,6,D,PERIODIC,-101.0,-12.0,11.0,h11,3,1,3
2025.11.05,15.06.43,-90.120274,29.934137,-112,-13,20.0,25901,1080,D,PERIODIC,-101.0,-12.0,11.0,h11,3,1,3
2025.11.05,15.06.44,-90.120274,29.934137,-112,-13,20.0,0,0,D,PERIODIC,-101.0,-14.0,11.0,h11,3,1,3
2025.11.05,15.06.45,-90.120274,29.934137,-112,-13,20.0,0,0,I,PERIODIC,-101.0,-14.0,11.0,h11,3,1,3
2025.11.05,15.06.46,-90.120274,29.934137,-112,-14,4.0,0,0,I,PERIODIC,-103.0,-14.0,12.0,h11,3,1,3
2025.11.05,15.06.47,-90.120274,29.934137,-112,-14,4.0,0,0,I,PERIODIC,-103.0,-14.0,12.0,h11,3,1,3
2025.11.05,15.06.48,-90.120274,29.934137,-110,-13,4.0,18079,571,D,PERIODIC,-103.0,-13.0,12.0,h11,3,1,3
2025.11.05,15.06.49,-90.120274,29.934137,-110,-13,4.0,0,0,I,PERIODIC,-103.0,-13.0,12.0,h11,3,1,3
2025.11.05,15.06.50,-90.120274,29.934137,-110,-13,4.0,0,0,I,PERIODIC,-101.0,-13.0,10.0,h11,3,1,3
2025.11.05,15.06.51,-90.120274,29.934137,-110,-13,4.0,0,0,I,PERIODIC,-101.0,-13.0,10.0,h11,3,1,3
2025.11.05,15.06.52,-90.120274,29.934137,-111,-14,35.0,63,99,D,PERIODIC,-101.0,-13.0,12.0,h11,3,1,3
2025.11.05,15.06.53,-90.120274,29.934137,-111,-14,35.0,69,49,D,PERIODIC,-101.0,-13.0,12.0,h11,3,1,3
2025.11.05,15.06.54,-90.120274,29.934137,-110,-13,40.0,21,1,D,PERIODIC,-102.0,-14.0,11.0,h11,3,1,3
2025.11.05,15.06.55,-90.120274,29.934137,-110,-13,40.0,0,0,D,PERIODIC,-102.0,-14.0,11.0,h11,3,1,3
2025.11.05,15.06.56,-90.120274,29.934137,-110,-13,35.0,0,0,I,PERIODIC,-102.0,-14.0,12.0,h11,3,1,3
2025.11.05,15.06.57,-90.120274,29.934137,-110,-13,35.0,0,0,I,PERIODIC,-102.0,-14.0,12.0,h11,3,1,3
2025.11.05,15.06.58,-90.120274,29.934137,-111,-13,30.0,22278,649,D,PERIODIC,-102.0,-13.0,12.0,h11,3,1,3
2025.11.05,15.06.59,-90.120274,29.934137,-111,-13,30.0,12,11,D,PERIODIC,-102.0,-13.0,12.0,h11,3,1,3
2025.11.05,15.07.00,-90.120274,29.934137,-110,-13,35.0,1,1,D,PERIODIC,-103.0,-13.0,10.0,h11,3,1,3
2025.11.05,15.07.01,-90.120274,29.934137,-110,-13,35.0,0,4,D,PERIODIC,-103.0,-13.0,10.0,h11,3,1,3
2025.11.05,15.07.02,-90.120274,29.934137,-110,-12,35.0,4,4,D,PERIODIC,-103.0,-13.0,10.0,h11,3,1,3
2025.11.05,15.07.03,-90.120274,29.934137,-110,-12,35.0,15090,1824,D,PERIODIC,-103.0,-13.0,10.0,h11,3,1,3
2025.11.05,15.07.04,-90.120274,29.934137,-110,-12,35.0,0,1,D,PERIODIC,-102.0,-13.0,10.0,h11,3,1,3
2025.11.05,15.07.05,-90.120274,29.934137,-110,-12,35.0,0,0,D,PERIODIC,-102.0,-13.0,10.0,h11,3,1,3
2025.11.05,15.07.06,-90.120274,29.934137,-111,-13,35.0,0,0,D,PERIODIC,-102.0,-13.0,11.0,h11,3,1,3
2025.11.05,15.07.07,-90.120274,29.934137,-111,-13,35.0,0,0,I,PERIODIC,-102.0,-13.0,11.0,h11,3,1,3
2025.11.05,15.07.08,-90.120274,29.934137,-111,-13,30.0,0,0,D,PERIODIC,-103.0,-12.0,10.0,h11,3,1,3
2025.11.05,15.07.09,-90.120274,29.934137,-111,-13,30.0,23513,0,D,PERIODIC,-103.0,-12.0,10.0,h11,3,1,3
2025.11.05,15.07.10,-90.120274,29.934137,-111,-13,30.0,0,0,I,PERIODIC,-103.0,-12.0,10.0,h11,3,1,3
2025.11.05,15.07.11,-90.120274,29.934137,-111,-13,30.0,9,12,D,PERIODIC,-103.0,-12.0,10.0,h11,3,1,3
2025.11.05,15.07.12,-90.120274,29.934137,-113,-13,25.0,0,0,I,PERIODIC,-102.0,-12.0,11.0,h11,3,1,3
2025.11.05,15.07.13,-90.120274,29.934137,-113,-13,25.0,0,0,D,PERIODIC,-102.0,-12.0,11.0,h11,3,1,3
2025.11.05,15.07.14,-90.120274,29.934137,-110,-12,35.0,8,3,D,PERIODIC,-103.0,-13.0,10.0,h11,3,1,3
2025.11.05,15.07.15,-90.120274,29.934137,-110,-12,35.0,1,1,D,PERIODIC,-103.0,-13.0,10.0,h11,3,1,3
2025.11.05,15.07.16,-90.120274,29.934137,-112,-12,4.0,0,0,D,PERIODIC,-103.0,-14.0,11.0,h11,3,1,3
2025.11.05,15.07.17,-90.120274,29.934137,-112,-12,5.0,0,0,I,PERIODIC,-103.0,-14.0,11.0,h11,3,1,3
2025.11.05,15.07.18,-90.120274,29.934137,-113,-13,25.0,0,0,I,PERIODIC,-105.0,-14.0,10.0,h11,3,1,3
2025.11.05,15.07.19,-90.120274,29.934137,-113,-13,25.0,0,0,I,PERIODIC,-105.0,-14.0,10.0,h11,3,1,3
2025.11.05,15.07.20,-90.120274,29.934137,-113,-13,25.0,0,0,I,PERIODIC,-104.0,-13.0,10.0,h11,3,1,3
2025.11.05,15.07.21,-90.120274,29.934137,-113,-13,25.0,0,0,I,PERIODIC,-104.0,-13.0,10.0,h11,3,1,3
2025.11.05,15.07.22,-90.120274,29.934137,-110,-14,5.0,0,0,I,PERIODIC,-105.0,-13.0,8.0,h11,3,1,3
2025.11.05,15.07.23,-90.120274,29.934137,-110,-14,5.0,0,0,I,PERIODIC,-105.0,-13.0,8.0,h11,3,1,3
2025.11.05,15.07.24,-90.120274,29.934137,-112,-14,10.0,0,0,I,PERIODIC,-103.0,-12.0,9.0,h11,3,1,3
2025.11.05,15.07.25,-90.120274,29.934137,-112,-14,10.0,0,0,I,PERIODIC,-103.0,-12.0,9.0,h11,3,1,3
2025.11.05,15.07.26,-90.120274,29.934137,-110,-14,30.0,0,0,I,PERIODIC,-103.0,-14.0,9.0,h11,3,1,3
2025.11.05,15.07.27,-90.120274,29.934137,-110,-14,30.0,0,0,I,PERIODIC,-103.0,-14.0,9.0,h11,3,1,3
2025.11.05,15.07.28,-90.120274,29.934137,-110,-14,30.0,23092,2147,D,PERIODIC,-103.0,-14.0,11.0,h11,3,1,3
2025.11.05,15.07.29,-90.120274,29.934137,-110,-14,30.0,0,0,I,PERIODIC,-103.0,-14.0,11.0,h11,3,1,3
2025.11.05,15.07.30,-90.120274,29.934137,-109,-14,40.0,1,1,D,PERIODIC,-105.0,-12.0,10.0,h11,3,1,3
2025.11.05,15.07.31,-90.120274,29.934137,-109,-14,40.0,0,0,I,PERIODIC,-105.0,-12.0,10.0,h11,3,1,3
2025.11.05,15.07.32,-90.120274,29.934137,-110,-15,30.0,0,0,I,PERIODIC,-103.0,-13.0,11.0,h11,3,1,3
2025.11.05,15.07.33,-90.120274,29.934137,-110,-15,30.0,0,0,I,PERIODIC,-103.0,-13.0,11.0,h11,3,1,3
2025.11.05,15.07.34,-90.120274,29.934137,-109,-14,40.0,0,0,I,PERIODIC,-103.0,-13.0,11.0,h11,3,1,3
2025.11.05,15.07.35,-90.120274,29.934137,-109,-14,40.0,0,0,I,PERIODIC,-103.0,-13.0,11.0,h11,3,1,3
2025.11.05,15.07.36,-90.120274,29.934137,-111,-14,35.0,0,0,I,PERIODIC,-104.0,-14.0,13.0,h11,3,1,3
2025.11.05,15.07.37,-90.120274,29.934137,-111,-14,35.0,0,0,I,PERIODIC,-104.0,-14.0,13.0,h11,3,1,3
2025.11.05,15.07.38,-90.120274,29.934137,-110,-14,5.0,0,0,I,PERIODIC,-104.0,-14.0,12.0,h11,3,1,3
2025.11.05,15.07.39,-90.120274,29.934137,-110,-14,5.0,0,0,I,PERIODIC,-104.0,-14.0,12.0,h11,3,1,3
2025.11.05,15.07.40,-90.120274,29.934137,-108,-12,5.0,0,0,I,PERIODIC,-102.0,-13.0,10.0,h11,3,1,3
2025.11.05,15.07.41,-90.120274,29.934137,-108,-12,4.0,1,1,D,PERIODIC,-102.0,-13.0,10.0,h11,3,1,3
2025.11.05,15.07.42,-90.120274,29.934137,-109,-13,4.0,0,0,I,PERIODIC,-103.0,-12.0,10.0,h11,3,1,3
2025.11.05,15.07.43,-90.120274,29.934137,-109,-13,5.0,31018,1398,D,PERIODIC,-103.0,-12.0,10.0,h11,3,1,3
2025.11.05,15.07.44,-90.120274,29.934137,-108,-13,4.0,0,0,I,PERIODIC,-103.0,-12.0,11.0,h11,3,1,3
2025.11.05,15.07.45,-90.120274,29.934137,-108,-13,4.0,0,0,I,PERIODIC,-103.0,-12.0,11.0,h11,3,1,3
2025.11.05,15.07.46,-90.120274,29.934137,-108,-13,4.0,0,0,I,PERIODIC,-103.0,-12.0,11.0,h11,3,1,3
2025.11.05,15.07.47,-90.120274,29.934137,-108,-13,4.0,0,0,I,PERIODIC,-104.0,-13.0,11.0,h11,3,1,3
2025.11.05,15.07.48,-90.120274,29.934137,-111,-13,40.0,0,0,I,PERIODIC,-103.0,-14.0,12.0,h11,3,1,3
2025.11.05,15.07.49,-90.120274,29.934137,-111,-13,40.0,0,0,I,PERIODIC,-103.0,-14.0,12.0,h11,3,1,3
2025.11.05,15.07.50,-90.120274,29.934137,-110,-12,40.0,0,0,I,PERIODIC,-102.0,-13.0,12.0,h11,3,1,3
2025.11.05,15.07.51,-90.120274,29.934137,-110,-12,40.0,0,0,I,PERIODIC,-102.0,-13.0,12.0,h11,3,1,3
2025.11.05,15.07.52,-90.120274,29.934137,-110,-12,40.0,0,0,I,PERIODIC,-102.0,-13.0,12.0,h11,3,1,3
2025.11.05,15.07.53,-90.120274,29.934137,-110,-12,40.0,24117,400,D,PERIODIC,-102.0,-13.0,12.0,h11,3,1,3
2025.11.05,15.07.54,-90.120274,29.934137,-112,-12,40.0,0,0,I,PERIODIC,-103.0,-12.0,12.0,h11,3,1,3
2025.11.05,15.07.55,-90.120274,29.934137,-112,-12,40.0,0,0,I,PERIODIC,-103.0,-12.0,12.0,h11,3,1,3
2025.11.05,15.07.56,-90.120274,29.934137,-112,-13,4.0,0,0,I,PERIODIC,-104.0,-13.0,11.0,h11,3,1,3
2025.11.05,15.07.57,-90.120274,29.934137,-112,-13,4.0,0,0,I,PERIODIC,-104.0,-13.0,11.0,h11,3,1,3
2025.11.05,15.07.58,-90.120274,29.934137,-112,-12,4.0,0,0,I,PERIODIC,-102.0,-14.0,12.0,h11,3,1,3
2025.11.05,15.08.00,-90.120274,29.934137,-112,-12,4.0,0,0,I,PERIODIC,-102.0,-14.0,12.0,h11,3,1,3
2025.11.05,15.08.01,-90.120274,29.934137,-111,-13,4.0,1,1,D,PERIODIC,-104.0,-14.0,12.0,h11,3,1,3
2025.11.05,15.08.01,-90.120274,29.934137,-111,-13,4.0,2,2,D,PERIODIC,-104.0,-14.0,12.0,h11,3,1,3
2025.11.05,15.08.02,-90.120274,29.934137,-110,-12,4.0,0,2,D,PERIODIC,-104.0,-13.0,11.0,h11,3,1,3
2025.11.05,15.08.03,-90.120274,29.934137,-110,-12,4.0,21762,1957,D,PERIODIC,-104.0,-13.0,11.0,h11,3,1,3
2025.11.05,15.08.05,-90.120274,29.934137,-111,-13,4.0,0,0,I,PERIODIC,-102.0,-12.0,10.0,h11,3,1,3
2025.11.05,15.08.05,-90.120274,29.934137,-111,-13,4.0,0,0,I,PERIODIC,-102.0,-12.0,10.0,h11,3,1,3
2025.11.05,15.08.07,-90.120274,29.934137,-111,-13,4.0,0,0,I,PERIODIC,-104.0,-13.0,10.0,h11,3,1,3
2025.11.05,15.08.07,-90.120274,29.934137,-111,-13,4.0,0,0,I,PERIODIC,-104.0,-13.0,10.0,h11,3,1,3
2025.11.05,15.08.09,-90.120274,29.934137,-112,-14,40.0,22322,543,D,PERIODIC,-104.0,-14.0,12.0,h11,3,1,3
2025.11.05,15.08.09,-90.120274,29.934137,-112,-14,40.0,0,0,I,PERIODIC,-104.0,-14.0,12.0,h11,3,1,3
2025.11.05,15.08.11,-90.120274,29.934137,-110,-13,5.0,0,0,I,PERIODIC,-104.0,-12.0,12.0,h11,3,1,3
2025.11.05,15.08.12,-90.120274,29.934137,-110,-13,5.0,0,0,I,PERIODIC,-104.0,-12.0,12.0,h11,3,1,3
2025.11.05,15.08.13,-90.120274,29.934137,-110,-14,5.0,0,0,D,PERIODIC,-103.0,-11.0,11.0,h11,3,1,3
2025.11.05,15.08.14,-90.120274,29.934137,-110,-14,5.0,15,17,D,PERIODIC,-103.0,-11.0,11.0,h11,3,1,3
2025.11.05,15.08.15,-90.120274,29.934137,-110,-12,4.0,0,0,D,PERIODIC,-104.0,-12.0,10.0,h11,3,1,3
2025.11.05,15.08.16,-90.120274,29.934137,-110,-12,4.0,2,2,D,PERIODIC,-104.0,-12.0,10.0,h11,3,1,3
2025.11.05,15.08.17,-90.120274,29.934137,-111,-13,4.0,0,0,I,PERIODIC,-103.0,-13.0,10.0,h11,3,1,3
2025.11.05,15.08.18,-90.120274,29.934137,-111,-13,4.0,0,0,I,PERIODIC,-103.0,-13.0,10.0,h11,3,1,3
2025.11.05,15.08.19,-90.120274,29.934137,-111,-13,4.0,0,0,I,PERIODIC,-103.0,-13.0,10.0,h11,3,1,3
2025.11.05,15.08.20,-90.120274,29.934137,-111,-13,4.0,0,0,I,PERIODIC,-103.0,-13.0,10.0,h11,3,1,3
2025.11.05,15.08.21,-90.120274,29.934137,-111,-13,4.0,0,0,I,PERIODIC,-102.0,-14.0,10.0,h11,3,1,3
2025.11.05,15.08.22,-90.120274,29.934137,-111,-13,4.0,0,0,I,PERIODIC,-102.0,-14.0,10.0,h11,3,1,3
2025.11.05,15.08.23,-90.120274,29.934137,-111,-13,4.0,0,0,I,PERIODIC,-102.0,-12.0,10.0,h11,3,1,3
2025.11.05,15.08.24,-90.120274,29.934137,-111,-13,3.0,0,0,I,PERIODIC,-102.0,-12.0,10.0,h11,3,1,3
2025.11.05,15.08.25,-90.120274,29.934137,-112,-12,5.0,0,0,I,PERIODIC,-103.0,-12.0,11.0,h11,3,1,3
2025.11.05,15.08.26,-90.120274,29.934137,-112,-12,5.0,0,0,I,PERIODIC,-103.0,-12.0,11.0,h11,3,1,3
2025.11.05,15.08.27,-90.120274,29.934137,-112,-12,5.0,0,0,I,PERIODIC,-103.0,-13.0,11.0,h11,3,1,3
2025.11.05,15.08.28,-90.120274,29.934137,-112,-12,5.0,0,0,I,PERIODIC,-103.0,-13.0,11.0,h11,3,1,3
2025.11.05,15.08.29,-90.120274,29.934137,-112,-12,5.0,0,0,I,PERIODIC,-103.0,-13.0,11.0,h11,3,1,3
2025.11.05,15.08.30,-90.120274,29.934137,-112,-12,5.0,0,0,I,PERIODIC,-103.0,-13.0,11.0,h11,3,1,3
2025.11.05,15.08.31,-90.120274,29.934137,-112,-12,5.0,0,2,D,PERIODIC,-103.0,-13.0,11.0,h11,3,1,3
2025.11.05,15.08.32,-90.120274,29.934137,-112,-12,4.0,0,0,D,PERIODIC,-103.0,-14.0,11.0,h11,3,1,3
2025.11.05,15.08.33,-90.120274,29.934137,-112,-13,40.0,0,0,D,PERIODIC,-103.0,-13.0,11.0,h11,3,1,3
2025.11.05,15.08.34,-90.120274,29.934137,-112,-13,40.0,10,13,D,PERIODIC,-103.0,-13.0,11.0,h11,3,1,3
2025.11.05,15.08.35,-90.120274,29.934137,-112,-13,40.0,0,0,D,PERIODIC,-104.0,-13.0,11.0,h11,3,1,3
2025.11.05,15.08.36,-90.120274,29.934137,-112,-13,40.0,0,0,I,PERIODIC,-104.0,-13.0,11.0,h11,3,1,3
2025.11.05,15.08.37,-90.120274,29.934137,-112,-13,40.0,0,0,I,PERIODIC,-104.0,-12.0,11.0,h11,3,1,3
2025.11.05,15.08.38,-90.120274,29.934137,-112,-13,40.0,0,0,I,PERIODIC,-104.0,-12.0,11.0,h11,3,1,3
2025.11.05,15.08.39,-90.120274,29.934137,-112,-13,40.0,0,0,I,PERIODIC,-103.0,-12.0,11.0,h11,3,1,3
2025.11.05,15.08.40,-90.120274,29.934137,-112,-13,40.0,0,0,I,PERIODIC,-103.0,-12.0,11.0,h11,3,1,3
2025.11.05,15.08.41,-90.120274,29.934137,-112,-13,40.0,2,2,D,PERIODIC,-103.0,-14.0,11.0,h11,3,1,3
2025.11.05,15.08.42,-90.120274,29.934137,-112,-13,40.0,1,1,D,PERIODIC,-103.0,-14.0,11.0,h11,3,1,3
2025.11.05,15.08.43,-90.120274,29.934137,-112,-14,35.0,2,2,D,PERIODIC,-103.0,-13.0,11.0,h11,3,1,3
2025.11.05,15.08.44,-90.120274,29.934137,-112,-14,35.0,18078,3831,D,PERIODIC,-103.0,-13.0,11.0,h11,3,1,3
2025.11.05,15.08.45,-90.120274,29.934137,-112,-14,30.0,0,0,I,PERIODIC,-101.0,-12.0,10.0,h11,3,1,3
2025.11.05,15.08.46,-90.120274,29.934137,-112,-14,30.0,0,0,I,PERIODIC,-101.0,-12.0,10.0,h11,3,1,3
2025.11.05,15.08.47,-90.120274,29.934137,-110,-14,35.0,8,7,D,PERIODIC,-102.0,-13.0,12.0,h11,3,1,3
2025.11.05,15.08.48,-90.120274,29.934137,-110,-14,35.0,0,0,D,PERIODIC,-102.0,-13.0,12.0,h11,3,1,3
2025.11.05,15.08.49,-90.120274,29.934137,-110,-14,35.0,0,0,I,PERIODIC,-102.0,-13.0,12.0,h11,3,1,3
2025.11.05,15.08.50,-90.120274,29.934137,-110,-14,35.0,0,0,D,PERIODIC,-102.0,-13.0,12.0,h11,3,1,3
2025.11.05,15.08.51,-90.120274,29.934137,-110,-14,35.0,0,0,I,PERIODIC,-102.0,-14.0,12.0,h11,3,1,3
2025.11.05,15.08.52,-90.120274,29.934137,-110,-14,35.0,0,0,I,PERIODIC,-102.0,-14.0,12.0,h11,3,1,3
2025.11.05,15.08.53,-90.120274,29.934137,-110,-13,4.0,0,0,I,PERIODIC,-102.0,-13.0,11.0,h11,3,1,3
2025.11.05,15.08.54,-90.120274,29.934137,-110,-13,4.0,0,0,I,PERIODIC,-102.0,-13.0,11.0,h11,3,1,3
2025.11.05,15.08.55,-90.120274,29.934137,-109,-13,40.0,0,0,I,PERIODIC,-103.0,-11.0,10.0,h11,3,1,3
2025.11.05,15.08.56,-90.120274,29.934137,-109,-13,40.0,0,0,I,PERIODIC,-103.0,-11.0,10.0,h11,3,1,3
2025.11.05,15.08.57,-90.120274,29.934137,-109,-13,40.0,0,0,I,PERIODIC,-103.0,-11.0,10.0,h11,3,1,3
2025.11.05,15.08.58,-90.120274,29.934137,-109,-13,40.0,0,0,I,PERIODIC,-104.0,-13.0,10.0,h11,3,1,3
2025.11.05,15.08.59,-90.120274,29.934137,-109,-13,40.0,18162,303,D,PERIODIC,-103.0,-13.0,10.0,h11,3,1,3
2025.11.05,15.09.00,-90.120274,29.934137,-109,-13,40.0,0,12,D,PERIODIC,-103.0,-13.0,10.0,h11,3,1,3
2025.11.05,15.09.01,-90.120274,29.934137,-111,-14,4.0,0,0,D,PERIODIC,-103.0,-14.0,11.0,h11,3,1,3
2025.11.05,15.09.02,-90.120274,29.934137,-111,-14,4.0,6,6,D,PERIODIC,-103.0,-14.0,11.0,h11,3,1,3
2025.11.05,15.09.03,-90.120274,29.934137,-113,-14,35.0,0,0,D,PERIODIC,-103.0,-13.0,11.0,h11,3,1,3
2025.11.05,15.09.04,-90.120274,29.934137,-113,-14,35.0,18018,2693,D,PERIODIC,-103.0,-13.0,11.0,h11,3,1,3
2025.11.05,15.09.05,-90.120274,29.934137,-113,-14,35.0,1,1,D,PERIODIC,-103.0,-13.0,11.0,h11,3,1,3
2025.11.05,15.09.06,-90.120274,29.934137,-113,-14,30.0,0,2,D,PERIODIC,-103.0,-13.0,11.0,h11,3,1,3
2025.11.05,15.09.07,-90.120274,29.934137,-113,-14,30.0,2,2,D,PERIODIC,-103.0,-13.0,11.0,h11,3,1,3
2025.11.05,15.09.08,-90.120274,29.934137,-113,-14,30.0,0,0,D,PERIODIC,-103.0,-13.0,11.0,h11,3,1,3
2025.11.05,15.09.09,-90.120274,29.934137,-113,-14,30.0,0,0,I,PERIODIC,-103.0,-13.0,11.0,h11,3,1,3
2025.11.05,15.09.10,-90.120274,29.934137,-113,-14,20.0,0,0,I,PERIODIC,-103.0,-14.0,11.0,h11,3,1,3
2025.11.05,15.09.11,-90.120274,29.934137,-113,-14,20.0,0,0,I,PERIODIC,-103.0,-14.0,11.0,h11,3,1,3
2025.11.05,15.09.12,-90.120274,29.934137,-113,-14,20.0,0,0,I,PERIODIC,-102.0,-13.0,11.0,h11,3,1,3
2025.11.05,15.09.13,-90.120274,29.934137,-113,-14,20.0,0,0,I,PERIODIC,-102.0,-13.0,11.0,h11,3,1,3
2025.11.05,15.09.14,-90.120274,29.934137,-113,-14,20.0,1,3,D,PERIODIC,-103.0,-13.0,11.0,h11,3,1,3
2025.11.05,15.09.15,-90.120274,29.934137,-113,-14,20.0,6,6,D,PERIODIC,-103.0,-13.0,11.0,h11,3,1,3
2025.11.05,15.09.16,-90.120274,29.934137,-113,-14,20.0,1,1,D,PERIODIC,-102.0,-13.0,11.0,h11,3,1,3
2025.11.05,15.09.17,-90.120274,29.934137,-113,-14,20.0,0,0,I,PERIODIC,-102.0,-13.0,11.0,h11,3,1,3
2025.11.05,15.09.18,-90.120274,29.934137,-113,-14,20.0,0,0,D,PERIODIC,-101.0,-14.0,11.0,h11,3,1,3
2025.11.05,15.09.19,-90.120274,29.934137,-113,-14,20.0,18095,1750,D,PERIODIC,-101.0,-14.0,11.0,h11,3,1,3
2025.11.05,15.09.20,-90.120274,29.934137,-113,-14,20.0,0,0,D,PERIODIC,-102.0,-14.0,11.0,h11,3,1,3
2025.11.05,15.09.21,-90.120274,29.934137,-113,-14,20.0,0,0,I,PERIODIC,-102.0,-14.0,11.0,h11,3,1,3
2025.11.05,15.09.22,-90.120274,29.934137,-113,-14,20.0,0,0,I,PERIODIC,-102.0,-13.0,11.0,h11,3,1,3
2025.11.05,15.09.23,-90.120274,29.934137,-113,-14,20.0,0,0,I,PERIODIC,-102.0,-13.0,11.0,h11,3,1,3
2025.11.05,15.09.24,-90.120274,29.934137,-111,-12,35.0,0,428,D,PERIODIC,-105.0,-13.0,13.0,h11,3,1,3
2025.11.05,15.09.25,-90.120274,29.934137,-111,-12,35.0,0,0,I,PERIODIC,-105.0,-13.0,13.0,h11,3,1,3
2025.11.05,15.09.26,-90.120274,29.934137,-111,-12,40.0,0,0,I,PERIODIC,-103.0,-13.0,11.0,h11,3,1,3
2025.11.05,15.09.27,-90.120274,29.934137,-111,-12,40.0,0,0,I,PERIODIC,-103.0,-13.0,11.0,h11,3,1,3
2025.11.05,15.09.28,-90.120274,29.934137,-111,-12,40.0,0,0,I,PERIODIC,-103.0,-12.0,11.0,h11,3,1,3
2025.11.05,15.09.29,-90.120274,29.934137,-111,-12,40.0,0,0,I,PERIODIC,-103.0,-12.0,11.0,h11,3,1,3
2025.11.05,15.09.30,-90.120274,29.934137,-109,-12,5.0,0,0,D,PERIODIC,-103.0,-13.0,11.0,h11,3,1,3
2025.11.05,15.09.31,-90.120274,29.934137,-109,-12,5.0,7,7,D,PERIODIC,-103.0,-13.0,11.0,h11,3,1,3
2025.11.05,15.09.32,-90.120274,29.934137,-109,-12,5.0,0,0,D,PERIODIC,-103.0,-13.0,11.0,h11,3,1,3
2025.11.05,15.09.33,-90.120274,29.934137,-109,-12,5.0,0,0,I,PERIODIC,-103.0,-13.0,11.0,h11,3,1,3
2025.11.05,15.09.34,-90.120274,29.934137,-109,-12,5.0,24789,921,D,PERIODIC,-102.0,-14.0,12.0,h11,3,1,3
2025.11.05,15.09.35,-90.120274,29.934137,-111,-12,5.0,0,0,I,PERIODIC,-101.0,-12.0,11.0,h11,3,1,3
2025.11.05,15.09.36,-90.120274,29.934137,-111,-12,4.0,0,0,I,PERIODIC,-101.0,-12.0,11.0,h11,3,1,3
2025.11.05,15.09.37,-90.120274,29.934137,-113,-12,5.0,0,0,I,PERIODIC,-103.0,-12.0,11.0,h11,3,1,3
2025.11.05,15.09.38,-90.120274,29.934137,-113,-12,5.0,0,0,I,PERIODIC,-103.0,-12.0,11.0,h11,3,1,3
2025.11.05,15.09.39,-90.120274,29.934137,-111,-13,35.0,0,0,I,PERIODIC,-103.0,-13.0,11.0,h11,3,1,3
2025.11.05,15.09.40,-90.120274,29.934137,-111,-13,35.0,0,0,I,PERIODIC,-103.0,-13.0,11.0,h11,3,1,3
2025.11.05,15.09.41,-90.120274,29.934137,-112,-12,4.0,0,0,D,PERIODIC,-104.0,-14.0,12.0,h11,3,1,3
2025.11.05,15.09.42,-90.120274,29.934137,-112,-12,4.0,0,2,D,PERIODIC,-104.0,-14.0,12.0,h11,3,1,3
2025.11.05,15.09.43,-90.120274,29.934137,-114,-13,40.0,2,2,D,PERIODIC,-104.0,-14.0,12.0,h11,3,1,3
2025.11.05,15.09.44,-90.120274,29.934137,-114,-13,40.0,9,7,D,PERIODIC,-104.0,-14.0,12.0,h11,3,1,3
2025.11.05,15.09.45,-90.120274,29.934137,-111,-14,35.0,0,0,D,PERIODIC,-102.0,-13.0,12.0,h11,3,1,3
2025.11.05,15.09.46,-90.120274,29.934137,-111,-14,35.0,3,3,D,PERIODIC,-102.0,-13.0,12.0,h11,3,1,3
2025.11.05,15.09.47,-90.120274,29.934137,-111,-14,35.0,0,0,I,PERIODIC,-105.0,-13.0,12.0,h11,3,1,3
2025.11.05,15.09.48,-90.120274,29.934137,-111,-14,35.0,0,0,I,PERIODIC,-105.0,-13.0,12.0,h11,3,1,3
2025.11.05,15.09.49,-90.120274,29.934137,-110,-14,35.0,31990,2224,D,PERIODIC,-103.0,-14.0,12.0,h11,3,1,3
2025.11.05,15.09.50,-90.120274,29.934137,-110,-14,35.0,0,0,I,PERIODIC,-103.0,-14.0,12.0,h11,3,1,3
2025.11.05,15.09.51,-90.120274,29.934137,-110,-14,35.0,0,0,I,PERIODIC,-103.0,-14.0,12.0,h11,3,1,3
2025.11.05,15.09.52,-90.120274,29.934137,-113,-15,25.0,0,0,I,PERIODIC,-105.0,-14.0,12.0,h11,3,1,3
2025.11.05,15.09.53,-90.120274,29.934137,-113,-15,25.0,0,0,I,PERIODIC,-104.0,-13.0,11.0,h11,3,1,3
2025.11.05,15.09.54,-90.120274,29.934137,-113,-15,25.0,0,0,I,PERIODIC,-104.0,-13.0,11.0,h11,3,1,3
2025.11.05,15.09.55,-90.120274,29.934137,-110,-14,25.0,0,0,I,PERIODIC,-104.0,-13.0,11.0,h11,3,1,3
2025.11.05,15.09.56,-90.120274,29.934137,-110,-14,25.0,0,0,I,PERIODIC,-104.0,-13.0,11.0,h11,3,1,3
2025.11.05,15.09.57,-90.120274,29.934137,-110,-14,25.0,0,0,I,PERIODIC,-104.0,-13.0,11.0,h11,3,1,3
2025.11.05,15.09.58,-90.120274,29.934137,-110,-14,35.0,0,0,I,PERIODIC,-102.0,-11.0,11.0,h11,3,1,3
2025.11.05,15.09.59,-90.120274,29.934137,-110,-14,35.0,1,3,D,PERIODIC,-102.0,-11.0,11.0,h11,3,1,3
2025.11.05,15.10.00,-90.120274,29.934137,-110,-14,35.0,6,3,D,PERIODIC,-105.0,-13.0,11.0,h11,3,1,3
2025.11.05,15.10.01,-90.120274,29.934137,-110,-14,35.0,3,3,D,PERIODIC,-105.0,-13.0,11.0,h11,3,1,3
2025.11.05,15.10.02,-90.120274,29.934137,-110,-14,10.0,0,3,D,PERIODIC,-105.0,-13.0,10.0,h11,3,1,3
2025.11.05,15.10.03,-90.120274,29.934137,-110,-14,10.0,0,0,I,PERIODIC,-105.0,-13.0,10.0,h11,3,1,3
2025.11.05,15.10.04,-90.120274,29.934137,-112,-15,10.0,2,2,D,PERIODIC,-105.0,-13.0,10.0,h11,3,1,3
2025.11.05,15.10.05,-90.120274,29.934137,-112,-15,10.0,2,2,D,PERIODIC,-105.0,-13.0,10.0,h11,3,1,3
2025.11.05,15.10.06,-90.120274,29.934137,-111,-14,25.0,0,0,D,PERIODIC,-104.0,-13.0,9.0,h11,3,1,3
2025.11.05,15.10.07,-90.120274,29.934137,-111,-14,25.0,0,0,D,PERIODIC,-104.0,-13.0,9.0,h11,3,1,3
2025.11.05,15.10.08,-90.120274,29.934137,-108,-14,25.0,0,0,I,PERIODIC,-104.0,-12.0,9.0,h11,3,1,3
2025.11.05,15.10.09,-90.120274,29.934137,-108,-14,25.0,13547,5339,D,PERIODIC,-104.0,-12.0,9.0,h11,3,1,3
2025.11.05,15.10.10,-90.120274,29.934137,-109,-14,40.0,0,0,D,PERIODIC,-104.0,-13.0,10.0,h11,3,1,3
2025.11.05,15.10.11,-90.120274,29.934137,-109,-14,40.0,0,0,I,PERIODIC,-104.0,-13.0,10.0,h11,3,1,3
2025.11.05,15.10.12,-90.120274,29.934137,-110,-14,30.0,0,0,I,PERIODIC,-103.0,-13.0,12.0,h11,3,1,3
2025.11.05,15.10.13,-90.120274,29.934137,-110,-14,30.0,0,2,D,PERIODIC,-103.0,-13.0,12.0,h11,3,1,3
2025.11.05,15.10.14,-90.120274,29.934137,-110,-14,30.0,5,2,D,PERIODIC,-104.0,-13.0,12.0,h11,3,1,3
2025.11.05,15.10.15,-90.120274,29.934137,-110,-14,30.0,0,0,D,PERIODIC,-104.0,-13.0,12.0,h11,3,1,3
2025.11.05,15.10.16,-90.120274,29.934137,-110,-15,35.0,0,0,D,PERIODIC,-104.0,-9.0,11.0,h11,3,1,3
2025.11.05,15.10.17,-90.120274,29.934137,-110,-15,35.0,0,0,D,PERIODIC,-104.0,-9.0,11.0,h11,3,1,3
2025.11.05,15.10.18,-90.120274,29.934137,-111,-15,5.0,0,0,I,PERIODIC,-103.0,-12.0,10.0,h11,3,1,3
2025.11.05,15.10.19,-90.120274,29.934137,-111,-15,3.0,0,0,I,PERIODIC,-103.0,-12.0,10.0,h11,3,1,3
2025.11.05,15.10.20,-90.120274,29.934137,-109,-14,40.0,0,1,D,PERIODIC,-103.0,-14.0,10.0,h11,3,1,3
2025.11.05,15.10.21,-90.120274,29.934137,-109,-14,40.0,0,0,I,PERIODIC,-103.0,-14.0,10.0,h11,3,1,3
2025.11.05,15.10.22,-90.120274,29.934137,-111,-14,5.0,0,0,I,PERIODIC,-104.0,-13.0,11.0,h11,3,1,3
2025.11.05,15.10.23,-90.120274,29.934137,-111,-14,4.0,0,0,I,PERIODIC,-104.0,-13.0,11.0,h11,3,1,3
2025.11.05,15.10.24,-90.120274,29.934137,-111,-15,4.0,7,7,D,PERIODIC,-104.0,-14.0,11.0,h11,3,1,3
2025.11.05,15.10.25,-90.120274,29.934137,-111,-15,4.0,0,0,I,PERIODIC,-104.0,-14.0,11.0,h11,3,1,3
2025.11.05,15.10.26,-90.120274,29.934137,-111,-15,40.0,0,0,I,PERIODIC,-104.0,-13.0,9.0,h11,3,1,3
2025.11.05,15.10.27,-90.120274,29.934137,-111,-15,40.0,0,0,I,PERIODIC,-104.0,-13.0,9.0,h11,3,1,3
2025.11.05,15.10.28,-90.120274,29.934137,-111,-15,40.0,0,0,I,PERIODIC,-104.0,-13.0,9.0,h11,3,1,3
2025.11.05,15.10.29,-90.120274,29.934137,-111,-15,40.0,0,1121,D,PERIODIC,-104.0,-13.0,9.0,h11,3,1,3
2025.11.05,15.10.30,-90.120274,29.934137,-111,-15,40.0,0,0,D,PERIODIC,-103.0,-14.0,9.0,h11,3,1,3
2025.11.05,15.10.31,-90.120274,29.934137,-111,-15,40.0,0,0,D,PERIODIC,-103.0,-14.0,9.0,h11,3,1,3
2025.11.05,15.10.32,-90.120274,29.934137,-114,-15,40.0,1,1,D,PERIODIC,-104.0,-14.0,9.0,h11,3,1,3
2025.11.05,15.10.33,-90.120274,29.934137,-114,-15,40.0,0,0,I,PERIODIC,-104.0,-14.0,9.0,h11,3,1,3
2025.11.05,15.10.34,-90.120274,29.934137,-114,-15,40.0,0,0,D,PERIODIC,-103.0,-14.0,10.0,h11,3,1,3
2025.11.05,15.10.35,-90.120274,29.934137,-114,-15,40.0,0,0,I,PERIODIC,-103.0,-14.0,10.0,h11,3,1,3
2025.11.05,15.10.36,-90.120274,29.934137,-112,-14,40.0,0,0,I,PERIODIC,-104.0,-13.0,10.0,h11,3,1,3
2025.11.05,15.10.37,-90.120274,29.934137,-112,-14,40.0,0,0,I,PERIODIC,-104.0,-13.0,10.0,h11,3,1,3
2025.11.05,15.10.38,-90.120274,29.934137,-112,-14,40.0,0,2,D,PERIODIC,-104.0,-13.0,10.0,h11,3,1,3
2025.11.05,15.10.39,-90.120274,29.934137,-112,-14,40.0,5,7,D,PERIODIC,-104.0,-13.0,10.0,h11,3,1,3
2025.11.05,15.10.40,-90.120274,29.934137,-112,-14,40.0,24,19,D,PERIODIC,-105.0,-14.0,10.0,h11,3,1,3
2025.11.05,15.10.41,-90.120274,29.934137,-112,-14,40.0,0,0,D,PERIODIC,-105.0,-14.0,10.0,h11,3,1,3
2025.11.05,15.10.42,-90.120274,29.934137,-111,-15,5.0,3,3,D,PERIODIC,-103.0,-14.0,10.0,h11,3,1,3
2025.11.05,15.10.43,-90.120274,29.934137,-111,-15,5.0,0,0,D,PERIODIC,-103.0,-14.0,10.0,h11,3,1,3
2025.11.05,15.10.44,-90.120274,29.934137,-111,-15,5.0,47850,2436,D,PERIODIC,-103.0,-14.0,10.0,h11,3,1,3
2025.11.05,15.10.45,-90.120274,29.934137,-110,-14,5.0,0,0,I,PERIODIC,-104.0,-14.0,9.0,h11,3,1,3
2025.11.05,15.10.46,-90.120274,29.934137,-110,-14,5.0,0,0,I,PERIODIC,-105.0,-12.0,9.0,h11,3,1,3
2025.11.05,15.10.47,-90.120274,29.934137,-110,-14,5.0,0,0,I,PERIODIC,-105.0,-12.0,9.0,h11,3,1,3
2025.11.05,15.10.48,-90.120274,29.934137,-110,-14,5.0,0,0,I,PERIODIC,-105.0,-13.0,9.0,h11,3,1,3
2025.11.05,15.10.49,-90.120274,29.934137,-110,-14,5.0,0,0,I,PERIODIC,-105.0,-13.0,9.0,h11,3,1,3
2025.11.05,15.10.50,-90.120274,29.934137,-110,-14,5.0,0,0,I,PERIODIC,-105.0,-13.0,9.0,h11,3,1,3
2025.11.05,15.10.51,-90.120274,29.934137,-110,-14,5.0,0,0,I,PERIODIC,-103.0,-13.0,9.0,h11,3,1,3
2025.11.05,15.10.52,-90.120274,29.934137,-111,-14,4.0,0,0,I,PERIODIC,-104.0,-12.0,10.0,h11,3,1,3
2025.11.05,15.10.53,-90.120274,29.934137,-111,-14,4.0,0,0,I,PERIODIC,-104.0,-12.0,10.0,h11,3,1,3
2025.11.05,15.10.54,-90.120274,29.934137,-110,-14,35.0,1,1,D,PERIODIC,-104.0,-13.0,10.0,h11,3,1,3
2025.11.05,15.10.55,-90.120274,29.934137,-110,-14,35.0,0,0,I,PERIODIC,-104.0,-13.0,10.0,h11,3,1,3
2025.11.05,15.10.56,-90.120274,29.934137,-110,-14,35.0,0,0,I,PERIODIC,-104.0,-13.0,10.0,h11,3,1,3
2025.11.05,15.10.57,-90.120274,29.934137,-109,-13,40.0,0,0,I,PERIODIC,-103.0,-13.0,10.0,h11,3,1,3
2025.11.05,15.10.58,-90.120274,29.934137,-109,-13,40.0,0,0,I,PERIODIC,-103.0,-13.0,10.0,h11,3,1,3
2025.11.05,15.10.59,-90.120274,29.934137,-109,-13,40.0,0,0,D,PERIODIC,-103.0,-13.0,10.0,h11,3,1,3
2025.11.05,15.11.00,-90.120274,29.934137,-109,-13,40.0,7,9,D,PERIODIC,-103.0,-14.0,10.0,h11,3,1,3
2025.11.05,15.11.01,-90.120274,29.934137,-109,-13,40.0,0,0,D,PERIODIC,-103.0,-14.0,10.0,h11,3,1,3
2025.11.05,15.11.02,-90.120274,29.934137,-109,-13,40.0,0,0,I,PERIODIC,-103.0,-14.0,10.0,h11,3,1,3
2025.11.05,15.11.03,-90.120274,29.934137,-109,-13,40.0,0,4,D,PERIODIC,-103.0,-13.0,10.0,h11,3,1,3
2025.11.05,15.11.04,-90.120274,29.934137,-109,-13,40.0,6,6,D,PERIODIC,-104.0,-14.0,10.0,h11,3,1,3
2025.11.05,15.11.05,-90.120274,29.934137,-109,-13,40.0,1,1,D,PERIODIC,-104.0,-14.0,10.0,h11,3,1,3
2025.11.05,15.11.06,-90.120274,29.934137,-109,-13,40.0,5,5,D,PERIODIC,-104.0,-13.0,10.0,h11,3,1,3
2025.11.05,15.11.07,-90.120274,29.934137,-109,-13,40.0,3,3,D,PERIODIC,-104.0,-13.0,10.0,h11,3,1,3
2025.11.05,15.11.08,-90.120274,29.934137,-109,-13,35.0,0,0,I,PERIODIC,-105.0,-13.0,10.0,h11,3,1,3
2025.11.05,15.11.09,-90.120274,29.934137,-109,-13,35.0,0,1,D,PERIODIC,-105.0,-13.0,10.0,h11,3,1,3
2025.11.05,15.11.10,-90.120274,29.934137,-109,-12,40.0,1,1,D,PERIODIC,-103.0,-13.0,10.0,h11,3,1,3
2025.11.05,15.11.11,-90.120274,29.934137,-109,-12,40.0,0,0,I,PERIODIC,-103.0,-13.0,10.0,h11,3,1,3
2025.11.05,15.11.12,-90.120274,29.934137,-111,-13,4.0,0,0,D,PERIODIC,-102.0,-13.0,12.0,h11,3,1,3
2025.11.05,15.11.13,-90.120274,29.934137,-111,-13,3.0,0,0,I,PERIODIC,-102.0,-13.0,12.0,h11,3,1,3
2025.11.05,15.11.14,-90.120274,29.934137,-112,-14,35.0,1,1,D,PERIODIC,-103.0,-14.0,12.0,h11,3,1,3
2025.11.05,15.11.15,-90.120274,29.934137,-112,-14,35.0,0,0,I,PERIODIC,-103.0,-14.0,12.0,h11,3,1,3
2025.11.05,15.11.16,-90.120274,29.934137,-112,-14,35.0,0,1,D,PERIODIC,-103.0,-14.0,12.0,h11,3,1,3
2025.11.05,15.11.17,-90.120274,29.934137,-113,-15,4.0,0,0,D,PERIODIC,-102.0,-13.0,12.0,h11,3,1,3
2025.11.05,15.11.18,-90.120274,29.934137,-113,-15,3.0,0,0,I,PERIODIC,-102.0,-13.0,12.0,h11,3,1,3
2025.11.05,15.11.19,-90.120274,29.934137,-113,-15,35.0,0,0,I,PERIODIC,-103.0,-13.0,12.0,h11,3,1,3
2025.11.05,15.11.20,-90.120274,29.934137,-113,-15,35.0,0,0,I,PERIODIC,-103.0,-13.0,12.0,h11,3,1,3
2025.11.05,15.11.21,-90.120274,29.934137,-113,-15,35.0,0,0,I,PERIODIC,-102.0,-14.0,12.0,h11,3,1,3
2025.11.05,15.11.22,-90.120274,29.934137,-113,-15,35.0,0,0,I,PERIODIC,-102.0,-14.0,12.0,h11,3,1,3
2025.11.05,15.11.23,-90.120274,29.934137,-112,-14,35.0,0,0,I,PERIODIC,-102.0,-13.0,12.0,h11,3,1,3
2025.11.05,15.11.24,-90.120274,29.934137,-112,-14,35.0,0,0,I,PERIODIC,-102.0,-13.0,12.0,h11,3,1,3
2025.11.05,15.11.25,-90.120274,29.934137,-110,-14,10.0,0,0,I,IRAT_CELL_RESELECTION_5G4G,,,,h11,3,1,3
2025.11.05,15.11.26,-90.120274,29.934137,-110,-14,10.0,0,0,I,PERIODIC,,,,h11,3,1,3
2025.11.05,15.11.27,-90.120274,29.934137,-110,-14,8.0,0,0,I,PERIODIC,,,,h11,3,1,3
2025.12.16,15.14.13,-90.120269,29.934137,-113,-14,15.0,0,0,I,LOG START,-109.0,-12.0,8.0,y3,3,1,3
2025.12.16,15.14.13,-90.120269,29.934137,-113,-14,15.0,0,0,I,PERIODIC,-109.0,-12.0,8.0,y3,3,1,3
2025.12.16,15.14.14,-90.120269,29.934139,-113,-14,15.0,0,0,I,,-109.0,-12.0,8.0,y3,3,1,3
2025.12.16,15.14.14,-90.120269,29.934139,-113,-14,15.0,0,0,D,PERIODIC,-109.0,-12.0,8.0,y3,3,1,3
2025.12.16,15.14.15,-90.120269,29.934139,-111,-12,8.0,0,0,I,IRAT_CELL_RESELECTION_5G4G,,,,y3,3,1,3
2025.12.16,15.14.16,-90.120269,29.934139,-111,-12,8.0,0,0,I,PERIODIC,,,,y3,3,1,3
2025.12.16,15.14.17,-90.120269,29.934139,-112,-12,5.0,0,0,D,PERIODIC,,,,y3,3,1,3
2025.12.16,15.14.18,-90.120269,29.934139,-111,-14,4.0,5,0,D,PERIODIC,,,,y3,3,1,3
2025.12.16,15.14.19,-90.120269,29.934139,-111,-14,4.0,0,0,D,PERIODIC,,,,y3,3,1,3
2025.12.16,15.14.20,-90.120269,29.934139,-111,-14,4.0,6,6,D,PERIODIC,,,,y3,3,1,3
2025.12.16,15.14.21,-90.120269,29.934139,-111,-12,5.0,5,5,D,PERIODIC,,,,y3,3,1,3
2025.12.16,15.14.22,-90.120269,29.934139,-111,-12,5.0,0,0,D,PERIODIC,,,,y3,3,1,3
2025.12.16,15.14.23,-90.120269,29.934139,-110,-12,6.0,0,0,I,PERIODIC,,,,y3,3,1,3
2025.12.16,15.14.24,-90.120269,29.934139,-110,-12,6.0,0,0,I,PERIODIC,,,,y3,3,1,3
2025.12.16,15.14.25,-90.120269,29.934139,-112,-14,7.0,9,12,D,PERIODIC,,,,y3,3,1,3
2025.12.16,15.14.26,-90.120269,29.934139,-109,-14,-,4,4,D,PERIODIC,-112.0,-14.0,7.0,y3,3,1,3
2025.12.16,15.14.26,-90.120269,29.934139,-109,-14,-,4,4,D,,-112.0,-14.0,7.0,y3,3,1,3
2025.12.16,15.14.27,-90.120269,29.934139,-109,-14,-5.0,1,2,D,IRAT_HANDOVER_DATA_4G5G,-109.0,-14.0,7.0,y3,3,1,3
2025.12.16,15.14.28,-90.120269,29.934139,-109,-14,-5.0,9,9,D,PERIODIC,-109.0,-14.0,7.0,y3,3,1,3
2025.12.16,15.14.29,-90.120269,29.934139,-109,-14,-5.0,0,0,I,PERIODIC,-109.0,-14.0,7.0,y3,3,1,3
2025.12.16,15.14.30,-90.120269,29.934139,-111,-14,10.0,0,0,I,PERIODIC,-109.0,-13.0,7.0,y3,3,1,3
2025.12.16,15.14.31,-90.120269,29.934139,-110,-15,0.0,0,0,I,PERIODIC,-109.0,-13.0,7.0,y3,3,1,3
2025.12.16,15.14.32,-90.120269,29.934139,-110,-15,0.0,0,2,D,PERIODIC,-109.0,-13.0,7.0,y3,3,1,3
2025.12.16,15.14.33,-90.120269,29.934139,-112,-14,0.0,0,0,I,PERIODIC,-109.0,-14.0,4.0,y3,3,1,3
2025.12.16,15.14.34,-90.120269,29.934139,-112,-14,0.0,0,0,I,PERIODIC,-109.0,-14.0,4.0,y3,3,1,3
2025.12.16,15.14.35,-90.120269,29.934139,-112,-15,-10.0,0,0,I,PERIODIC,-109.0,-14.0,5.0,y3,3,1,3
2025.12.16,15.14.36,-90.120269,29.934139,-112,-15,-10.0,0,0,D,PERIODIC,-109.0,-14.0,5.0,y3,3,1,3
2025.12.16,15.14.37,-90.120269,29.934139,-112,-15,-10.0,1,1,D,PERIODIC,-109.0,-14.0,5.0,y3,3,1,3
2025.12.16,15.14.38,-90.120269,29.934139,-112,-15,-10.0,0,3,D,PERIODIC,-109.0,-14.0,5.0,y3,3,1,3
2025.12.16,15.14.39,-90.120269,29.934139,-112,-15,-10.0,1,1,D,PERIODIC,-110.0,-14.0,5.0,y3,3,1,3
2025.12.16,15.14.40,-90.120269,29.934139,-112,-15,-10.0,1,1,D,PERIODIC,-110.0,-14.0,5.0,y3,3,1,3
2025.12.16,15.14.41,-90.120269,29.934139,-112,-15,-10.0,7,11,D,PERIODIC,-110.0,-14.0,5.0,y3,3,1,3
2025.12.16,15.14.42,-90.120269,29.934139,-112,-15,-10.0,0,0,D,PERIODIC,-109.0,-13.0,5.0,y3,3,1,3
2025.12.16,15.14.43,-90.120269,29.934139,-110,-15,-15.0,24,25,D,HANDOVER_DATA_5G5G,-110.0,-14.0,6.0,y3,3,1,3
2025.12.16,15.14.44,-90.120269,29.934139,-110,-15,-15.0,0,0,I,PERIODIC,-110.0,-14.0,6.0,y3,3,1,3
2025.12.16,15.14.45,-90.120269,29.934139,-110,-15,-15.0,9770,7095,D,PERIODIC,-108.0,-14.0,4.0,y3,3,1,3
2025.12.16,15.14.46,-90.120269,29.934139,-110,-15,-15.0,6,6,D,PERIODIC,-108.0,-14.0,4.0,y3,3,1,3
2025.12.16,15.14.47,-90.120269,29.934139,-112,-16,-20.0,4,4,D,PERIODIC,-108.0,-14.0,8.0,y3,3,1,3
2025.12.16,15.14.48,-90.120269,29.934139,-112,-16,-20.0,0,0,I,PERIODIC,-108.0,-14.0,8.0,y3,3,1,3
2025.12.16,15.14.49,-90.120269,29.934139,-112,-16,-20.0,0,0,I,PERIODIC,-108.0,-14.0,8.0,y3,3,1,3
2025.12.16,15.14.50,-90.120269,29.934139,-112,-16,-20.0,29702,550,D,PERIODIC,-108.0,-14.0,8.0,y3,3,1,3
2025.12.16,15.14.51,-90.120269,29.934139,-112,-16,-2.0,2,2,D,PERIODIC,-108.0,-14.0,7.0,y3,3,1,3
2025.12.16,15.14.52,-90.120269,29.934139,-112,-16,-2.0,0,0,I,PERIODIC,-108.0,-14.0,7.0,y3,3,1,3
2025.12.16,15.14.53,-90.120269,29.934139,-110,-15,-2.0,2,2,D,PERIODIC,-108.0,-14.0,7.0,y3,3,1,3
2025.12.16,15.14.54,-90.120269,29.934139,-110,-15,-1.0,0,0,D,PERIODIC,-108.0,-14.0,7.0,y3,3,1,3
2025.12.16,15.14.55,-90.120269,29.934139,-108,-14,-15.0,50349,599,D,PERIODIC,-108.0,-14.0,7.0,y3,3,1,3
2025.12.16,15.14.56,-90.120269,29.934139,-108,-14,-15.0,3,3,D,PERIODIC,-108.0,-14.0,7.0,y3,3,1,3
2025.12.16,15.14.57,-90.120269,29.934139,-114,-12,5.0,2,2,D,HANDOVER_DATA_5G5G,-108.0,-11.0,6.0,y3,3,1,3
2025.12.16,15.14.58,-90.120269,29.934139,-114,-12,5.0,2,2,D,PERIODIC,-108.0,-11.0,6.0,y3,3,1,3
2025.12.16,15.14.59,-90.120269,29.934139,-114,-12,5.0,0,0,I,PERIODIC,-107.0,-13.0,6.0,y3,3,1,3
2025.12.16,15.15.00,-90.120269,29.934139,-114,-12,5.0,47096,2186,D,PERIODIC,-107.0,-13.0,6.0,y3,3,1,3
2025.12.16,15.15.01,-90.120269,29.934139,-114,-12,5.0,0,0,I,PERIODIC,-108.0,-13.0,9.0,y3,3,1,3
2025.12.16,15.15.02,-90.120269,29.934139,-114,-12,5.0,0,0,D,PERIODIC,-108.0,-13.0,9.0,y3,3,1,3
2025.12.16,15.15.03,-90.120269,29.934139,-114,-12,5.0,12,15,D,PERIODIC,-108.0,-14.0,9.0,y3,3,1,3
2025.12.16,15.15.04,-90.120269,29.934139,-114,-12,5.0,0,0,I,PERIODIC,-108.0,-14.0,9.0,y3,3,1,3
2025.12.16,15.15.05,-90.120269,29.934139,-114,-12,5.0,62530,617,D,PERIODIC,-108.0,-14.0,9.0,y3,3,1,3
2025.12.16,15.15.06,-90.120269,29.934139,-114,-12,5.0,0,0,I,PERIODIC,-108.0,-14.0,9.0,y3,3,1,3
2025.12.16,15.15.07,-90.120269,29.934139,-117,-13,40.0,0,0,I,PERIODIC,-107.0,-12.0,6.0,y3,3,1,3
2025.12.16,15.15.08,-90.120269,29.934139,-117,-13,40.0,0,0,I,PERIODIC,-107.0,-12.0,6.0,y3,3,1,3
2025.12.16,15.15.09,-90.120269,29.934139,-115,-12,6.0,0,0,I,PERIODIC,-107.0,-12.0,7.0,y3,3,1,3
2025.12.16,15.15.10,-90.120269,29.934139,-115,-12,6.0,28686,290,D,PERIODIC,-107.0,-12.0,7.0,y3,3,1,3
2025.12.16,15.15.11,-90.120269,29.934139,-115,-12,6.0,2,2,D,PERIODIC,-107.0,-12.0,7.0,y3,3,1,3
2025.12.16,15.15.12,-90.120269,29.934139,-115,-12,6.0,0,0,I,PERIODIC,-107.0,-14.0,7.0,y3,3,1,3
2025.12.16,15.15.13,-90.120269,29.934139,-115,-12,6.0,0,0,I,PERIODIC,-107.0,-11.0,7.0,y3,3,1,3
2025.12.16,15.15.14,-90.120269,29.934139,-115,-12,6.0,0,0,I,PERIODIC,-107.0,-11.0,7.0,y3,3,1,3
2025.12.16,15.15.15,-90.120269,29.934139,-115,-12,6.0,0,0,I,PERIODIC,-107.0,-13.0,7.0,y3,3,1,3
2025.12.16,15.15.16,-90.120269,29.934139,-115,-12,6.0,0,0,I,PERIODIC,-107.0,-13.0,7.0,y3,3,1,3
2025.12.16,15.15.17,-90.120269,29.934139,-115,-12,6.0,7,5,D,PERIODIC,-107.0,-13.0,7.0,y3,3,1,3
2025.12.16,15.15.18,-90.120269,29.934139,-115,-12,6.0,0,0,I,PERIODIC,-107.0,-11.0,7.0,y3,3,1,3
2025.12.16,15.15.19,-90.120269,29.934139,-115,-12,6.0,0,0,I,PERIODIC,-107.0,-12.0,7.0,y3,3,1,3
2025.12.16,15.15.20,-90.120269,29.934139,-115,-12,8.0,74129,718,D,PERIODIC,-107.0,-12.0,7.0,y3,3,1,3
2025.12.16,15.15.21,-90.120269,29.934139,-115,-12,4.0,0,0,I,PERIODIC,-107.0,-13.0,8.0,y3,3,1,3
2025.12.16,15.15.22,-90.120269,29.934139,-115,-12,4.0,0,0,I,PERIODIC,-107.0,-13.0,8.0,y3,3,1,3
2025.12.16,15.15.23,-90.120269,29.934139,-115,-12,4.0,0,0,I,PERIODIC,-107.0,-13.0,8.0,y3,3,1,3
2025.12.16,15.15.24,-90.120269,29.934139,-115,-12,4.0,0,0,I,PERIODIC,-107.0,-13.0,8.0,y3,3,1,3
2025.12.16,15.15.25,-90.120269,29.934139,-113,-12,8.0,36088,353,D,PERIODIC,-107.0,-13.0,8.0,y3,3,1,3
2025.12.16,15.15.26,-90.120269,29.934139,-113,-12,4.0,0,0,D,PERIODIC,-107.0,-13.0,8.0,y3,3,1,3
2025.12.16,15.15.27,-90.120269,29.934139,-117,-13,35.0,4,4,D,PERIODIC,-108.0,-11.0,8.0,y3,3,1,3
2025.12.16,15.15.28,-90.120269,29.934139,-117,-13,35.0,0,0,I,PERIODIC,-108.0,-11.0,8.0,y3,3,1,3
2025.12.16,15.15.29,-90.120269,29.934139,-114,-12,6.0,0,0,I,PERIODIC,-108.0,-12.0,7.0,y3,3,1,3
2025.12.16,15.15.30,-90.120269,29.934139,-114,-12,6.0,64212,3310,D,PERIODIC,-108.0,-12.0,7.0,y3,3,1,3
2025.12.16,15.15.31,-90.120269,29.934139,-116,-12,5.0,0,0,I,PERIODIC,-107.0,-12.0,8.0,y3,3,1,3
2025.12.16,15.15.32,-90.120269,29.934139,-116,-12,5.0,7,8,D,PERIODIC,-107.0,-12.0,8.0,y3,3,1,3
2025.12.16,15.15.33,-90.120269,29.934139,-116,-12,5.0,0,0,D,PERIODIC,-107.0,-13.0,8.0,y3,3,1,3
2025.12.16,15.15.34,-90.120269,29.934139,-116,-12,5.0,0,0,I,PERIODIC,-107.0,-13.0,8.0,y3,3,1,3
2025.12.16,15.15.35,-90.120269,29.934139,-115,-12,6.0,72115,578,D,PERIODIC,-108.0,-13.0,6.0,y3,3,1,3
2025.12.16,15.15.36,-90.120269,29.934139,-115,-12,6.0,4,4,D,PERIODIC,-108.0,-13.0,6.0,y3,3,1,3
2025.12.16,15.15.37,-90.120269,29.934139,-115,-12,6.0,0,0,I,PERIODIC,-106.0,-11.0,6.0,y3,3,1,3
2025.12.16,15.15.38,-90.120269,29.934139,-115,-12,6.0,5,5,D,PERIODIC,-106.0,-11.0,6.0,y3,3,1,3
2025.12.16,15.15.39,-90.120269,29.934139,-112,-12,8.0,0,0,I,PERIODIC,-106.0,-10.0,9.0,y3,3,1,3
2025.12.16,15.15.40,-90.120269,29.934139,-112,-12,8.0,75235,1062,D,PERIODIC,-106.0,-10.0,9.0,y3,3,1,3
2025.12.16,15.15.41,-90.120269,29.934139,-112,-12,8.0,0,0,I,PERIODIC,-107.0,-12.0,9.0,y3,3,1,3
2025.12.16,15.15.42,-90.120269,29.934139,-112,-12,6.0,0,0,I,PERIODIC,-107.0,-12.0,9.0,y3,3,1,3
2025.12.16,15.15.43,-90.120269,29.934139,-112,-12,7.0,1,1,D,PERIODIC,-107.0,-12.0,9.0,y3,3,1,3
2025.12.16,15.15.44,-90.120269,29.934139,-114,-12,7.0,11,13,D,PERIODIC,-107.0,-13.0,8.0,y3,3,1,3
2025.12.16,15.15.45,-90.120269,29.934139,-114,-12,7.0,0,0,D,PERIODIC,-107.0,-13.0,8.0,y3,3,1,3
2025.12.16,15.15.46,-90.120269,29.934139,-114,-12,7.0,0,0,I,PERIODIC,-108.0,-13.0,8.0,y3,3,1,3
2025.12.16,15.15.47,-90.120269,29.934139,-114,-12,7.0,2,2,D,PERIODIC,-108.0,-13.0,8.0,y3,3,1,3
2025.12.16,15.15.48,-90.120269,29.934139,-114,-12,7.0,0,0,I,PERIODIC,-108.0,-13.0,6.0,y3,3,1,3
2025.12.16,15.15.49,-90.120269,29.934139,-114,-12,8.0,0,0,I,PERIODIC,-108.0,-13.0,6.0,y3,3,1,3
2025.12.16,15.15.50,-90.120269,29.934139,-112,-12,8.0,0,0,I,PERIODIC,-107.0,-10.0,8.0,y3,3,1,3
2025.12.16,15.15.51,-90.120269,29.934139,-112,-12,8.0,0,0,I,PERIODIC,-107.0,-10.0,8.0,y3,3,1,3
2025.12.16,15.15.52,-90.120269,29.934139,-113,-12,8.0,1,1,D,PERIODIC,-107.0,-11.0,9.0,y3,3,1,3
2025.12.16,15.15.53,-90.120269,29.934139,-113,-12,8.0,1,1,D,PERIODIC,-107.0,-11.0,9.0,y3,3,1,3
2025.12.16,15.15.54,-90.120269,29.934139,-113,-12,8.0,0,0,I,PERIODIC,-107.0,-12.0,9.0,y3,3,1,3
2025.12.16,15.15.55,-90.120269,29.934139,-113,-12,8.0,72930,1015,D,PERIODIC,-107.0,-12.0,9.0,y3,3,1,3
2025.12.16,15.15.56,-90.120269,29.934139,-114,-12,8.0,6,5,D,PERIODIC,-107.0,-13.0,9.0,y3,3,1,3
2025.12.16,15.15.57,-90.120269,29.934139,-114,-12,8.0,0,0,I,PERIODIC,-107.0,-13.0,9.0,y3,3,1,3
2025.12.16,15.15.58,-90.120269,29.934139,-114,-12,8.0,0,0,I,PERIODIC,-107.0,-12.0,9.0,y3,3,1,3
2025.12.16,15.15.59,-90.120269,29.934139,-114,-12,8.0,0,0,I,PERIODIC,-107.0,-12.0,9.0,y3,3,1,3
2025.12.16,15.16.00,-90.120269,29.934139,-114,-12,8.0,62277,895,D,PERIODIC,-107.0,-11.0,9.0,y3,3,1,3
2025.12.16,15.16.01,-90.120269,29.934139,-114,-12,8.0,0,0,I,PERIODIC,-107.0,-11.0,9.0,y3,3,1,3
2025.12.16,15.16.02,-90.120269,29.934139,-113,-11,8.0,0,2,D,PERIODIC,-107.0,-13.0,7.0,y3,3,1,3
2025.12.16,15.16.03,-90.120269,29.934139,-113,-11,8.0,0,0,I,PERIODIC,-107.0,-13.0,7.0,y3,3,1,3
2025.12.16,15.16.04,-90.120269,29.934139,-113,-11,8.0,0,0,I,PERIODIC,-108.0,-15.0,7.0,y3,3,1,3
2025.12.16,15.16.05,-90.120269,29.934139,-113,-11,8.0,73778,587,D,PERIODIC,-108.0,-15.0,7.0,y3,3,1,3
2025.12.16,15.16.06,-90.120269,29.934139,-113,-11,8.0,0,0,I,PERIODIC,-107.0,-14.0,7.0,y3,3,1,3
2025.12.16,15.16.07,-90.120269,29.934139,-113,-11,8.0,0,0,I,PERIODIC,-107.0,-14.0,7.0,y3,3,1,3
2025.12.16,15.16.08,-90.120269,29.934139,-113,-11,8.0,0,0,I,PERIODIC,-107.0,-13.0,7.0,y3,3,1,3
2025.12.16,15.16.09,-90.120269,29.934139,-113,-11,8.0,0,0,I,PERIODIC,-107.0,-13.0,7.0,y3,3,1,3
2025.12.16,15.16.11,-90.120269,29.934139,-113,-11,8.0,0,0,I,PERIODIC,-108.0,-13.0,7.0,y3,3,1,3
2025.12.16,15.16.11,-90.120269,29.934139,-113,-11,8.0,0,0,D,PERIODIC,-108.0,-13.0,7.0,y3,3,1,3
2025.12.16,15.16.12,-90.120269,29.934139,-113,-11,8.0,0,0,I,PERIODIC,-108.0,-13.0,7.0,y3,3,1,3
2025.12.16,15.16.13,-90.120269,29.934139,-113,-11,8.0,0,0,I,PERIODIC,-108.0,-13.0,7.0,y3,3,1,3
2025.12.16,15.16.15,-90.120269,29.934139,-113,-11,8.0,0,0,I,PERIODIC,-108.0,-14.0,7.0,y3,3,1,3
2025.12.16,15.16.16,-90.120269,29.934139,-113,-11,8.0,36113,354,D,PERIODIC,-108.0,-14.0,7.0,y3,3,1,3
2025.12.16,15.16.17,-90.120269,29.934139,-113,-11,8.0,0,0,I,PERIODIC,-108.0,-14.0,7.0,y3,3,1,3
2025.12.16,15.16.18,-90.120269,29.934139,-113,-11,8.0,7,10,D,PERIODIC,-108.0,-14.0,7.0,y3,3,1,3
2025.12.16,15.16.19,-90.120269,29.934139,-113,-11,8.0,0,0,I,PERIODIC,-107.0,-12.0,7.0,y3,3,1,3
2025.12.16,15.16.20,-90.120269,29.934139,-113,-11,8.0,0,0,I,PERIODIC,-107.0,-12.0,7.0,y3,3,1,3
2025.12.16,15.16.21,-90.120269,29.934139,-113,-11,8.0,0,490,D,PERIODIC,-108.0,-13.0,7.0,y3,3,1,3
2025.12.16,15.16.22,-90.120269,29.934139,-113,-11,8.0,0,0,I,PERIODIC,-108.0,-13.0,7.0,y3,3,1,3
2025.12.16,15.16.23,-90.120269,29.934139,-113,-11,8.0,1,1,D,PERIODIC,-107.0,-12.0,7.0,y3,3,1,3
2025.12.16,15.16.24,-90.120269,29.934139,-113,-11,8.0,0,0,I,PERIODIC,-107.0,-12.0,7.0,y3,3,1,3
2025.12.16,15.16.25,-90.120269,29.934139,-116,-12,4.0,0,0,I,PERIODIC,-107.0,-13.0,5.0,y3,3,1,3
2025.12.16,15.16.26,-90.120269,29.934139,-116,-12,9.0,0,495,D,PERIODIC,-107.0,-13.0,5.0,y3,3,1,3
2025.12.16,15.16.27,-90.120269,29.934139,-113,-11,9.0,0,0,D,PERIODIC,-107.0,-13.0,6.0,y3,3,1,3
2025.12.16,15.16.28,-90.120269,29.934139,-113,-11,9.0,3,0,D,PERIODIC,-107.0,-13.0,6.0,y3,3,1,3
2025.12.16,15.16.29,-90.120269,29.934139,-113,-11,9.0,3,3,D,PERIODIC,-107.0,-12.0,6.0,y3,3,1,3
2025.12.16,15.16.30,-90.120293,29.93409,-113,-11,9.0,0,0,I,PERIODIC,-107.0,-12.0,6.0,y3,3,1,3
2025.12.16,15.16.31,-90.120293,29.93409,-113,-11,9.0,58975,3942,D,PERIODIC,-107.0,-11.0,6.0,y3,3,1,3
2025.12.16,15.16.32,-90.120293,29.93409,-113,-11,9.0,0,0,D,PERIODIC,-107.0,-11.0,6.0,y3,3,1,3
2025.12.16,15.16.33,-90.120293,29.93409,-113,-11,9.0,7,9,D,PERIODIC,-108.0,-11.0,6.0,y3,3,1,3
2025.12.16,15.16.34,-90.120293,29.93409,-113,-11,9.0,0,0,D,PERIODIC,-108.0,-11.0,6.0,y3,3,1,3
2025.12.16,15.16.35,-90.120293,29.93409,-113,-11,9.0,4,0,D,PERIODIC,-107.0,-12.0,6.0,y3,3,1,3
2025.12.16,15.16.36,-90.120293,29.93409,-113,-11,9.0,78660,627,D,PERIODIC,-107.0,-12.0,6.0,y3,3,1,3
2025.12.16,15.16.37,-90.120293,29.93409,-112,-12,7.0,0,0,D,PERIODIC,-107.0,-14.0,9.0,y3,3,1,3
2025.12.16,15.16.38,-90.120293,29.93409,-112,-12,8.0,1,1,D,PERIODIC,-107.0,-14.0,9.0,y3,3,1,3
2025.12.16,15.16.39,-90.120293,29.93409,-113,-12,8.0,3,3,D,PERIODIC,-107.0,-12.0,8.0,y3,3,1,3
2025.12.16,15.16.40,-90.120293,29.93409,-113,-12,8.0,0,0,I,PERIODIC,-107.0,-12.0,8.0,y3,3,1,3
2025.12.16,15.16.41,-90.120293,29.93409,-113,-12,7.0,55394,872,D,PERIODIC,-108.0,-11.0,8.0,y3,3,1,3
2025.12.16,15.16.42,-90.120293,29.93409,-113,-12,7.0,0,0,I,PERIODIC,-108.0,-11.0,8.0,y3,3,1,3
2025.12.16,15.16.43,-90.120293,29.93409,-111,-12,8.0,0,0,I,PERIODIC,-107.0,-13.0,9.0,y3,3,1,3
2025.12.16,15.16.44,-90.120293,29.93409,-111,-12,8.0,0,0,I,PERIODIC,-107.0,-13.0,9.0,y3,3,1,3
2025.12.16,15.16.45,-90.120293,29.93409,-111,-12,8.0,0,0,I,PERIODIC,-107.0,-13.0,9.0,y3,3,1,3
2025.12.16,15.16.46,-90.120293,29.93409,-111,-12,8.0,51641,470,D,PERIODIC,-107.0,-13.0,9.0,y3,3,1,3
2025.12.16,15.16.47,-90.120293,29.93409,-111,-12,8.0,0,1,D,PERIODIC,-107.0,-13.0,9.0,y3,3,1,3
2025.12.16,15.16.48,-90.120293,29.93409,-111,-12,8.0,0,0,D,PERIODIC,-107.0,-13.0,9.0,y3,3,1,3
2025.12.16,15.16.49,-90.120293,29.93409,-111,-11,9.0,3,3,D,PERIODIC,-106.0,-12.0,8.0,y3,3,1,3
2025.12.16,15.16.50,-90.120293,29.93409,-111,-11,9.0,0,0,I,PERIODIC,-106.0,-12.0,8.0,y3,3,1,3
2025.12.16,15.16.51,-90.120293,29.93409,-111,-11,9.0,72122,611,D,PERIODIC,-107.0,-12.0,8.0,y3,3,1,3
2025.12.16,15.16.52,-90.120293,29.93409,-111,-11,9.0,0,0,D,PERIODIC,-107.0,-12.0,8.0,y3,3,1,3
2025.12.16,15.16.53,-90.120293,29.93409,-111,-11,9.0,0,0,D,PERIODIC,-107.0,-12.0,8.0,y3,3,1,3
2025.12.16,15.16.54,-90.120293,29.93409,-111,-11,9.0,0,0,I,PERIODIC,-107.0,-12.0,8.0,y3,3,1,3
2025.12.16,15.16.55,-90.120293,29.93409,-112,-11,9.0,0,0,I,PERIODIC,-107.0,-13.0,8.0,y3,3,1,3
2025.12.16,15.16.56,-90.120293,29.93409,-112,-11,9.0,72153,652,D,PERIODIC,-107.0,-13.0,8.0,y3,3,1,3
2025.12.16,15.16.57,-90.120293,29.93409,-112,-12,8.0,28,31,D,PERIODIC,-107.0,-12.0,7.0,y3,3,1,3
2025.12.16,15.16.58,-90.120293,29.93409,-112,-12,8.0,0,0,D,PERIODIC,-107.0,-12.0,7.0,y3,3,1,3
2025.12.16,15.16.59,-90.120293,29.93409,-112,-12,8.0,3,2,D,PERIODIC,-107.0,-12.0,7.0,y3,3,1,3
2025.12.16,15.17.00,-90.120293,29.93409,-112,-12,8.0,0,0,I,PERIODIC,-107.0,-12.0,7.0,y3,3,1,3
2025.12.16,15.17.01,-90.120293,29.93409,-111,-11,10.0,42454,1277,D,PERIODIC,-106.0,-11.0,8.0,y3,3,1,3
2025.12.16,15.17.02,-90.120293,29.93409,-111,-11,10.0,0,0,D,PERIODIC,-106.0,-11.0,8.0,y3,3,1,3
2025.12.16,15.17.03,-90.120293,29.93409,-111,-11,10.0,4,4,D,PERIODIC,-106.0,-12.0,8.0,y3,3,1,3
2025.12.16,15.17.04,-90.120293,29.93409,-111,-11,5.0,0,0,I,PERIODIC,-106.0,-12.0,8.0,y3,3,1,3
2025.12.16,15.17.05,-90.120293,29.93409,-115,-12,5.0,0,0,I,PERIODIC,-106.0,-14.0,8.0,y3,3,1,3
2025.12.16,15.17.06,-90.120293,29.93409,-115,-12,6.0,0,0,I,PERIODIC,-106.0,-14.0,8.0,y3,3,1,3
2025.12.16,15.17.07,-90.120293,29.93409,-115,-12,6.0,94790,742,D,PERIODIC,-106.0,-14.0,8.0,y3,3,1,3
2025.12.16,15.17.08,-90.120293,29.93409,-115,-12,6.0,0,0,D,PERIODIC,-106.0,-14.0,8.0,y3,3,1,3
2025.12.16,15.17.09,-90.120293,29.93409,-115,-12,6.0,0,0,I,PERIODIC,-107.0,-13.0,8.0,y3,3,1,3
2025.12.16,15.17.10,-90.120293,29.93409,-115,-12,6.0,0,0,I,PERIODIC,-107.0,-13.0,8.0,y3,3,1,3
2025.12.16,15.17.11,-90.120293,29.93409,-115,-12,6.0,74207,595,D,PERIODIC,-106.0,-13.0,8.0,y3,3,1,3
2025.12.16,15.17.12,-90.120293,29.93409,-115,-12,6.0,9,8,D,PERIODIC,-106.0,-13.0,8.0,y3,3,1,3
2025.12.16,15.17.13,-90.120293,29.93409,-115,-12,6.0,0,5,D,PERIODIC,-107.0,-13.0,8.0,y3,3,1,3
2025.12.16,15.17.14,-90.120293,29.93409,-115,-12,6.0,0,0,I,PERIODIC,-107.0,-13.0,8.0,y3,3,1,3
2025.12.16,15.17.15,-90.120293,29.93409,-115,-12,6.0,0,0,D,PERIODIC,-107.0,-14.0,8.0,y3,3,1,3
2025.12.16,15.17.16,-90.120293,29.93409,-115,-12,5.0,58477,567,D,PERIODIC,-107.0,-14.0,8.0,y3,3,1,3
2025.12.16,15.17.17,-90.120293,29.93409,-116,-12,5.0,0,0,D,PERIODIC,-107.0,-15.0,6.0,y3,3,1,3
2025.12.16,15.17.18,-90.120293,29.93409,-116,-12,5.0,0,0,D,PERIODIC,-107.0,-15.0,6.0,y3,3,1,3
2025.12.16,15.17.19,-90.120293,29.93409,-116,-12,5.0,4,4,D,PERIODIC,-107.0,-15.0,6.0,y3,3,1,3
2025.12.16,15.17.20,-90.120293,29.93409,-116,-12,5.0,0,0,I,PERIODIC,-107.0,-13.0,6.0,y3,3,1,3
2025.12.16,15.17.21,-90.120293,29.93409,-116,-12,5.0,0,339,D,PERIODIC,-106.0,-13.0,6.0,y3,3,1,3
2025.12.16,15.17.22,-90.120293,29.93409,-116,-12,5.0,0,0,D,PERIODIC,-106.0,-13.0,6.0,y3,3,1,3
2025.12.16,15.17.23,-90.120293,29.93409,-116,-12,5.0,16,9,D,PERIODIC,-107.0,-13.0,6.0,y3,3,1,3
2025.12.16,15.17.24,-90.120293,29.93409,-116,-12,5.0,0,0,I,PERIODIC,-107.0,-13.0,6.0,y3,3,1,3
2025.12.16,15.17.25,-90.120293,29.93409,-116,-12,5.0,0,0,I,PERIODIC,-107.0,-14.0,6.0,y3,3,1,3
2025.12.16,15.17.26,-90.120293,29.93409,-116,-12,7.0,6,6,D,PERIODIC,-107.0,-14.0,6.0,y3,3,1,3
2025.12.16,15.17.27,-90.120293,29.93409,-116,-12,7.0,2,2,D,PERIODIC,-107.0,-14.0,6.0,y3,3,1,3
2025.12.16,15.17.28,-90.120293,29.93409,-115,-12,7.0,5,5,D,PERIODIC,-106.0,-14.0,8.0,y3,3,1,3
2025.12.16,15.17.29,-90.120293,29.93409,-115,-12,7.0,0,3,D,PERIODIC,-107.0,-14.0,8.0,y3,3,1,3
2025.12.16,15.17.30,-90.120293,29.93409,-115,-12,7.0,0,0,D,PERIODIC,-107.0,-14.0,8.0,y3,3,1,3
2025.12.16,15.17.31,-90.120293,29.93409,-115,-12,7.0,36530,3650,D,PERIODIC,-107.0,-12.0,8.0,y3,3,1,3
2025.12.16,15.17.32,-90.120293,29.93409,-115,-12,7.0,0,0,D,PERIODIC,-107.0,-12.0,8.0,y3,3,1,3
2025.12.16,15.17.33,-90.120293,29.93409,-115,-12,7.0,3,3,D,PERIODIC,-107.0,-13.0,8.0,y3,3,1,3
2025.12.16,15.17.34,-90.120293,29.93409,-115,-12,7.0,0,0,I,PERIODIC,-107.0,-13.0,8.0,y3,3,1,3
2025.12.16,15.17.35,-90.120293,29.93409,-115,-12,7.0,0,0,I,PERIODIC,-107.0,-14.0,8.0,y3,3,1,3
2025.12.16,15.17.36,-90.120293,29.93409,-115,-12,7.0,36094,337,D,PERIODIC,-107.0,-14.0,8.0,y3,3,1,3
2025.12.16,15.17.37,-90.120293,29.93409,-115,-12,7.0,0,0,D,PERIODIC,-107.0,-13.0,8.0,y3,3,1,3
2025.12.16,15.17.38,-90.120293,29.93409,-115,-12,7.0,1,1,D,PERIODIC,-107.0,-13.0,8.0,y3,3,1,3
2025.12.16,15.17.39,-90.120293,29.93409,-118,-13,30.0,2,2,D,PERIODIC,-108.0,-14.0,9.0,y3,3,1,3
2025.12.16,15.17.40,-90.120293,29.93409,-118,-13,30.0,0,0,I,PERIODIC,-108.0,-14.0,9.0,y3,3,1,3
2025.12.16,15.17.41,-90.120293,29.93409,-110,-16,35.0,0,0,D,HANDOVER_DATA_5G5G,-108.0,-14.0,8.0,y3,3,1,3
2025.12.16,15.17.42,-90.120293,29.93409,-110,-16,35.0,40979,464,D,PERIODIC,-108.0,-14.0,8.0,y3,3,1,3
2025.12.16,15.17.43,-90.120293,29.93409,-110,-15,-15.0,0,0,I,PERIODIC,-108.0,-13.0,8.0,y3,3,1,3
2025.12.16,15.17.44,-90.120293,29.93409,-110,-15,-15.0,0,0,I,PERIODIC,-108.0,-13.0,8.0,y3,3,1,3
2025.12.16,15.17.45,-90.120293,29.93409,-110,-15,-15.0,9,8,D,PERIODIC,-108.0,-14.0,6.0,y3,3,1,3
2025.12.16,15.17.46,-90.120293,29.93409,-110,-15,-15.0,7,3,D,PERIODIC,-108.0,-14.0,6.0,y3,3,1,3
2025.12.16,15.17.47,-90.120293,29.93409,-110,-15,-15.0,0,0,D,PERIODIC,-108.0,-14.0,6.0,y3,3,1,3
2025.12.16,15.17.48,-90.120293,29.93409,-110,-15,-15.0,0,0,D,PERIODIC,-108.0,-14.0,6.0,y3,3,1,3
2025.12.16,15.17.49,-90.120293,29.93409,-110,-15,-15.0,1,1,D,PERIODIC,-108.0,-14.0,6.0,y3,3,1,3
2025.12.16,15.17.50,-90.120293,29.93409,-110,-15,-15.0,0,0,D,PERIODIC,-109.0,-13.0,6.0,y3,3,1,3
2025.12.16,15.17.51,-90.120293,29.93409,-110,-15,-15.0,0,0,D,PERIODIC,-109.0,-13.0,6.0,y3,3,1,3
2025.12.16,15.17.52,-90.120293,29.93409,-110,-15,-15.0,37442,1,D,PERIODIC,-108.0,-12.0,6.0,y3,3,1,3
2025.12.16,15.17.53,-90.120293,29.93409,-110,-15,-15.0,0,0,D,PERIODIC,-108.0,-12.0,6.0,y3,3,1,3
2025.12.16,15.17.54,-90.120293,29.93409,-110,-16,-2.0,2,0,D,PERIODIC,-108.0,-13.0,8.0,y3,3,1,3
2025.12.16,15.17.55,-90.120293,29.93409,-110,-16,-2.0,0,0,I,PERIODIC,-108.0,-13.0,8.0,y3,3,1,3
2025.12.16,15.17.56,-90.120293,29.93409,-108,-14,-20.0,64651,631,D,HANDOVER_DATA_5G5G,-109.0,-13.0,8.0,y3,3,1,3
2025.12.16,15.17.57,-90.120293,29.93409,-108,-14,-20.0,5,5,D,PERIODIC,-109.0,-13.0,8.0,y3,3,1,3
2025.12.16,15.17.58,-90.120293,29.93409,-108,-14,-20.0,2,2,D,PERIODIC,-108.0,-13.0,8.0,y3,3,1,3
2025.12.16,15.17.59,-90.120293,29.93409,-108,-14,-20.0,0,0,I,PERIODIC,-108.0,-13.0,8.0,y3,3,1,3
2025.12.16,15.18.00,-90.120293,29.93409,-113,-12,7.0,1,1,D,CELL_RESELECTION_5G5G,-107.0,-13.0,7.0,y3,3,1,3
2025.12.16,15.18.01,-90.120293,29.93409,-113,-12,7.0,33905,1161,D,PERIODIC,-107.0,-13.0,7.0,y3,3,1,3
2025.12.16,15.18.02,-90.120293,29.93409,-113,-12,7.0,0,0,D,PERIODIC,-108.0,-12.0,7.0,y3,3,1,3
2025.12.16,15.18.03,-90.120293,29.93409,-113,-12,7.0,1,1,D,PERIODIC,-108.0,-12.0,7.0,y3,3,1,3
2025.12.16,15.18.04,-90.120293,29.93409,-113,-12,7.0,0,0,I,PERIODIC,-107.0,-11.0,7.0,y3,3,1,3
2025.12.16,15.18.05,-90.120293,29.93409,-113,-12,10.0,0,0,I,PERIODIC,-107.0,-11.0,7.0,y3,3,1,3
2025.12.16,15.18.06,-90.120293,29.93409,-112,-11,9.0,38015,356,D,PERIODIC,-107.0,-12.0,7.0,y3,3,1,3
2025.12.16,15.18.07,-90.120293,29.93409,-112,-11,9.0,0,0,I,PERIODIC,-107.0,-12.0,7.0,y3,3,1,3
2025.12.16,15.18.08,-90.120293,29.93409,-112,-11,9.0,1,1,D,PERIODIC,-107.0,-12.0,7.0,y3,3,1,3
2025.12.16,15.18.09,-90.120293,29.93409,-112,-11,9.0,0,0,I,PERIODIC,-107.0,-12.0,7.0,y3,3,1,3
2025.12.16,15.18.10,-90.120293,29.93409,-112,-11,9.0,0,0,I,PERIODIC,-108.0,-13.0,7.0,y3,3,1,3
2025.12.16,15.18.11,-90.120293,29.93409,-112,-11,8.0,0,0,I,PERIODIC,-108.0,-13.0,7.0,y3,3,1,3
2025.12.16,15.18.12,-90.120293,29.93409,-114,-12,8.0,0,0,I,PERIODIC,-107.0,-13.0,8.0,y3,3,1,3
2025.12.16,15.18.13,-90.120293,29.93409,-114,-12,8.0,0,0,I,PERIODIC,-107.0,-13.0,8.0,y3,3,1,3
2025.12.16,15.18.14,-90.120293,29.93409,-114,-12,8.0,0,0,I,PERIODIC,-108.0,-12.0,8.0,y3,3,1,3
2025.12.16,15.18.15,-90.120293,29.93409,-114,-12,8.0,0,0,I,PERIODIC,-108.0,-12.0,8.0,y3,3,1,3
2025.12.16,15.18.16,-90.120293,29.93409,-114,-12,8.0,0,0,I,PERIODIC,-108.0,-14.0,8.0,y3,3,1,3
2025.12.16,15.18.17,-90.120293,29.93409,-114,-12,8.0,0,0,D,PERIODIC,-108.0,-14.0,8.0,y3,3,1,3
2025.12.16,15.18.18,-90.120253,29.93418,-114,-12,8.0,8,11,D,PERIODIC,-108.0,-13.0,8.0,y3,3,1,3
2025.12.16,15.18.19,-90.120253,29.93418,-114,-12,8.0,0,0,D,PERIODIC,-108.0,-13.0,8.0,y3,3,1,3
2025.12.16,15.18.20,-90.120253,29.93418,-114,-12,8.0,0,0,I,PERIODIC,-108.0,-13.0,8.0,y3,3,1,3
2025.12.16,15.18.21,-90.120253,29.93418,-114,-12,8.0,0,0,I,PERIODIC,-108.0,-13.0,8.0,y3,3,1,3
2025.12.16,15.18.22,-90.120253,29.93418,-114,-12,8.0,0,0,I,PERIODIC,-107.0,-12.0,8.0,y3,3,1,3
2025.12.16,15.18.23,-90.120253,29.93418,-114,-12,8.0,0,0,I,PERIODIC,-107.0,-12.0,8.0,y3,3,1,3
2025.12.16,15.18.24,-90.120253,29.93418,-114,-12,8.0,1,0,D,PERIODIC,-107.0,-13.0,8.0,y3,3,1,3
2025.12.16,15.18.25,-90.120253,29.93418,-114,-12,8.0,0,0,I,PERIODIC,-107.0,-13.0,8.0,y3,3,1,3
2025.12.16,15.18.26,-90.120253,29.93418,-114,-12,8.0,0,0,I,PERIODIC,-107.0,-13.0,8.0,y3,3,1,3
2025.12.16,15.18.27,-90.120253,29.93418,-114,-12,8.0,8,8,D,PERIODIC,-107.0,-13.0,8.0,y3,3,1,3
2025.12.16,15.18.28,-90.120253,29.93418,-114,-12,8.0,2,2,D,PERIODIC,-107.0,-13.0,8.0,y3,3,1,3
2025.12.16,15.18.29,-90.120253,29.93418,-114,-12,8.0,0,0,I,PERIODIC,-107.0,-13.0,8.0,y3,3,1,3
2025.12.16,15.18.30,-90.120253,29.93418,-114,-12,8.0,0,0,I,PERIODIC,-107.0,-13.0,8.0,y3,3,1,3
2025.12.16,15.18.31,-90.120253,29.93418,-114,-12,8.0,0,0,I,PERIODIC,-108.0,-13.0,8.0,y3,3,1,3
2025.12.16,15.18.32,-90.120253,29.93418,-114,-12,8.0,0,2,D,PERIODIC,-108.0,-13.0,8.0,y3,3,1,3
2025.12.16,15.18.33,-90.120253,29.93418,-114,-12,8.0,18,16,D,PERIODIC,-108.0,-13.0,8.0,y3,3,1,3
2025.12.16,15.18.34,-90.120253,29.93418,-114,-12,8.0,0,0,I,PERIODIC,-107.0,-13.0,8.0,y3,3,1,3
2025.12.16,15.18.35,-90.120253,29.93418,-114,-12,8.0,0,0,I,PERIODIC,-107.0,-13.0,8.0,y3,3,1,3
2025.12.16,15.18.36,-90.120253,29.93418,-114,-12,8.0,0,0,I,PERIODIC,-107.0,-13.0,8.0,y3,3,1,3
2025.12.16,15.18.37,-90.120253,29.93418,-114,-12,8.0,0,0,I,PERIODIC,-107.0,-13.0,8.0,y3,3,1,3
2025.12.16,15.18.38,-90.120253,29.93418,-114,-12,8.0,1,1,D,PERIODIC,-107.0,-12.0,8.0,y3,3,1,3
2025.12.16,15.18.39,-90.120253,29.93418,-114,-12,8.0,3,3,D,PERIODIC,-107.0,-12.0,8.0,y3,3,1,3
2025.12.16,15.18.40,-90.120253,29.93418,-114,-12,8.0,0,0,I,PERIODIC,-107.0,-12.0,8.0,y3,3,1,3
2025.12.16,15.18.41,-90.120253,29.93418,-114,-12,8.0,0,0,I,PERIODIC,-106.0,-12.0,8.0,y3,3,1,3
2025.12.16,15.18.42,-90.120253,29.93418,-112,-14,15.0,0,0,I,CELL_RESELECTION_5G5G,-110.0,-14.0,8.0,y3,3,1,3
2025.12.16,15.18.43,-90.120253,29.93418,-112,-14,15.0,0,0,I,PERIODIC,-110.0,-14.0,8.0,y3,3,1,3
2025.12.16,15.18.44,-90.120253,29.93418,-111,-14,35.0,0,0,I,PERIODIC,-111.0,-12.0,7.0,y3,3,1,3
2025.12.16,15.09.28,-90.120269,29.934135,-110,-13,30.0,1,1,D,LOG START,-109.0,-12.0,9.0,y2,3,1,3
2025.12.16,15.09.29,-90.120269,29.934135,-110,-13,35.0,2,2,D,PERIODIC,-108.0,-12.0,8.0,y2,3,1,3
2025.12.16,15.09.30,-90.120269,29.934135,-110,-13,35.0,3,3,D,PERIODIC,-108.0,-12.0,8.0,y2,3,1,3
2025.12.16,15.09.31,-90.120269,29.934135,-110,-13,35.0,0,0,I,PERIODIC,-108.0,-12.0,8.0,y2,3,1,3
2025.12.16,15.09.32,-90.120269,29.934135,-110,-13,20.0,0,0,D,PERIODIC,-107.0,-12.0,9.0,y2,3,1,3
2025.12.16,15.09.33,-90.120269,29.934135,-110,-13,20.0,1,1,D,PERIODIC,-107.0,-12.0,9.0,y2,3,1,3
2025.12.16,15.09.34,-90.120269,29.934135,-110,-13,20.0,0,0,D,PERIODIC,-107.0,-12.0,9.0,y2,3,1,3
2025.12.16,15.09.35,-90.120269,29.934135,-108,-14,15.0,3,2,D,PERIODIC,-107.0,-13.0,7.0,y2,3,1,3
2025.12.16,15.09.36,-90.120269,29.934135,-107,-13,15.0,0,0,D,PERIODIC,-107.0,-12.0,8.0,y2,3,1,3
2025.12.16,15.09.37,-90.120269,29.934135,-107,-13,15.0,0,0,D,PERIODIC,-107.0,-12.0,8.0,y2,3,1,3
2025.12.16,15.09.38,-90.120269,29.934135,-113,-12,-5.0,12,13,D,HANDOVER_DATA_5G5G,-107.0,-12.0,7.0,y2,3,1,3
2025.12.16,15.09.39,-90.120269,29.934135,-113,-12,-5.0,0,3,D,PERIODIC,-107.0,-12.0,7.0,y2,3,1,3
2025.12.16,15.09.40,-90.120269,29.934135,-114,-12,7.0,5,5,D,PERIODIC,-107.0,-12.0,9.0,y2,3,1,3
2025.12.16,15.09.41,-90.120269,29.934135,-114,-12,7.0,9,10,D,PERIODIC,-107.0,-12.0,9.0,y2,3,1,3
2025.12.16,15.09.42,-90.120269,29.934135,-114,-12,7.0,0,0,I,PERIODIC,-108.0,-12.0,9.0,y2,3,1,3
2025.12.16,15.09.43,-90.120269,29.934135,-114,-12,7.0,0,0,I,PERIODIC,-108.0,-12.0,9.0,y2,3,1,3
2025.12.16,15.09.44,-90.120269,29.934135,-114,-12,7.0,0,0,I,PERIODIC,-108.0,-11.0,9.0,y2,3,1,3
2025.12.16,15.09.45,-90.120269,29.934135,-114,-12,7.0,0,0,I,PERIODIC,-108.0,-11.0,9.0,y2,3,1,3
2025.12.16,15.09.46,-90.120269,29.934135,-114,-12,7.0,0,0,I,PERIODIC,-108.0,-11.0,9.0,y2,3,1,3
2025.12.16,15.09.47,-90.120269,29.934135,-114,-12,7.0,3,3,D,PERIODIC,-108.0,-12.0,9.0,y2,3,1,3
2025.12.16,15.09.48,-90.120269,29.934135,-114,-12,7.0,1,1,D,PERIODIC,-108.0,-12.0,9.0,y2,3,1,3
2025.12.16,15.09.49,-90.120269,29.934135,-114,-12,7.0,0,0,I,PERIODIC,-107.0,-12.0,9.0,y2,3,1,3
2025.12.16,15.09.50,-90.120269,29.934135,-114,-12,5.0,0,0,I,PERIODIC,-107.0,-12.0,9.0,y2,3,1,3
2025.12.16,15.09.51,-90.120269,29.934135,-116,-12,5.0,0,0,I,PERIODIC,-107.0,-12.0,7.0,y2,3,1,3
2025.12.16,15.09.52,-90.120269,29.934135,-116,-12,5.0,6,8,D,PERIODIC,-107.0,-12.0,7.0,y2,3,1,3
2025.12.16,15.09.53,-90.120269,29.934135,-117,-12,5.0,0,0,D,PERIODIC,-107.0,-12.0,8.0,y2,3,1,3
2025.12.16,15.09.54,-90.120269,29.934135,-117,-12,6.0,0,0,I,PERIODIC,-107.0,-12.0,8.0,y2,3,1,3
2025.12.16,15.09.55,-90.120269,29.934135,-115,-12,6.0,0,0,I,PERIODIC,-108.0,-13.0,9.0,y2,3,1,3
2025.12.16,15.09.56,-90.120269,29.934135,-115,-12,6.0,5,5,D,PERIODIC,-108.0,-13.0,9.0,y2,3,1,3
2025.12.16,15.09.57,-90.120269,29.934135,-115,-12,6.0,0,0,D,PERIODIC,-107.0,-11.0,9.0,y2,3,1,3
2025.12.16,15.09.58,-90.120269,29.934135,-115,-12,6.0,0,0,I,PERIODIC,-107.0,-11.0,9.0,y2,3,1,3
2025.12.16,15.09.59,-90.120269,29.934135,-115,-12,6.0,0,0,I,PERIODIC,-107.0,-13.0,9.0,y2,3,1,3
2025.12.16,15.10.00,-90.120269,29.934135,-115,-12,4.0,0,0,I,PERIODIC,-107.0,-13.0,9.0,y2,3,1,3
2025.12.16,15.10.01,-90.120269,29.934135,-115,-12,5.0,0,0,I,PERIODIC,-107.0,-13.0,8.0,y2,3,1,3
2025.12.16,15.10.02,-90.120269,29.934135,-115,-12,5.0,0,0,D,PERIODIC,-107.0,-13.0,8.0,y2,3,1,3
2025.12.16,15.10.03,-90.120269,29.934135,-115,-12,5.0,0,0,D,PERIODIC,-107.0,-14.0,8.0,y2,3,1,3
2025.12.16,15.10.04,-90.120269,29.934135,-115,-12,5.0,8,13,D,PERIODIC,-107.0,-14.0,8.0,y2,3,1,3
2025.12.16,15.10.05,-90.120269,29.934135,-115,-12,5.0,13,13,D,PERIODIC,-106.0,-12.0,8.0,y2,3,1,3
2025.12.16,15.10.06,-90.120269,29.934135,-115,-12,5.0,0,0,D,PERIODIC,-106.0,-12.0,8.0,y2,3,1,3
2025.12.16,15.10.07,-90.120269,29.934135,-115,-12,5.0,15,16,D,PERIODIC,-105.0,-12.0,8.0,y2,3,1,3
2025.12.16,15.10.08,-90.120269,29.934135,-115,-12,5.0,0,0,I,PERIODIC,-105.0,-12.0,8.0,y2,3,1,3
2025.12.16,15.10.09,-90.120269,29.934135,-115,-12,5.0,0,0,I,PERIODIC,-105.0,-13.0,8.0,y2,3,1,3
2025.12.16,15.10.10,-90.120269,29.934135,-115,-12,5.0,49416,9186,D,PERIODIC,-105.0,-13.0,8.0,y2,3,1,3
2025.12.16,15.10.11,-90.120269,29.934135,-115,-12,5.0,4,4,D,PERIODIC,-106.0,-13.0,8.0,y2,3,1,3
2025.12.16,15.10.12,-90.120269,29.934135,-115,-12,6.0,2,2,D,PERIODIC,-106.0,-13.0,8.0,y2,3,1,3
2025.12.16,15.10.13,-90.120269,29.934135,-117,-12,40.0,1,1,D,PERIODIC,-105.0,-13.0,9.0,y2,3,1,3
2025.12.16,15.10.14,-90.120269,29.934135,-117,-12,40.0,59,59,D,PERIODIC,-105.0,-13.0,9.0,y2,3,1,3
2025.12.16,15.10.15,-90.120269,29.934135,-115,-12,40.0,0,1343,D,PERIODIC,-106.0,-12.0,9.0,y2,3,1,3
2025.12.16,15.10.16,-90.120269,29.934135,-115,-12,40.0,0,0,I,PERIODIC,-106.0,-12.0,9.0,y2,3,1,3
2025.12.16,15.10.17,-90.120269,29.934135,-115,-12,40.0,5,6,D,PERIODIC,-106.0,-12.0,9.0,y2,3,1,3
2025.12.16,15.10.18,-90.120269,29.934135,-115,-12,40.0,1,1,D,PERIODIC,-106.0,-12.0,9.0,y2,3,1,3
2025.12.16,15.10.19,-90.12028,29.934111,-115,-12,40.0,1,1,D,,-106.0,-12.0,9.0,y2,3,1,3
2025.12.16,15.10.19,-90.12028,29.934111,-115,-12,40.0,0,0,D,PERIODIC,-106.0,-12.0,9.0,y2,3,1,3
2025.12.16,15.10.20,-90.12028,29.934111,-115,-12,40.0,0,0,D,PERIODIC,-106.0,-12.0,9.0,y2,3,1,3
2025.12.16,15.10.21,-90.12028,29.934111,-115,-12,40.0,0,4,D,PERIODIC,-106.0,-13.0,9.0,y2,3,1,3
2025.12.16,15.10.22,-90.12028,29.934111,-115,-12,40.0,0,1,D,PERIODIC,-106.0,-13.0,9.0,y2,3,1,3
2025.12.16,15.10.23,-90.12028,29.934111,-115,-12,40.0,0,0,D,PERIODIC,-105.0,-13.0,9.0,y2,3,1,3
2025.12.16,15.10.24,-90.12028,29.934111,-115,-12,40.0,0,0,I,PERIODIC,-105.0,-13.0,9.0,y2,3,1,3
2025.12.16,15.10.25,-90.12028,29.934111,-115,-12,40.0,39157,473,D,PERIODIC,-105.0,-12.0,9.0,y2,3,1,3
2025.12.16,15.10.26,-90.12028,29.934111,-115,-12,40.0,0,6,D,PERIODIC,-105.0,-12.0,9.0,y2,3,1,3
2025.12.16,15.10.27,-90.12028,29.934111,-115,-12,40.0,0,0,D,PERIODIC,-105.0,-13.0,9.0,y2,3,1,3
2025.12.16,15.10.28,-90.12028,29.934111,-115,-12,40.0,3,3,D,PERIODIC,-105.0,-13.0,9.0,y2,3,1,3
2025.12.16,15.10.29,-90.12028,29.934111,-115,-12,40.0,0,0,I,PERIODIC,-106.0,-12.0,9.0,y2,3,1,3
2025.12.16,15.10.30,-90.12028,29.934111,-115,-12,40.0,105111,4185,D,PERIODIC,-106.0,-12.0,9.0,y2,3,1,3
2025.12.16,15.10.31,-90.12028,29.934111,-115,-12,40.0,0,0,I,PERIODIC,-106.0,-13.0,9.0,y2,3,1,3
2025.12.16,15.10.32,-90.12028,29.934111,-115,-12,40.0,7,9,D,PERIODIC,-106.0,-13.0,9.0,y2,3,1,3
2025.12.16,15.10.33,-90.12028,29.934111,-115,-12,40.0,0,0,D,PERIODIC,-107.0,-14.0,9.0,y2,3,1,3
2025.12.16,15.10.34,-90.12028,29.934111,-115,-12,40.0,0,0,I,PERIODIC,-107.0,-14.0,9.0,y2,3,1,3
2025.12.16,15.10.35,-90.12028,29.934111,-113,-12,7.0,0,0,D,PERIODIC,-107.0,-12.0,7.0,y2,3,1,3
2025.12.16,15.10.36,-90.12028,29.934111,-113,-12,7.0,0,0,D,PERIODIC,-107.0,-12.0,7.0,y2,3,1,3
2025.12.16,15.10.37,-90.12028,29.934111,-113,-12,6.0,0,0,D,PERIODIC,-107.0,-12.0,8.0,y2,3,1,3
2025.12.16,15.10.38,-90.12028,29.934111,-113,-12,3.0,0,4,D,PERIODIC,-107.0,-12.0,8.0,y2,3,1,3
2025.12.16,15.10.39,-90.12028,29.934111,-117,-13,35.0,0,0,I,PERIODIC,-108.0,-10.0,9.0,y2,3,1,3
2025.12.16,15.10.40,-90.12028,29.934111,-117,-13,35.0,111489,1308,D,PERIODIC,-108.0,-10.0,9.0,y2,3,1,3
2025.12.16,15.10.41,-90.12028,29.934111,-115,-12,4.0,0,0,D,PERIODIC,-108.0,-12.0,6.0,y2,3,1,3
2025.12.16,15.10.42,-90.12028,29.934111,-115,-12,4.0,0,0,I,PERIODIC,-108.0,-12.0,6.0,y2,3,1,3
2025.12.16,15.10.43,-90.12028,29.934111,-115,-12,4.0,0,0,I,PERIODIC,-107.0,-13.0,6.0,y2,3,1,3
2025.12.16,15.10.44,-90.12028,29.934111,-115,-12,6.0,0,0,I,PERIODIC,-107.0,-13.0,6.0,y2,3,1,3
2025.12.16,15.10.45,-90.12028,29.934111,-115,-12,6.0,110542,895,D,PERIODIC,-108.0,-13.0,8.0,y2,3,1,3
2025.12.16,15.10.46,-90.12028,29.934111,-115,-12,6.0,0,0,D,PERIODIC,-108.0,-13.0,8.0,y2,3,1,3
2025.12.16,15.10.47,-90.12028,29.934111,-113,-12,6.0,7,5,D,PERIODIC,-108.0,-12.0,7.0,y2,3,1,3
2025.12.16,15.10.48,-90.12028,29.934111,-113,-12,6.0,0,0,I,PERIODIC,-108.0,-12.0,7.0,y2,3,1,3
2025.12.16,15.10.49,-90.12028,29.934111,-113,-12,6.0,1,1,D,PERIODIC,-107.0,-12.0,7.0,y2,3,1,3
2025.12.16,15.10.50,-90.12028,29.934111,-113,-12,6.0,71508,772,D,PERIODIC,-107.0,-12.0,7.0,y2,3,1,3
2025.12.16,15.10.51,-90.12028,29.934111,-113,-12,6.0,1,1,D,PERIODIC,-107.0,-14.0,10.0,y2,3,1,3
2025.12.16,15.10.52,-90.12028,29.934111,-113,-12,1.0,0,0,I,PERIODIC,-107.0,-14.0,10.0,y2,3,1,3
2025.12.16,15.10.53,-90.12028,29.934111,-111,-16,-2.0,0,0,I,HANDOVER_DATA_5G5G,-106.0,-13.0,8.0,y2,3,1,3
2025.12.16,15.10.54,-90.12028,29.934111,-111,-16,-2.0,0,0,I,PERIODIC,-106.0,-13.0,8.0,y2,3,1,3
2025.12.16,15.10.55,-90.12028,29.934111,-116,-12,4.0,0,689,D,HANDOVER_DATA_5G5G,-106.0,-13.0,9.0,y2,3,1,3
2025.12.16,15.10.56,-90.12028,29.934111,-116,-12,4.0,3,3,D,PERIODIC,-106.0,-13.0,9.0,y2,3,1,3
2025.12.16,15.10.57,-90.12028,29.934111,-115,-13,40.0,0,0,D,PERIODIC,-107.0,-12.0,8.0,y2,3,1,3
2025.12.16,15.10.58,-90.12028,29.934111,-115,-13,40.0,0,0,I,PERIODIC,-107.0,-12.0,8.0,y2,3,1,3
2025.12.16,15.10.59,-90.12028,29.934111,-116,-13,5.0,0,0,I,PERIODIC,-107.0,-12.0,8.0,y2,3,1,3
2025.12.16,15.11.00,-90.12028,29.934111,-116,-13,4.0,0,0,D,PERIODIC,-107.0,-12.0,8.0,y2,3,1,3
2025.12.16,15.11.01,-90.12028,29.934111,-116,-13,4.0,122445,0,D,PERIODIC,-106.0,-13.0,7.0,y2,3,1,3
2025.12.16,15.11.02,-90.12028,29.934111,-116,-13,2.0,0,2,D,PERIODIC,-106.0,-13.0,7.0,y2,3,1,3
2025.12.16,15.11.03,-90.12028,29.934111,-117,-13,25.0,0,0,I,PERIODIC,-107.0,-13.0,8.0,y2,3,1,3
2025.12.16,15.11.04,-90.12028,29.934111,-117,-13,25.0,0,0,I,PERIODIC,-107.0,-13.0,8.0,y2,3,1,3
2025.12.16,15.11.05,-90.12028,29.934111,-109,-16,-10.0,73440,1054,D,HANDOVER_DATA_5G5G,-108.0,-13.0,8.0,y2,3,1,3
2025.12.16,15.11.06,-90.12028,29.934111,-109,-16,-10.0,0,0,D,PERIODIC,-108.0,-13.0,8.0,y2,3,1,3
2025.12.16,15.11.07,-90.12028,29.934111,-111,-16,-5.0,0,4,D,PERIODIC,-107.0,-13.0,6.0,y2,3,1,3
2025.12.16,15.11.08,-90.12028,29.934111,-111,-16,-5.0,0,0,D,PERIODIC,-107.0,-13.0,6.0,y2,3,1,3
2025.12.16,15.11.09,-90.12028,29.934111,-110,-16,-15.0,8,5,D,PERIODIC,-106.0,-13.0,10.0,y2,3,1,3
2025.12.16,15.11.10,-90.12028,29.934111,-110,-16,-15.0,70583,876,D,PERIODIC,-106.0,-13.0,10.0,y2,3,1,3
2025.12.16,15.11.11,-90.12028,29.934111,-111,-17,-20.0,2,2,D,PERIODIC,-107.0,-13.0,10.0,y2,3,1,3
2025.12.16,15.11.12,-90.12028,29.934111,-111,-17,-20.0,0,0,D,PERIODIC,-107.0,-13.0,10.0,y2,3,1,3
2025.12.16,15.11.13,-90.12028,29.934111,-111,-17,-15.0,5,0,D,PERIODIC,-107.0,-14.0,6.0,y2,3,1,3
2025.12.16,15.11.14,-90.12028,29.934111,-111,-17,-15.0,0,0,I,PERIODIC,-107.0,-14.0,6.0,y2,3,1,3
2025.12.16,15.11.15,-90.12028,29.934111,-108,-15,-15.0,142716,1352,D,HANDOVER_DATA_5G5G,-107.0,-13.0,8.0,y2,3,1,3
2025.12.16,15.11.16,-90.12028,29.934111,-108,-15,-15.0,0,0,I,PERIODIC,-107.0,-13.0,8.0,y2,3,1,3
2025.12.16,15.11.17,-90.12028,29.934111,-107,-14,-20.0,3,3,D,PERIODIC,-106.0,-13.0,8.0,y2,3,1,3
2025.12.16,15.11.18,-90.12028,29.934111,-107,-14,-20.0,0,1,D,PERIODIC,-106.0,-13.0,8.0,y2,3,1,3
2025.12.16,15.11.19,-90.12028,29.934111,-108,-15,-20.0,0,0,D,PERIODIC,-107.0,-13.0,8.0,y2,3,1,3
2025.12.16,15.11.20,-90.12028,29.934111,-108,-15,-20.0,0,756,D,PERIODIC,-107.0,-13.0,8.0,y2,3,1,3
2025.12.16,15.11.21,-90.12028,29.934111,-108,-15,-20.0,1,34,D,PERIODIC,-106.0,-13.0,8.0,y2,3,1,3
2025.12.16,15.11.22,-90.12028,29.934111,-108,-15,-20.0,0,3,D,PERIODIC,-106.0,-13.0,8.0,y2,3,1,3
2025.12.16,15.11.23,-90.12028,29.934111,-110,-17,-2.0,0,3,D,PERIODIC,-106.0,-12.0,8.0,y2,3,1,3
2025.12.16,15.11.24,-90.12028,29.934111,-110,-17,-2.0,0,3,D,PERIODIC,-106.0,-12.0,8.0,y2,3,1,3
2025.12.16,15.11.25,-90.12028,29.934111,-110,-18,-3.0,94869,837,D,PERIODIC,-106.0,-13.0,10.0,y2,3,1,3
2025.12.16,15.11.26,-90.12028,29.934111,-110,-18,-3.0,1,4,D,PERIODIC,-106.0,-13.0,10.0,y2,3,1,3
2025.12.16,15.11.27,-90.12028,29.934111,-110,-18,-3.0,4,4,D,PERIODIC,-108.0,-12.0,10.0,y2,3,1,3
2025.12.16,15.11.28,-90.12028,29.934111,-110,-18,-3.0,0,5,D,PERIODIC,-108.0,-12.0,10.0,y2,3,1,3
2025.12.16,15.11.29,-90.12028,29.934111,-107,-14,-2.0,0,0,I,CELL_RESELECTION_5G5G,-106.0,-12.0,10.0,y2,3,1,3
2025.12.16,15.11.30,-90.12028,29.934111,-107,-14,-2.0,68176,3097,D,PERIODIC,-106.0,-12.0,10.0,y2,3,1,3
2025.12.16,15.11.31,-90.12028,29.934111,-107,-14,-2.0,0,0,I,PERIODIC,-107.0,-13.0,10.0,y2,3,1,3
2025.12.16,15.11.32,-90.12028,29.934111,-107,-14,-2.0,4,8,D,PERIODIC,-107.0,-13.0,10.0,y2,3,1,3
2025.12.16,15.11.33,-90.12028,29.934111,-107,-14,-2.0,0,0,D,PERIODIC,-107.0,-14.0,10.0,y2,3,1,3
2025.12.16,15.11.34,-90.12028,29.934111,-107,-14,-2.0,0,0,D,PERIODIC,-107.0,-14.0,10.0,y2,3,1,3
2025.12.16,15.11.35,-90.12028,29.934111,-107,-14,-2.0,65236,1479,D,PERIODIC,-108.0,-14.0,10.0,y2,3,1,3
2025.12.16,15.11.36,-90.12028,29.934111,-107,-14,0.0,0,0,D,PERIODIC,-108.0,-14.0,10.0,y2,3,1,3
2025.12.16,15.11.37,-90.12028,29.934111,-107,-14,0.0,18,0,D,PERIODIC,-108.0,-14.0,10.0,y2,3,1,3
2025.12.16,15.11.38,-90.12028,29.934111,-108,-14,0.0,3,3,D,PERIODIC,-107.0,-14.0,8.0,y2,3,1,3
2025.12.16,15.11.39,-90.12028,29.934111,-108,-14,0.0,2,2,D,PERIODIC,-107.0,-14.0,7.0,y2,3,1,3
2025.12.16,15.11.40,-90.12028,29.934111,-108,-14,0.0,106985,1361,D,PERIODIC,-107.0,-14.0,7.0,y2,3,1,3
2025.12.16,15.11.41,-90.12028,29.934111,-108,-14,0.0,0,0,D,PERIODIC,-107.0,-12.0,7.0,y2,3,1,3
2025.12.16,15.11.42,-90.12028,29.934111,-108,-14,0.0,0,0,I,PERIODIC,-107.0,-12.0,7.0,y2,3,1,3
2025.12.16,15.11.43,-90.12028,29.934111,-109,-14,-5.0,0,0,I,PERIODIC,-107.0,-14.0,10.0,y2,3,1,3
2025.12.16,15.11.44,-90.12028,29.934111,-109,-14,-5.0,0,0,I,PERIODIC,-107.0,-14.0,10.0,y2,3,1,3
2025.12.16,15.11.45,-90.12028,29.934111,-112,-15,-10.0,0,0,D,PERIODIC,-108.0,-12.0,8.0,y2,3,1,3
2025.12.16,15.11.46,-90.12028,29.934111,-112,-15,-10.0,36088,381,D,PERIODIC,-108.0,-12.0,8.0,y2,3,1,3
2025.12.16,15.11.47,-90.12028,29.934111,-110,-15,-15.0,0,0,I,PERIODIC,-107.0,-12.0,7.0,y2,3,1,3
2025.12.16,15.11.48,-90.12028,29.934111,-110,-15,-15.0,3,3,D,PERIODIC,-107.0,-12.0,7.0,y2,3,1,3
2025.12.16,15.11.49,-90.12028,29.934111,-109,-14,5.0,0,3,D,PERIODIC,-107.0,-13.0,8.0,y2,3,1,3
2025.12.16,15.11.50,-90.12028,29.934111,-109,-14,5.0,0,0,D,PERIODIC,-107.0,-13.0,8.0,y2,3,1,3
2025.12.16,15.11.51,-90.12028,29.934111,-109,-14,5.0,0,0,I,PERIODIC,-107.0,-13.0,8.0,y2,3,1,3
2025.12.16,15.11.52,-90.12028,29.934111,-109,-14,5.0,10,10,D,PERIODIC,-107.0,-14.0,6.0,y2,3,1,3
2025.12.16,15.11.53,-90.12028,29.934111,-109,-14,5.0,0,0,D,PERIODIC,-107.0,-14.0,6.0,y2,3,1,3
2025.12.16,15.11.54,-90.12028,29.934111,-109,-14,5.0,1,1,D,PERIODIC,-108.0,-14.0,6.0,y2,3,1,3
2025.12.16,15.11.55,-90.12028,29.934111,-109,-14,5.0,99217,1139,D,PERIODIC,-108.0,-14.0,6.0,y2,3,1,3
2025.12.16,15.11.56,-90.12028,29.934111,-109,-14,5.0,2,5,D,PERIODIC,-106.0,-14.0,6.0,y2,3,1,3
2025.12.16,15.11.57,-90.12028,29.934111,-109,-14,5.0,0,0,D,PERIODIC,-106.0,-14.0,6.0,y2,3,1,3
2025.12.16,15.11.58,-90.12028,29.934111,-109,-14,5.0,0,0,I,PERIODIC,-107.0,-13.0,6.0,y2,3,1,3
2025.12.16,15.11.59,-90.12028,29.934111,-109,-14,5.0,0,0,I,PERIODIC,-107.0,-13.0,6.0,y2,3,1,3
2025.12.16,15.12.00,-90.12028,29.934111,-111,-15,-10.0,0,0,I,PERIODIC,-108.0,-13.0,8.0,y2,3,1,3
2025.12.16,15.12.01,-90.12028,29.934111,-111,-15,-10.0,4,4,D,PERIODIC,-108.0,-13.0,8.0,y2,3,1,3
2025.12.16,15.12.02,-90.12028,29.934111,-110,-14,0.0,0,0,D,PERIODIC,-107.0,-13.0,8.0,y2,3,1,3
2025.12.16,15.12.03,-90.12028,29.934111,-110,-14,0.0,0,0,I,PERIODIC,-107.0,-13.0,8.0,y2,3,1,3
2025.12.16,15.12.04,-90.12028,29.934111,-110,-15,-10.0,0,0,I,PERIODIC,-107.0,-13.0,6.0,y2,3,1,3
2025.12.16,15.12.05,-90.12028,29.934111,-110,-15,-10.0,30518,1300,D,PERIODIC,-107.0,-13.0,6.0,y2,3,1,3
2025.12.16,15.12.06,-90.12028,29.934111,-111,-15,-10.0,0,0,D,PERIODIC,-108.0,-14.0,9.0,y2,3,1,3
2025.12.16,15.12.07,-90.12028,29.934111,-111,-15,-10.0,9,7,D,PERIODIC,-108.0,-14.0,9.0,y2,3,1,3
2025.12.16,15.12.08,-90.12028,29.934111,-109,-14,5.0,0,0,I,PERIODIC,-109.0,-13.0,6.0,y2,3,1,3
2025.12.16,15.12.09,-90.12028,29.934111,-109,-14,5.0,0,0,I,PERIODIC,-109.0,-13.0,6.0,y2,3,1,3
2025.12.16,15.12.10,-90.12028,29.934111,-113,-12,-5.0,40629,438,D,HANDOVER_DATA_5G5G,-108.0,-13.0,6.0,y2,3,1,3
2025.12.16,15.12.11,-90.12028,29.934111,-113,-12,-5.0,0,0,I,PERIODIC,-108.0,-13.0,6.0,y2,3,1,3
2025.12.16,15.12.12,-90.12028,29.934111,-113,-12,7.0,0,0,I,PERIODIC,-108.0,-14.0,6.0,y2,3,1,3
2025.12.16,15.12.13,-90.12028,29.934111,-113,-12,3.0,0,0,I,PERIODIC,-108.0,-14.0,6.0,y2,3,1,3
2025.12.16,15.12.14,-90.12028,29.934111,-113,-12,4.0,0,0,I,PERIODIC,-108.0,-14.0,6.0,y2,3,1,3
2025.12.16,15.12.15,-90.12028,29.934111,-115,-12,4.0,0,0,I,PERIODIC,-108.0,-14.0,8.0,y2,3,1,3
2025.12.16,15.12.16,-90.12028,29.934111,-115,-12,4.0,61629,999,D,PERIODIC,-108.0,-12.0,8.0,y2,3,1,3
2025.12.16,15.12.17,-90.12028,29.934111,-115,-12,4.0,8,6,D,PERIODIC,-108.0,-12.0,8.0,y2,3,1,3
2025.12.16,15.12.18,-90.12028,29.934111,-115,-12,4.0,0,0,D,PERIODIC,-109.0,-12.0,8.0,y2,3,1,3
2025.12.16,15.12.19,-90.12028,29.934111,-115,-12,4.0,0,0,I,PERIODIC,-109.0,-12.0,8.0,y2,3,1,3
2025.12.16,15.12.20,-90.12028,29.934111,-115,-12,4.0,0,0,I,PERIODIC,-108.0,-11.0,8.0,y2,3,1,3
2025.12.16,15.12.21,-90.12028,29.934111,-115,-12,4.0,0,31,D,PERIODIC,-108.0,-11.0,8.0,y2,3,1,3
2025.12.16,15.12.22,-90.12028,29.934111,-115,-12,4.0,0,1,D,PERIODIC,-108.0,-11.0,8.0,y2,3,1,3
2025.12.16,15.12.23,-90.12028,29.934111,-115,-12,4.0,0,1,D,PERIODIC,-109.0,-12.0,8.0,y2,3,1,3
2025.12.16,15.12.24,-90.12028,29.934111,-115,-12,4.0,0,1,D,PERIODIC,-108.0,-14.0,8.0,y2,3,1,3
2025.12.16,15.12.25,-90.12028,29.934111,-115,-12,4.0,36134,490,D,PERIODIC,-108.0,-14.0,8.0,y2,3,1,3
2025.12.16,15.12.26,-90.12028,29.934111,-112,-11,8.0,4,5,D,PERIODIC,-108.0,-14.0,7.0,y2,3,1,3
2025.12.16,15.12.27,-90.12028,29.934111,-112,-11,8.0,0,0,D,PERIODIC,-108.0,-14.0,7.0,y2,3,1,3
2025.12.16,15.12.28,-90.12028,29.934111,-112,-11,8.0,3,4,D,PERIODIC,-108.0,-13.0,7.0,y2,3,1,3
2025.12.16,15.12.29,-90.12028,29.934111,-112,-11,8.0,0,3,D,PERIODIC,-108.0,-13.0,7.0,y2,3,1,3
2025.12.16,15.12.30,-90.12028,29.934111,-112,-11,8.0,0,0,I,PERIODIC,-107.0,-12.0,7.0,y2,3,1,3
2025.12.16,15.12.31,-90.12028,29.934111,-112,-11,8.0,0,0,I,PERIODIC,-107.0,-12.0,7.0,y2,3,1,3
2025.12.16,15.12.32,-90.12028,29.934111,-112,-11,8.0,7,6,D,PERIODIC,-107.0,-12.0,7.0,y2,3,1,3
2025.12.16,15.12.33,-90.12028,29.934111,-112,-11,8.0,0,0,I,PERIODIC,-108.0,-12.0,7.0,y2,3,1,3
2025.12.16,15.12.34,-90.12028,29.934111,-112,-11,8.0,0,0,I,PERIODIC,-108.0,-14.0,7.0,y2,3,1,3
2025.12.16,15.12.35,-90.12028,29.934111,-112,-11,8.0,25101,3120,D,PERIODIC,-108.0,-14.0,7.0,y2,3,1,3
2025.12.16,15.12.36,-90.12028,29.934111,-112,-11,8.0,0,0,I,PERIODIC,-107.0,-12.0,7.0,y2,3,1,3
2025.12.16,15.12.37,-90.12028,29.934111,-112,-11,8.0,0,0,I,PERIODIC,-107.0,-12.0,7.0,y2,3,1,3
2025.12.16,15.12.38,-90.12028,29.934111,-112,-11,8.0,4,4,D,PERIODIC,-107.0,-12.0,7.0,y2,3,1,3
2025.12.16,15.12.39,-90.12028,29.934111,-112,-11,8.0,0,0,I,PERIODIC,-107.0,-12.0,7.0,y2,3,1,3
2025.12.16,15.12.40,-90.12028,29.934111,-112,-11,8.0,0,699,D,PERIODIC,-107.0,-12.0,7.0,y2,3,1,3
2025.12.16,15.12.41,-90.12028,29.934111,-112,-11,4.0,0,0,D,PERIODIC,-107.0,-12.0,7.0,y2,3,1,3
2025.12.16,15.12.42,-90.12028,29.934111,-115,-12,4.0,0,0,I,PERIODIC,-107.0,-10.0,9.0,y2,3,1,3
2025.12.16,15.12.43,-90.12028,29.934111,-115,-12,4.0,0,0,I,PERIODIC,-107.0,-10.0,9.0,y2,3,1,3
2025.12.16,15.12.44,-90.12028,29.934111,-114,-12,6.0,0,0,I,PERIODIC,-106.0,-12.0,10.0,y2,3,1,3
2025.12.16,15.12.45,-90.12028,29.934111,-114,-12,5.0,36068,323,D,PERIODIC,-106.0,-12.0,10.0,y2,3,1,3
2025.12.16,15.12.46,-90.12028,29.934111,-113,-12,7.0,0,0,D,PERIODIC,-106.0,-12.0,8.0,y2,3,1,3
2025.12.16,15.12.47,-90.12028,29.934111,-113,-12,7.0,7,8,D,PERIODIC,-106.0,-12.0,8.0,y2,3,1,3
2025.12.16,15.12.48,-90.12028,29.934111,-113,-12,7.0,0,0,I,PERIODIC,-106.0,-11.0,8.0,y2,3,1,3
2025.12.16,15.12.49,-90.12028,29.934111,-113,-12,7.0,0,0,I,PERIODIC,-106.0,-11.0,8.0,y2,3,1,3
2025.12.16,15.12.50,-90.12028,29.934111,-113,-12,7.0,75456,614,D,PERIODIC,-106.0,-11.0,8.0,y2,3,1,3
2025.12.16,15.12.51,-90.12028,29.934111,-113,-12,7.0,0,0,I,PERIODIC,-106.0,-11.0,8.0,y2,3,1,3
2025.12.16,15.12.52,-90.12028,29.934111,-113,-12,7.0,0,0,I,PERIODIC,-106.0,-11.0,8.0,y2,3,1,3
2025.12.16,15.12.53,-90.12028,29.934111,-113,-12,7.0,0,0,D,PERIODIC,-106.0,-11.0,8.0,y2,3,1,3
2025.12.16,15.12.54,-90.12028,29.934111,-113,-12,7.0,0,0,I,PERIODIC,-106.0,-12.0,8.0,y2,3,1,3
2025.12.16,15.12.55,-90.12028,29.934111,-113,-12,7.0,0,426,D,PERIODIC,-106.0,-12.0,8.0,y2,3,1,3
2025.12.16,15.12.56,-90.12028,29.934111,-113,-12,7.0,3,4,D,PERIODIC,-106.0,-12.0,8.0,y2,3,1,3
2025.12.16,15.12.57,-90.12028,29.934111,-113,-12,7.0,0,0,D,PERIODIC,-106.0,-12.0,8.0,y2,3,1,3
2025.12.16,15.12.58,-90.12028,29.934111,-113,-12,7.0,0,0,I,PERIODIC,-106.0,-12.0,8.0,y2,3,1,3
2025.12.16,15.12.59,-90.12028,29.934111,-113,-12,7.0,0,0,I,PERIODIC,-106.0,-12.0,8.0,y2,3,1,3
2025.12.16,15.13.00,-90.12028,29.934111,-113,-12,7.0,18359,938,D,PERIODIC,-106.0,-12.0,8.0,y2,3,1,3
2025.12.16,15.13.01,-90.12028,29.934111,-113,-12,7.0,0,0,I,PERIODIC,-106.0,-11.0,8.0,y2,3,1,3
2025.12.16,15.13.02,-90.12028,29.934111,-113,-12,7.0,0,2,D,PERIODIC,-106.0,-11.0,8.0,y2,3,1,3
2025.12.16,15.13.03,-90.12028,29.934111,-113,-12,7.0,0,0,D,PERIODIC,-106.0,-12.0,8.0,y2,3,1,3
2025.12.16,15.13.04,-90.12028,29.934111,-113,-12,7.0,0,0,I,PERIODIC,-106.0,-12.0,8.0,y2,3,1,3
2025.12.16,15.13.05,-90.12028,29.934111,-113,-12,7.0,86279,812,D,PERIODIC,-106.0,-12.0,8.0,y2,3,1,3
2025.12.16,15.13.06,-90.12028,29.934111,-113,-12,7.0,0,0,D,PERIODIC,-106.0,-12.0,8.0,y2,3,1,3
2025.12.16,15.13.07,-90.12028,29.934111,-113,-12,7.0,0,0,I,PERIODIC,-106.0,-13.0,8.0,y2,3,1,3
2025.12.16,15.13.08,-90.12028,29.934111,-113,-12,7.0,0,0,I,PERIODIC,-106.0,-13.0,8.0,y2,3,1,3
2025.12.16,15.13.09,-90.12028,29.934111,-113,-12,7.0,8,9,D,PERIODIC,-106.0,-11.0,8.0,y2,3,1,3
2025.12.16,15.13.10,-90.12028,29.934111,-113,-12,7.0,94719,814,D,PERIODIC,-106.0,-11.0,8.0,y2,3,1,3
2025.12.16,15.13.11,-90.12028,29.934111,-113,-12,7.0,0,0,D,PERIODIC,-106.0,-11.0,8.0,y2,3,1,3
2025.12.16,15.13.12,-90.12028,29.934111,-113,-12,7.0,5,5,D,PERIODIC,-106.0,-11.0,8.0,y2,3,1,3
2025.12.16,15.13.13,-90.12028,29.934111,-113,-12,7.0,0,0,I,PERIODIC,-106.0,-11.0,8.0,y2,3,1,3
2025.12.16,15.13.14,-90.12028,29.934111,-113,-12,7.0,0,0,I,PERIODIC,-106.0,-11.0,8.0,y2,3,1,3
2025.12.16,15.13.15,-90.12028,29.934111,-113,-12,7.0,0,0,D,PERIODIC,-106.0,-12.0,8.0,y2,3,1,3
2025.12.16,15.13.16,-90.12028,29.934111,-113,-12,7.0,107705,0,D,PERIODIC,-106.0,-12.0,8.0,y2,3,1,3
2025.12.16,15.13.17,-90.12028,29.934111,-113,-12,7.0,4,4,D,PERIODIC,-106.0,-11.0,8.0,y2,3,1,3
2025.12.16,15.13.18,-90.12028,29.934111,-113,-12,7.0,0,0,I,PERIODIC,-106.0,-11.0,8.0,y2,3,1,3
2025.12.16,15.13.19,-90.12028,29.934111,-113,-12,7.0,0,0,I,PERIODIC,-106.0,-11.0,8.0,y2,3,1,3
2025.12.16,15.13.20,-90.12028,29.934111,-113,-12,7.0,104103,864,D,PERIODIC,-106.0,-11.0,8.0,y2,3,1,3
2025.12.16,15.13.21,-90.12028,29.934111,-113,-12,7.0,0,0,D,PERIODIC,-106.0,-11.0,8.0,y2,3,1,3
2025.12.16,15.13.22,-90.12028,29.934111,-113,-12,7.0,0,0,D,PERIODIC,-106.0,-11.0,8.0,y2,3,1,3
2025.12.16,15.13.23,-90.12028,29.934111,-113,-12,7.0,0,0,I,PERIODIC,-106.0,-12.0,8.0,y2,3,1,3
2025.12.16,15.13.24,-90.12028,29.934111,-113,-12,7.0,0,0,I,PERIODIC,-106.0,-12.0,8.0,y2,3,1,3
2025.12.16,15.13.25,-90.12028,29.934111,-113,-12,7.0,0,0,D,PERIODIC,-106.0,-12.0,8.0,y2,3,1,3
2025.12.16,15.13.26,-90.12028,29.934111,-113,-12,7.0,78538,658,D,PERIODIC,-106.0,-12.0,8.0,y2,3,1,3
2025.12.16,15.13.27,-90.12028,29.934111,-113,-12,7.0,0,0,I,PERIODIC,-105.0,-13.0,8.0,y2,3,1,3
2025.12.16,15.13.28,-90.12028,29.934111,-113,-12,7.0,0,0,D,PERIODIC,-105.0,-13.0,8.0,y2,3,1,3
2025.12.16,15.13.29,-90.12028,29.934111,-113,-12,7.0,0,0,I,PERIODIC,-106.0,-13.0,8.0,y2,3,1,3
2025.12.16,15.13.30,-90.12028,29.934111,-113,-12,7.0,0,0,I,PERIODIC,-106.0,-13.0,8.0,y2,3,1,3
2025.12.16,15.13.31,-90.12028,29.934111,-115,-12,5.0,0,0,I,PERIODIC,-106.0,-13.0,11.0,y2,3,1,3
2025.12.16,15.13.32,-90.12028,29.934111,-115,-12,3.0,2,2,D,PERIODIC,-106.0,-13.0,11.0,y2,3,1,3
2025.12.16,15.13.33,-90.12028,29.934111,-117,-12,4.0,0,0,D,PERIODIC,-107.0,-13.0,10.0,y2,3,1,3
2025.12.16,15.13.34,-90.12028,29.934111,-117,-12,4.0,0,3,D,PERIODIC,-107.0,-13.0,10.0,y2,3,1,3
2025.12.16,15.13.35,-90.12028,29.934111,-112,-17,15.0,0,3,D,HANDOVER_DATA_5G5G,-107.0,-13.0,8.0,y2,3,1,3
2025.12.16,15.13.36,-90.12028,29.934111,-112,-17,15.0,0,3,D,PERIODIC,-107.0,-13.0,8.0,y2,3,1,3
2025.12.16,15.13.37,-90.12028,29.934111,-112,-16,-20.0,0,3,D,PERIODIC,-107.0,-14.0,8.0,y2,3,1,3
2025.12.16,15.13.38,-90.12028,29.934111,-112,-16,-20.0,0,0,I,PERIODIC,-107.0,-14.0,8.0,y2,3,1,3
2025.12.16,15.13.39,-90.12028,29.934111,-112,-16,-20.0,3,10,D,PERIODIC,-107.0,-14.0,8.0,y2,3,1,3
2025.12.16,15.13.40,-90.12028,29.934111,-112,-16,-10.0,0,0,D,PERIODIC,-108.0,-13.0,10.0,y2,3,1,3
2025.12.16,15.13.41,-90.12028,29.934111,-111,-15,-5.0,0,3,D,PERIODIC,-107.0,-12.0,6.0,y2,3,1,3
2025.12.16,15.13.42,-90.12028,29.934111,-111,-15,-5.0,0,0,I,PERIODIC,-107.0,-12.0,6.0,y2,3,1,3
2025.12.16,15.13.43,-90.12028,29.934111,-111,-15,-5.0,0,0,I,PERIODIC,-106.0,-12.0,6.0,y2,3,1,3
2025.12.16,15.13.44,-90.12028,29.934111,-111,-15,-5.0,9,11,D,PERIODIC,-106.0,-12.0,6.0,y2,3,1,3
2025.12.16,15.13.45,-90.12028,29.934111,-109,-15,-5.0,0,3,D,PERIODIC,-106.0,-13.0,9.0,y2,3,1,3
2025.12.16,15.13.46,-90.12028,29.934111,-109,-15,-5.0,0,0,I,PERIODIC,-106.0,-13.0,9.0,y2,3,1,3
2025.12.16,15.13.47,-90.12028,29.934111,-111,-15,-5.0,4,4,D,PERIODIC,-107.0,-13.0,10.0,y2,3,1,3
2025.12.16,15.13.48,-90.12028,29.934111,-111,-15,-5.0,0,0,D,PERIODIC,-107.0,-13.0,10.0,y2,3,1,3
2025.12.16,15.13.49,-90.12028,29.934111,-110,-15,-5.0,0,0,I,PERIODIC,-107.0,-12.0,6.0,y2,3,1,3
2025.12.16,15.13.50,-90.12028,29.934111,-110,-15,-5.0,0,0,I,PERIODIC,-107.0,-12.0,6.0,y2,3,1,3
2025.12.16,15.13.51,-90.12028,29.934111,-109,-15,-15.0,0,0,I,PERIODIC,-107.0,-13.0,7.0,y2,3,1,3
2025.12.16,15.13.52,-90.12028,29.934111,-109,-15,-15.0,4,3,D,PERIODIC,-107.0,-13.0,7.0,y2,3,1,3
2025.12.16,15.13.53,-90.12028,29.934111,-110,-15,-10.0,0,0,I,PERIODIC,-107.0,-13.0,6.0,y2,3,1,3
2025.12.16,15.13.54,-90.12028,29.934111,-110,-15,-10.0,0,0,I,PERIODIC,-107.0,-13.0,6.0,y2,3,1,3
2025.12.16,15.13.55,-90.12028,29.934111,-110,-15,-10.0,0,0,I,PERIODIC,-107.0,-13.0,6.0,y2,3,1,3
2025.12.16,15.13.56,-90.12028,29.934111,-110,-15,-10.0,0,0,D,PERIODIC,-108.0,-14.0,6.0,y2,3,1,3
2025.12.16,15.13.57,-90.12028,29.934111,-110,-15,-10.0,0,0,I,PERIODIC,-108.0,-14.0,6.0,y2,3,1,3
2025.12.16,15.13.58,-90.12028,29.934111,-111,-15,-15.0,1,1,D,PERIODIC,-112.0,-14.0,5.0,y2,3,1,3
2025.12.16,15.13.59,-90.12028,29.934111,-111,-15,-15.0,0,0,I,PERIODIC,-112.0,-14.0,5.0,y2,3,1,3
2025.12.16,15.14.00,-90.12028,29.934111,-111,-13,20.0,0,0,D,PERIODIC,-112.0,-14.0,5.0,y2,3,1,3
2025.12.22,22.46.57,-87.901129,42.34019,-98,-11,17.0,1,4,D,LOG START,-96.0,-11.0,7.0,t1,3,1,3
2025.12.22,22.46.58,-87.90113,42.34015,-98,-11,17.0,1,4,D,,-96.0,-11.0,7.0,t1,3,1,3
2025.12.22,22.46.58,-87.90113,42.34015,-98,-11,17.0,53,66,D,PERIODIC,-95.0,-10.0,7.0,t1,3,1,3
2025.12.22,22.46.59,-87.90113,42.34015,-100,-11,17.0,0,0,D,PERIODIC,-93.0,-10.0,14.0,t1,3,1,3
2025.12.22,22.47.00,-87.90113,42.34015,-100,-11,17.0,3,5,D,PERIODIC,-93.0,-10.0,14.0,t1,3,1,3
2025.12.22,22.47.01,-87.90113,42.34015,-98,-11,19.0,0,0,I,PERIODIC,-90.0,-11.0,17.0,t1,3,1,3
2025.12.22,22.47.02,-87.90113,42.34015,-98,-11,19.0,0,0,D,PERIODIC,-90.0,-11.0,17.0,t1,3,1,3
2025.12.22,22.47.03,-87.90113,42.34015,-99,-11,18.0,145,69,D,PERIODIC,-90.0,-10.0,15.0,t1,3,1,3
2025.12.22,22.47.04,-87.90113,42.34015,-99,-11,19.0,8,10,D,PERIODIC,-90.0,-10.0,15.0,t1,3,1,3
2025.12.22,22.47.05,-87.90113,42.34015,-97,-11,21.0,28,27,D,PERIODIC,-90.0,-8.0,15.0,t1,3,1,3
2025.12.22,22.47.06,-87.90113,42.34015,-97,-11,19.0,11,11,D,PERIODIC,-90.0,-8.0,15.0,t1,3,1,3
2025.12.22,22.47.07,-87.90113,42.34015,-98,-11,19.0,6,6,D,PERIODIC,-90.0,-9.0,15.0,t1,3,1,3
2025.12.22,22.47.08,-87.90113,42.34015,-98,-11,19.0,0,0,D,PERIODIC,-90.0,-9.0,15.0,t1,3,1,3
2025.12.22,22.47.09,-87.90113,42.34015,-97,-11,20.0,0,0,I,PERIODIC,-91.0,-8.0,16.0,t1,3,1,3
2025.12.22,22.47.10,-87.90113,42.34015,-97,-11,20.0,0,2,D,PERIODIC,-91.0,-8.0,16.0,t1,3,1,3
2025.12.22,22.47.11,-87.90113,42.34015,-97,-11,20.0,0,7,D,PERIODIC,-91.0,-8.0,16.0,t1,3,1,3
2025.12.22,22.47.12,-87.90113,42.34015,-97,-11,20.0,6319,14615,D,PERIODIC,-89.0,-9.0,16.0,t1,3,1,3
2025.12.22,22.47.13,-87.90113,42.34015,-97,-11,20.0,0,0,D,PERIODIC,-90.0,-11.0,16.0,t1,3,1,3
2025.12.22,22.47.14,-87.90113,42.34015,-97,-11,20.0,3,3,D,PERIODIC,-90.0,-11.0,16.0,t1,3,1,3
2025.12.22,22.47.15,-87.90113,42.34015,-97,-11,20.0,11,11,D,PERIODIC,-89.0,-11.0,16.0,t1,3,1,3
2025.12.22,22.47.16,-87.90113,42.34015,-97,-11,20.0,15,15,D,PERIODIC,-89.0,-11.0,16.0,t1,3,1,3
2025.12.22,22.47.17,-87.90113,42.34015,-97,-11,20.0,2,2,D,PERIODIC,-90.0,-10.0,16.0,t1,3,1,3
2025.12.22,22.47.18,-87.90113,42.34015,-97,-11,20.0,6,6,D,PERIODIC,-90.0,-10.0,16.0,t1,3,1,3
2025.12.22,22.47.19,-87.90113,42.34015,-97,-11,20.0,0,0,D,PERIODIC,-89.0,-9.0,16.0,t1,3,1,3
2025.12.22,22.47.20,-87.90113,42.34015,-97,-11,20.0,0,0,I,PERIODIC,-89.0,-9.0,16.0,t1,3,1,3
2025.12.22,22.47.21,-87.90113,42.34015,-97,-11,20.0,0,0,I,PERIODIC,-89.0,-9.0,16.0,t1,3,1,3
2025.12.22,22.47.22,-87.90113,42.34015,-97,-11,20.0,0,0,I,PERIODIC,-90.0,-8.0,16.0,t1,3,1,3
2025.12.22,22.47.23,-87.90113,42.34015,-97,-11,20.0,0,0,I,PERIODIC,-90.0,-9.0,16.0,t1,3,1,3
2025.12.22,22.47.24,-87.90113,42.34015,-97,-11,20.0,0,0,I,PERIODIC,-90.0,-9.0,16.0,t1,3,1,3
2025.12.22,22.47.25,-87.90113,42.34015,-97,-11,20.0,20,20,D,PERIODIC,-90.0,-10.0,16.0,t1,3,1,3
2025.12.22,22.47.26,-87.90113,42.34015,-97,-11,20.0,6,6,D,PERIODIC,-90.0,-10.0,16.0,t1,3,1,3
2025.12.22,22.47.27,-87.90113,42.34015,-97,-11,20.0,0,0,D,PERIODIC,-90.0,-9.0,16.0,t1,3,1,3
2025.12.22,22.47.28,-87.90113,42.34015,-97,-11,21.0,0,0,D,PERIODIC,-90.0,-9.0,16.0,t1,3,1,3
2025.12.22,22.47.29,-87.90113,42.34015,-96,-11,20.0,0,0,I,PERIODIC,-91.0,-11.0,15.0,t1,3,1,3
2025.12.22,22.47.30,-87.90113,42.34015,-96,-11,20.0,0,0,I,PERIODIC,-91.0,-11.0,15.0,t1,3,1,3
2025.12.22,22.47.31,-87.90113,42.34015,-96,-11,20.0,0,0,I,PERIODIC,-90.0,-9.0,15.0,t1,3,1,3
2025.12.22,22.47.32,-87.90113,42.34015,-96,-11,20.0,1,2,D,PERIODIC,-90.0,-9.0,15.0,t1,3,1,3
2025.12.22,22.47.33,-87.90113,42.34015,-97,-11,20.0,0,0,I,PERIODIC,-90.0,-8.0,14.0,t1,3,1,3
2025.12.22,22.47.34,-87.90113,42.34015,-97,-11,20.0,0,0,I,PERIODIC,-90.0,-8.0,14.0,t1,3,1,3
2025.12.22,22.47.35,-87.90113,42.34015,-97,-11,19.0,0,0,I,PERIODIC,-90.0,-8.0,14.0,t1,3,1,3
2025.12.22,22.47.36,-87.90113,42.34015,-97,-11,19.0,0,0,D,PERIODIC,-90.0,-10.0,14.0,t1,3,1,3
2025.12.22,22.47.37,-87.90113,42.34015,-97,-11,19.0,0,0,I,PERIODIC,-90.0,-12.0,14.0,t1,3,1,3
2025.12.22,22.47.38,-87.90113,42.34015,-97,-11,19.0,0,0,I,PERIODIC,-90.0,-12.0,14.0,t1,3,1,3
2025.12.22,22.47.39,-87.90113,42.34015,-97,-11,19.0,0,0,I,PERIODIC,-90.0,-12.0,14.0,t1,3,1,3
2025.12.22,22.47.40,-87.90113,42.34015,-97,-11,18.0,2,2,D,PERIODIC,-90.0,-9.0,14.0,t1,3,1,3
2025.12.22,22.47.41,-87.90113,42.34015,-97,-11,18.0,2,2,D,PERIODIC,-90.0,-9.0,14.0,t1,3,1,3
2025.12.22,22.47.42,-87.90113,42.34015,-97,-11,18.0,25,28,D,PERIODIC,-90.0,-9.0,14.0,t1,3,1,3
2025.12.22,22.47.43,-87.90113,42.34015,-97,-11,18.0,27,29,D,PERIODIC,-90.0,-8.0,14.0,t1,3,1,3
2025.12.22,22.47.44,-87.90113,42.34015,-97,-11,18.0,0,37,D,PERIODIC,-90.0,-8.0,14.0,t1,3,1,3
2025.12.22,22.47.45,-87.90113,42.34015,-97,-11,19.0,9,9,D,PERIODIC,-92.0,-8.0,15.0,t1,3,1,3
2025.12.22,22.47.46,-87.90113,42.34015,-97,-11,12.0,0,0,D,PERIODIC,-92.0,-8.0,15.0,t1,3,1,3
2025.12.22,22.47.47,-87.90113,42.34015,-105,-11,16.0,13844,6858,D,PERIODIC,-93.0,-14.0,17.0,t1,3,1,3
2025.12.22,22.47.48,-87.90113,42.34015,-105,-11,16.0,0,0,D,PERIODIC,-93.0,-14.0,17.0,t1,3,1,3
2025.12.22,22.47.49,-87.90113,42.34015,-104,-11,14.0,0,0,I,PERIODIC,-94.0,-8.0,11.0,t1,3,1,3
2025.12.22,22.47.50,-87.90113,42.34015,-104,-11,15.0,0,1,D,PERIODIC,-94.0,-8.0,11.0,t1,3,1,3
2025.12.22,22.47.51,-87.90113,42.34015,-105,-11,15.0,0,1,D,PERIODIC,-93.0,-10.0,10.0,t1,3,1,3
2025.12.22,22.47.52,-87.90113,42.34015,-105,-11,15.0,72516,737,D,PERIODIC,-93.0,-10.0,10.0,t1,3,1,3
2025.12.22,22.47.53,-87.90113,42.34015,-104,-11,14.0,5,5,D,PERIODIC,-94.0,-14.0,12.0,t1,3,1,3
2025.12.22,22.47.54,-87.90113,42.34015,-104,-11,14.0,2,2,D,PERIODIC,-94.0,-14.0,12.0,t1,3,1,3
2025.12.22,22.47.55,-87.90113,42.34015,-104,-11,14.0,6,5,D,PERIODIC,-93.0,-12.0,12.0,t1,3,1,3
2025.12.22,22.47.56,-87.90113,42.34015,-104,-11,14.0,0,0,D,PERIODIC,-93.0,-12.0,12.0,t1,3,1,3
2025.12.22,22.47.57,-87.90113,42.34015,-104,-11,14.0,36199,3422,D,PERIODIC,-93.0,-13.0,11.0,t1,3,1,3
2025.12.22,22.47.58,-87.90113,42.34015,-104,-11,15.0,0,0,I,PERIODIC,-93.0,-13.0,11.0,t1,3,1,3
2025.12.22,22.47.59,-87.90113,42.34015,-104,-11,16.0,0,0,D,PERIODIC,-93.0,-14.0,9.0,t1,3,1,3
2025.12.22,22.48.00,-87.90113,42.34015,-104,-11,14.0,0,0,I,PERIODIC,-93.0,-14.0,9.0,t1,3,1,3
2025.12.22,22.48.01,-87.90113,42.34015,-105,-11,14.0,0,0,I,PERIODIC,-93.0,-13.0,10.0,t1,3,1,3
2025.12.22,22.48.02,-87.90113,42.34015,-105,-11,14.0,74901,602,D,PERIODIC,-93.0,-13.0,10.0,t1,3,1,3
2025.12.22,22.48.03,-87.90113,42.34015,-107,-11,13.0,0,0,I,PERIODIC,-93.0,-12.0,11.0,t1,3,1,3
2025.12.22,22.48.04,-87.90113,42.34015,-107,-11,16.0,0,0,I,PERIODIC,-93.0,-12.0,11.0,t1,3,1,3
2025.12.22,22.48.05,-87.90113,42.34015,-107,-11,16.0,0,0,I,PERIODIC,-93.0,-12.0,11.0,t1,3,1,3
2025.12.22,22.48.06,-87.90113,42.34015,-104,-11,16.0,0,0,I,PERIODIC,-93.0,-13.0,11.0,t1,3,1,3
2025.12.22,22.48.07,-87.90113,42.34015,-104,-11,16.0,92016,713,D,PERIODIC,-94.0,-9.0,11.0,t1,3,1,3
2025.12.22,22.48.08,-87.90113,42.34015,-104,-11,15.0,0,0,D,PERIODIC,-94.0,-9.0,11.0,t1,3,1,3
2025.12.22,22.48.09,-87.90113,42.34015,-104,-11,16.0,0,0,I,PERIODIC,-93.0,-13.0,12.0,t1,3,1,3
2025.12.22,22.48.10,-87.90113,42.34015,-104,-11,16.0,7,9,D,PERIODIC,-93.0,-13.0,12.0,t1,3,1,3
2025.12.22,22.48.11,-87.90113,42.34015,-106,-11,16.0,1,1,D,PERIODIC,-95.0,-13.0,12.0,t1,3,1,3
2025.12.22,22.48.12,-87.90113,42.34015,-106,-11,16.0,49820,434,D,PERIODIC,-95.0,-13.0,12.0,t1,3,1,3
2025.12.22,22.48.13,-87.90113,42.34015,-106,-11,16.0,0,0,D,PERIODIC,-94.0,-12.0,11.0,t1,3,1,3
2025.12.22,22.48.14,-87.90113,42.34015,-106,-11,16.0,0,0,I,PERIODIC,-94.0,-12.0,11.0,t1,3,1,3
2025.12.22,22.48.15,-87.90113,42.34015,-106,-11,16.0,7,7,D,PERIODIC,-95.0,-11.0,11.0,t1,3,1,3
2025.12.22,22.48.16,-87.90113,42.34015,-106,-11,16.0,1,1,D,PERIODIC,-95.0,-11.0,11.0,t1,3,1,3
2025.12.22,22.48.17,-87.90113,42.34015,-106,-11,15.0,0,1652,D,PERIODIC,-94.0,-14.0,11.0,t1,3,1,3
2025.12.22,22.48.18,-87.90113,42.34015,-106,-11,15.0,0,0,D,PERIODIC,-94.0,-14.0,11.0,t1,3,1,3
2025.12.22,22.48.19,-87.90113,42.34015,-105,-11,17.0,0,0,I,PERIODIC,-95.0,-12.0,11.0,t1,3,1,3
2025.12.22,22.48.20,-87.90113,42.34015,-105,-11,15.0,0,0,I,PERIODIC,-95.0,-12.0,11.0,t1,3,1,3
2025.12.22,22.48.21,-87.90113,42.34015,-105,-11,15.0,0,0,I,PERIODIC,-93.0,-13.0,10.0,t1,3,1,3
2025.12.22,22.48.22,-87.90113,42.34015,-105,-11,16.0,100868,733,D,PERIODIC,-93.0,-13.0,10.0,t1,3,1,3
2025.12.22,22.48.23,-87.90113,42.34015,-104,-11,16.0,1,1,D,PERIODIC,-95.0,-12.0,11.0,t1,3,1,3
2025.12.22,22.48.24,-87.90113,42.34015,-104,-11,16.0,0,0,D,PERIODIC,-95.0,-12.0,11.0,t1,3,1,3
2025.12.22,22.48.25,-87.90113,42.34015,-104,-11,16.0,4,4,D,PERIODIC,-93.0,-14.0,11.0,t1,3,1,3
2025.12.22,22.48.26,-87.90113,42.34015,-104,-11,16.0,0,2,D,PERIODIC,-93.0,-14.0,11.0,t1,3,1,3
2025.12.22,22.48.27,-87.90113,42.34015,-104,-11,16.0,48489,1314,D,PERIODIC,-93.0,-14.0,11.0,t1,3,1,3
2025.12.22,22.48.28,-87.90113,42.34015,-105,-11,16.0,0,0,I,PERIODIC,-94.0,-14.0,11.0,t1,3,1,3
2025.12.22,22.48.29,-87.90113,42.34015,-105,-11,16.0,0,0,I,PERIODIC,-94.0,-14.0,11.0,t1,3,1,3
2025.12.22,22.48.30,-87.90113,42.34015,-104,-11,16.0,0,0,I,PERIODIC,-93.0,-14.0,10.0,t1,3,1,3
2025.12.22,22.48.31,-87.90113,42.34015,-105,-11,17.0,0,0,I,PERIODIC,-95.0,-11.0,14.0,t1,3,1,3
2025.12.22,22.48.32,-87.90113,42.34015,-105,-11,17.0,72084,551,D,PERIODIC,-95.0,-11.0,14.0,t1,3,1,3
2025.12.22,22.48.33,-87.90113,42.34015,-104,-11,16.0,0,0,I,PERIODIC,-94.0,-12.0,16.0,t1,3,1,3
2025.12.22,22.48.34,-87.90113,42.34015,-104,-11,16.0,0,0,I,PERIODIC,-94.0,-12.0,16.0,t1,3,1,3
2025.12.22,22.48.35,-87.90113,42.34015,-104,-11,16.0,0,0,I,PERIODIC,-93.0,-9.0,15.0,t1,3,1,3
2025.12.22,22.48.36,-87.90113,42.34015,-104,-11,16.0,17,20,D,PERIODIC,-93.0,-9.0,15.0,t1,3,1,3
2025.12.22,22.48.37,-87.90113,42.34015,-103,-11,16.0,110522,753,D,PERIODIC,-93.0,-11.0,11.0,t1,3,1,3
2025.12.22,22.48.38,-87.90113,42.34015,-103,-11,16.0,0,0,I,PERIODIC,-93.0,-11.0,11.0,t1,3,1,3
2025.12.22,22.48.39,-87.90113,42.34015,-103,-11,16.0,0,0,I,PERIODIC,-95.0,-14.0,11.0,t1,3,1,3
2025.12.22,22.48.40,-87.90113,42.34015,-103,-11,15.0,0,2,D,PERIODIC,-95.0,-14.0,11.0,t1,3,1,3
2025.12.22,22.48.41,-87.90113,42.34015,-104,-11,15.0,0,0,D,PERIODIC,-95.0,-13.0,9.0,t1,3,1,3
2025.12.22,22.48.42,-87.90113,42.34015,-104,-11,16.0,0,0,I,PERIODIC,-95.0,-13.0,9.0,t1,3,1,3
2025.12.22,22.48.43,-87.90113,42.34015,-104,-11,16.0,26,27,D,PERIODIC,-95.0,-13.0,9.0,t1,3,1,3
2025.12.22,22.48.44,-87.90113,42.34015,-102,-11,16.0,23,23,D,PERIODIC,-94.0,-9.0,10.0,t1,3,1,3
2025.12.22,22.48.45,-87.90113,42.34015,-107,-11,15.0,2,2,D,PERIODIC,-96.0,-12.0,12.0,t1,3,1,3
2025.12.22,22.48.46,-87.90113,42.34015,-107,-11,15.0,0,0,D,PERIODIC,-96.0,-12.0,12.0,t1,3,1,3
2025.12.22,22.48.47,-87.90113,42.34015,-103,-11,15.0,27556,1110,D,PERIODIC,-93.0,-8.0,9.0,t1,3,1,3
2025.12.22,22.48.48,-87.90113,42.34015,-103,-11,15.0,4,4,D,PERIODIC,-93.0,-8.0,9.0,t1,3,1,3
2025.12.22,22.48.49,-87.90113,42.34015,-103,-11,15.0,0,0,D,PERIODIC,-94.0,-12.0,9.0,t1,3,1,3
2025.12.22,22.48.50,-87.90113,42.34015,-103,-11,16.0,0,0,I,PERIODIC,-94.0,-12.0,9.0,t1,3,1,3
2025.12.22,22.48.51,-87.90113,42.34015,-103,-11,15.0,0,0,I,PERIODIC,-93.0,-9.0,11.0,t1,3,1,3
2025.12.22,22.48.52,-87.90113,42.34015,-103,-11,16.0,66062,1855,D,PERIODIC,-93.0,-9.0,11.0,t1,3,1,3
2025.12.22,22.48.53,-87.90113,42.34015,-104,-11,17.0,3,3,D,PERIODIC,-94.0,-11.0,10.0,t1,3,1,3
2025.12.22,22.48.54,-87.90113,42.34015,-104,-11,17.0,0,0,D,PERIODIC,-94.0,-11.0,10.0,t1,3,1,3
2025.12.22,22.48.55,-87.90113,42.34015,-104,-11,17.0,6,8,D,PERIODIC,-94.0,-11.0,10.0,t1,3,1,3
2025.12.22,22.48.56,-87.90113,42.34015,-103,-11,17.0,0,0,D,PERIODIC,-92.0,-8.0,11.0,t1,3,1,3
2025.12.22,22.48.57,-87.90113,42.34015,-103,-11,17.0,36238,2605,D,PERIODIC,-93.0,-12.0,11.0,t1,3,1,3
2025.12.22,22.48.58,-87.90113,42.34015,-103,-11,17.0,0,0,I,PERIODIC,-93.0,-12.0,11.0,t1,3,1,3
2025.12.22,22.48.59,-87.90113,42.34015,-103,-11,17.0,0,0,I,PERIODIC,-93.0,-8.0,11.0,t1,3,1,3
2025.12.22,22.49.00,-87.90113,42.34015,-103,-11,17.0,0,0,I,PERIODIC,-93.0,-8.0,11.0,t1,3,1,3
2025.12.22,22.49.01,-87.90113,42.34015,-103,-11,17.0,0,0,I,PERIODIC,-93.0,-9.0,10.0,t1,3,1,3
2025.12.22,22.49.02,-87.90113,42.34015,-103,-11,17.0,36862,310,D,PERIODIC,-93.0,-9.0,10.0,t1,3,1,3
2025.12.22,22.49.03,-87.90113,42.34015,-105,-11,14.0,0,0,I,PERIODIC,-94.0,-9.0,10.0,t1,3,1,3
2025.12.22,22.49.04,-87.90113,42.34015,-105,-11,16.0,1,2,D,PERIODIC,-94.0,-9.0,10.0,t1,3,1,3
2025.12.22,22.49.05,-87.90113,42.34015,-105,-11,16.0,1,1,D,PERIODIC,-93.0,-10.0,13.0,t1,3,1,3
2025.12.22,22.49.06,-87.90113,42.34015,-105,-11,15.0,0,0,I,PERIODIC,-93.0,-10.0,13.0,t1,3,1,3
2025.12.22,22.49.07,-87.90113,42.34015,-104,-11,15.0,108153,805,D,PERIODIC,-94.0,-13.0,11.0,t1,3,1,3
2025.12.22,22.49.08,-87.90113,42.34015,-104,-11,15.0,0,0,I,PERIODIC,-94.0,-13.0,11.0,t1,3,1,3
2025.12.22,22.49.09,-87.90113,42.34015,-105,-11,16.0,0,0,I,PERIODIC,-93.0,-13.0,9.0,t1,3,1,3
2025.12.22,22.49.10,-87.90113,42.34015,-105,-11,15.0,8,11,D,PERIODIC,-93.0,-13.0,9.0,t1,3,1,3
2025.12.22,22.49.11,-87.90113,42.34015,-104,-11,16.0,0,0,D,PERIODIC,-94.0,-13.0,12.0,t1,3,1,3
2025.12.22,22.49.12,-87.90113,42.34015,-104,-11,16.0,75523,613,D,PERIODIC,-94.0,-13.0,12.0,t1,3,1,3
2025.12.22,22.49.13,-87.90113,42.34015,-103,-11,16.0,0,0,D,PERIODIC,-94.0,-12.0,10.0,t1,3,1,3
2025.12.22,22.49.14,-87.90113,42.34015,-103,-11,16.0,12,11,D,PERIODIC,-94.0,-12.0,10.0,t1,3,1,3
2025.12.22,22.49.15,-87.90113,42.34015,-105,-11,16.0,4,4,D,PERIODIC,-94.0,-10.0,10.0,t1,3,1,3
2025.12.22,22.49.16,-87.90113,42.34015,-105,-11,16.0,0,0,D,PERIODIC,-94.0,-10.0,10.0,t1,3,1,3
2025.12.22,22.49.17,-87.90113,42.34015,-102,-11,16.0,42034,449,D,PERIODIC,-94.0,-9.0,9.0,t1,3,1,3
2025.12.22,22.49.18,-87.90113,42.34015,-102,-11,16.0,0,0,I,PERIODIC,-94.0,-9.0,9.0,t1,3,1,3
2025.12.22,22.49.19,-87.90113,42.34015,-102,-11,16.0,1,1,D,PERIODIC,-94.0,-12.0,9.0,t1,3,1,3
2025.12.22,22.49.20,-87.90113,42.34015,-102,-11,17.0,2,2,D,PERIODIC,-94.0,-12.0,9.0,t1,3,1,3
2025.12.22,22.49.21,-87.90113,42.34015,-105,-11,17.0,0,0,D,PERIODIC,-92.0,-8.0,15.0,t1,3,1,3
2025.12.22,22.49.22,-87.90113,42.34015,-105,-11,17.0,73540,542,D,PERIODIC,-92.0,-8.0,15.0,t1,3,1,3
2025.12.22,22.49.23,-87.90113,42.34015,-105,-11,17.0,2,2,D,PERIODIC,-94.0,-11.0,15.0,t1,3,1,3
2025.12.22,22.49.24,-87.90113,42.34015,-105,-11,17.0,0,0,D,PERIODIC,-94.0,-11.0,15.0,t1,3,1,3
2025.12.22,22.49.25,-87.90113,42.34015,-103,-11,16.0,2,2,D,PERIODIC,-94.0,-14.0,10.0,t1,3,1,3
2025.12.22,22.49.26,-87.90113,42.34015,-103,-11,16.0,0,0,D,PERIODIC,-94.0,-14.0,10.0,t1,3,1,3
2025.12.22,22.49.27,-87.90113,42.34015,-105,-11,16.0,36254,2097,D,PERIODIC,-93.0,-8.0,10.0,t1,3,1,3
2025.12.22,22.49.28,-87.90113,42.34015,-105,-11,17.0,0,0,I,PERIODIC,-93.0,-8.0,10.0,t1,3,1,3
2025.12.22,22.49.29,-87.90113,42.34015,-106,-11,16.0,0,0,I,PERIODIC,-93.0,-13.0,11.0,t1,3,1,3
2025.12.22,22.49.30,-87.90113,42.34015,-106,-11,16.0,16,18,D,PERIODIC,-93.0,-13.0,11.0,t1,3,1,3
2025.12.22,22.49.31,-87.90113,42.34015,-102,-11,16.0,0,0,D,PERIODIC,-94.0,-12.0,11.0,t1,3,1,3
2025.12.22,22.49.32,-87.90113,42.34015,-102,-11,16.0,40506,309,D,PERIODIC,-94.0,-12.0,11.0,t1,3,1,3
2025.12.22,22.49.33,-87.90113,42.34015,-102,-11,16.0,0,0,I,PERIODIC,-94.0,-10.0,11.0,t1,3,1,3
2025.12.22,22.49.34,-87.90113,42.34015,-102,-11,16.0,0,0,I,PERIODIC,-94.0,-10.0,11.0,t1,3,1,3
2025.12.22,22.49.35,-87.90113,42.34015,-102,-11,16.0,0,0,I,PERIODIC,-95.0,-12.0,11.0,t1,3,1,3
2025.12.22,22.49.36,-87.90113,42.34015,-102,-11,16.0,0,0,I,PERIODIC,-95.0,-12.0,11.0,t1,3,1,3
2025.12.22,22.49.37,-87.90113,42.34015,-102,-11,16.0,41490,315,D,PERIODIC,-94.0,-12.0,11.0,t1,3,1,3
2025.12.22,22.49.38,-87.90113,42.34015,-102,-11,16.0,0,0,I,PERIODIC,-94.0,-12.0,11.0,t1,3,1,3
2025.12.22,22.49.39,-87.90113,42.34015,-105,-11,17.0,0,0,I,PERIODIC,-94.0,-13.0,12.0,t1,3,1,3
2025.12.22,22.49.40,-87.90113,42.34015,-105,-11,16.0,63,61,D,PERIODIC,-94.0,-13.0,12.0,t1,3,1,3
2025.12.22,22.49.41,-87.90113,42.34015,-103,-11,16.0,0,0,D,PERIODIC,-95.0,-11.0,12.0,t1,3,1,3
2025.12.22,22.49.42,-87.90113,42.34015,-103,-11,16.0,36058,277,D,PERIODIC,-95.0,-11.0,12.0,t1,3,1,3
2025.12.22,22.49.43,-87.90113,42.34015,-103,-11,16.0,0,0,I,PERIODIC,-94.0,-9.0,11.0,t1,3,1,3
2025.12.22,22.49.44,-87.90113,42.34015,-103,-11,16.0,1,1,D,PERIODIC,-94.0,-9.0,11.0,t1,3,1,3
2025.12.22,22.49.45,-87.90113,42.34015,-105,-11,16.0,0,0,D,PERIODIC,-94.0,-12.0,11.0,t1,3,1,3
2025.12.22,22.49.46,-87.90113,42.34015,-105,-11,17.0,4,0,D,PERIODIC,-94.0,-12.0,11.0,t1,3,1,3
2025.12.22,22.49.47,-87.90113,42.34015,-104,-11,17.0,36154,823,D,PERIODIC,-94.0,-13.0,12.0,t1,3,1,3
2025.12.22,22.49.48,-87.90113,42.34015,-104,-11,17.0,0,0,I,PERIODIC,-94.0,-13.0,12.0,t1,3,1,3
2025.12.22,22.49.49,-87.90113,42.34015,-103,-11,17.0,0,0,I,PERIODIC,-95.0,-10.0,10.0,t1,3,1,3
2025.12.22,22.49.50,-87.90113,42.34015,-103,-11,17.0,0,0,I,PERIODIC,-95.0,-10.0,10.0,t1,3,1,3
2025.12.22,22.49.51,-87.90113,42.34015,-105,-11,17.0,0,0,I,PERIODIC,-93.0,-12.0,11.0,t1,3,1,3
2025.12.22,22.49.52,-87.90113,42.34015,-105,-11,17.0,4,4,D,PERIODIC,-93.0,-12.0,11.0,t1,3,1,3
2025.12.22,22.49.53,-87.90113,42.34015,-105,-11,17.0,0,0,D,PERIODIC,-94.0,-12.0,12.0,t1,3,1,3
2025.12.22,22.49.54,-87.90113,42.34015,-105,-11,17.0,0,0,I,PERIODIC,-94.0,-12.0,12.0,t1,3,1,3
2025.12.22,22.49.55,-87.90113,42.34015,-104,-11,17.0,2,2,D,PERIODIC,-93.0,-10.0,12.0,t1,3,1,3
2025.12.22,22.49.56,-87.90113,42.34015,-104,-11,17.0,0,0,D,PERIODIC,-93.0,-10.0,12.0,t1,3,1,3
2025.12.22,22.49.57,-87.90113,42.34015,-104,-11,18.0,65862,2796,D,PERIODIC,-94.0,-10.0,14.0,t1,3,1,3
2025.12.22,22.49.58,-87.90113,42.34015,-104,-11,18.0,0,0,D,PERIODIC,-94.0,-10.0,14.0,t1,3,1,3
2025.12.22,22.49.59,-87.90113,42.34015,-104,-11,18.0,0,0,I,PERIODIC,-94.0,-10.0,14.0,t1,3,1,3
2025.12.22,22.50.00,-87.90113,42.34015,-104,-11,18.0,0,0,I,PERIODIC,-94.0,-10.0,14.0,t1,3,1,3
2025.12.22,22.50.01,-87.90113,42.34015,-104,-11,18.0,0,0,I,PERIODIC,-94.0,-13.0,10.0,t1,3,1,3
2025.12.22,22.50.02,-87.90113,42.34015,-104,-11,18.0,30966,299,D,PERIODIC,-94.0,-13.0,10.0,t1,3,1,3
2025.12.22,22.50.03,-87.90113,42.34015,-104,-11,18.0,0,1,D,PERIODIC,-94.0,-13.0,10.0,t1,3,1,3
2025.12.22,22.50.04,-87.90113,42.34015,-104,-11,18.0,0,0,I,PERIODIC,-94.0,-13.0,10.0,t1,3,1,3
2025.12.22,22.50.05,-87.90113,42.34015,-104,-11,18.0,0,0,I,PERIODIC,-94.0,-8.0,11.0,t1,3,1,3
2025.12.22,22.50.06,-87.90113,42.34015,-104,-11,18.0,0,0,I,PERIODIC,-94.0,-8.0,11.0,t1,3,1,3
2025.12.22,22.50.07,-87.90113,42.34015,-104,-11,18.0,0,0,I,PERIODIC,-94.0,-8.0,11.0,t1,3,1,3
2025.12.22,22.50.08,-87.90113,42.34015,-104,-11,18.0,0,0,I,PERIODIC,-94.0,-8.0,11.0,t1,3,1,3
2025.12.22,22.50.09,-87.90113,42.34015,-104,-11,18.0,0,0,I,PERIODIC,-94.0,-8.0,11.0,t1,3,1,3
2025.12.22,22.50.10,-87.90113,42.34015,-104,-11,18.0,7,9,D,PERIODIC,-94.0,-8.0,11.0,t1,3,1,3
2025.12.22,22.50.11,-87.90113,42.34015,-104,-11,18.0,0,0,D,PERIODIC,-94.0,-11.0,11.0,t1,3,1,3
2025.12.22,22.50.12,-87.90113,42.34015,-104,-11,18.0,66228,578,D,PERIODIC,-94.0,-11.0,11.0,t1,3,1,3
2025.12.22,22.50.13,-87.90113,42.34015,-104,-11,18.0,0,0,I,PERIODIC,-94.0,-10.0,11.0,t1,3,1,3
2025.12.22,22.50.14,-87.90113,42.34015,-104,-11,18.0,3,3,D,PERIODIC,-94.0,-10.0,11.0,t1,3,1,3
2025.12.22,22.50.15,-87.90113,42.34015,-105,-11,18.0,1,1,D,PERIODIC,-95.0,-10.0,11.0,t1,3,1,3
2025.12.22,22.50.16,-87.90113,42.34015,-105,-11,17.0,41950,938,D,PERIODIC,-95.0,-10.0,11.0,t1,3,1,3
2025.12.22,22.50.17,-87.90113,42.34015,-104,-11,17.0,0,0,D,PERIODIC,-94.0,-9.0,11.0,t1,3,1,3
2025.12.22,22.50.18,-87.90113,42.34015,-104,-11,17.0,0,0,I,PERIODIC,-94.0,-9.0,11.0,t1,3,1,3
2025.12.22,22.50.19,-87.90113,42.34015,-104,-11,17.0,0,0,I,PERIODIC,-95.0,-11.0,11.0,t1,3,1,3
2025.12.22,22.50.20,-87.90113,42.34015,-104,-11,17.0,0,0,I,PERIODIC,-95.0,-11.0,11.0,t1,3,1,3
2025.12.22,22.50.21,-87.90113,42.34015,-104,-11,17.0,0,0,I,PERIODIC,-94.0,-8.0,11.0,t1,3,1,3
2025.12.22,22.50.22,-87.90113,42.34015,-104,-11,17.0,0,0,I,PERIODIC,-94.0,-8.0,11.0,t1,3,1,3
2025.12.22,22.50.23,-87.90113,42.34015,-103,-11,18.0,0,0,I,PERIODIC,-95.0,-13.0,10.0,t1,3,1,3
2025.12.22,22.50.24,-87.90113,42.34015,-103,-11,17.0,5,8,D,PERIODIC,-95.0,-13.0,10.0,t1,3,1,3
2025.12.22,22.50.25,-87.90113,42.34015,-102,-11,17.0,3,3,D,PERIODIC,-94.0,-9.0,11.0,t1,3,1,3
2025.12.22,22.50.26,-87.90113,42.34015,-102,-11,17.0,23,44,D,PERIODIC,-94.0,-9.0,11.0,t1,3,1,3
2025.12.22,22.50.27,-87.90113,42.34015,-103,-11,18.0,17,3,D,PERIODIC,-95.0,-10.0,11.0,t1,3,1,3
2025.12.22,22.50.28,-87.90113,42.34015,-103,-11,18.0,0,0,I,PERIODIC,-95.0,-10.0,11.0,t1,3,1,3
2025.12.22,22.50.29,-87.90113,42.34015,-103,-11,18.0,0,0,I,PERIODIC,-94.0,-12.0,11.0,t1,3,1,3
2025.12.22,22.50.30,-87.90113,42.34015,-103,-11,18.0,0,0,I,PERIODIC,-94.0,-12.0,11.0,t1,3,1,3
2025.12.22,22.50.31,-87.90113,42.34015,-103,-11,18.0,0,0,I,PERIODIC,-95.0,-12.0,11.0,t1,3,1,3
2025.12.22,22.50.32,-87.90113,42.34015,-103,-11,18.0,0,0,I,PERIODIC,-95.0,-12.0,11.0,t1,3,1,3
2025.12.22,22.50.33,-87.90113,42.34015,-104,-11,18.0,0,0,I,PERIODIC,-94.0,-9.0,11.0,t1,3,1,3
2025.12.22,22.50.34,-87.90113,42.34015,-104,-11,18.0,0,0,I,PERIODIC,-94.0,-9.0,11.0,t1,3,1,3
2025.12.22,22.50.35,-87.90113,42.34015,-105,-11,18.0,0,0,I,PERIODIC,-94.0,-8.0,11.0,t1,3,1,3
2025.12.22,22.50.36,-87.90113,42.34015,-105,-11,18.0,0,0,I,PERIODIC,-94.0,-8.0,11.0,t1,3,1,3
2025.12.22,22.50.37,-87.90113,42.34015,-104,-11,18.0,0,0,I,PERIODIC,-94.0,-8.0,11.0,t1,3,1,3
2025.12.22,22.50.38,-87.90113,42.34015,-104,-11,18.0,0,0,I,PERIODIC,-94.0,-8.0,11.0,t1,3,1,3
2025.12.22,22.50.39,-87.90113,42.34015,-104,-11,18.0,0,0,I,PERIODIC,-94.0,-8.0,11.0,t1,3,1,3
2025.12.22,22.50.40,-87.90113,42.34015,-104,-11,17.0,7,9,D,PERIODIC,-94.0,-11.0,11.0,t1,3,1,3
2025.12.22,22.50.41,-87.90113,42.34015,-104,-11,18.0,31988,1107,D,PERIODIC,-94.0,-10.0,9.0,t1,3,1,3
2025.12.22,22.50.42,-87.90113,42.34015,-104,-11,18.0,0,0,D,PERIODIC,-94.0,-10.0,9.0,t1,3,1,3
2025.12.22,22.50.43,-87.90113,42.34015,-104,-11,18.0,0,0,I,PERIODIC,-94.0,-11.0,11.0,t1,3,1,3
2025.12.22,22.50.44,-87.90113,42.34015,-104,-11,18.0,1,1,D,PERIODIC,-94.0,-11.0,11.0,t1,3,1,3
2025.12.22,22.50.45,-87.90113,42.34015,-104,-11,18.0,5,5,D,PERIODIC,-94.0,-8.0,11.0,t1,3,1,3
2025.12.22,22.50.46,-87.90113,42.34015,-104,-11,18.0,0,0,D,PERIODIC,-94.0,-8.0,11.0,t1,3,1,3
2025.12.22,22.50.47,-87.90113,42.34015,-104,-11,18.0,2,2,D,PERIODIC,-94.0,-10.0,11.0,t1,3,1,3
2025.12.22,22.50.48,-87.90113,42.34015,-104,-11,18.0,0,0,D,PERIODIC,-94.0,-10.0,11.0,t1,3,1,3
2025.12.22,22.50.49,-87.90113,42.34015,-104,-11,18.0,0,0,I,PERIODIC,-94.0,-12.0,11.0,t1,3,1,3
2025.12.22,22.50.50,-87.90113,42.34015,-104,-11,18.0,0,0,I,PERIODIC,-94.0,-12.0,11.0,t1,3,1,3
2025.12.22,22.50.51,-87.90113,42.34015,-104,-11,18.0,0,0,I,PERIODIC,-94.0,-14.0,11.0,t1,3,1,3
2025.12.22,22.50.52,-87.90113,42.34015,-104,-11,18.0,4,4,D,PERIODIC,-94.0,-14.0,11.0,t1,3,1,3
2025.12.22,22.50.53,-87.90113,42.34015,-104,-11,18.0,0,0,D,PERIODIC,-95.0,-11.0,11.0,t1,3,1,3
2025.12.22,22.50.54,-87.90113,42.34015,-104,-11,18.0,0,0,I,PERIODIC,-95.0,-11.0,11.0,t1,3,1,3
2025.12.22,22.50.55,-87.90113,42.34015,-105,-11,18.0,7,8,D,PERIODIC,-93.0,-9.0,11.0,t1,3,1,3
2025.12.22,22.50.56,-87.90113,42.34015,-105,-11,18.0,36372,3238,D,PERIODIC,-93.0,-9.0,11.0,t1,3,1,3
2025.12.22,22.50.57,-87.90113,42.34015,-104,-11,18.0,0,0,D,PERIODIC,-94.0,-11.0,10.0,t1,3,1,3
2025.12.22,22.50.58,-87.90113,42.34015,-104,-11,18.0,0,0,I,PERIODIC,-94.0,-11.0,10.0,t1,3,1,3
2025.12.22,22.50.59,-87.90113,42.34015,-105,-11,18.0,5,5,D,PERIODIC,-95.0,-11.0,11.0,t1,3,1,3
2025.12.22,22.51.00,-87.90113,42.34015,-105,-11,18.0,0,0,I,PERIODIC,-95.0,-11.0,11.0,t1,3,1,3
2025.12.22,22.51.01,-87.90113,42.34015,-104,-11,18.0,0,339,D,PERIODIC,-95.0,-11.0,11.0,t1,3,1,3
2025.12.22,22.51.02,-87.90113,42.34015,-104,-11,17.0,1,0,D,PERIODIC,-95.0,-11.0,11.0,t1,3,1,3
2025.12.22,22.51.03,-87.90113,42.34015,-104,-11,18.0,0,0,D,PERIODIC,-94.0,-9.0,11.0,t1,3,1,3
2025.12.22,22.51.04,-87.90113,42.34015,-104,-11,18.0,20,22,D,PERIODIC,-94.0,-9.0,11.0,t1,3,1,3
2025.12.22,22.51.05,-87.90113,42.34015,-104,-11,17.0,1,1,D,PERIODIC,-94.0,-9.0,11.0,t1,3,1,3
2025.12.22,22.51.06,-87.90113,42.34015,-105,-11,17.0,74941,560,D,PERIODIC,-95.0,-12.0,12.0,t1,3,1,3
2025.12.22,22.51.07,-87.90113,42.34015,-105,-11,17.0,1,1,D,PERIODIC,-94.0,-10.0,12.0,t1,3,1,3
2025.12.22,22.51.08,-87.90113,42.34015,-105,-11,17.0,0,0,D,PERIODIC,-94.0,-10.0,12.0,t1,3,1,3
2025.12.22,22.51.09,-87.90113,42.34015,-105,-11,17.0,0,0,I,PERIODIC,-95.0,-11.0,12.0,t1,3,1,3
2025.12.22,22.51.10,-87.90113,42.34015,-105,-11,17.0,7,9,D,PERIODIC,-95.0,-11.0,12.0,t1,3,1,3
2025.12.22,22.51.11,-87.90113,42.34015,-105,-11,17.0,72084,508,D,PERIODIC,-92.0,-9.0,12.0,t1,3,1,3
2025.12.22,22.51.12,-87.90113,42.34015,-105,-11,17.0,0,0,D,PERIODIC,-92.0,-9.0,12.0,t1,3,1,3
2025.12.22,22.51.13,-87.90113,42.34015,-104,-11,17.0,0,0,I,PERIODIC,-94.0,-11.0,10.0,t1,3,1,3
2025.12.22,22.51.14,-87.90113,42.34015,-104,-11,16.0,0,0,I,PERIODIC,-94.0,-11.0,10.0,t1,3,1,3
2025.12.22,22.51.15,-87.90113,42.34015,-102,-11,16.0,0,0,I,PERIODIC,-94.0,-8.0,10.0,t1,3,1,3
2025.12.22,22.51.16,-87.90113,42.34015,-102,-11,15.0,72100,496,D,PERIODIC,-94.0,-8.0,10.0,t1,3,1,3
2025.12.22,22.51.17,-87.90113,42.34015,-104,-11,16.0,0,0,D,PERIODIC,-94.0,-9.0,10.0,t1,3,1,3
2025.12.22,22.51.18,-87.90113,42.34015,-104,-11,16.0,0,0,I,PERIODIC,-94.0,-9.0,10.0,t1,3,1,3
2025.12.22,22.51.19,-87.90113,42.34015,-104,-11,16.0,0,0,I,PERIODIC,-94.0,-9.0,10.0,t1,3,1,3
2025.12.22,22.51.20,-87.90113,42.34015,-104,-11,16.0,0,0,I,PERIODIC,-94.0,-9.0,10.0,t1,3,1,3
2025.12.22,22.51.21,-87.90113,42.34015,-103,-11,16.0,72656,542,D,PERIODIC,-94.0,-11.0,12.0,t1,3,1,3
2025.12.22,22.51.22,-87.90113,42.34015,-103,-11,15.0,8,9,D,PERIODIC,-94.0,-11.0,12.0,t1,3,1,3
2025.12.22,22.51.23,-87.90113,42.34015,-105,-11,15.0,10,10,D,PERIODIC,-94.0,-8.0,12.0,t1,3,1,3
2025.12.22,22.51.24,-87.90113,42.34015,-105,-11,15.0,0,0,D,PERIODIC,-94.0,-8.0,12.0,t1,3,1,3
2025.12.22,22.51.25,-87.90113,42.34015,-105,-11,15.0,2,2,D,PERIODIC,-94.0,-13.0,12.0,t1,3,1,3
2025.12.22,22.51.26,-87.90113,42.34015,-105,-11,14.0,77030,2050,D,PERIODIC,-94.0,-13.0,12.0,t1,3,1,3
2025.12.22,22.51.27,-87.90113,42.34015,-105,-11,14.0,0,0,D,PERIODIC,-94.0,-8.0,12.0,t1,3,1,3
2025.12.22,22.51.28,-87.90113,42.34015,-105,-11,15.0,0,0,I,PERIODIC,-94.0,-8.0,12.0,t1,3,1,3
2025.12.22,22.51.29,-87.90113,42.34015,-105,-11,15.0,0,0,I,PERIODIC,-94.0,-8.0,11.0,t1,3,1,3
2025.12.22,22.51.30,-87.90113,42.34015,-105,-11,15.0,0,0,I,PERIODIC,-94.0,-8.0,11.0,t1,3,1,3
2025.12.22,22.51.31,-87.90113,42.34015,-106,-11,15.0,28669,235,D,PERIODIC,-94.0,-10.0,12.0,t1,3,1,3
2025.12.22,22.51.32,-87.90113,42.34015,-106,-11,14.0,0,0,D,PERIODIC,-94.0,-10.0,12.0,t1,3,1,3
2025.12.22,22.51.33,-87.90113,42.34015,-105,-11,14.0,0,0,I,PERIODIC,-94.0,-11.0,12.0,t1,3,1,3
2025.12.22,22.51.34,-87.90113,42.34015,-105,-11,14.0,0,0,I,PERIODIC,-94.0,-11.0,12.0,t1,3,1,3
2025.12.22,22.51.35,-87.90113,42.34015,-103,-11,15.0,0,0,I,PERIODIC,-94.0,-11.0,12.0,t1,3,1,3
2025.12.22,22.51.36,-87.90113,42.34015,-103,-11,15.0,25044,213,D,PERIODIC,-94.0,-11.0,12.0,t1,3,1,3
2025.12.22,22.51.37,-87.90113,42.34015,-105,-11,15.0,0,0,D,PERIODIC,-93.0,-8.0,12.0,t1,3,1,3
2025.12.22,22.51.38,-87.90113,42.34015,-105,-11,15.0,0,0,I,PERIODIC,-93.0,-8.0,12.0,t1,3,1,3
2025.12.22,22.51.39,-87.90113,42.34015,-105,-11,14.0,0,0,I,PERIODIC,-94.0,-12.0,11.0,t1,3,1,3
2025.12.22,22.51.40,-87.90113,42.34015,-105,-11,14.0,7,9,D,PERIODIC,-94.0,-12.0,11.0,t1,3,1,3
2025.12.22,22.51.41,-87.90113,42.34015,-103,-11,14.0,0,0,D,PERIODIC,-93.0,-8.0,12.0,t1,3,1,3
2025.12.22,22.51.42,-87.90113,42.34015,-103,-11,14.0,0,0,I,PERIODIC,-93.0,-8.0,12.0,t1,3,1,3
2025.12.22,22.51.43,-87.90113,42.34015,-103,-11,14.0,0,4,D,PERIODIC,-95.0,-13.0,12.0,t1,3,1,3
2025.12.22,22.51.44,-87.90113,42.34015,-103,-11,16.0,3,3,D,PERIODIC,-95.0,-13.0,12.0,t1,3,1,3
2025.12.22,22.51.45,-87.90113,42.34015,-102,-11,16.0,1,1,D,PERIODIC,-93.0,-8.0,11.0,t1,3,1,3
2025.12.22,22.51.46,-87.90113,42.34015,-102,-11,16.0,18140,776,D,PERIODIC,-93.0,-8.0,11.0,t1,3,1,3
2025.12.22,22.51.47,-87.90113,42.34015,-102,-11,16.0,2,6,D,PERIODIC,-95.0,-12.0,11.0,t1,3,1,3
2025.12.22,22.51.48,-87.90113,42.34015,-102,-11,16.0,0,0,D,PERIODIC,-95.0,-12.0,11.0,t1,3,1,3
2025.12.22,22.51.49,-87.90113,42.34015,-102,-11,16.0,0,0,I,PERIODIC,-93.0,-8.0,11.0,t1,3,1,3
2025.12.22,22.51.50,-87.90113,42.34015,-102,-11,16.0,0,0,I,PERIODIC,-93.0,-8.0,11.0,t1,3,1,3
2025.12.22,22.51.51,-87.90113,42.34015,-102,-11,16.0,0,0,I,PERIODIC,-94.0,-14.0,11.0,t1,3,1,3
2025.12.22,22.51.52,-87.90113,42.34015,-102,-11,16.0,4,4,D,PERIODIC,-94.0,-14.0,11.0,t1,3,1,3
2025.12.22,22.51.53,-87.90113,42.34015,-105,-11,16.0,1,1,D,PERIODIC,-93.0,-9.0,10.0,t1,3,1,3
2025.12.22,22.51.54,-87.90113,42.34015,-105,-11,16.0,0,0,I,PERIODIC,-93.0,-9.0,10.0,t1,3,1,3
2025.12.22,22.51.55,-87.90113,42.34015,-103,-11,16.0,2,2,D,PERIODIC,-94.0,-8.0,11.0,t1,3,1,3
2025.12.22,22.51.56,-87.90113,42.34015,-103,-11,15.0,8,10,D,PERIODIC,-94.0,-8.0,11.0,t1,3,1,3
2025.12.22,22.51.57,-87.90113,42.34015,-103,-11,15.0,1,1,D,PERIODIC,-94.0,-11.0,11.0,t1,3,1,3
2025.12.22,22.51.58,-87.90113,42.34015,-103,-11,15.0,0,0,I,PERIODIC,-94.0,-11.0,11.0,t1,3,1,3
2025.12.22,22.51.59,-87.90113,42.34015,-105,-11,16.0,0,0,I,PERIODIC,-94.0,-8.0,11.0,t1,3,1,3
2025.12.22,22.52.00,-87.90113,42.34015,-105,-11,16.0,0,0,I,PERIODIC,-94.0,-8.0,11.0,t1,3,1,3
2025.12.22,22.52.01,-87.90113,42.34015,-104,-11,16.0,0,1,D,PERIODIC,-94.0,-13.0,12.0,t1,3,1,3
2025.12.22,22.52.02,-87.90113,42.34015,-104,-11,16.0,0,0,I,PERIODIC,-94.0,-13.0,12.0,t1,3,1,3
2025.12.22,22.52.03,-87.90113,42.34015,-105,-11,16.0,0,0,I,PERIODIC,-94.0,-8.0,12.0,t1,3,1,3
2025.12.22,22.52.04,-87.90113,42.34015,-105,-11,16.0,0,0,I,PERIODIC,-94.0,-8.0,12.0,t1,3,1,3
2025.12.22,22.52.05,-87.90113,42.34015,-105,-11,16.0,0,0,I,PERIODIC,-94.0,-11.0,12.0,t1,3,1,3
2025.12.22,22.52.06,-87.90113,42.34015,-105,-11,16.0,0,0,I,PERIODIC,-94.0,-11.0,12.0,t1,3,1,3
2025.12.22,22.52.07,-87.90113,42.34015,-105,-11,16.0,0,0,I,PERIODIC,-94.0,-12.0,11.0,t1,3,1,3
2025.12.22,22.52.08,-87.90113,42.34015,-105,-11,16.0,0,0,I,PERIODIC,-94.0,-12.0,11.0,t1,3,1,3
2025.12.22,22.52.09,-87.90113,42.34015,-105,-11,16.0,0,0,I,PERIODIC,-93.0,-12.0,11.0,t1,3,1,3
2025.12.22,22.52.10,-87.90113,42.34015,-105,-11,16.0,7,8,D,PERIODIC,-93.0,-12.0,11.0,t1,3,1,3
2025.12.22,22.52.11,-87.90113,42.34015,-105,-11,16.0,0,0,D,PERIODIC,-94.0,-13.0,11.0,t1,3,1,3
2025.12.22,22.52.12,-87.90113,42.34015,-105,-11,16.0,0,0,I,PERIODIC,-94.0,-13.0,11.0,t1,3,1,3
2025.12.22,22.52.13,-87.90113,42.34015,-102,-11,16.0,0,0,I,PERIODIC,-93.0,-13.0,12.0,t1,3,1,3
2025.12.22,22.52.14,-87.90113,42.34015,-102,-11,15.0,0,0,I,PERIODIC,-93.0,-13.0,12.0,t1,3,1,3
2025.12.22,22.52.15,-87.90113,42.34015,-105,-11,16.0,0,0,D,PERIODIC,-95.0,-15.0,12.0,t1,3,1,3
2025.12.22,22.52.16,-87.90113,42.34015,-105,-11,16.0,0,0,I,PERIODIC,-95.0,-15.0,12.0,t1,3,1,3
2025.12.22,22.52.17,-87.90113,42.34015,-103,-11,16.0,6,6,D,PERIODIC,-95.0,-11.0,12.0,t1,3,1,3
2025.12.22,22.52.18,-87.90113,42.34015,-103,-11,17.0,0,0,I,PERIODIC,-95.0,-11.0,12.0,t1,3,1,3
2025.12.22,22.52.19,-87.90113,42.34015,-103,-11,17.0,0,0,I,PERIODIC,-94.0,-13.0,11.0,t1,3,1,3
2025.12.22,22.52.20,-87.90113,42.34015,-103,-11,15.0,65,62,D,PERIODIC,-94.0,-13.0,11.0,t1,3,1,3
2025.12.22,22.52.21,-87.90113,42.34015,-104,-11,15.0,0,2,D,PERIODIC,-95.0,-12.0,10.0,t1,3,1,3
2025.12.22,22.52.22,-87.90113,42.34015,-104,-11,15.0,0,0,D,PERIODIC,-95.0,-12.0,10.0,t1,3,1,3
2025.12.22,22.52.23,-87.90113,42.34015,-104,-11,15.0,0,0,I,PERIODIC,-94.0,-12.0,10.0,t1,3,1,3
2025.12.22,22.52.24,-87.90113,42.34015,-104,-11,15.0,12,13,D,PERIODIC,-94.0,-12.0,10.0,t1,3,1,3
2025.12.22,22.52.25,-87.90113,42.34015,-103,-11,15.0,4,4,D,PERIODIC,-95.0,-12.0,10.0,t1,3,1,3
2025.12.22,22.52.26,-87.90113,42.34015,-103,-11,15.0,0,0,D,PERIODIC,-95.0,-12.0,10.0,t1,3,1,3
2025.12.22,22.52.27,-87.90113,42.34015,-103,-11,15.0,4,4,D,PERIODIC,-93.0,-11.0,10.0,t1,3,1,3
2025.12.22,22.52.28,-87.90113,42.34015,-103,-11,15.0,0,0,D,PERIODIC,-93.0,-11.0,10.0,t1,3,1,3
2025.12.22,22.52.29,-87.90113,42.34015,-107,-11,16.0,0,0,I,PERIODIC,-96.0,-12.0,10.0,t1,3,1,3
2025.12.22,22.52.30,-87.90113,42.34015,-107,-11,19.0,0,0,I,PERIODIC,-96.0,-12.0,10.0,t1,3,1,3
2025.12.22,22.52.31,-87.90113,42.34015,-100,-11,19.0,0,0,I,PERIODIC,-95.0,-14.0,7.0,t1,3,1,3
2025.11.14,15.30.41,-90.120266,29.934115,-109,-15,5.0,0,0,D,LOG START,-106.0,-13.0,10.0,hl,3,1,3
2025.11.14,15.30.42,-90.120266,29.934115,-109,-15,5.0,1,0,D,PERIODIC,-106.0,-15.0,10.0,hl,3,1,3
2025.11.14,15.30.43,-90.120266,29.934115,-109,-15,5.0,0,0,D,PERIODIC,-106.0,-15.0,10.0,hl,3,1,3
2025.11.14,15.30.44,-90.120266,29.934115,-110,-15,0.0,6,8,D,PERIODIC,-110.0,-14.0,10.0,hl,3,1,3
2025.11.14,15.30.45,-90.120266,29.934115,-110,-15,0.0,0,0,D,PERIODIC,-110.0,-14.0,10.0,hl,3,1,3
2025.11.14,15.30.46,-90.120266,29.934115,-110,-15,0.0,2,0,D,PERIODIC,-110.0,-14.0,10.0,hl,3,1,3
2025.11.14,15.30.47,-90.120266,29.934115,-110,-15,0.0,154,156,D,PERIODIC,-110.0,-14.0,10.0,hl,3,1,3
2025.11.14,15.30.48,-90.120266,29.934115,-109,-15,0.0,100,100,D,PERIODIC,-110.0,-14.0,6.0,hl,3,1,3
2025.11.14,15.30.49,-90.120266,29.934115,-109,-15,0.0,31,31,D,PERIODIC,-110.0,-14.0,6.0,hl,3,1,3
2025.11.14,15.30.50,-90.120266,29.934115,-109,-15,0.0,0,0,I,PERIODIC,-110.0,-12.0,6.0,hl,3,1,3
2025.11.14,15.30.51,-90.120266,29.934115,-109,-15,0.0,0,0,D,PERIODIC,-110.0,-12.0,6.0,hl,3,1,3
2025.11.14,15.30.52,-90.120266,29.934115,-109,-15,0.0,5,4,D,PERIODIC,-110.0,-12.0,6.0,hl,3,1,3
2025.11.14,15.30.53,-90.120266,29.934115,-108,-15,5.0,0,0,I,PERIODIC,-110.0,-13.0,8.0,hl,3,1,3
2025.11.14,15.30.54,-90.120266,29.934115,-108,-15,5.0,0,0,I,PERIODIC,-110.0,-13.0,8.0,hl,3,1,3
2025.11.14,15.30.55,-90.120266,29.934115,-108,-16,15.0,0,0,I,PERIODIC,-110.0,-14.0,7.0,hl,3,1,3
2025.11.14,15.30.56,-90.120266,29.934115,-108,-16,15.0,0,0,I,PERIODIC,-109.0,-14.0,7.0,hl,3,1,3
2025.11.14,15.30.57,-90.120266,29.934115,-108,-16,15.0,0,0,I,PERIODIC,-109.0,-14.0,7.0,hl,3,1,3
2025.11.14,15.30.58,-90.120266,29.934115,-108,-16,15.0,24,44,D,PERIODIC,-110.0,-14.0,7.0,hl,3,1,3
2025.11.14,15.30.59,-90.120266,29.934115,-108,-16,15.0,47,109,D,PERIODIC,-110.0,-14.0,7.0,hl,3,1,3
2025.11.14,15.31.00,-90.120266,29.934115,-108,-16,15.0,37,93,D,PERIODIC,-109.0,-12.0,7.0,hl,3,1,3
2025.11.14,15.31.01,-90.120266,29.934115,-108,-16,15.0,52,50,D,PERIODIC,-109.0,-12.0,7.0,hl,3,1,3
2025.11.14,15.31.02,-90.120266,29.934115,-108,-16,15.0,0,0,D,PERIODIC,-108.0,-12.0,7.0,hl,3,1,3
2025.11.14,15.31.03,-90.120266,29.934115,-108,-16,15.0,64,26,D,PERIODIC,-108.0,-12.0,7.0,hl,3,1,3
2025.11.14,15.31.04,-90.120266,29.934115,-108,-16,15.0,0,0,D,PERIODIC,-108.0,-12.0,7.0,hl,3,1,3
2025.11.14,15.31.05,-90.120266,29.934115,-108,-16,15.0,0,0,I,PERIODIC,-109.0,-14.0,7.0,hl,3,1,3
2025.11.14,15.31.06,-90.120266,29.934115,-109,-17,5.0,0,0,I,PERIODIC,-109.0,-14.0,8.0,hl,3,1,3
2025.11.14,15.31.07,-90.120266,29.934115,-109,-17,5.0,0,0,I,PERIODIC,-109.0,-14.0,8.0,hl,3,1,3
2025.11.14,15.31.08,-90.120266,29.934115,-110,-16,5.0,0,0,I,PERIODIC,-109.0,-14.0,7.0,hl,3,1,3
2025.11.14,15.31.09,-90.120266,29.934115,-110,-16,5.0,0,0,I,PERIODIC,-109.0,-14.0,7.0,hl,3,1,3
2025.11.14,15.31.10,-90.120266,29.934115,-109,-16,5.0,0,0,I,PERIODIC,-108.0,-13.0,6.0,hl,3,1,3
2025.11.14,15.31.11,-90.120266,29.934115,-109,-16,5.0,0,0,I,PERIODIC,-108.0,-13.0,6.0,hl,3,1,3
2025.11.14,15.31.12,-90.120266,29.934115,-109,-16,5.0,0,0,I,PERIODIC,-108.0,-13.0,6.0,hl,3,1,3
2025.11.14,15.31.13,-90.120266,29.934115,-109,-16,5.0,0,0,I,PERIODIC,-110.0,-13.0,6.0,hl,3,1,3
2025.11.14,15.31.14,-90.120266,29.934115,-109,-16,5.0,1,1,D,PERIODIC,-108.0,-14.0,6.0,hl,3,1,3
2025.11.14,15.31.15,-90.120266,29.934115,-109,-16,5.0,19,22,D,PERIODIC,-108.0,-14.0,6.0,hl,3,1,3
2025.11.14,15.31.16,-90.120266,29.934115,-109,-16,5.0,0,0,I,PERIODIC,-110.0,-14.0,6.0,hl,3,1,3
2025.11.14,15.31.17,-90.120266,29.934115,-109,-16,5.0,0,0,D,PERIODIC,-110.0,-14.0,6.0,hl,3,1,3
2025.11.14,15.31.18,-90.120266,29.934115,-109,-16,5.0,0,0,I,PERIODIC,-110.0,-14.0,6.0,hl,3,1,3
2025.11.14,15.31.19,-90.120266,29.934115,-109,-16,5.0,2,5,D,PERIODIC,-110.0,-14.0,6.0,hl,3,1,3
2025.11.14,15.31.20,-90.120266,29.934115,-106,-15,0.0,3,1,D,PERIODIC,-111.0,-13.0,6.0,hl,3,1,3
2025.11.14,15.31.21,-90.120266,29.934115,-106,-15,0.0,13,15,D,PERIODIC,-111.0,-13.0,6.0,hl,3,1,3
2025.11.14,15.31.22,-90.120266,29.934115,-106,-14,5.0,13,12,D,PERIODIC,-110.0,-13.0,7.0,hl,3,1,3
2025.11.14,15.31.23,-90.120266,29.934115,-106,-14,5.0,0,9,D,PERIODIC,-110.0,-13.0,7.0,hl,3,1,3
2025.11.14,15.31.24,-90.120266,29.934115,-106,-14,5.0,6902,11313,D,PERIODIC,-111.0,-14.0,7.0,hl,3,1,3
2025.11.14,15.31.25,-90.120266,29.934115,-106,-14,5.0,0,2,D,PERIODIC,-111.0,-14.0,7.0,hl,3,1,3
2025.11.14,15.31.26,-90.120266,29.934115,-105,-14,5.0,13,10,D,PERIODIC,-110.0,-14.0,7.0,hl,3,1,3
2025.11.14,15.31.27,-90.120266,29.934115,-105,-14,5.0,0,0,D,PERIODIC,-110.0,-14.0,7.0,hl,3,1,3
2025.11.14,15.31.28,-90.120266,29.934115,-104,-14,10.0,0,0,D,PERIODIC,-110.0,-14.0,7.0,hl,3,1,3
2025.11.14,15.31.29,-90.120266,29.934115,-104,-14,10.0,0,0,I,PERIODIC,-110.0,-14.0,7.0,hl,3,1,3
2025.11.14,15.31.30,-90.120266,29.934115,-104,-14,10.0,0,0,I,PERIODIC,-110.0,-13.0,7.0,hl,3,1,3
2025.11.14,15.31.31,-90.120266,29.934115,-104,-14,10.0,0,0,I,PERIODIC,-110.0,-13.0,7.0,hl,3,1,3
2025.11.14,15.31.32,-90.120266,29.934115,-104,-14,10.0,0,0,I,PERIODIC,-110.0,-13.0,7.0,hl,3,1,3
2025.11.14,15.31.33,-90.120266,29.934115,-104,-14,10.0,0,0,I,PERIODIC,-110.0,-13.0,7.0,hl,3,1,3
2025.11.14,15.31.34,-90.120266,29.934115,-104,-14,10.0,27823,3054,D,PERIODIC,-109.0,-14.0,7.0,hl,3,1,3
2025.11.14,15.31.35,-90.120266,29.934115,-104,-14,10.0,0,0,D,PERIODIC,-109.0,-14.0,7.0,hl,3,1,3
2025.11.14,15.31.36,-90.120266,29.934115,-104,-14,10.0,1,3,D,PERIODIC,-109.0,-14.0,7.0,hl,3,1,3
2025.11.14,15.31.37,-90.120266,29.934115,-103,-13,10.0,2,2,D,PERIODIC,-110.0,-14.0,5.0,hl,3,1,3
2025.11.14,15.31.38,-90.120266,29.934115,-103,-13,10.0,0,0,I,PERIODIC,-110.0,-15.0,5.0,hl,3,1,3
2025.11.14,15.31.39,-90.120266,29.934115,-103,-13,10.0,0,0,I,PERIODIC,-110.0,-15.0,5.0,hl,3,1,3
2025.11.14,15.31.40,-90.120266,29.934115,-103,-13,10.0,0,0,I,PERIODIC,-110.0,-13.0,5.0,hl,3,1,3
2025.11.14,15.31.41,-90.120266,29.934115,-103,-13,10.0,0,0,I,PERIODIC,-110.0,-13.0,5.0,hl,3,1,3
2025.11.14,15.31.42,-90.120266,29.934115,-103,-13,10.0,1,3,D,PERIODIC,-110.0,-13.0,5.0,hl,3,1,3
2025.11.14,15.31.43,-90.120266,29.934115,-103,-13,10.0,6,3,D,PERIODIC,-110.0,-13.0,5.0,hl,3,1,3
2025.11.14,15.31.44,-90.120266,29.934115,-103,-13,10.0,2,2,D,PERIODIC,-110.0,-14.0,5.0,hl,3,1,3
2025.11.14,15.31.45,-90.120266,29.934115,-103,-13,10.0,0,0,D,PERIODIC,-110.0,-14.0,5.0,hl,3,1,3
2025.11.14,15.31.46,-90.120266,29.934115,-105,-14,15.0,5,5,D,PERIODIC,-108.0,-14.0,5.0,hl,3,1,3
2025.11.14,15.31.47,-90.120266,29.934115,-105,-14,15.0,0,0,I,PERIODIC,-108.0,-14.0,5.0,hl,3,1,3
2025.11.14,15.31.48,-90.120266,29.934115,-105,-14,15.0,1,1,D,PERIODIC,-108.0,-14.0,5.0,hl,3,1,3
2025.11.14,15.31.49,-90.120266,29.934115,-105,-14,15.0,26796,2326,D,PERIODIC,-108.0,-14.0,5.0,hl,3,1,3
2025.11.14,15.31.50,-90.120266,29.934115,-104,-13,20.0,0,0,D,PERIODIC,-109.0,-13.0,7.0,hl,3,1,3
2025.11.14,15.31.51,-90.120266,29.934115,-104,-13,20.0,0,2,D,PERIODIC,-109.0,-13.0,7.0,hl,3,1,3
2025.11.14,15.31.52,-90.120266,29.934115,-105,-14,25.0,13,10,D,PERIODIC,-110.0,-14.0,7.0,hl,3,1,3
2025.11.14,15.31.53,-90.120266,29.934115,-105,-14,25.0,13,7,D,PERIODIC,-110.0,-14.0,7.0,hl,3,1,3
2025.11.14,15.31.54,-90.120266,29.934115,-105,-14,25.0,4,4,D,PERIODIC,-109.0,-13.0,7.0,hl,3,1,3
2025.11.14,15.31.55,-90.120266,29.934115,-105,-14,25.0,0,0,D,PERIODIC,-109.0,-13.0,7.0,hl,3,1,3
2025.11.14,15.31.56,-90.120266,29.934115,-105,-14,25.0,9,9,D,PERIODIC,-109.0,-14.0,7.0,hl,3,1,3
2025.11.14,15.31.57,-90.120266,29.934115,-105,-14,25.0,0,0,I,PERIODIC,-109.0,-14.0,7.0,hl,3,1,3
2025.11.14,15.31.58,-90.120266,29.934115,-105,-14,25.0,0,0,I,PERIODIC,-110.0,-15.0,7.0,hl,3,1,3
2025.11.14,15.31.59,-90.120266,29.934115,-105,-14,25.0,0,0,I,PERIODIC,-110.0,-15.0,7.0,hl,3,1,3
2025.11.14,15.32.00,-90.120266,29.934115,-106,-15,15.0,22635,1,D,PERIODIC,-109.0,-14.0,6.0,hl,3,1,3
2025.11.14,15.32.01,-90.120266,29.934115,-106,-15,15.0,1,1,D,PERIODIC,-109.0,-14.0,6.0,hl,3,1,3
2025.11.14,15.32.02,-90.120266,29.934115,-105,-14,15.0,0,0,D,PERIODIC,-110.0,-13.0,7.0,hl,3,1,3
2025.11.14,15.32.03,-90.120266,29.934115,-105,-14,15.0,0,0,I,PERIODIC,-110.0,-13.0,7.0,hl,3,1,3
2025.11.14,15.32.04,-90.120266,29.934115,-106,-15,25.0,0,890,D,PERIODIC,-110.0,-13.0,6.0,hl,3,1,3
2025.11.14,15.32.05,-90.120266,29.934115,-106,-15,25.0,0,0,I,PERIODIC,-110.0,-13.0,6.0,hl,3,1,3
2025.11.14,15.32.06,-90.120266,29.934115,-106,-14,35.0,0,0,I,PERIODIC,-110.0,-14.0,6.0,hl,3,1,3
2025.11.14,15.32.07,-90.120266,29.934115,-106,-14,35.0,0,0,I,PERIODIC,-110.0,-14.0,6.0,hl,3,1,3
2025.11.14,15.32.08,-90.120266,29.934115,-107,-15,20.0,0,0,I,PERIODIC,-109.0,-15.0,6.0,hl,3,1,3
2025.11.14,15.32.09,-90.120266,29.934115,-107,-15,20.0,28489,451,D,PERIODIC,-109.0,-15.0,6.0,hl,3,1,3
2025.11.14,15.32.10,-90.120266,29.934115,-106,-14,15.0,0,0,D,PERIODIC,-110.0,-14.0,5.0,hl,3,1,3
2025.11.14,15.32.11,-90.120266,29.934115,-106,-14,15.0,0,0,I,PERIODIC,-110.0,-14.0,5.0,hl,3,1,3
2025.11.14,15.32.12,-90.120266,29.934115,-107,-15,20.0,0,0,I,PERIODIC,-110.0,-14.0,6.0,hl,3,1,3
2025.11.14,15.32.13,-90.120266,29.934115,-107,-15,20.0,0,0,I,PERIODIC,-110.0,-14.0,6.0,hl,3,1,3
2025.11.14,15.32.14,-90.120266,29.934115,-108,-14,20.0,0,0,D,PERIODIC,-110.0,-14.0,6.0,hl,3,1,3
2025.11.14,15.32.15,-90.120266,29.934115,-108,-14,20.0,60,57,D,PERIODIC,-110.0,-14.0,6.0,hl,3,1,3
2025.11.14,15.32.16,-90.120266,29.934115,-108,-15,15.0,4,23,D,PERIODIC,-110.0,-14.0,6.0,hl,3,1,3
2025.11.14,15.32.17,-90.120266,29.934115,-108,-15,15.0,27,29,D,PERIODIC,-110.0,-14.0,6.0,hl,3,1,3
2025.11.14,15.32.18,-90.120266,29.934115,-108,-15,15.0,0,0,I,PERIODIC,-110.0,-14.0,6.0,hl,3,1,3
2025.11.14,15.32.19,-90.120266,29.934115,-107,-14,10.0,0,1875,D,PERIODIC,-110.0,-14.0,6.0,hl,3,1,3
2025.11.14,15.32.20,-90.120266,29.934115,-107,-14,15.0,0,0,I,PERIODIC,-110.0,-14.0,6.0,hl,3,1,3
2025.11.14,15.32.21,-90.120266,29.934115,-107,-14,15.0,0,0,I,PERIODIC,-110.0,-14.0,6.0,hl,3,1,3
2025.11.14,15.32.22,-90.120266,29.934115,-107,-14,15.0,9,9,D,PERIODIC,-110.0,-13.0,6.0,hl,3,1,3
2025.11.14,15.32.23,-90.120266,29.934115,-107,-14,15.0,3,3,D,PERIODIC,-110.0,-13.0,6.0,hl,3,1,3
2025.11.14,15.32.24,-90.120266,29.934115,-107,-15,15.0,1,2,D,PERIODIC,-110.0,-13.0,5.0,hl,3,1,3
2025.11.14,15.32.25,-90.120266,29.934115,-107,-15,15.0,0,0,I,PERIODIC,-110.0,-13.0,5.0,hl,3,1,3
2025.11.14,15.32.26,-90.120266,29.934115,-107,-15,15.0,1,1,D,PERIODIC,-110.0,-14.0,5.0,hl,3,1,3
2025.11.14,15.32.27,-90.120266,29.934115,-107,-15,15.0,0,7,D,PERIODIC,-110.0,-14.0,5.0,hl,3,1,3
2025.11.14,15.32.28,-90.120266,29.934115,-106,-14,20.0,0,0,I,PERIODIC,-110.0,-15.0,6.0,hl,3,1,3
2025.11.14,15.32.29,-90.120266,29.934115,-106,-14,20.0,16367,1227,D,PERIODIC,-110.0,-15.0,6.0,hl,3,1,3
2025.11.14,15.32.30,-90.120266,29.934115,-107,-14,15.0,0,0,I,PERIODIC,-110.0,-14.0,5.0,hl,3,1,3
2025.11.14,15.32.31,-90.120266,29.934115,-107,-14,15.0,2,2,D,PERIODIC,-110.0,-14.0,5.0,hl,3,1,3
2025.11.14,15.32.32,-90.120266,29.934115,-107,-14,15.0,0,0,I,PERIODIC,-110.0,-13.0,8.0,hl,3,1,3
2025.11.14,15.32.33,-90.120266,29.934115,-107,-14,15.0,7,6,D,PERIODIC,-110.0,-13.0,8.0,hl,3,1,3
2025.11.14,15.32.34,-90.120266,29.934115,-107,-15,20.0,21469,1285,D,PERIODIC,-109.0,-12.0,7.0,hl,3,1,3
2025.11.14,15.32.35,-90.120266,29.934115,-107,-15,20.0,0,0,D,PERIODIC,-109.0,-12.0,7.0,hl,3,1,3
2025.11.14,15.32.36,-90.120266,29.934115,-107,-15,20.0,0,0,I,PERIODIC,-109.0,-14.0,6.0,hl,3,1,3
2025.11.14,15.32.37,-90.120266,29.934115,-107,-15,20.0,0,0,I,PERIODIC,-109.0,-14.0,6.0,hl,3,1,3
2025.11.14,15.32.38,-90.120266,29.934115,-106,-14,15.0,0,0,I,PERIODIC,-109.0,-14.0,6.0,hl,3,1,3
2025.11.14,15.32.39,-90.120266,29.934115,-106,-14,15.0,0,0,I,PERIODIC,-109.0,-14.0,6.0,hl,3,1,3
2025.11.14,15.32.40,-90.120266,29.934115,-107,-15,20.0,0,0,I,PERIODIC,-110.0,-14.0,5.0,hl,3,1,3
2025.11.14,15.32.41,-90.120266,29.934115,-107,-15,20.0,0,0,I,PERIODIC,-110.0,-14.0,5.0,hl,3,1,3
2025.11.14,15.32.42,-90.120266,29.934115,-107,-15,20.0,0,0,I,PERIODIC,-110.0,-13.0,7.0,hl,3,1,3
2025.11.14,15.32.43,-90.120266,29.934115,-107,-15,20.0,0,0,I,PERIODIC,-110.0,-13.0,7.0,hl,3,1,3
2025.11.14,15.32.44,-90.120266,29.934115,-107,-15,20.0,0,0,D,PERIODIC,-109.0,-12.0,7.0,hl,3,1,3
2025.11.14,15.32.45,-90.120266,29.934115,-107,-15,20.0,10,10,D,PERIODIC,-109.0,-12.0,7.0,hl,3,1,3
2025.11.14,15.32.46,-90.120266,29.934115,-107,-15,30.0,0,0,D,PERIODIC,-106.0,-13.0,9.0,hl,3,1,3
2025.11.14,15.32.47,-90.120266,29.934115,-107,-15,30.0,0,0,I,PERIODIC,-106.0,-13.0,9.0,hl,3,1,3
2025.11.14,15.32.48,-90.120266,29.934115,-105,-14,25.0,0,0,I,PERIODIC,-108.0,-14.0,9.0,hl,3,1,3
2025.11.14,15.32.49,-90.120266,29.934115,-105,-14,25.0,0,0,I,PERIODIC,-108.0,-14.0,9.0,hl,3,1,3
2025.11.14,15.32.50,-90.120266,29.934115,-105,-14,25.0,0,0,I,PERIODIC,-108.0,-14.0,9.0,hl,3,1,3
2025.11.14,15.32.51,-90.120266,29.934115,-105,-14,25.0,0,0,I,PERIODIC,-108.0,-14.0,9.0,hl,3,1,3
2025.11.14,15.32.52,-90.120266,29.934115,-105,-14,30.0,0,0,I,PERIODIC,-108.0,-13.0,8.0,hl,3,1,3
2025.11.14,15.32.53,-90.120266,29.934115,-105,-14,30.0,5,5,D,PERIODIC,-108.0,-13.0,8.0,hl,3,1,3
2025.11.14,15.32.54,-90.120266,29.934115,-105,-14,30.0,29161,1311,D,PERIODIC,-108.0,-13.0,8.0,hl,3,1,3
2025.11.14,15.32.55,-90.120266,29.934115,-105,-14,30.0,0,0,I,PERIODIC,-108.0,-13.0,8.0,hl,3,1,3
2025.11.14,15.32.56,-90.120266,29.934115,-104,-13,20.0,0,0,I,PERIODIC,-107.0,-13.0,8.0,hl,3,1,3
2025.11.14,15.32.57,-90.120266,29.934115,-104,-13,20.0,0,0,I,PERIODIC,-107.0,-13.0,8.0,hl,3,1,3
2025.11.14,15.32.58,-90.120266,29.934115,-105,-14,15.0,0,0,I,PERIODIC,-108.0,-14.0,7.0,hl,3,1,3
2025.11.14,15.32.59,-90.120266,29.934115,-105,-14,15.0,0,1,D,PERIODIC,-108.0,-14.0,7.0,hl,3,1,3
2025.11.14,15.33.00,-90.120266,29.934115,-105,-14,15.0,0,2,D,PERIODIC,-108.0,-14.0,7.0,hl,3,1,3
2025.11.14,15.33.01,-90.120266,29.934115,-105,-14,15.0,0,0,I,PERIODIC,-108.0,-14.0,7.0,hl,3,1,3
2025.11.14,15.33.02,-90.120266,29.934115,-105,-14,15.0,0,0,I,PERIODIC,-108.0,-13.0,7.0,hl,3,1,3
2025.11.14,15.33.03,-90.120266,29.934115,-105,-14,15.0,0,0,I,PERIODIC,-108.0,-13.0,7.0,hl,3,1,3
2025.11.14,15.33.04,-90.120266,29.934115,-108,-14,10.0,31040,827,D,PERIODIC,-106.0,-12.0,7.0,hl,3,1,3
2025.11.14,15.33.05,-90.120266,29.934115,-108,-14,10.0,0,0,I,PERIODIC,-106.0,-12.0,7.0,hl,3,1,3
2025.11.14,15.33.06,-90.120266,29.934115,-109,-16,0.0,0,0,I,PERIODIC,-108.0,-13.0,8.0,hl,3,1,3
2025.11.14,15.33.07,-90.120266,29.934115,-109,-16,0.0,0,0,I,PERIODIC,-108.0,-13.0,8.0,hl,3,1,3
2025.11.14,15.33.08,-90.120266,29.934115,-108,-14,5.0,0,0,I,PERIODIC,-107.0,-14.0,7.0,hl,3,1,3
2025.11.14,15.33.09,-90.120266,29.934115,-108,-14,5.0,26121,372,D,PERIODIC,-107.0,-14.0,7.0,hl,3,1,3
2025.11.14,15.33.10,-90.120266,29.934115,-108,-14,10.0,0,0,I,PERIODIC,-108.0,-14.0,7.0,hl,3,1,3
2025.11.14,15.33.11,-90.120266,29.934115,-108,-14,10.0,0,0,I,PERIODIC,-108.0,-14.0,7.0,hl,3,1,3
2025.11.14,15.33.12,-90.120266,29.934115,-108,-14,10.0,0,0,I,PERIODIC,-107.0,-14.0,7.0,hl,3,1,3
2025.11.14,15.33.13,-90.120266,29.934115,-108,-14,10.0,0,0,I,PERIODIC,-107.0,-14.0,7.0,hl,3,1,3
2025.11.14,15.33.14,-90.120266,29.934115,-108,-14,10.0,47774,456,D,PERIODIC,-107.0,-12.0,7.0,hl,3,1,3
2025.11.14,15.33.15,-90.120266,29.934115,-108,-14,10.0,1,1,D,PERIODIC,-107.0,-12.0,7.0,hl,3,1,3
2025.11.14,15.33.16,-90.120266,29.934115,-108,-14,10.0,0,2,D,PERIODIC,-109.0,-14.0,7.0,hl,3,1,3
2025.11.14,15.33.17,-90.120266,29.934115,-108,-14,10.0,2,2,D,PERIODIC,-109.0,-14.0,7.0,hl,3,1,3
2025.11.14,15.33.18,-90.120266,29.934115,-108,-14,10.0,0,1,D,PERIODIC,-109.0,-13.0,7.0,hl,3,1,3
2025.11.14,15.33.19,-90.120266,29.934115,-108,-14,10.0,0,0,D,PERIODIC,-109.0,-13.0,7.0,hl,3,1,3
2025.11.14,15.33.20,-90.120266,29.934115,-108,-14,10.0,36218,2131,D,PERIODIC,-109.0,-13.0,7.0,hl,3,1,3
2025.11.14,15.33.21,-90.120266,29.934115,-104,-14,15.0,0,0,D,PERIODIC,-110.0,-14.0,6.0,hl,3,1,3
2025.11.14,15.33.22,-90.120266,29.934115,-104,-14,15.0,0,0,D,PERIODIC,-110.0,-14.0,6.0,hl,3,1,3
2025.11.14,15.33.23,-90.120266,29.934115,-105,-14,25.0,0,1,D,PERIODIC,-109.0,-13.0,7.0,hl,3,1,3
2025.11.14,15.33.24,-90.120266,29.934115,-105,-14,25.0,49974,1830,D,PERIODIC,-109.0,-13.0,7.0,hl,3,1,3
2025.11.14,15.33.25,-90.120266,29.934115,-105,-14,30.0,0,0,I,PERIODIC,-109.0,-13.0,7.0,hl,3,1,3
2025.11.14,15.33.26,-90.120266,29.934115,-105,-14,30.0,0,0,I,PERIODIC,-109.0,-13.0,7.0,hl,3,1,3
2025.11.14,15.33.27,-90.120266,29.934115,-105,-14,30.0,7,9,D,PERIODIC,-109.0,-14.0,7.0,hl,3,1,3
2025.11.14,15.33.28,-90.120266,29.934115,-105,-14,30.0,0,0,I,PERIODIC,-109.0,-14.0,7.0,hl,3,1,3
2025.11.14,15.33.29,-90.120266,29.934115,-105,-14,30.0,28322,328,D,PERIODIC,-110.0,-14.0,7.0,hl,3,1,3
2025.11.14,15.33.30,-90.120266,29.934115,-105,-14,30.0,0,0,D,PERIODIC,-110.0,-14.0,7.0,hl,3,1,3
2025.11.14,15.33.31,-90.120266,29.934115,-105,-14,30.0,0,0,I,PERIODIC,-109.0,-14.0,7.0,hl,3,1,3
2025.11.14,15.33.32,-90.120266,29.934115,-105,-14,30.0,0,0,I,PERIODIC,-109.0,-14.0,7.0,hl,3,1,3
2025.11.14,15.33.33,-90.120266,29.934115,-106,-14,20.0,0,0,I,PERIODIC,-108.0,-13.0,8.0,hl,3,1,3
2025.11.14,15.33.34,-90.120266,29.934115,-106,-14,20.0,0,0,I,PERIODIC,-108.0,-13.0,8.0,hl,3,1,3
2025.11.14,15.33.35,-90.120266,29.934115,-106,-14,20.0,0,0,I,PERIODIC,-107.0,-13.0,8.0,hl,3,1,3
2025.11.14,15.33.36,-90.120266,29.934115,-106,-14,20.0,1,1,D,PERIODIC,-107.0,-13.0,8.0,hl,3,1,3
2025.11.14,15.33.37,-90.120266,29.934115,-106,-14,20.0,3,3,D,PERIODIC,-107.0,-14.0,8.0,hl,3,1,3
2025.11.14,15.33.38,-90.120266,29.934115,-106,-14,20.0,0,0,I,PERIODIC,-107.0,-14.0,8.0,hl,3,1,3
2025.11.14,15.33.39,-90.120266,29.934115,-106,-14,20.0,42307,603,D,PERIODIC,-107.0,-14.0,8.0,hl,3,1,3
2025.11.14,15.33.40,-90.120266,29.934115,-106,-14,20.0,5,8,D,PERIODIC,-107.0,-14.0,8.0,hl,3,1,3
2025.11.14,15.33.41,-90.120266,29.934115,-104,-13,25.0,2,2,D,PERIODIC,-108.0,-14.0,7.0,hl,3,1,3
2025.11.14,15.33.42,-90.120266,29.934115,-104,-13,25.0,0,0,D,PERIODIC,-108.0,-14.0,7.0,hl,3,1,3
2025.11.14,15.33.43,-90.120266,29.934115,-104,-13,25.0,0,0,D,PERIODIC,-108.0,-14.0,7.0,hl,3,1,3
2025.11.14,15.33.44,-90.120266,29.934115,-104,-13,25.0,16337,1578,D,PERIODIC,-108.0,-14.0,7.0,hl,3,1,3
2025.11.14,15.33.45,-90.120266,29.934115,-105,-14,25.0,0,0,I,PERIODIC,-109.0,-13.0,9.0,hl,3,1,3
2025.11.14,15.33.46,-90.120266,29.934115,-105,-14,25.0,0,0,I,PERIODIC,-109.0,-13.0,9.0,hl,3,1,3
2025.11.14,15.33.47,-90.120266,29.934115,-105,-14,25.0,0,0,I,PERIODIC,-107.0,-14.0,9.0,hl,3,1,3
2025.11.14,15.33.48,-90.120266,29.934115,-105,-14,25.0,1,1,D,PERIODIC,-107.0,-14.0,9.0,hl,3,1,3
2025.11.14,15.33.49,-90.120266,29.934115,-106,-14,20.0,0,0,I,PERIODIC,-107.0,-14.0,8.0,hl,3,1,3
2025.11.14,15.33.50,-90.120266,29.934115,-106,-14,20.0,0,0,I,PERIODIC,-107.0,-14.0,8.0,hl,3,1,3
2025.11.14,15.33.51,-90.120266,29.934115,-106,-15,25.0,0,0,I,PERIODIC,-108.0,-14.0,7.0,hl,3,1,3
2025.11.14,15.33.52,-90.120266,29.934115,-106,-15,25.0,0,0,I,PERIODIC,-108.0,-14.0,7.0,hl,3,1,3
2025.11.14,15.33.53,-90.120266,29.934115,-106,-15,25.0,0,0,I,PERIODIC,-108.0,-13.0,7.0,hl,3,1,3
2025.11.14,15.33.54,-90.120266,29.934115,-106,-15,25.0,109,108,D,PERIODIC,-108.0,-13.0,7.0,hl,3,1,3
2025.11.14,15.33.55,-90.120266,29.934115,-106,-14,20.0,84,84,D,PERIODIC,-108.0,-13.0,8.0,hl,3,1,3
2025.11.14,15.33.56,-90.120266,29.934115,-106,-14,20.0,0,0,I,PERIODIC,-108.0,-13.0,8.0,hl,3,1,3
2025.11.14,15.33.57,-90.120266,29.934115,-107,-14,20.0,0,0,I,PERIODIC,-108.0,-14.0,8.0,hl,3,1,3
2025.11.14,15.33.58,-90.120266,29.934115,-107,-14,20.0,0,0,I,PERIODIC,-108.0,-14.0,8.0,hl,3,1,3
2025.11.14,15.33.59,-90.120266,29.934115,-107,-14,20.0,43783,890,D,PERIODIC,-108.0,-14.0,8.0,hl,3,1,3
2025.11.14,15.34.00,-90.120266,29.934115,-107,-14,20.0,0,2,D,PERIODIC,-108.0,-14.0,8.0,hl,3,1,3
2025.11.14,15.34.01,-90.120266,29.934115,-107,-15,25.0,0,0,D,PERIODIC,-108.0,-14.0,6.0,hl,3,1,3
2025.11.14,15.34.02,-90.120266,29.934115,-107,-15,25.0,0,0,D,PERIODIC,-108.0,-14.0,6.0,hl,3,1,3
2025.11.14,15.34.03,-90.120266,29.934115,-106,-14,25.0,0,0,I,PERIODIC,-108.0,-14.0,8.0,hl,3,1,3
2025.11.14,15.34.04,-90.120266,29.934115,-106,-14,25.0,66630,1021,D,PERIODIC,-108.0,-14.0,8.0,hl,3,1,3
2025.11.14,15.34.05,-90.120266,29.934115,-106,-14,25.0,0,0,I,PERIODIC,-108.0,-13.0,8.0,hl,3,1,3
2025.11.14,15.34.06,-90.120266,29.934115,-106,-14,25.0,0,0,I,PERIODIC,-108.0,-13.0,8.0,hl,3,1,3
2025.11.14,15.34.07,-90.120266,29.934115,-107,-15,30.0,0,0,I,PERIODIC,-108.0,-13.0,8.0,hl,3,1,3
2025.11.14,15.34.08,-90.120266,29.934115,-107,-15,30.0,0,0,I,PERIODIC,-108.0,-13.0,8.0,hl,3,1,3
2025.11.14,15.34.09,-90.120266,29.934115,-103,-13,25.0,56425,554,D,PERIODIC,-108.0,-14.0,8.0,hl,3,1,3
2025.11.14,15.34.10,-90.120266,29.934115,-103,-13,25.0,0,0,I,PERIODIC,-108.0,-14.0,8.0,hl,3,1,3
2025.11.14,15.34.11,-90.120266,29.934115,-103,-13,25.0,0,0,I,PERIODIC,-107.0,-14.0,8.0,hl,3,1,3
2025.11.14,15.34.12,-90.120266,29.934115,-103,-13,25.0,0,0,I,PERIODIC,-107.0,-14.0,8.0,hl,3,1,3
2025.11.14,15.34.13,-90.120266,29.934115,-105,-14,25.0,0,0,I,PERIODIC,-108.0,-15.0,6.0,hl,3,1,3
2025.11.14,15.34.14,-90.120266,29.934115,-105,-14,25.0,19672,272,D,PERIODIC,-108.0,-15.0,6.0,hl,3,1,3
2025.11.14,15.34.15,-90.120266,29.934115,-105,-14,25.0,0,0,I,PERIODIC,-108.0,-13.0,7.0,hl,3,1,3
2025.11.14,15.34.16,-90.120266,29.934115,-105,-14,25.0,0,0,I,PERIODIC,-108.0,-13.0,7.0,hl,3,1,3
2025.11.14,15.34.17,-90.120266,29.934115,-105,-14,25.0,0,0,D,PERIODIC,-107.0,-13.0,7.0,hl,3,1,3
2025.11.14,15.34.18,-90.120266,29.934115,-105,-14,25.0,0,0,I,PERIODIC,-107.0,-13.0,7.0,hl,3,1,3
2025.11.14,15.34.19,-90.120266,29.934115,-105,-14,25.0,25004,971,D,PERIODIC,-107.0,-14.0,7.0,hl,3,1,3
2025.11.14,15.34.20,-90.120266,29.934115,-105,-14,25.0,0,0,D,PERIODIC,-107.0,-14.0,7.0,hl,3,1,3
2025.11.14,15.34.21,-90.120266,29.934115,-105,-14,25.0,0,0,I,PERIODIC,-107.0,-14.0,7.0,hl,3,1,3
2025.11.14,15.34.22,-90.120266,29.934115,-105,-14,20.0,0,0,I,PERIODIC,-107.0,-14.0,8.0,hl,3,1,3
2025.11.14,15.34.23,-90.120266,29.934115,-105,-14,15.0,0,2,D,PERIODIC,-108.0,-13.0,7.0,hl,3,1,3
2025.11.14,15.34.24,-90.120266,29.934115,-105,-14,15.0,0,695,D,PERIODIC,-108.0,-13.0,7.0,hl,3,1,3
2025.11.14,15.34.25,-90.120266,29.934115,-105,-14,15.0,5,2,D,PERIODIC,-107.0,-13.0,7.0,hl,3,1,3
2025.11.14,15.34.26,-90.120266,29.934115,-105,-14,15.0,0,0,I,PERIODIC,-107.0,-13.0,7.0,hl,3,1,3
2025.11.14,15.34.27,-90.120266,29.934115,-105,-14,15.0,0,0,I,PERIODIC,-108.0,-13.0,7.0,hl,3,1,3
2025.11.14,15.34.28,-90.120266,29.934115,-105,-14,15.0,0,0,I,PERIODIC,-108.0,-13.0,7.0,hl,3,1,3
2025.11.14,15.34.29,-90.120266,29.934115,-105,-14,15.0,0,0,I,PERIODIC,-107.0,-14.0,7.0,hl,3,1,3
2025.11.14,15.34.30,-90.120266,29.934115,-105,-14,15.0,0,0,I,PERIODIC,-107.0,-14.0,7.0,hl,3,1,3
2025.11.14,15.34.31,-90.120266,29.934115,-105,-14,15.0,0,0,D,PERIODIC,-108.0,-14.0,7.0,hl,3,1,3
2025.11.14,15.34.32,-90.120266,29.934115,-105,-14,15.0,2,2,D,PERIODIC,-108.0,-14.0,7.0,hl,3,1,3
2025.11.14,15.34.33,-90.120266,29.934115,-105,-14,15.0,0,0,D,PERIODIC,-108.0,-14.0,7.0,hl,3,1,3
2025.11.14,15.34.34,-90.120266,29.934115,-105,-14,15.0,44846,1856,D,PERIODIC,-108.0,-14.0,7.0,hl,3,1,3
2025.11.14,15.34.35,-90.120266,29.934115,-105,-14,15.0,0,0,I,PERIODIC,-107.0,-13.0,7.0,hl,3,1,3
2025.11.14,15.34.36,-90.120266,29.934115,-105,-14,15.0,0,0,I,PERIODIC,-107.0,-13.0,7.0,hl,3,1,3
2025.11.14,15.34.37,-90.120266,29.934115,-105,-14,15.0,0,0,D,PERIODIC,-108.0,-14.0,7.0,hl,3,1,3
2025.11.14,15.34.38,-90.120266,29.934115,-105,-14,15.0,0,1,D,PERIODIC,-108.0,-14.0,7.0,hl,3,1,3
2025.11.14,15.34.39,-90.120266,29.934115,-106,-15,15.0,0,1959,D,PERIODIC,-107.0,-15.0,7.0,hl,3,1,3
2025.11.14,15.34.40,-90.120266,29.934115,-106,-15,15.0,0,2,D,PERIODIC,-107.0,-15.0,7.0,hl,3,1,3
2025.11.14,15.34.41,-90.120266,29.934115,-106,-14,25.0,0,0,D,PERIODIC,-108.0,-14.0,7.0,hl,3,1,3
2025.11.14,15.34.42,-90.120266,29.934115,-106,-14,25.0,0,0,I,PERIODIC,-108.0,-14.0,7.0,hl,3,1,3
2025.11.14,15.34.43,-90.120266,29.934115,-106,-14,25.0,0,0,I,PERIODIC,-108.0,-14.0,7.0,hl,3,1,3
2025.11.14,15.34.44,-90.120266,29.934115,-106,-14,25.0,0,1,D,PERIODIC,-108.0,-14.0,7.0,hl,3,1,3
2025.11.14,15.34.45,-90.120266,29.934115,-106,-14,25.0,18,17,D,PERIODIC,-108.0,-14.0,7.0,hl,3,1,3
2025.11.14,15.34.46,-90.120266,29.934115,-106,-14,25.0,24,24,D,PERIODIC,-108.0,-14.0,7.0,hl,3,1,3
2025.11.14,15.34.47,-90.120266,29.934115,-106,-14,25.0,4,4,D,PERIODIC,-108.0,-13.0,7.0,hl,3,1,3
2025.11.14,15.34.48,-90.120266,29.934115,-106,-14,25.0,0,0,I,PERIODIC,-108.0,-13.0,7.0,hl,3,1,3
2025.11.14,15.34.49,-90.120266,29.934115,-103,-13,30.0,51088,2054,D,PERIODIC,-109.0,-14.0,7.0,hl,3,1,3
2025.11.14,15.34.50,-90.120266,29.934115,-103,-13,30.0,89,89,D,PERIODIC,-109.0,-14.0,7.0,hl,3,1,3
2025.11.14,15.34.51,-90.120266,29.934115,-103,-13,30.0,0,0,I,PERIODIC,-108.0,-14.0,7.0,hl,3,1,3
2025.11.14,15.34.52,-90.120266,29.934115,-103,-13,30.0,0,0,I,PERIODIC,-108.0,-14.0,7.0,hl,3,1,3
2025.11.14,15.34.53,-90.120266,29.934115,-103,-13,30.0,0,0,I,PERIODIC,-107.0,-14.0,7.0,hl,3,1,3
2025.11.14,15.34.54,-90.120266,29.934115,-103,-13,30.0,0,0,I,PERIODIC,-107.0,-14.0,7.0,hl,3,1,3
2025.11.14,15.34.55,-90.120266,29.934115,-103,-13,30.0,0,0,I,PERIODIC,-107.0,-13.0,7.0,hl,3,1,3
2025.11.14,15.34.56,-90.120266,29.934115,-103,-13,30.0,1,1,D,PERIODIC,-107.0,-13.0,7.0,hl,3,1,3
2025.11.14,15.34.57,-90.120266,29.934115,-103,-13,35.0,0,0,D,PERIODIC,-107.0,-13.0,9.0,hl,3,1,3
2025.11.14,15.34.58,-90.120266,29.934115,-103,-13,35.0,0,0,I,PERIODIC,-107.0,-13.0,9.0,hl,3,1,3
2025.11.14,15.34.59,-90.120266,29.934115,-103,-13,35.0,24582,1019,D,PERIODIC,-108.0,-14.0,9.0,hl,3,1,3
2025.11.14,15.35.00,-90.120266,29.934115,-103,-13,35.0,0,0,D,PERIODIC,-108.0,-14.0,9.0,hl,3,1,3
2025.11.14,15.35.01,-90.120266,29.934115,-103,-13,35.0,0,0,D,PERIODIC,-108.0,-14.0,9.0,hl,3,1,3
2025.11.14,15.35.02,-90.120266,29.934115,-103,-13,35.0,0,2,D,PERIODIC,-108.0,-14.0,9.0,hl,3,1,3
2025.11.14,15.35.03,-90.120266,29.934115,-103,-13,35.0,0,0,D,PERIODIC,-108.0,-15.0,9.0,hl,3,1,3
2025.11.14,15.35.04,-90.120266,29.934115,-103,-13,35.0,0,0,I,PERIODIC,-108.0,-15.0,9.0,hl,3,1,3
2025.11.14,15.35.05,-90.120266,29.934115,-104,-14,25.0,0,0,I,PERIODIC,-106.0,-13.0,8.0,hl,3,1,3
2025.11.14,15.35.06,-90.120266,29.934115,-104,-14,25.0,0,0,I,PERIODIC,-106.0,-13.0,8.0,hl,3,1,3
2025.11.14,15.35.07,-90.120266,29.934115,-104,-14,25.0,0,0,I,PERIODIC,-108.0,-13.0,8.0,hl,3,1,3
2025.11.14,15.35.08,-90.120266,29.934115,-104,-14,25.0,0,0,I,PERIODIC,-108.0,-13.0,8.0,hl,3,1,3
2025.11.14,15.35.09,-90.120266,29.934115,-104,-13,25.0,0,0,D,PERIODIC,-109.0,-14.0,7.0,hl,3,1,3
2025.11.14,15.35.10,-90.120266,29.934115,-104,-13,25.0,0,0,D,PERIODIC,-109.0,-14.0,7.0,hl,3,1,3
2025.11.14,15.35.11,-90.120266,29.934115,-104,-13,25.0,0,0,I,PERIODIC,-109.0,-15.0,7.0,hl,3,1,3
2025.11.14,15.35.12,-90.120266,29.934115,-104,-13,25.0,0,0,I,PERIODIC,-109.0,-15.0,7.0,hl,3,1,3
2025.11.14,15.35.13,-90.120266,29.934115,-104,-13,30.0,0,0,I,PERIODIC,-108.0,-15.0,8.0,hl,3,1,3
2025.11.14,15.35.14,-90.120266,29.934115,-104,-13,30.0,1,1,D,PERIODIC,-108.0,-15.0,8.0,hl,3,1,3
2025.11.14,15.35.15,-90.120266,29.934115,-104,-13,30.0,1,1,D,PERIODIC,-108.0,-13.0,8.0,hl,3,1,3
2025.11.14,15.35.16,-90.120266,29.934115,-104,-13,30.0,0,0,I,PERIODIC,-108.0,-13.0,8.0,hl,3,1,3
2025.11.14,15.35.17,-90.120266,29.934115,-104,-13,30.0,1,1,D,PERIODIC,-109.0,-14.0,8.0,hl,3,1,3
2025.11.14,15.35.18,-90.120266,29.934115,-104,-13,30.0,0,2,D,PERIODIC,-109.0,-14.0,8.0,hl,3,1,3
2025.11.14,15.35.19,-90.120266,29.934115,-104,-13,30.0,0,0,I,PERIODIC,-107.0,-15.0,8.0,hl,3,1,3
2025.11.14,15.35.20,-90.120266,29.934115,-104,-13,30.0,0,0,I,PERIODIC,-107.0,-15.0,8.0,hl,3,1,3
2025.11.14,15.35.21,-90.120266,29.934115,-104,-13,30.0,0,0,I,PERIODIC,-107.0,-15.0,8.0,hl,3,1,3
2025.11.14,15.35.22,-90.120266,29.934115,-104,-13,30.0,0,0,I,PERIODIC,-107.0,-15.0,8.0,hl,3,1,3
2025.11.14,15.35.23,-90.120266,29.934115,-104,-13,30.0,0,1,D,PERIODIC,-107.0,-14.0,8.0,hl,3,1,3
2025.11.14,15.35.24,-90.120266,29.934115,-104,-13,30.0,0,0,D,PERIODIC,-107.0,-14.0,8.0,hl,3,1,3
2025.11.14,15.35.25,-90.120266,29.934115,-101,-13,40.0,0,0,I,PERIODIC,-107.0,-13.0,8.0,hl,3,1,3
2025.11.14,15.35.26,-90.120266,29.934115,-101,-13,40.0,8,6,D,PERIODIC,-107.0,-13.0,8.0,hl,3,1,3
2025.11.14,15.35.27,-90.120266,29.934115,-102,-12,35.0,0,0,I,PERIODIC,-106.0,-14.0,8.0,hl,3,1,3
2025.11.14,15.35.28,-90.120266,29.934115,-102,-12,35.0,0,0,I,PERIODIC,-106.0,-14.0,8.0,hl,3,1,3
2025.11.14,15.35.29,-90.120266,29.934115,-102,-12,35.0,0,0,D,PERIODIC,-107.0,-13.0,10.0,hl,3,1,3
2025.11.14,15.35.30,-90.120266,29.934115,-102,-12,35.0,1,1,D,PERIODIC,-107.0,-13.0,10.0,hl,3,1,3
2025.11.14,15.35.31,-90.120266,29.934115,-103,-13,35.0,0,0,I,PERIODIC,-108.0,-15.0,9.0,hl,3,1,3
2025.11.14,15.35.32,-90.120266,29.934115,-103,-13,35.0,0,0,I,PERIODIC,-108.0,-15.0,9.0,hl,3,1,3
2025.11.14,15.35.33,-90.120266,29.934115,-103,-13,35.0,0,0,D,PERIODIC,-107.0,-14.0,9.0,hl,3,1,3
2025.11.14,15.35.34,-90.120266,29.934115,-103,-13,35.0,0,0,D,PERIODIC,-107.0,-14.0,9.0,hl,3,1,3
2025.11.14,15.35.35,-90.120266,29.934115,-105,-14,25.0,0,0,I,PERIODIC,-107.0,-14.0,7.0,hl,3,1,3
2025.11.14,15.35.36,-90.120266,29.934115,-105,-14,25.0,9,10,D,PERIODIC,-107.0,-14.0,7.0,hl,3,1,3
2025.11.14,15.35.37,-90.120266,29.934115,-104,-13,35.0,0,0,D,PERIODIC,-107.0,-14.0,8.0,hl,3,1,3
2025.11.14,15.35.38,-90.120266,29.934115,-104,-13,35.0,0,0,D,PERIODIC,-107.0,-14.0,8.0,hl,3,1,3
2025.11.14,15.35.39,-90.120266,29.934115,-105,-14,35.0,0,0,I,PERIODIC,-107.0,-14.0,8.0,hl,3,1,3
2025.11.14,15.35.40,-90.120266,29.934115,-105,-14,35.0,0,0,I,PERIODIC,-107.0,-14.0,8.0,hl,3,1,3
2025.11.14,15.35.41,-90.120266,29.934115,-104,-13,35.0,0,0,I,PERIODIC,-107.0,-14.0,6.0,hl,3,1,3
2025.11.14,15.35.42,-90.120266,29.934115,-104,-13,35.0,0,0,I,PERIODIC,-107.0,-14.0,6.0,hl,3,1,3
2025.11.14,15.35.43,-90.120266,29.934115,-104,-13,30.0,0,0,I,PERIODIC,-107.0,-14.0,9.0,hl,3,1,3
2025.11.14,15.35.44,-90.120266,29.934115,-104,-13,30.0,20177,437,D,PERIODIC,-107.0,-14.0,9.0,hl,3,1,3
2025.11.14,15.35.45,-90.120266,29.934115,-103,-13,30.0,0,0,D,PERIODIC,-107.0,-14.0,8.0,hl,3,1,3
2025.11.14,15.35.46,-90.120266,29.934115,-103,-13,30.0,0,0,I,PERIODIC,-107.0,-14.0,8.0,hl,3,1,3
2025.11.14,15.35.47,-90.120266,29.934115,-103,-13,35.0,1,1,D,PERIODIC,-107.0,-13.0,8.0,hl,3,1,3
2025.11.14,15.35.48,-90.120266,29.934115,-103,-13,35.0,0,0,D,PERIODIC,-107.0,-13.0,8.0,hl,3,1,3
2025.11.14,15.35.49,-90.120266,29.934115,-103,-13,35.0,1,0,D,PERIODIC,-107.0,-12.0,8.0,hl,3,1,3
2025.11.14,15.35.50,-90.120266,29.934115,-103,-13,35.0,0,0,I,PERIODIC,-107.0,-12.0,8.0,hl,3,1,3
2025.11.14,15.35.51,-90.120266,29.934115,-103,-13,35.0,0,0,I,PERIODIC,-108.0,-14.0,8.0,hl,3,1,3
2025.11.14,15.35.52,-90.120266,29.934115,-103,-13,35.0,0,0,I,PERIODIC,-108.0,-14.0,8.0,hl,3,1,3
2025.11.14,15.35.53,-90.120266,29.934115,-103,-13,35.0,0,0,I,PERIODIC,-107.0,-13.0,8.0,hl,3,1,3
2025.11.14,15.35.54,-90.120266,29.934115,-103,-13,35.0,0,0,I,PERIODIC,-107.0,-13.0,8.0,hl,3,1,3
2025.11.14,15.35.55,-90.120266,29.934115,-105,-14,25.0,0,0,I,PERIODIC,-106.0,-13.0,8.0,hl,3,1,3
2025.11.14,15.35.56,-90.120266,29.934115,-105,-14,25.0,2,2,D,PERIODIC,-106.0,-13.0,8.0,hl,3,1,3
2025.11.14,15.35.57,-90.120266,29.934115,-104,-14,25.0,3,6,D,PERIODIC,-106.0,-14.0,9.0,hl,3,1,3
2025.11.14,15.35.58,-90.120266,29.934115,-104,-14,25.0,30,31,D,PERIODIC,-106.0,-14.0,9.0,hl,3,1,3
2025.11.14,15.35.59,-90.120266,29.934115,-104,-14,25.0,16994,1090,D,PERIODIC,-109.0,-13.0,9.0,hl,3,1,3
2025.11.14,15.36.00,-90.120266,29.934115,-104,-14,25.0,0,0,D,PERIODIC,-109.0,-13.0,9.0,hl,3,1,3
2025.11.14,15.36.01,-90.120266,29.934115,-102,-12,4.0,0,0,D,PERIODIC,-107.0,-14.0,9.0,hl,3,1,3
2025.11.14,15.36.02,-90.120266,29.934115,-102,-12,4.0,1,1,D,PERIODIC,-107.0,-14.0,9.0,hl,3,1,3
2025.11.14,15.36.03,-90.120266,29.934115,-102,-12,4.0,1,1,D,PERIODIC,-107.0,-14.0,9.0,hl,3,1,3
2025.11.14,15.36.04,-90.120266,29.934115,-103,-13,40.0,1,1,D,PERIODIC,-107.0,-15.0,9.0,hl,3,1,3
2025.11.14,15.36.05,-90.120266,29.934115,-103,-13,40.0,0,0,D,PERIODIC,-107.0,-13.0,9.0,hl,3,1,3
2025.11.14,15.36.06,-90.120266,29.934115,-103,-13,40.0,0,0,I,PERIODIC,-107.0,-13.0,9.0,hl,3,1,3
2025.11.14,15.36.07,-90.120266,29.934115,-103,-13,40.0,0,0,I,PERIODIC,-107.0,-13.0,9.0,hl,3,1,3
2025.11.14,15.36.08,-90.120266,29.934115,-103,-13,40.0,0,0,I,PERIODIC,-107.0,-13.0,9.0,hl,3,1,3
2025.11.14,15.36.09,-90.120266,29.934115,-105,-13,30.0,0,0,I,PERIODIC,-106.0,-13.0,9.0,hl,3,1,3
2025.11.14,15.36.10,-90.120266,29.934115,-105,-13,30.0,0,0,I,PERIODIC,-106.0,-13.0,9.0,hl,3,1,3
2025.11.14,15.36.11,-90.120266,29.934115,-105,-13,30.0,0,0,I,PERIODIC,-106.0,-14.0,9.0,hl,3,1,3
2025.11.14,15.36.12,-90.120266,29.934115,-105,-13,30.0,0,0,I,PERIODIC,-106.0,-14.0,9.0,hl,3,1,3
2025.11.14,15.36.13,-90.120266,29.934115,-105,-13,30.0,0,0,I,PERIODIC,-106.0,-14.0,9.0,hl,3,1,3
2025.11.14,15.36.14,-90.120266,29.934115,-106,-14,15.0,2,2,D,PERIODIC,-108.0,-14.0,7.0,hl,3,1,3
2025.11.14,15.36.15,-90.120266,29.934115,-106,-14,15.0,1,1,D,PERIODIC,-108.0,-14.0,7.0,hl,3,1,3
2025.11.14,15.36.16,-90.120266,29.934115,-106,-14,15.0,0,0,I,PERIODIC,-107.0,-13.0,5.0,hl,3,1,3
2025.11.14,15.36.17,-90.120266,29.934115,-106,-14,15.0,1,1,D,PERIODIC,-107.0,-13.0,5.0,hl,3,1,3
2025.11.14,15.36.18,-90.120266,29.934115,-104,-13,25.0,2,2,D,PERIODIC,-107.0,-14.0,7.0,hl,3,1,3
2025.11.14,15.36.19,-90.120266,29.934115,-104,-13,25.0,15241,3380,D,PERIODIC,-107.0,-14.0,7.0,hl,3,1,3
2025.11.14,15.36.20,-90.120266,29.934115,-104,-13,25.0,0,0,I,PERIODIC,-107.0,-13.0,7.0,hl,3,1,3
2025.11.14,15.36.21,-90.120266,29.934115,-104,-13,25.0,0,0,D,PERIODIC,-107.0,-13.0,7.0,hl,3,1,3
2025.11.14,15.36.22,-90.120266,29.934115,-104,-13,25.0,0,0,I,PERIODIC,-107.0,-13.0,7.0,hl,3,1,3
2025.11.14,15.36.23,-90.120266,29.934115,-104,-13,25.0,0,0,D,PERIODIC,-107.0,-14.0,7.0,hl,3,1,3
2025.11.14,15.36.24,-90.120266,29.934115,-105,-14,25.0,0,0,I,PERIODIC,-107.0,-14.0,6.0,hl,3,1,3
2025.11.14,15.36.25,-90.120266,29.934115,-105,-14,25.0,0,0,I,PERIODIC,-107.0,-14.0,6.0,hl,3,1,3
2025.11.14,15.36.26,-90.120266,29.934115,-105,-14,25.0,0,0,I,PERIODIC,-107.0,-13.0,6.0,hl,3,1,3
2025.11.14,15.36.27,-90.120266,29.934115,-105,-14,25.0,0,0,I,PERIODIC,-107.0,-13.0,6.0,hl,3,1,3
2025.11.14,15.36.28,-90.120266,29.934115,-105,-14,25.0,0,0,I,PERIODIC,-107.0,-13.0,6.0,hl,3,1,3
2025.11.14,15.36.29,-90.120266,29.934115,-105,-14,25.0,0,0,I,PERIODIC,-107.0,-13.0,6.0,hl,3,1,3
2025.11.14,15.36.30,-90.120266,29.934115,-105,-14,25.0,0,0,I,PERIODIC,-107.0,-13.0,6.0,hl,3,1,3
2025.11.14,15.36.31,-90.120266,29.934115,-105,-14,25.0,0,0,I,PERIODIC,-107.0,-13.0,6.0,hl,3,1,3
2025.11.14,15.36.32,-90.120266,29.934115,-105,-14,25.0,0,0,I,PERIODIC,-107.0,-14.0,6.0,hl,3,1,3
2025.11.14,15.36.33,-90.120266,29.934115,-105,-14,25.0,0,0,I,PERIODIC,-107.0,-14.0,6.0,hl,3,1,3
2025.11.14,15.36.34,-90.120266,29.934115,-105,-14,25.0,0,0,I,PERIODIC,-107.0,-14.0,6.0,hl,3,1,3
2025.11.14,15.36.35,-90.120266,29.934115,-105,-14,25.0,0,0,I,PERIODIC,-107.0,-14.0,6.0,hl,3,1,3
2025.11.14,15.36.36,-90.120266,29.934115,-107,-14,25.0,0,0,I,PERIODIC,-109.0,-13.0,7.0,hl,3,1,3
2025.11.14,15.36.37,-90.120266,29.934115,-107,-14,25.0,0,0,I,PERIODIC,-109.0,-13.0,7.0,hl,3,1,3
2025.11.14,15.36.38,-90.120266,29.934115,-108,-15,15.0,0,0,I,PERIODIC,-109.0,-13.0,7.0,hl,3,1,3
2025.11.14,15.36.39,-90.120266,29.934115,-108,-15,15.0,4,7,D,PERIODIC,-109.0,-13.0,7.0,hl,3,1,3
2025.11.14,15.36.40,-90.120266,29.934115,-108,-15,15.0,9,7,D,PERIODIC,-109.0,-13.0,7.0,hl,3,1,3
2025.11.14,15.36.41,-90.120266,29.934115,-108,-15,15.0,0,0,I,PERIODIC,-109.0,-13.0,7.0,hl,3,1,3
2025.11.14,15.36.42,-90.120266,29.934115,-108,-15,15.0,0,0,I,PERIODIC,-109.0,-13.0,7.0,hl,3,1,3
2025.11.14,15.36.43,-90.120266,29.934115,-108,-15,15.0,0,0,I,PERIODIC,-109.0,-13.0,7.0,hl,3,1,3
2025.11.14,15.36.44,-90.120266,29.934115,-108,-15,15.0,6,6,D,PERIODIC,-109.0,-13.0,7.0,hl,3,1,3
2025.11.14,15.36.45,-90.120266,29.934115,-108,-15,15.0,0,0,D,PERIODIC,-109.0,-13.0,7.0,hl,3,1,3
2025.11.14,15.36.46,-90.120266,29.934115,-108,-15,15.0,0,0,I,PERIODIC,-109.0,-12.0,7.0,hl,3,1,3
2025.11.14,15.36.47,-90.120266,29.934115,-108,-15,15.0,1,1,D,PERIODIC,-109.0,-12.0,7.0,hl,3,1,3
2025.11.14,15.36.48,-90.120266,29.934115,-108,-15,15.0,0,0,D,PERIODIC,-104.0,-12.0,7.0,hl,3,1,3
2025.11.14,15.36.49,-90.120266,29.934115,-108,-15,15.0,1,1,D,PERIODIC,-104.0,-12.0,7.0,hl,3,1,3
2025.11.05,14.45.26,-90.120296,29.934083,-115,-14,25.0,0,0,D,LOG START,-108.0,-13.0,10.0,h8,3,1,3
2025.11.05,14.45.27,-90.120296,29.934083,-115,-14,25.0,107,106,D,PERIODIC,-108.0,-13.0,10.0,h8,3,1,3
2025.11.05,14.45.28,-90.120296,29.934083,-114,-15,10.0,9,2,D,PERIODIC,-105.0,-13.0,9.0,h8,3,1,3
2025.11.05,14.45.29,-90.120296,29.934083,-114,-15,10.0,0,0,D,PERIODIC,-105.0,-13.0,9.0,h8,3,1,3
2025.11.05,14.45.30,-90.120296,29.934083,-109,-15,15.0,5,512,D,PERIODIC,-102.0,-12.0,9.0,h8,3,1,3
2025.11.05,14.45.31,-90.120296,29.934083,-109,-15,15.0,4,4,D,PERIODIC,-102.0,-12.0,9.0,h8,3,1,3
2025.11.05,14.45.32,-90.120296,29.934083,-108,-14,35.0,2,2,D,PERIODIC,-102.0,-12.0,11.0,h8,3,1,3
2025.11.05,14.45.33,-90.120296,29.934083,-108,-14,35.0,6,5,D,PERIODIC,-102.0,-12.0,11.0,h8,3,1,3
2025.11.05,14.45.34,-90.120296,29.934083,-107,-14,35.0,19,21,D,PERIODIC,-104.0,-14.0,11.0,h8,3,1,3
2025.11.05,14.45.35,-90.120296,29.934083,-107,-14,35.0,41,40,D,PERIODIC,-104.0,-14.0,11.0,h8,3,1,3
2025.11.05,14.45.36,-90.120296,29.934083,-107,-14,35.0,47,48,D,PERIODIC,-104.0,-14.0,11.0,h8,3,1,3
2025.11.05,14.45.37,-90.120296,29.934083,-107,-14,35.0,15,15,D,PERIODIC,-103.0,-12.0,11.0,h8,3,1,3
2025.11.05,14.45.38,-90.120296,29.934083,-107,-14,35.0,0,10533,D,PERIODIC,-102.0,-12.0,11.0,h8,3,1,3
2025.11.05,14.45.39,-90.120296,29.934083,-107,-14,35.0,5,5,D,PERIODIC,-102.0,-12.0,11.0,h8,3,1,3
2025.11.05,14.45.40,-90.120296,29.934083,-107,-14,35.0,3,3,D,PERIODIC,-102.0,-12.0,11.0,h8,3,1,3
2025.11.05,14.45.41,-90.120296,29.934083,-107,-14,35.0,15,16,D,PERIODIC,-102.0,-12.0,11.0,h8,3,1,3
2025.11.05,14.45.42,-90.120296,29.934083,-107,-14,35.0,32,31,D,PERIODIC,-102.0,-13.0,11.0,h8,3,1,3
2025.11.05,14.45.43,-90.12025,29.934192,-107,-14,35.0,5,4,D,PERIODIC,-102.0,-13.0,11.0,h8,3,1,3
2025.11.05,14.45.44,-90.12025,29.934192,-107,-14,35.0,12,12,D,PERIODIC,-102.0,-13.0,11.0,h8,3,1,3
2025.11.05,14.45.45,-90.12025,29.934192,-112,-15,10.0,0,0,D,PERIODIC,-102.0,-13.0,9.0,h8,3,1,3
2025.11.05,14.45.46,-90.12025,29.934192,-112,-15,10.0,9,9,D,PERIODIC,-102.0,-13.0,9.0,h8,3,1,3
2025.11.05,14.45.47,-90.12025,29.934192,-110,-14,15.0,3,3,D,PERIODIC,-102.0,-13.0,11.0,h8,3,1,3
2025.11.05,14.45.48,-90.12025,29.934192,-111,-13,30.0,7,7,D,PERIODIC,-103.0,-13.0,12.0,h8,3,1,3
2025.11.05,14.45.49,-90.12025,29.934192,-111,-13,30.0,6,16,D,PERIODIC,-103.0,-13.0,12.0,h8,3,1,3
2025.11.05,14.45.50,-90.12025,29.934192,-110,-12,35.0,12,12,D,PERIODIC,-104.0,-13.0,11.0,h8,3,1,3
2025.11.05,14.45.51,-90.12025,29.934192,-110,-12,35.0,4,4,D,PERIODIC,-104.0,-13.0,11.0,h8,3,1,3
2025.11.05,14.45.52,-90.12025,29.934192,-112,-13,25.0,2,3,D,PERIODIC,-103.0,-12.0,12.0,h8,3,1,3
2025.11.05,14.45.53,-90.12025,29.934192,-112,-13,25.0,6870,13023,D,PERIODIC,-103.0,-12.0,12.0,h8,3,1,3
2025.11.05,14.45.54,-90.12025,29.934192,-112,-14,20.0,0,0,D,PERIODIC,-104.0,-13.0,14.0,h8,3,1,3
2025.11.05,14.45.55,-90.12025,29.934192,-112,-14,20.0,0,1,D,PERIODIC,-104.0,-13.0,14.0,h8,3,1,3
2025.11.05,14.45.56,-90.12025,29.934192,-113,-14,15.0,1,1,D,PERIODIC,-104.0,-12.0,12.0,h8,3,1,3
2025.11.05,14.45.57,-90.12025,29.934192,-113,-14,15.0,0,0,I,PERIODIC,-104.0,-12.0,12.0,h8,3,1,3
2025.11.05,14.45.58,-90.12025,29.934192,-113,-14,15.0,3,3,D,PERIODIC,-104.0,-12.0,12.0,h8,3,1,3
2025.11.05,14.45.59,-90.12025,29.934192,-113,-14,15.0,0,36,D,PERIODIC,-104.0,-12.0,12.0,h8,3,1,3
2025.11.05,14.46.00,-90.12025,29.934192,-113,-14,15.0,4,33,D,PERIODIC,-104.0,-12.0,12.0,h8,3,1,3
2025.11.05,14.46.01,-90.12025,29.934192,-113,-14,15.0,69,57,D,PERIODIC,-103.0,-12.0,12.0,h8,3,1,3
2025.11.05,14.46.02,-90.12025,29.934192,-113,-14,15.0,3,3,D,PERIODIC,-104.0,-14.0,12.0,h8,3,1,3
2025.11.05,14.46.03,-90.12025,29.934192,-113,-14,15.0,2,2,D,PERIODIC,-104.0,-14.0,12.0,h8,3,1,3
2025.11.05,14.46.04,-90.12025,29.934192,-112,-15,25.0,2,2,D,PERIODIC,-104.0,-13.0,11.0,h8,3,1,3
2025.11.05,14.46.05,-90.12025,29.934192,-112,-15,25.0,4,4,D,PERIODIC,-104.0,-13.0,11.0,h8,3,1,3
2025.11.05,14.46.06,-90.12025,29.934192,-109,-14,30.0,5,5,D,PERIODIC,-104.0,-13.0,11.0,h8,3,1,3
2025.11.05,14.46.07,-90.12025,29.934192,-109,-14,30.0,3,3,D,PERIODIC,-104.0,-13.0,11.0,h8,3,1,3
2025.11.05,14.46.08,-90.12025,29.934192,-109,-14,30.0,2,2,D,PERIODIC,-104.0,-14.0,11.0,h8,3,1,3
2025.11.05,14.46.09,-90.12025,29.934192,-109,-14,30.0,3,4,D,PERIODIC,-104.0,-14.0,11.0,h8,3,1,3
2025.11.05,14.46.10,-90.12025,29.934192,-109,-14,30.0,8,8,D,PERIODIC,-104.0,-13.0,11.0,h8,3,1,3
2025.11.05,14.46.11,-90.12025,29.934192,-109,-14,30.0,5,5,D,PERIODIC,-104.0,-13.0,11.0,h8,3,1,3
2025.11.05,14.46.12,-90.12025,29.934192,-108,-14,15.0,1,1,D,PERIODIC,-104.0,-12.0,11.0,h8,3,1,3
2025.11.05,14.46.13,-90.12025,29.934192,-108,-14,15.0,3,3,D,PERIODIC,-104.0,-12.0,11.0,h8,3,1,3
2025.11.05,14.46.14,-90.12025,29.934192,-108,-14,15.0,1,1,D,PERIODIC,-104.0,-13.0,11.0,h8,3,1,3
2025.11.05,14.46.15,-90.12025,29.934192,-108,-14,15.0,3,3,D,PERIODIC,-104.0,-13.0,11.0,h8,3,1,3
2025.11.05,14.46.16,-90.12025,29.934192,-109,-15,25.0,0,4,D,PERIODIC,-104.0,-13.0,13.0,h8,3,1,3
2025.11.05,14.46.17,-90.12025,29.934192,-109,-15,25.0,0,0,D,PERIODIC,-104.0,-13.0,13.0,h8,3,1,3
2025.11.05,14.46.18,-90.12025,29.934192,-110,-14,35.0,4,4,D,PERIODIC,-104.0,-13.0,10.0,h8,3,1,3
2025.11.05,14.46.19,-90.12025,29.934192,-110,-14,35.0,16,29,D,PERIODIC,-104.0,-13.0,10.0,h8,3,1,3
2025.11.05,14.46.20,-90.12025,29.934192,-110,-14,35.0,0,0,D,PERIODIC,-104.0,-13.0,10.0,h8,3,1,3
2025.11.05,14.46.21,-90.12025,29.934192,-110,-14,35.0,0,0,I,PERIODIC,-104.0,-13.0,10.0,h8,3,1,3
2025.11.05,14.46.22,-90.12025,29.934192,-110,-14,35.0,1,14,D,PERIODIC,-102.0,-13.0,10.0,h8,3,1,3
2025.11.05,14.46.23,-90.12025,29.934192,-110,-14,35.0,2630,16771,D,PERIODIC,-102.0,-13.0,10.0,h8,3,1,3
2025.11.05,14.46.24,-90.12025,29.934192,-110,-14,35.0,0,0,D,PERIODIC,-101.0,-13.0,10.0,h8,3,1,3
2025.11.05,14.46.25,-90.12025,29.934192,-110,-14,35.0,2,57,D,PERIODIC,-101.0,-13.0,10.0,h8,3,1,3
2025.11.05,14.46.26,-90.12025,29.934192,-106,-13,4.0,25,108,D,PERIODIC,-101.0,-12.0,14.0,h8,3,1,3
2025.11.05,14.46.27,-90.12025,29.934192,-106,-13,3.0,49,303,D,PERIODIC,-101.0,-12.0,14.0,h8,3,1,3
2025.11.05,14.46.28,-90.12025,29.934192,-110,-13,25.0,0,111,D,PERIODIC,-101.0,-13.0,12.0,h8,3,1,3
2025.11.05,14.46.29,-90.12025,29.934192,-110,-13,25.0,0,0,D,PERIODIC,-101.0,-13.0,12.0,h8,3,1,3
2025.11.05,14.46.30,-90.12025,29.934192,-112,-13,35.0,8,121,D,PERIODIC,-102.0,-14.0,12.0,h8,3,1,3
2025.11.05,14.46.31,-90.12025,29.934192,-112,-13,35.0,0,2,D,PERIODIC,-102.0,-14.0,12.0,h8,3,1,3
2025.11.05,14.46.32,-90.12025,29.934192,-112,-13,35.0,0,0,D,PERIODIC,-101.0,-12.0,12.0,h8,3,1,3
2025.11.05,14.46.33,-90.12025,29.934192,-112,-13,35.0,0,7460,D,PERIODIC,-101.0,-12.0,12.0,h8,3,1,3
2025.11.05,14.46.34,-90.12025,29.934192,-109,-13,40.0,1,1,D,PERIODIC,-101.0,-12.0,10.0,h8,3,1,3
2025.11.05,14.46.35,-90.12025,29.934192,-109,-13,40.0,2,2,D,PERIODIC,-101.0,-12.0,10.0,h8,3,1,3
2025.11.05,14.46.36,-90.12025,29.934192,-111,-13,35.0,1,1,D,PERIODIC,-102.0,-12.0,11.0,h8,3,1,3
2025.11.05,14.46.37,-90.12025,29.934192,-111,-13,35.0,4,4,D,PERIODIC,-102.0,-12.0,11.0,h8,3,1,3
2025.11.05,14.46.38,-90.12025,29.934192,-112,-14,35.0,70542,3722,D,PERIODIC,-101.0,-12.0,12.0,h8,3,1,3
2025.11.05,14.46.39,-90.12025,29.934192,-112,-14,35.0,2,2,D,PERIODIC,-101.0,-12.0,12.0,h8,3,1,3
2025.11.05,14.46.40,-90.12025,29.934192,-112,-13,40.0,5,5,D,PERIODIC,-101.0,-13.0,14.0,h8,3,1,3
2025.11.05,14.46.41,-90.12025,29.934192,-112,-13,40.0,6,7,D,PERIODIC,-101.0,-13.0,14.0,h8,3,1,3
2025.11.05,14.46.42,-90.12025,29.934192,-112,-13,40.0,3,3,D,PERIODIC,-101.0,-13.0,14.0,h8,3,1,3
2025.11.05,14.46.43,-90.12025,29.934192,-112,-13,40.0,0,0,D,PERIODIC,-101.0,-13.0,14.0,h8,3,1,3
2025.11.05,14.46.44,-90.12025,29.934192,-112,-13,40.0,36653,5063,D,PERIODIC,-101.0,-13.0,14.0,h8,3,1,3
2025.11.05,14.46.45,-90.12025,29.934192,-112,-13,40.0,1,1,D,PERIODIC,-101.0,-13.0,14.0,h8,3,1,3
2025.11.05,14.46.46,-90.12025,29.934192,-112,-13,40.0,0,0,D,PERIODIC,-101.0,-14.0,14.0,h8,3,1,3
2025.11.05,14.46.47,-90.12025,29.934192,-112,-13,40.0,3,3,D,PERIODIC,-101.0,-14.0,14.0,h8,3,1,3
2025.11.05,14.46.48,-90.12025,29.934192,-112,-13,40.0,43875,5297,D,PERIODIC,-101.0,-13.0,14.0,h8,3,1,3
2025.11.05,14.46.49,-90.12025,29.934192,-112,-13,40.0,18,26,D,PERIODIC,-101.0,-13.0,14.0,h8,3,1,3
2025.11.05,14.46.50,-90.12025,29.934192,-112,-13,40.0,6,6,D,PERIODIC,-101.0,-13.0,14.0,h8,3,1,3
2025.11.05,14.46.51,-90.12025,29.934192,-112,-13,40.0,4,4,D,PERIODIC,-101.0,-13.0,14.0,h8,3,1,3
2025.11.05,14.46.52,-90.12025,29.934192,-111,-13,35.0,1,1,D,PERIODIC,-101.0,-12.0,12.0,h8,3,1,3
2025.11.05,14.46.53,-90.12025,29.934192,-111,-13,35.0,19035,4099,D,PERIODIC,-101.0,-12.0,12.0,h8,3,1,3
2025.11.05,14.46.54,-90.12025,29.934192,-111,-13,35.0,5,5,D,PERIODIC,-101.0,-13.0,12.0,h8,3,1,3
2025.11.05,14.46.55,-90.12025,29.934192,-111,-13,35.0,15,16,D,PERIODIC,-101.0,-13.0,12.0,h8,3,1,3
2025.11.05,14.46.56,-90.12025,29.934192,-111,-13,35.0,9,12,D,PERIODIC,-101.0,-13.0,14.0,h8,3,1,3
2025.11.05,14.46.57,-90.12025,29.934192,-111,-13,35.0,1,1,D,PERIODIC,-101.0,-13.0,14.0,h8,3,1,3
2025.11.05,14.46.58,-90.12025,29.934192,-111,-13,35.0,17623,5823,D,PERIODIC,-100.0,-12.0,14.0,h8,3,1,3
2025.11.05,14.46.59,-90.12025,29.934192,-111,-13,35.0,10,12,D,PERIODIC,-100.0,-12.0,14.0,h8,3,1,3
2025.11.05,14.47.00,-90.12025,29.934192,-111,-13,35.0,1,1,D,PERIODIC,-101.0,-12.0,14.0,h8,3,1,3
2025.11.05,14.47.01,-90.12025,29.934192,-111,-13,35.0,6,6,D,PERIODIC,-101.0,-12.0,14.0,h8,3,1,3
2025.11.05,14.47.02,-90.12025,29.934192,-111,-13,35.0,2,2,D,PERIODIC,-102.0,-12.0,14.0,h8,3,1,3
2025.11.05,14.47.03,-90.120274,29.934092,-111,-13,35.0,3,3,D,PERIODIC,-102.0,-12.0,14.0,h8,3,1,3
2025.11.05,14.47.04,-90.120274,29.934092,-111,-13,35.0,0,0,D,PERIODIC,-104.0,-12.0,14.0,h8,3,1,3
2025.11.05,14.47.05,-90.120274,29.934092,-111,-13,35.0,8,0,D,PERIODIC,-104.0,-12.0,14.0,h8,3,1,3
2025.11.05,14.47.06,-90.120274,29.934092,-109,-14,40.0,2,2,D,PERIODIC,-105.0,-12.0,12.0,h8,3,1,3
2025.11.05,14.47.07,-90.120274,29.934092,-109,-14,40.0,0,0,D,PERIODIC,-105.0,-12.0,12.0,h8,3,1,3
2025.11.05,14.47.08,-90.120274,29.934092,-110,-14,35.0,6,7,D,PERIODIC,-105.0,-13.0,10.0,h8,3,1,3
2025.11.05,14.47.09,-90.120274,29.934092,-110,-14,35.0,0,0,D,PERIODIC,-105.0,-13.0,10.0,h8,3,1,3
2025.11.05,14.47.10,-90.120274,29.934092,-109,-13,40.0,0,3,D,PERIODIC,-105.0,-12.0,11.0,h8,3,1,3
2025.11.05,14.47.11,-90.120274,29.934092,-109,-13,40.0,7,7,D,PERIODIC,-105.0,-12.0,11.0,h8,3,1,3
2025.11.05,14.47.12,-90.120274,29.934092,-109,-13,40.0,1,1,D,PERIODIC,-105.0,-13.0,11.0,h8,3,1,3
2025.11.05,14.47.13,-90.120274,29.934092,-109,-13,40.0,0,13213,D,PERIODIC,-105.0,-13.0,11.0,h8,3,1,3
2025.11.05,14.47.14,-90.120274,29.934092,-109,-14,35.0,0,0,I,PERIODIC,-103.0,-12.0,11.0,h8,3,1,3
2025.11.05,14.47.15,-90.120274,29.934092,-109,-14,35.0,1,1,D,PERIODIC,-103.0,-12.0,11.0,h8,3,1,3
2025.11.05,14.47.16,-90.120274,29.934092,-109,-13,4.0,0,0,I,PERIODIC,-102.0,-11.0,12.0,h8,3,1,3
2025.11.05,14.47.17,-90.120274,29.934092,-109,-13,4.0,3,3,D,PERIODIC,-102.0,-11.0,12.0,h8,3,1,3
2025.11.05,14.47.18,-90.120274,29.934092,-109,-13,4.0,0,0,D,PERIODIC,-102.0,-13.0,12.0,h8,3,1,3
2025.11.05,14.47.19,-90.120274,29.934092,-109,-13,4.0,4,17,D,PERIODIC,-102.0,-13.0,12.0,h8,3,1,3
2025.11.05,14.47.20,-90.120274,29.934092,-109,-13,4.0,6,6,D,PERIODIC,-103.0,-12.0,12.0,h8,3,1,3
2025.11.05,14.47.21,-90.120274,29.934092,-109,-13,4.0,3,3,D,PERIODIC,-103.0,-12.0,12.0,h8,3,1,3
2025.11.05,14.47.22,-90.120274,29.934092,-109,-13,4.0,4,4,D,PERIODIC,-102.0,-11.0,12.0,h8,3,1,3
2025.11.05,14.47.23,-90.120274,29.934092,-109,-13,3.0,14623,5647,D,PERIODIC,-102.0,-11.0,12.0,h8,3,1,3
2025.11.05,14.47.24,-90.120274,29.934092,-109,-14,35.0,20,23,D,PERIODIC,-104.0,-13.0,13.0,h8,3,1,3
2025.11.05,14.47.25,-90.120274,29.934092,-109,-14,35.0,4,4,D,PERIODIC,-104.0,-13.0,13.0,h8,3,1,3
2025.11.05,14.47.26,-90.120274,29.934092,-109,-13,40.0,1,1,D,PERIODIC,-104.0,-12.0,12.0,h8,3,1,3
2025.11.05,14.47.27,-90.120274,29.934092,-109,-13,40.0,4,4,D,PERIODIC,-104.0,-12.0,12.0,h8,3,1,3
2025.11.05,14.47.28,-90.120274,29.934092,-111,-15,30.0,2,2,D,PERIODIC,-105.0,-12.0,11.0,h8,3,1,3
2025.11.05,14.47.29,-90.120274,29.934092,-111,-15,30.0,1,1,D,PERIODIC,-105.0,-12.0,11.0,h8,3,1,3
2025.11.05,14.47.30,-90.120274,29.934092,-111,-14,30.0,0,0,D,PERIODIC,-104.0,-13.0,11.0,h8,3,1,3
2025.11.05,14.47.31,-90.120274,29.934092,-111,-14,30.0,2,2,D,PERIODIC,-104.0,-13.0,11.0,h8,3,1,3
2025.11.05,14.47.32,-90.120274,29.934092,-111,-15,35.0,0,2,D,PERIODIC,-103.0,-12.0,12.0,h8,3,1,3
2025.11.05,14.47.33,-90.120274,29.934092,-111,-15,35.0,24905,9423,D,PERIODIC,-103.0,-12.0,12.0,h8,3,1,3
2025.11.05,14.47.34,-90.120274,29.934092,-111,-15,40.0,8,8,D,PERIODIC,-102.0,-13.0,10.0,h8,3,1,3
2025.11.05,14.47.35,-90.120274,29.934092,-111,-15,40.0,1,1,D,PERIODIC,-102.0,-13.0,10.0,h8,3,1,3
2025.11.05,14.47.36,-90.120274,29.934092,-110,-14,4.0,0,3,D,PERIODIC,-105.0,-13.0,12.0,h8,3,1,3
2025.11.05,14.47.37,-90.120274,29.934092,-110,-14,4.0,2,2,D,PERIODIC,-105.0,-13.0,12.0,h8,3,1,3
2025.11.05,14.47.38,-90.120274,29.934092,-110,-15,35.0,14593,5030,D,PERIODIC,-105.0,-14.0,11.0,h8,3,1,3
2025.11.05,14.47.39,-90.120274,29.934092,-110,-15,35.0,0,0,D,PERIODIC,-105.0,-14.0,11.0,h8,3,1,3
2025.11.05,14.47.40,-90.120274,29.934092,-110,-15,35.0,5,5,D,PERIODIC,-105.0,-13.0,11.0,h8,3,1,3
2025.11.05,14.47.41,-90.120274,29.934092,-110,-15,35.0,3,3,D,PERIODIC,-105.0,-13.0,11.0,h8,3,1,3
2025.11.05,14.47.42,-90.120274,29.934092,-111,-14,30.0,0,4,D,PERIODIC,-103.0,-13.0,10.0,h8,3,1,3
2025.11.05,14.47.43,-90.120274,29.934092,-111,-14,30.0,0,12,D,PERIODIC,-103.0,-13.0,10.0,h8,3,1,3
2025.11.05,14.47.44,-90.120274,29.934092,-111,-14,30.0,0,0,D,PERIODIC,-104.0,-12.0,13.0,h8,3,1,3
2025.11.05,14.47.45,-90.120274,29.934092,-111,-14,30.0,0,0,I,PERIODIC,-104.0,-12.0,13.0,h8,3,1,3
2025.11.05,14.47.46,-90.120274,29.934092,-111,-14,30.0,0,0,I,PERIODIC,-106.0,-13.0,13.0,h8,3,1,3
2025.11.05,14.47.47,-90.120304,29.934,-111,-14,30.0,0,0,I,PERIODIC,-106.0,-13.0,13.0,h8,3,1,3
2025.11.05,14.47.48,-90.120304,29.934,-110,-13,4.0,0,0,I,PERIODIC,-105.0,-12.0,12.0,h8,3,1,3
2025.11.05,14.47.49,-90.120304,29.934,-110,-13,4.0,0,0,I,PERIODIC,-105.0,-12.0,12.0,h8,3,1,3
2025.11.05,14.47.50,-90.120304,29.934,-108,-12,5.0,0,0,I,PERIODIC,-107.0,-14.0,11.0,h8,3,1,3
2025.11.05,14.47.51,-90.120304,29.934,-108,-12,4.0,0,0,I,PERIODIC,-107.0,-14.0,11.0,h8,3,1,3
2025.11.05,14.47.52,-90.120304,29.934,-108,-13,4.0,0,0,I,PERIODIC,-105.0,-13.0,12.0,h8,3,1,3
2025.11.05,14.47.53,-90.120304,29.934,-108,-13,4.0,0,0,I,PERIODIC,-105.0,-13.0,12.0,h8,3,1,3
2025.11.05,14.47.54,-90.120304,29.934,-108,-13,4.0,0,0,I,PERIODIC,-105.0,-13.0,12.0,h8,3,1,3
2025.11.05,14.47.55,-90.120304,29.934,-108,-13,4.0,0,0,D,PERIODIC,-105.0,-13.0,12.0,h8,3,1,3
2025.11.05,14.47.56,-90.120267,29.934132,-108,-13,4.0,0,0,D,PERIODIC,-102.0,-13.0,12.0,h8,3,1,3
2025.11.05,14.47.57,-90.120267,29.934132,-108,-13,4.0,5,4,D,PERIODIC,-102.0,-13.0,12.0,h8,3,1,3
2025.11.05,14.47.58,-90.120267,29.934132,-108,-13,4.0,0,0,D,PERIODIC,-101.0,-14.0,12.0,h8,3,1,3
2025.11.05,14.47.59,-90.120267,29.934132,-108,-13,4.0,2,2,D,PERIODIC,-101.0,-14.0,12.0,h8,3,1,3
2025.11.05,14.48.00,-90.120267,29.934132,-108,-13,5.0,1,1,D,PERIODIC,-101.0,-14.0,12.0,h8,3,1,3
2025.11.05,14.48.01,-90.120267,29.934132,-111,-13,5.0,0,0,I,PERIODIC,-102.0,-13.0,12.0,h8,3,1,3
2025.11.05,14.48.02,-90.120267,29.934132,-111,-14,5.0,0,0,I,PERIODIC,-101.0,-13.0,12.0,h8,3,1,3
2025.11.05,14.48.03,-90.120267,29.934132,-111,-14,4.0,0,0,I,PERIODIC,-101.0,-13.0,12.0,h8,3,1,3
2025.11.05,14.48.04,-90.120267,29.934132,-111,-13,4.0,0,6,D,PERIODIC,-102.0,-12.0,13.0,h8,3,1,3
2025.11.05,14.48.05,-90.120267,29.934132,-111,-13,4.0,0,0,D,PERIODIC,-102.0,-12.0,13.0,h8,3,1,3
2025.11.05,14.48.06,-90.120267,29.934132,-111,-13,4.0,4,4,D,PERIODIC,-102.0,-12.0,13.0,h8,3,1,3
2025.11.05,14.48.07,-90.120267,29.934132,-112,-13,4.0,0,0,D,PERIODIC,-103.0,-13.0,13.0,h8,3,1,3
2025.11.05,14.48.08,-90.120267,29.934132,-112,-13,5.0,0,0,I,PERIODIC,-103.0,-13.0,13.0,h8,3,1,3
2025.11.05,14.48.09,-90.120267,29.934132,-110,-13,5.0,1,1,D,PERIODIC,-105.0,-12.0,12.0,h8,3,1,3
2025.11.05,14.48.10,-90.120267,29.934132,-110,-13,5.0,0,0,D,PERIODIC,-105.0,-12.0,12.0,h8,3,1,3
2025.11.05,14.48.11,-90.120267,29.934132,-110,-13,5.0,0,0,I,PERIODIC,-104.0,-13.0,9.0,h8,3,1,3
2025.11.05,14.48.12,-90.120267,29.934132,-110,-13,5.0,0,0,I,PERIODIC,-104.0,-13.0,9.0,h8,3,1,3
2025.11.05,14.48.13,-90.120267,29.934132,-110,-13,5.0,5147,11806,D,PERIODIC,-104.0,-13.0,9.0,h8,3,1,3
2025.11.05,14.48.14,-90.120292,29.933994,-110,-13,6.0,0,58,D,PERIODIC,-104.0,-13.0,9.0,h8,3,1,3
2025.11.05,14.48.15,-90.120292,29.933994,-108,-13,5.0,1,169,D,PERIODIC,-104.0,-14.0,11.0,h8,3,1,3
2025.11.05,14.48.16,-90.120292,29.933994,-108,-13,5.0,0,57,D,PERIODIC,-104.0,-14.0,11.0,h8,3,1,3
2025.11.05,14.48.17,-90.120292,29.933994,-108,-13,5.0,0,112,D,PERIODIC,-104.0,-14.0,11.0,h8,3,1,3
2025.11.05,14.48.18,-90.120292,29.933994,-108,-13,5.0,0,113,D,PERIODIC,-103.0,-11.0,11.0,h8,3,1,3
2025.11.05,14.48.19,-90.120292,29.933994,-108,-13,5.0,0,0,D,PERIODIC,-103.0,-12.0,11.0,h8,3,1,3
2025.11.05,14.48.20,-90.120292,29.933994,-108,-13,5.0,0,85,D,PERIODIC,-103.0,-12.0,11.0,h8,3,1,3
2025.11.05,14.48.21,-90.120292,29.933994,-106,-12,5.0,2,1,D,PERIODIC,-103.0,-12.0,12.0,h8,3,1,3
2025.11.05,14.48.22,-90.120292,29.933994,-106,-12,5.0,0,85,D,PERIODIC,-103.0,-12.0,12.0,h8,3,1,3
2025.11.05,14.48.23,-90.120273,29.934142,-106,-12,5.0,0,0,I,PERIODIC,-104.0,-13.0,12.0,h8,3,1,3
2025.11.05,14.48.24,-90.120273,29.934142,-106,-12,5.0,0,28,D,PERIODIC,-104.0,-13.0,12.0,h8,3,1,3
2025.11.05,14.48.25,-90.120273,29.934142,-108,-13,6.0,13,14,D,PERIODIC,-104.0,-11.0,12.0,h8,3,1,3
2025.11.05,14.48.26,-90.120273,29.934142,-108,-13,6.0,0,85,D,PERIODIC,-104.0,-11.0,12.0,h8,3,1,3
2025.11.05,14.48.27,-90.120273,29.934142,-108,-13,6.0,0,56,D,PERIODIC,-102.0,-12.0,11.0,h8,3,1,3
2025.11.05,14.48.28,-90.120273,29.934142,-108,-13,6.0,0,0,I,PERIODIC,-102.0,-12.0,11.0,h8,3,1,3
2025.11.05,14.48.29,-90.120273,29.934142,-108,-13,6.0,0,0,I,PERIODIC,-105.0,-13.0,11.0,h8,3,1,3
2025.11.05,14.48.30,-90.120273,29.934142,-108,-13,6.0,0,0,D,PERIODIC,-105.0,-13.0,11.0,h8,3,1,3
2025.11.05,14.48.31,-90.120273,29.934142,-104,-12,5.0,0,0,D,PERIODIC,-103.0,-13.0,12.0,h8,3,1,3
2025.11.05,14.48.32,-90.120273,29.934142,-104,-12,4.0,0,0,I,PERIODIC,-103.0,-13.0,12.0,h8,3,1,3
2025.11.05,14.48.33,-90.120273,29.934142,-111,-12,4.0,0,1,D,PERIODIC,-103.0,-13.0,11.0,h8,3,1,3
2025.11.05,14.48.34,-90.120273,29.934142,-111,-12,5.0,1,1,D,PERIODIC,-103.0,-13.0,11.0,h8,3,1,3
2025.11.05,14.48.35,-90.120273,29.934142,-109,-12,40.0,0,0,D,PERIODIC,-103.0,-12.0,14.0,h8,3,1,3
2025.11.05,14.48.36,-90.120273,29.934142,-109,-12,40.0,0,0,I,PERIODIC,-103.0,-12.0,14.0,h8,3,1,3
2025.11.05,14.48.37,-90.120273,29.934142,-113,-13,4.0,7,8,D,PERIODIC,-103.0,-9.0,13.0,h8,3,1,3
2025.11.05,14.48.38,-90.120273,29.934142,-113,-13,4.0,0,0,D,PERIODIC,-103.0,-9.0,13.0,h8,3,1,3
2025.11.05,14.48.39,-90.120273,29.934142,-113,-13,3.0,0,0,I,PERIODIC,-103.0,-9.0,13.0,h8,3,1,3
2025.11.05,14.48.40,-90.120273,29.934142,-112,-13,35.0,0,0,I,PERIODIC,-103.0,-13.0,13.0,h8,3,1,3
2025.11.05,14.48.41,-90.120273,29.934142,-112,-13,35.0,0,0,I,PERIODIC,-103.0,-13.0,13.0,h8,3,1,3
2025.11.05,14.48.42,-90.120273,29.934142,-112,-13,40.0,3,3,D,PERIODIC,-103.0,-13.0,11.0,h8,3,1,3
2025.11.05,14.48.43,-90.120273,29.934142,-112,-13,40.0,2,2,D,PERIODIC,-103.0,-12.0,10.0,h8,3,1,3
2025.11.05,14.48.44,-90.120273,29.934142,-112,-13,40.0,0,0,I,PERIODIC,-103.0,-12.0,10.0,h8,3,1,3
2025.11.05,14.48.45,-90.120273,29.934142,-111,-13,40.0,0,0,I,PERIODIC,-103.0,-13.0,12.0,h8,3,1,3
2025.11.05,14.48.46,-90.120273,29.934142,-111,-13,40.0,0,0,I,PERIODIC,-103.0,-13.0,12.0,h8,3,1,3
2025.11.05,14.48.47,-90.120273,29.934142,-111,-13,40.0,0,0,I,PERIODIC,-102.0,-11.0,12.0,h8,3,1,3
2025.11.05,14.48.48,-90.120273,29.934142,-111,-13,40.0,7,9,D,PERIODIC,-102.0,-11.0,12.0,h8,3,1,3
2025.11.05,14.48.49,-90.120273,29.934142,-110,-12,5.0,4,4,D,PERIODIC,-104.0,-11.0,12.0,h8,3,1,3
2025.11.05,14.48.50,-90.120273,29.934142,-110,-12,5.0,0,4,D,PERIODIC,-104.0,-11.0,12.0,h8,3,1,3
2025.11.05,14.48.51,-90.120273,29.934142,-112,-13,40.0,0,0,I,PERIODIC,-103.0,-12.0,12.0,h8,3,1,3
2025.11.05,14.48.52,-90.120273,29.934142,-112,-13,40.0,0,0,I,PERIODIC,-103.0,-12.0,12.0,h8,3,1,3
2025.11.05,14.48.53,-90.120273,29.934142,-108,-12,5.0,3,3,D,PERIODIC,-103.0,-13.0,11.0,h8,3,1,3
2025.11.05,14.48.54,-90.120273,29.934142,-108,-12,4.0,0,0,D,PERIODIC,-103.0,-13.0,11.0,h8,3,1,3
2025.11.05,14.48.55,-90.120273,29.934142,-111,-13,35.0,1,1,D,PERIODIC,-103.0,-13.0,13.0,h8,3,1,3
2025.11.05,14.48.56,-90.120273,29.934142,-111,-13,35.0,6,6,D,PERIODIC,-103.0,-13.0,13.0,h8,3,1,3
2025.11.05,14.48.57,-90.120273,29.934142,-111,-12,35.0,0,0,D,PERIODIC,-104.0,-13.0,10.0,h8,3,1,3
2025.11.05,14.48.58,-90.120273,29.934142,-111,-12,35.0,0,0,I,PERIODIC,-104.0,-13.0,10.0,h8,3,1,3
2025.11.05,14.48.59,-90.120273,29.934142,-110,-13,30.0,0,0,I,PERIODIC,-104.0,-13.0,11.0,h8,3,1,3
2025.11.05,14.49.00,-90.120273,29.934142,-110,-13,30.0,24,56,D,PERIODIC,-104.0,-13.0,11.0,h8,3,1,3
2025.11.05,14.49.01,-90.120273,29.934142,-111,-13,25.0,0,51,D,PERIODIC,-105.0,-13.0,13.0,h8,3,1,3
2025.11.05,14.49.02,-90.120273,29.934142,-111,-13,25.0,0,0,I,PERIODIC,-105.0,-13.0,13.0,h8,3,1,3
2025.11.05,14.49.03,-90.120273,29.934142,-111,-13,25.0,3,3,D,PERIODIC,-104.0,-13.0,13.0,h8,3,1,3
2025.11.05,14.49.04,-90.120273,29.934142,-111,-13,25.0,3,3,D,PERIODIC,-104.0,-13.0,13.0,h8,3,1,3
2025.11.05,14.49.05,-90.120273,29.934142,-108,-12,4.0,1,1,D,PERIODIC,-104.0,-12.0,13.0,h8,3,1,3
2025.11.05,14.49.06,-90.120273,29.934142,-108,-12,3.0,1,1,D,PERIODIC,-104.0,-12.0,13.0,h8,3,1,3
2025.11.05,14.49.07,-90.120273,29.934142,-111,-13,30.0,0,0,I,PERIODIC,-102.0,-14.0,12.0,h8,3,1,3
2025.11.05,14.49.08,-90.120273,29.934142,-111,-13,30.0,0,1,D,PERIODIC,-102.0,-14.0,12.0,h8,3,1,3
2025.11.05,14.49.09,-90.120273,29.934142,-109,-12,4.0,0,3,D,PERIODIC,-103.0,-12.0,12.0,h8,3,1,3
2025.11.05,14.49.10,-90.120273,29.934142,-109,-12,4.0,0,0,I,PERIODIC,-103.0,-12.0,12.0,h8,3,1,3
2025.11.05,14.49.11,-90.120273,29.934142,-113,-13,30.0,0,0,I,PERIODIC,-102.0,-13.0,12.0,h8,3,1,3
2025.11.05,14.49.12,-90.120273,29.934142,-113,-13,30.0,0,1,D,PERIODIC,-102.0,-13.0,12.0,h8,3,1,3
2025.11.05,14.49.13,-90.120273,29.934142,-111,-13,25.0,0,0,D,PERIODIC,-103.0,-13.0,11.0,h8,3,1,3
2025.11.05,14.49.14,-90.120273,29.934142,-111,-13,25.0,0,0,I,PERIODIC,-103.0,-13.0,11.0,h8,3,1,3
2025.11.05,14.49.15,-90.120273,29.934142,-111,-13,25.0,0,0,I,PERIODIC,-103.0,-13.0,11.0,h8,3,1,3
2025.11.05,14.49.16,-90.120273,29.934142,-111,-13,20.0,0,0,D,PERIODIC,-103.0,-13.0,12.0,h8,3,1,3
2025.11.05,14.49.17,-90.120273,29.934142,-111,-13,20.0,5,1,D,PERIODIC,-103.0,-13.0,12.0,h8,3,1,3
2025.11.05,14.49.18,-90.120273,29.934142,-108,-12,40.0,0,0,D,PERIODIC,-104.0,-13.0,11.0,h8,3,1,3
2025.11.05,14.49.19,-90.120273,29.934142,-111,-12,35.0,14,14,D,PERIODIC,-104.0,-13.0,11.0,h8,3,1,3
2025.11.05,14.49.20,-90.120273,29.934142,-111,-12,35.0,3,3,D,PERIODIC,-104.0,-13.0,11.0,h8,3,1,3
2025.11.05,14.49.21,-90.120273,29.934142,-110,-12,5.0,0,0,I,PERIODIC,-103.0,-12.0,12.0,h8,3,1,3
2025.11.05,14.49.22,-90.120273,29.934142,-110,-12,5.0,0,0,I,PERIODIC,-103.0,-12.0,12.0,h8,3,1,3
2025.11.05,14.49.23,-90.120273,29.934142,-110,-12,5.0,2,0,D,PERIODIC,-103.0,-12.0,12.0,h8,3,1,3
2025.11.05,14.49.24,-90.120273,29.934142,-109,-12,5.0,0,0,I,PERIODIC,-104.0,-13.0,14.0,h8,3,1,3
2025.11.05,14.49.25,-90.120308,29.934036,-109,-12,5.0,0,0,I,PERIODIC,-104.0,-14.0,14.0,h8,3,1,3
2025.11.05,14.49.26,-90.120308,29.934036,-109,-12,5.0,1,1,D,PERIODIC,-104.0,-14.0,14.0,h8,3,1,3
2025.11.05,14.49.27,-90.120308,29.934036,-109,-12,2.0,2,2,D,PERIODIC,-104.0,-14.0,14.0,h8,3,1,3
2025.11.05,14.49.28,-90.120308,29.934036,-110,-13,25.0,16,18,D,PERIODIC,-104.0,-14.0,11.0,h8,3,1,3
2025.11.05,14.49.29,-90.120308,29.934036,-110,-13,25.0,0,0,D,PERIODIC,-103.0,-12.0,11.0,h8,3,1,3
2025.11.05,14.49.30,-90.120308,29.934036,-110,-13,25.0,7,7,D,PERIODIC,-103.0,-12.0,11.0,h8,3,1,3
2025.11.05,14.49.31,-90.120308,29.934036,-111,-13,20.0,3,3,D,PERIODIC,-103.0,-12.0,12.0,h8,3,1,3
2025.11.05,14.49.32,-90.120308,29.934036,-111,-13,20.0,0,0,D,PERIODIC,-103.0,-12.0,12.0,h8,3,1,3
2025.11.05,14.49.33,-90.120308,29.934036,-111,-13,20.0,8738,10874,D,PERIODIC,-103.0,-11.0,12.0,h8,3,1,3
2025.11.05,14.49.34,-90.120276,29.934155,-111,-13,20.0,3,3,D,PERIODIC,-103.0,-11.0,12.0,h8,3,1,3
2025.11.05,14.49.35,-90.120276,29.934155,-111,-13,20.0,0,0,D,PERIODIC,-103.0,-11.0,12.0,h8,3,1,3
2025.11.05,14.49.36,-90.120276,29.934155,-115,-13,25.0,0,0,I,PERIODIC,-106.0,-10.0,7.0,h8,3,1,3
2025.12.24,15.19.59,-87.901214,42.340114,-102,-11,19.0,0,0,I,LOG START,-93.0,-12.0,20.0,h2,3,1,3
2025.12.24,15.20.00,-87.901214,42.340114,-102,-11,20.0,0,0,D,PERIODIC,-93.0,-12.0,20.0,h2,3,1,3
2025.12.24,15.20.00,-87.901214,42.340114,-102,-11,20.0,0,0,D,,-93.0,-12.0,20.0,h2,3,1,3
2025.12.24,15.20.01,-87.901214,42.340114,-99,-11,20.0,0,0,I,PERIODIC,-95.0,-12.0,19.0,h2,3,1,3
2025.12.24,15.20.02,-87.901214,42.340114,-99,-11,20.0,0,3,D,PERIODIC,-95.0,-12.0,19.0,h2,3,1,3
2025.12.24,15.20.03,-87.901214,42.340114,-102,-11,20.0,0,0,D,PERIODIC,-98.0,-14.0,15.0,h2,3,1,3
2025.12.24,15.20.04,-87.901214,42.340114,-102,-11,20.0,0,0,I,PERIODIC,-98.0,-14.0,15.0,h2,3,1,3
2025.12.24,15.20.05,-87.901214,42.340114,-102,-11,20.0,0,0,I,PERIODIC,-98.0,-14.0,15.0,h2,3,1,3
2025.12.24,15.20.06,-87.901214,42.340114,-104,-11,21.0,0,0,I,PERIODIC,-95.0,-11.0,14.0,h2,3,1,3
2025.12.24,15.20.07,-87.901214,42.340114,-101,-11,21.0,0,0,D,PERIODIC,-95.0,-11.0,15.0,h2,3,1,3
2025.12.24,15.20.08,-87.901214,42.340114,-101,-11,21.0,0,0,I,PERIODIC,-95.0,-11.0,15.0,h2,3,1,3
2025.12.24,15.20.09,-87.901214,42.340114,-99,-11,22.0,0,0,I,PERIODIC,-98.0,-12.0,11.0,h2,3,1,3
2025.12.24,15.20.10,-87.901214,42.340114,-99,-11,22.0,0,0,I,PERIODIC,-98.0,-12.0,11.0,h2,3,1,3
2025.12.24,15.20.11,-87.901214,42.340114,-99,-11,22.0,0,0,I,PERIODIC,-94.0,-10.0,11.0,h2,3,1,3
2025.12.24,15.20.12,-87.901214,42.340114,-99,-11,22.0,11,13,D,PERIODIC,-94.0,-10.0,11.0,h2,3,1,3
2025.12.24,15.20.13,-87.901214,42.340114,-99,-11,21.0,0,0,D,PERIODIC,-96.0,-14.0,10.0,h2,3,1,3
2025.12.24,15.20.14,-87.901214,42.340114,-99,-11,21.0,0,0,I,PERIODIC,-96.0,-14.0,10.0,h2,3,1,3
2025.12.24,15.20.15,-87.901214,42.340114,-99,-11,21.0,0,0,I,PERIODIC,-95.0,-13.0,10.0,h2,3,1,3
2025.12.24,15.20.16,-87.901214,42.340114,-99,-11,21.0,0,0,I,PERIODIC,-95.0,-13.0,10.0,h2,3,1,3
2025.12.24,15.20.17,-87.901214,42.340114,-99,-11,21.0,0,1,D,PERIODIC,-95.0,-9.0,10.0,h2,3,1,3
2025.12.24,15.20.18,-87.901214,42.340114,-99,-11,21.0,0,0,I,PERIODIC,-95.0,-9.0,10.0,h2,3,1,3
2025.12.24,15.20.19,-87.901214,42.340114,-98,-11,21.0,0,0,I,PERIODIC,-95.0,-14.0,14.0,h2,3,1,3
2025.12.24,15.20.20,-87.901214,42.340114,-98,-11,21.0,0,0,I,PERIODIC,-95.0,-14.0,14.0,h2,3,1,3
2025.12.24,15.20.21,-87.901214,42.340114,-99,-11,21.0,0,0,I,PERIODIC,-96.0,-12.0,18.0,h2,3,1,3
2025.12.24,15.20.22,-87.901214,42.340114,-99,-11,21.0,0,0,I,PERIODIC,-96.0,-12.0,18.0,h2,3,1,3
2025.12.24,15.20.23,-87.901214,42.340114,-98,-11,22.0,0,0,I,PERIODIC,-95.0,-9.0,15.0,h2,3,1,3
2025.12.24,15.20.24,-87.901214,42.340114,-98,-11,22.0,0,0,I,PERIODIC,-95.0,-9.0,15.0,h2,3,1,3
2025.12.24,15.20.25,-87.901214,42.340114,-99,-11,22.0,0,0,I,PERIODIC,-94.0,-10.0,15.0,h2,3,1,3
2025.12.24,15.20.26,-87.901214,42.340114,-99,-11,22.0,6,9,D,PERIODIC,-94.0,-10.0,15.0,h2,3,1,3
2025.12.24,15.20.27,-87.901214,42.340114,-99,-11,20.0,0,0,D,PERIODIC,-95.0,-12.0,15.0,h2,3,1,3
2025.12.24,15.20.28,-87.901214,42.340114,-99,-11,20.0,31,33,D,PERIODIC,-95.0,-12.0,15.0,h2,3,1,3
2025.12.24,15.20.29,-87.901214,42.340114,-99,-11,20.0,37,39,D,PERIODIC,-95.0,-12.0,15.0,h2,3,1,3
2025.12.24,15.20.30,-87.901214,42.340114,-99,-11,20.0,0,0,D,PERIODIC,-94.0,-10.0,15.0,h2,3,1,3
2025.12.24,15.20.31,-87.901214,42.340114,-98,-11,19.0,0,0,I,PERIODIC,-93.0,-11.0,18.0,h2,3,1,3
2025.12.24,15.20.32,-87.901214,42.340114,-98,-11,21.0,0,0,I,PERIODIC,-93.0,-11.0,18.0,h2,3,1,3
2025.12.24,15.20.33,-87.901214,42.340114,-99,-11,21.0,0,0,I,PERIODIC,-94.0,-14.0,17.0,h2,3,1,3
2025.12.24,15.20.34,-87.901214,42.340114,-99,-11,21.0,52620,5931,D,PERIODIC,-94.0,-14.0,17.0,h2,3,1,3
2025.12.24,15.20.35,-87.901214,42.340114,-99,-11,21.0,0,0,I,PERIODIC,-94.0,-10.0,17.0,h2,3,1,3
2025.12.24,15.20.36,-87.901214,42.340114,-99,-11,21.0,0,0,I,PERIODIC,-94.0,-10.0,17.0,h2,3,1,3
2025.12.24,15.20.37,-87.901214,42.340114,-99,-11,21.0,0,0,I,PERIODIC,-93.0,-11.0,17.0,h2,3,1,3
2025.12.24,15.20.38,-87.901214,42.340114,-99,-11,21.0,0,0,I,PERIODIC,-93.0,-11.0,17.0,h2,3,1,3
2025.12.24,15.20.39,-87.901214,42.340114,-98,-11,23.0,0,302,D,PERIODIC,-93.0,-10.0,17.0,h2,3,1,3
2025.12.24,15.20.40,-87.901214,42.340114,-98,-11,21.0,0,0,I,PERIODIC,-93.0,-10.0,17.0,h2,3,1,3
2025.12.24,15.20.41,-87.901214,42.340114,-99,-11,21.0,0,0,I,PERIODIC,-93.0,-10.0,19.0,h2,3,1,3
2025.12.24,15.20.42,-87.901214,42.340114,-99,-11,22.0,7,8,D,PERIODIC,-93.0,-10.0,19.0,h2,3,1,3
2025.12.24,15.20.43,-87.901214,42.340114,-99,-11,21.0,0,0,D,PERIODIC,-94.0,-9.0,21.0,h2,3,1,3
2025.12.24,15.20.44,-87.901214,42.340114,-99,-11,21.0,0,0,I,PERIODIC,-94.0,-9.0,21.0,h2,3,1,3
2025.12.24,15.20.45,-87.901214,42.340114,-98,-11,22.0,0,0,I,PERIODIC,-93.0,-11.0,18.0,h2,3,1,3
2025.12.24,15.20.46,-87.901214,42.340114,-98,-11,22.0,0,0,I,PERIODIC,-93.0,-11.0,18.0,h2,3,1,3
2025.12.24,15.20.47,-87.901214,42.340114,-99,-11,22.0,4,4,D,PERIODIC,-93.0,-9.0,19.0,h2,3,1,3
2025.12.24,15.20.48,-87.901214,42.340114,-99,-11,22.0,12,12,D,PERIODIC,-93.0,-9.0,19.0,h2,3,1,3
2025.12.24,15.20.49,-87.901214,42.340114,-99,-11,22.0,0,0,D,PERIODIC,-93.0,-10.0,19.0,h2,3,1,3
2025.12.24,15.20.50,-87.901214,42.340114,-99,-11,22.0,0,0,I,PERIODIC,-93.0,-10.0,19.0,h2,3,1,3
2025.12.24,15.20.51,-87.901214,42.340114,-98,-11,22.0,0,0,I,PERIODIC,-91.0,-12.0,15.0,h2,3,1,3
2025.12.24,15.20.52,-87.901214,42.340114,-98,-11,22.0,0,0,I,PERIODIC,-91.0,-12.0,15.0,h2,3,1,3
2025.12.24,15.20.53,-87.901214,42.340114,-99,-11,22.0,0,0,I,PERIODIC,-90.0,-11.0,19.0,h2,3,1,3
2025.12.24,15.20.54,-87.901214,42.340114,-99,-11,22.0,39175,1218,D,PERIODIC,-90.0,-11.0,19.0,h2,3,1,3
2025.12.24,15.20.55,-87.901214,42.340114,-99,-11,22.0,0,0,I,PERIODIC,-93.0,-12.0,20.0,h2,3,1,3
2025.12.24,15.20.56,-87.901214,42.340114,-99,-11,22.0,1,1,D,PERIODIC,-93.0,-12.0,20.0,h2,3,1,3
2025.12.24,15.20.57,-87.901214,42.340114,-99,-11,22.0,5,5,D,PERIODIC,-93.0,-9.0,20.0,h2,3,1,3
2025.12.24,15.20.58,-87.901214,42.340114,-99,-11,22.0,0,0,D,PERIODIC,-93.0,-9.0,20.0,h2,3,1,3
2025.12.24,15.20.59,-87.901214,42.340114,-98,-11,22.0,10,0,D,PERIODIC,-94.0,-10.0,16.0,h2,3,1,3
2025.12.24,15.21.00,-87.901214,42.340114,-98,-11,22.0,0,0,I,PERIODIC,-94.0,-10.0,16.0,h2,3,1,3
2025.12.24,15.21.01,-87.901214,42.340114,-98,-11,22.0,0,0,I,PERIODIC,-93.0,-10.0,9.0,h2,3,1,3
2025.12.24,15.21.02,-87.901214,42.340114,-98,-11,22.0,0,0,D,PERIODIC,-93.0,-10.0,9.0,h2,3,1,3
2025.12.24,15.21.03,-87.901214,42.340114,-98,-11,22.0,0,0,I,PERIODIC,-93.0,-10.0,9.0,h2,3,1,3
2025.12.24,15.21.04,-87.901214,42.340114,-98,-11,22.0,31299,1936,D,PERIODIC,-93.0,-10.0,9.0,h2,3,1,3
2025.12.24,15.21.05,-87.901214,42.340114,-98,-11,22.0,0,0,I,PERIODIC,-93.0,-9.0,9.0,h2,3,1,3
2025.12.24,15.21.06,-87.901214,42.340114,-98,-11,22.0,0,0,I,PERIODIC,-93.0,-9.0,9.0,h2,3,1,3
2025.12.24,15.21.07,-87.901214,42.340114,-98,-11,22.0,0,0,I,PERIODIC,-96.0,-11.0,9.0,h2,3,1,3
2025.12.24,15.21.08,-87.901214,42.340114,-98,-11,22.0,0,0,I,PERIODIC,-96.0,-11.0,9.0,h2,3,1,3
2025.12.24,15.21.09,-87.901214,42.340114,-98,-11,22.0,33520,280,D,PERIODIC,-93.0,-9.0,9.0,h2,3,1,3
2025.12.24,15.21.10,-87.901214,42.340114,-98,-11,22.0,0,0,I,PERIODIC,-93.0,-9.0,9.0,h2,3,1,3
2025.12.24,15.21.11,-87.901214,42.340114,-98,-11,22.0,0,0,I,PERIODIC,-93.0,-13.0,9.0,h2,3,1,3
2025.12.24,15.21.12,-87.901214,42.340114,-98,-11,22.0,4,4,D,PERIODIC,-93.0,-13.0,9.0,h2,3,1,3
2025.12.24,15.21.13,-87.901214,42.340114,-99,-11,22.0,0,3,D,PERIODIC,-94.0,-10.0,14.0,h2,3,1,3
2025.12.24,15.21.14,-87.901214,42.340114,-99,-11,22.0,32778,317,D,PERIODIC,-94.0,-10.0,14.0,h2,3,1,3
2025.12.24,15.21.15,-87.901214,42.340114,-98,-11,22.0,0,0,I,PERIODIC,-93.0,-10.0,15.0,h2,3,1,3
2025.12.24,15.21.16,-87.901214,42.340114,-98,-11,22.0,0,0,I,PERIODIC,-93.0,-10.0,15.0,h2,3,1,3
2025.12.24,15.21.17,-87.901214,42.340114,-97,-11,23.0,0,0,I,PERIODIC,-93.0,-14.0,18.0,h2,3,1,3
2025.12.24,15.21.18,-87.901214,42.340114,-97,-11,23.0,0,0,I,PERIODIC,-93.0,-14.0,18.0,h2,3,1,3
2025.12.24,15.21.19,-87.901214,42.340114,-97,-11,23.0,0,0,I,PERIODIC,-93.0,-11.0,18.0,h2,3,1,3
2025.12.24,15.21.20,-87.901214,42.340114,-97,-11,23.0,0,0,I,PERIODIC,-93.0,-11.0,18.0,h2,3,1,3
2025.12.24,15.21.21,-87.901214,42.340114,-98,-11,23.0,0,0,I,PERIODIC,-93.0,-11.0,15.0,h2,3,1,3
2025.12.24,15.21.22,-87.901214,42.340114,-98,-11,23.0,0,0,I,PERIODIC,-93.0,-11.0,15.0,h2,3,1,3
2025.12.24,15.21.23,-87.901214,42.340114,-99,-11,21.0,0,0,I,PERIODIC,-93.0,-10.0,17.0,h2,3,1,3
2025.12.24,15.21.24,-87.901214,42.340114,-99,-11,22.0,0,0,I,PERIODIC,-93.0,-10.0,17.0,h2,3,1,3
2025.12.24,15.21.25,-87.901214,42.340114,-98,-11,22.0,0,0,I,PERIODIC,-94.0,-11.0,15.0,h2,3,1,3
2025.12.24,15.21.26,-87.901214,42.340114,-98,-11,20.0,9,11,D,PERIODIC,-94.0,-11.0,15.0,h2,3,1,3
2025.12.24,15.21.27,-87.901214,42.340114,-98,-11,22.0,5,5,D,PERIODIC,-94.0,-11.0,15.0,h2,3,1,3
2025.12.24,15.21.28,-87.901214,42.340114,-99,-11,20.0,0,0,I,PERIODIC,-96.0,-14.0,17.0,h2,3,1,3
2025.12.24,15.21.29,-87.901214,42.340114,-99,-11,24.0,5,4,D,PERIODIC,-96.0,-14.0,17.0,h2,3,1,3
2025.12.24,15.21.30,-87.901214,42.340114,-97,-11,24.0,0,0,I,PERIODIC,-94.0,-11.0,16.0,h2,3,1,3
2025.12.24,15.21.31,-87.901214,42.340114,-97,-11,24.0,0,0,I,PERIODIC,-94.0,-11.0,16.0,h2,3,1,3
2025.12.24,15.21.32,-87.901214,42.340114,-97,-11,24.0,0,0,I,PERIODIC,-94.0,-11.0,16.0,h2,3,1,3
2025.12.24,15.21.33,-87.901214,42.340114,-97,-11,24.0,0,0,I,PERIODIC,-94.0,-10.0,16.0,h2,3,1,3
2025.12.24,15.21.34,-87.901214,42.340114,-97,-11,24.0,41043,3224,D,PERIODIC,-94.0,-10.0,16.0,h2,3,1,3
2025.12.24,15.21.35,-87.901214,42.340114,-99,-11,22.0,0,0,I,PERIODIC,-93.0,-11.0,15.0,h2,3,1,3
2025.12.24,15.21.36,-87.901214,42.340114,-99,-11,22.0,0,0,I,PERIODIC,-93.0,-11.0,15.0,h2,3,1,3
2025.12.24,15.21.37,-87.901214,42.340114,-99,-11,22.0,0,0,I,PERIODIC,-94.0,-11.0,15.0,h2,3,1,3
2025.12.24,15.21.38,-87.901214,42.340114,-99,-11,22.0,0,0,I,PERIODIC,-94.0,-11.0,15.0,h2,3,1,3
2025.12.24,15.21.39,-87.901214,42.340114,-98,-11,21.0,0,0,I,PERIODIC,-94.0,-11.0,18.0,h2,3,1,3
2025.12.24,15.21.40,-87.901214,42.340114,-98,-11,21.0,0,0,I,PERIODIC,-94.0,-11.0,18.0,h2,3,1,3
2025.12.24,15.21.41,-87.901214,42.340114,-98,-11,21.0,0,0,I,PERIODIC,-95.0,-10.0,17.0,h2,3,1,3
2025.12.24,15.21.42,-87.901214,42.340114,-98,-11,21.0,7,9,D,PERIODIC,-95.0,-10.0,17.0,h2,3,1,3
2025.12.24,15.21.43,-87.901214,42.340114,-98,-11,21.0,0,0,I,PERIODIC,-94.0,-10.0,17.0,h2,3,1,3
2025.12.24,15.21.44,-87.901214,42.340114,-98,-11,21.0,0,0,D,PERIODIC,-94.0,-10.0,17.0,h2,3,1,3
2025.12.24,15.21.45,-87.901214,42.340114,-98,-11,21.0,40261,0,D,PERIODIC,-94.0,-11.0,10.0,h2,3,1,3
2025.12.24,15.21.46,-87.901214,42.340114,-98,-11,21.0,0,0,I,PERIODIC,-94.0,-11.0,10.0,h2,3,1,3
2025.12.24,15.21.47,-87.901214,42.340114,-98,-11,21.0,0,0,D,PERIODIC,-92.0,-10.0,10.0,h2,3,1,3
2025.12.24,15.21.48,-87.901214,42.340114,-98,-11,21.0,5,5,D,PERIODIC,-92.0,-10.0,10.0,h2,3,1,3
2025.12.24,15.21.49,-87.901214,42.340114,-98,-11,21.0,0,0,I,PERIODIC,-93.0,-10.0,10.0,h2,3,1,3
2025.12.24,15.21.50,-87.901214,42.340114,-98,-11,23.0,5,5,D,PERIODIC,-93.0,-10.0,10.0,h2,3,1,3
2025.12.24,15.21.51,-87.901214,42.340114,-98,-11,23.0,0,0,I,PERIODIC,-93.0,-10.0,10.0,h2,3,1,3
2025.12.24,15.21.52,-87.901214,42.340114,-95,-11,23.0,0,0,I,PERIODIC,-94.0,-13.0,18.0,h2,3,1,3
2025.12.24,15.21.53,-87.901214,42.340114,-97,-11,23.0,0,0,I,PERIODIC,-94.0,-10.0,19.0,h2,3,1,3
2025.12.24,15.21.54,-87.901214,42.340114,-97,-11,23.0,34305,821,D,PERIODIC,-94.0,-10.0,19.0,h2,3,1,3
2025.12.24,15.21.55,-87.901214,42.340114,-97,-11,23.0,0,0,I,PERIODIC,-94.0,-8.0,19.0,h2,3,1,3
2025.12.24,15.21.56,-87.901214,42.340114,-97,-11,23.0,0,0,I,PERIODIC,-94.0,-8.0,19.0,h2,3,1,3
2025.12.24,15.21.57,-87.901214,42.340114,-97,-11,23.0,1,1,D,PERIODIC,-95.0,-9.0,19.0,h2,3,1,3
2025.12.24,15.21.58,-87.901214,42.340114,-97,-11,23.0,0,3,D,PERIODIC,-95.0,-9.0,19.0,h2,3,1,3
2025.12.24,15.21.59,-87.901214,42.340114,-97,-11,23.0,13,12,D,PERIODIC,-94.0,-11.0,19.0,h2,3,1,3
2025.12.24,15.22.00,-87.901214,42.340114,-97,-11,23.0,0,1,D,PERIODIC,-94.0,-11.0,19.0,h2,3,1,3
2025.12.24,15.22.01,-87.901214,42.340114,-98,-11,23.0,0,0,I,PERIODIC,-94.0,-10.0,19.0,h2,3,1,3
2025.12.24,15.22.02,-87.901214,42.340114,-98,-11,23.0,0,0,I,PERIODIC,-94.0,-10.0,19.0,h2,3,1,3
2025.12.24,15.22.03,-87.901214,42.340114,-98,-11,23.0,0,0,I,PERIODIC,-93.0,-10.0,19.0,h2,3,1,3
2025.12.24,15.22.04,-87.901214,42.340114,-98,-11,23.0,0,0,I,PERIODIC,-93.0,-10.0,19.0,h2,3,1,3
2025.12.24,15.22.05,-87.901214,42.340114,-99,-11,21.0,0,0,D,PERIODIC,-93.0,-11.0,18.0,h2,3,1,3
2025.12.24,15.22.06,-87.901214,42.340114,-99,-11,22.0,0,0,I,PERIODIC,-93.0,-11.0,18.0,h2,3,1,3
2025.12.24,15.22.07,-87.901214,42.340114,-99,-11,21.0,0,0,I,PERIODIC,-93.0,-10.0,14.0,h2,3,1,3
2025.12.24,15.22.08,-87.901214,42.340114,-99,-11,21.0,0,0,I,PERIODIC,-93.0,-10.0,14.0,h2,3,1,3
2025.12.24,15.22.09,-87.901214,42.340114,-98,-11,23.0,0,0,I,PERIODIC,-93.0,-11.0,17.0,h2,3,1,3
2025.12.24,15.22.10,-87.901214,42.340114,-98,-11,22.0,0,0,I,PERIODIC,-93.0,-11.0,17.0,h2,3,1,3
2025.12.24,15.22.11,-87.901214,42.340114,-98,-11,22.0,0,0,I,PERIODIC,-94.0,-13.0,19.0,h2,3,1,3
2025.12.24,15.22.12,-87.901214,42.340114,-98,-11,21.0,6,8,D,PERIODIC,-94.0,-13.0,19.0,h2,3,1,3
2025.12.24,15.22.13,-87.901214,42.340114,-99,-11,22.0,0,0,D,PERIODIC,-94.0,-11.0,6.0,h2,3,1,3
2025.12.24,15.22.14,-87.901214,42.340114,-99,-11,22.0,0,0,I,PERIODIC,-94.0,-11.0,6.0,h2,3,1,3
2025.12.24,15.22.15,-87.901214,42.340114,-99,-11,22.0,0,0,I,PERIODIC,-94.0,-9.0,6.0,h2,3,1,3
2025.12.24,15.22.16,-87.901214,42.340114,-99,-11,22.0,0,0,I,PERIODIC,-94.0,-9.0,6.0,h2,3,1,3
2025.12.24,15.22.17,-87.901214,42.340114,-99,-11,22.0,1,1,D,PERIODIC,-93.0,-10.0,18.0,h2,3,1,3
2025.12.24,15.22.18,-87.901214,42.340114,-99,-11,21.0,0,0,I,PERIODIC,-93.0,-10.0,18.0,h2,3,1,3
2025.12.24,15.22.19,-87.901214,42.340114,-99,-11,22.0,0,0,I,PERIODIC,-93.0,-10.0,18.0,h2,3,1,3
2025.12.24,15.22.20,-87.901214,42.340114,-99,-11,22.0,29834,1511,D,PERIODIC,-94.0,-9.0,20.0,h2,3,1,3
2025.12.24,15.22.21,-87.901214,42.340114,-99,-11,23.0,0,0,I,PERIODIC,-94.0,-9.0,20.0,h2,3,1,3
2025.12.24,15.22.22,-87.901214,42.340114,-99,-11,21.0,0,0,I,PERIODIC,-93.0,-8.0,19.0,h2,3,1,3
2025.12.24,15.22.23,-87.901214,42.340114,-99,-11,21.0,0,0,I,PERIODIC,-93.0,-8.0,19.0,h2,3,1,3
2025.12.24,15.22.24,-87.901214,42.340114,-98,-11,21.0,0,0,I,PERIODIC,-94.0,-11.0,17.0,h2,3,1,3
2025.12.24,15.22.25,-87.901214,42.340114,-98,-11,20.0,0,0,I,PERIODIC,-94.0,-11.0,17.0,h2,3,1,3
2025.12.24,15.22.26,-87.901214,42.340114,-100,-11,20.0,9,12,D,PERIODIC,-94.0,-10.0,7.0,h2,3,1,3
2025.12.24,15.22.27,-87.901214,42.340114,-100,-11,20.0,15,15,D,PERIODIC,-94.0,-10.0,7.0,h2,3,1,3
2025.12.24,15.22.28,-87.901214,42.340114,-100,-11,20.0,2,2,D,PERIODIC,-94.0,-14.0,7.0,h2,3,1,3
2025.12.24,15.22.29,-87.901214,42.340114,-100,-11,20.0,1,1,D,PERIODIC,-94.0,-14.0,7.0,h2,3,1,3
2025.12.24,15.22.30,-87.901214,42.340114,-100,-11,20.0,0,0,D,PERIODIC,-94.0,-11.0,7.0,h2,3,1,3
2025.12.24,15.22.31,-87.901214,42.340114,-100,-11,21.0,5,6,D,PERIODIC,-94.0,-11.0,7.0,h2,3,1,3
2025.12.24,15.22.32,-87.901214,42.340114,-100,-11,21.0,0,0,I,PERIODIC,-94.0,-10.0,4.0,h2,3,1,3
2025.12.24,15.22.33,-87.901214,42.340114,-100,-11,21.0,0,0,I,PERIODIC,-94.0,-10.0,4.0,h2,3,1,3
2025.12.24,15.22.34,-87.901214,42.340114,-100,-11,20.0,0,0,I,PERIODIC,-94.0,-10.0,4.0,h2,3,1,3
2025.12.24,15.22.35,-87.901214,42.340114,-100,-11,20.0,0,0,I,PERIODIC,-94.0,-11.0,18.0,h2,3,1,3
2025.12.24,15.22.36,-87.901214,42.340114,-100,-11,21.0,0,0,I,PERIODIC,-94.0,-11.0,18.0,h2,3,1,3
2025.12.24,15.22.37,-87.901214,42.340114,-98,-11,23.0,0,0,I,PERIODIC,-94.0,-9.0,19.0,h2,3,1,3
2025.12.24,15.22.38,-87.901214,42.340114,-98,-11,23.0,0,0,I,PERIODIC,-94.0,-9.0,19.0,h2,3,1,3
2025.12.24,15.22.39,-87.901214,42.340114,-99,-11,22.0,0,0,I,PERIODIC,-94.0,-10.0,10.0,h2,3,1,3
2025.12.24,15.22.40,-87.901214,42.340114,-99,-11,22.0,0,0,I,PERIODIC,-94.0,-10.0,10.0,h2,3,1,3
2025.12.24,15.22.41,-87.901214,42.340114,-98,-11,22.0,0,0,I,PERIODIC,-93.0,-12.0,19.0,h2,3,1,3
2025.12.24,15.22.42,-87.901214,42.340114,-98,-11,21.0,7,9,D,PERIODIC,-93.0,-12.0,19.0,h2,3,1,3
2025.12.24,15.22.43,-87.901214,42.340114,-99,-11,21.0,0,0,I,PERIODIC,-94.0,-12.0,18.0,h2,3,1,3
2025.12.24,15.22.44,-87.901214,42.340114,-99,-11,21.0,0,0,I,PERIODIC,-94.0,-12.0,18.0,h2,3,1,3
2025.12.24,15.22.45,-87.901214,42.340114,-99,-11,21.0,0,0,I,PERIODIC,-94.0,-9.0,18.0,h2,3,1,3
2025.12.24,15.22.46,-87.901214,42.340114,-99,-11,21.0,0,0,I,PERIODIC,-94.0,-9.0,18.0,h2,3,1,3
2025.12.24,15.22.47,-87.901214,42.340114,-99,-11,21.0,4,4,D,PERIODIC,-94.0,-8.0,18.0,h2,3,1,3
2025.12.24,15.22.48,-87.901214,42.340114,-99,-11,21.0,0,0,D,PERIODIC,-94.0,-8.0,18.0,h2,3,1,3
2025.12.24,15.22.49,-87.901214,42.340114,-99,-11,21.0,0,0,I,PERIODIC,-94.0,-8.0,19.0,h2,3,1,3
2025.12.24,15.22.50,-87.901214,42.340114,-99,-11,21.0,0,0,I,PERIODIC,-94.0,-8.0,19.0,h2,3,1,3
2025.12.24,15.22.51,-87.901214,42.340114,-99,-11,22.0,0,0,I,PERIODIC,-94.0,-10.0,17.0,h2,3,1,3
2025.12.24,15.22.52,-87.901214,42.340114,-99,-11,22.0,0,0,I,PERIODIC,-94.0,-10.0,17.0,h2,3,1,3
2025.12.24,15.22.53,-87.901214,42.340114,-99,-11,22.0,0,0,I,PERIODIC,-94.0,-10.0,17.0,h2,3,1,3
2025.12.24,15.22.54,-87.901214,42.340114,-99,-11,22.0,0,0,I,PERIODIC,-94.0,-10.0,17.0,h2,3,1,3
2025.12.24,15.22.55,-87.901214,42.340114,-98,-11,21.0,0,0,I,PERIODIC,-93.0,-12.0,15.0,h2,3,1,3
2025.12.24,15.22.56,-87.901214,42.340114,-98,-11,21.0,0,0,I,PERIODIC,-93.0,-12.0,15.0,h2,3,1,3
2025.12.24,15.22.57,-87.901214,42.340114,-99,-11,20.0,0,0,D,PERIODIC,-93.0,-14.0,14.0,h2,3,1,3
2025.12.24,15.22.58,-87.901214,42.340114,-99,-11,20.0,2,0,D,PERIODIC,-93.0,-14.0,14.0,h2,3,1,3
2025.12.24,15.22.59,-87.901214,42.340114,-97,-11,23.0,0,0,I,PERIODIC,-95.0,-13.0,13.0,h2,3,1,3
2025.12.24,15.23.00,-87.901214,42.340114,-97,-11,19.0,0,0,I,PERIODIC,-95.0,-13.0,13.0,h2,3,1,3
2025.12.24,15.23.01,-87.901214,42.340114,-94,-11,19.0,0,0,I,PERIODIC,-96.0,-11.0,18.0,h2,3,1,3
2025.12.24,15.23.02,-87.901214,42.340114,-94,-11,22.0,0,0,D,PERIODIC,-96.0,-11.0,18.0,h2,3,1,3
2025.12.24,15.23.03,-87.901214,42.340114,-97,-11,22.0,5,2,D,PERIODIC,-94.0,-11.0,13.0,h2,3,1,3
2025.12.24,15.23.04,-87.901214,42.340114,-97,-11,22.0,0,0,I,PERIODIC,-94.0,-11.0,13.0,h2,3,1,3
2025.12.24,15.23.05,-87.901214,42.340114,-99,-11,21.0,0,0,I,PERIODIC,-94.0,-10.0,12.0,h2,3,1,3
2025.12.24,15.23.06,-87.901214,42.340114,-99,-11,21.0,0,0,I,PERIODIC,-94.0,-10.0,12.0,h2,3,1,3
2025.12.24,15.23.07,-87.901214,42.340114,-98,-11,22.0,0,0,I,PERIODIC,-97.0,-12.0,8.0,h2,3,1,3
2025.12.24,15.23.08,-87.901214,42.340114,-98,-11,22.0,0,0,I,PERIODIC,-97.0,-12.0,8.0,h2,3,1,3
2025.12.24,15.23.09,-87.901214,42.340114,-98,-11,24.0,0,0,I,PERIODIC,-95.0,-14.0,9.0,h2,3,1,3
2025.12.24,15.23.10,-87.901214,42.340114,-98,-11,24.0,0,0,I,PERIODIC,-95.0,-14.0,9.0,h2,3,1,3
2025.12.24,15.23.11,-87.901214,42.340114,-99,-11,23.0,0,0,I,PERIODIC,-95.0,-11.0,9.0,h2,3,1,3
2025.12.24,15.23.12,-87.901214,42.340114,-99,-11,23.0,7,9,D,PERIODIC,-95.0,-11.0,9.0,h2,3,1,3
2025.12.24,15.23.13,-87.901214,42.340114,-99,-11,23.0,3,3,D,PERIODIC,-94.0,-13.0,12.0,h2,3,1,3
2025.12.24,15.23.14,-87.901214,42.340114,-99,-11,23.0,0,0,I,PERIODIC,-94.0,-13.0,12.0,h2,3,1,3
2025.12.24,15.23.15,-87.901214,42.340114,-99,-11,22.0,0,0,I,PERIODIC,-95.0,-11.0,15.0,h2,3,1,3
2025.12.24,15.23.16,-87.901214,42.340114,-99,-11,23.0,0,0,I,PERIODIC,-95.0,-11.0,15.0,h2,3,1,3
2025.12.24,15.23.17,-87.901214,42.340114,-97,-11,23.0,1,1,D,PERIODIC,-94.0,-14.0,7.0,h2,3,1,3
2025.12.24,15.23.18,-87.901214,42.340114,-97,-11,23.0,0,0,I,PERIODIC,-94.0,-14.0,7.0,h2,3,1,3
2025.12.24,15.23.19,-87.901214,42.340114,-96,-11,22.0,0,0,I,PERIODIC,-96.0,-12.0,18.0,h2,3,1,3
2025.12.24,15.23.20,-87.901214,42.340114,-96,-11,22.0,0,0,I,PERIODIC,-96.0,-12.0,18.0,h2,3,1,3
2025.12.24,15.23.21,-87.901214,42.340114,-96,-11,22.0,0,0,I,PERIODIC,-94.0,-11.0,18.0,h2,3,1,3
2025.12.24,15.23.22,-87.901214,42.340114,-96,-11,22.0,0,0,I,PERIODIC,-94.0,-11.0,18.0,h2,3,1,3
2025.12.24,15.23.23,-87.901214,42.340114,-96,-11,22.0,0,0,I,PERIODIC,-94.0,-14.0,18.0,h2,3,1,3
2025.12.24,15.23.24,-87.901214,42.340114,-96,-11,22.0,0,0,I,PERIODIC,-94.0,-14.0,18.0,h2,3,1,3
2025.12.24,15.23.25,-87.901214,42.340114,-96,-11,22.0,0,0,I,PERIODIC,-94.0,-13.0,14.0,h2,3,1,3
2025.12.24,15.23.26,-87.901214,42.340114,-96,-11,22.0,0,0,I,PERIODIC,-94.0,-13.0,14.0,h2,3,1,3
2025.12.24,15.23.27,-87.901214,42.340114,-96,-11,24.0,6,6,D,PERIODIC,-94.0,-11.0,15.0,h2,3,1,3
2025.12.24,15.23.28,-87.901214,42.340114,-96,-11,24.0,3,3,D,PERIODIC,-94.0,-11.0,15.0,h2,3,1,3
2025.12.24,15.23.29,-87.901214,42.340114,-96,-11,24.0,1,1,D,PERIODIC,-94.0,-9.0,15.0,h2,3,1,3
2025.12.24,15.23.30,-87.901214,42.340114,-96,-11,24.0,0,0,D,PERIODIC,-94.0,-9.0,15.0,h2,3,1,3
2025.12.24,15.23.31,-87.901214,42.340114,-95,-11,25.0,0,4,D,PERIODIC,-94.0,-13.0,12.0,h2,3,1,3
2025.12.24,15.23.32,-87.901214,42.340114,-95,-11,25.0,0,0,D,PERIODIC,-94.0,-13.0,12.0,h2,3,1,3
2025.12.24,15.23.33,-87.901214,42.340114,-95,-11,26.0,0,0,I,PERIODIC,-95.0,-12.0,15.0,h2,3,1,3
2025.12.24,15.23.34,-87.901214,42.340114,-95,-11,26.0,0,0,I,PERIODIC,-95.0,-12.0,15.0,h2,3,1,3
2025.12.24,15.23.35,-87.901214,42.340114,-95,-11,26.0,0,0,I,PERIODIC,-94.0,-14.0,13.0,h2,3,1,3
2025.12.24,15.23.36,-87.901214,42.340114,-95,-11,26.0,0,2,D,PERIODIC,-94.0,-14.0,13.0,h2,3,1,3
2025.12.24,15.23.37,-87.901214,42.340114,-96,-11,24.0,3,3,D,PERIODIC,-94.0,-13.0,16.0,h2,3,1,3
2025.12.24,15.23.38,-87.901214,42.340114,-96,-11,24.0,1,1,D,PERIODIC,-94.0,-13.0,16.0,h2,3,1,3
2025.12.24,15.23.39,-87.901214,42.340114,-96,-11,24.0,14,18,D,PERIODIC,-94.0,-9.0,11.0,h2,3,1,3
2025.12.24,15.23.40,-87.901214,42.340114,-96,-11,26.0,3,3,D,PERIODIC,-94.0,-9.0,11.0,h2,3,1,3
2025.12.24,15.23.41,-87.901214,42.340114,-95,-11,26.0,1,1,D,PERIODIC,-94.0,-10.0,14.0,h2,3,1,3
2025.12.24,15.23.42,-87.901214,42.340114,-95,-11,24.0,6,6,D,PERIODIC,-94.0,-10.0,14.0,h2,3,1,3
2025.12.24,15.23.43,-87.901214,42.340114,-96,-11,24.0,1,1,D,PERIODIC,-95.0,-12.0,14.0,h2,3,1,3
2025.12.24,15.23.44,-87.901214,42.340114,-96,-11,24.0,0,0,D,PERIODIC,-95.0,-12.0,14.0,h2,3,1,3
2025.12.24,15.23.45,-87.901214,42.340114,-97,-11,23.0,0,0,I,PERIODIC,-94.0,-13.0,16.0,h2,3,1,3
2025.12.24,15.23.46,-87.901214,42.340114,-97,-11,23.0,0,0,I,PERIODIC,-94.0,-13.0,16.0,h2,3,1,3
2025.12.24,15.23.47,-87.901214,42.340114,-97,-11,23.0,12,12,D,PERIODIC,-94.0,-13.0,16.0,h2,3,1,3
2025.12.24,15.23.48,-87.901214,42.340114,-97,-11,23.0,0,0,D,PERIODIC,-94.0,-13.0,16.0,h2,3,1,3
2025.12.24,15.23.49,-87.901214,42.340114,-104,-11,20.0,4,4,D,PERIODIC,-97.0,-10.0,17.0,h2,3,1,3
2025.12.24,15.23.50,-87.901214,42.340114,-104,-11,19.0,0,0,I,PERIODIC,-97.0,-10.0,17.0,h2,3,1,3
2025.12.24,15.23.51,-87.901214,42.340114,-97,-11,25.0,2,2,D,PERIODIC,-93.0,-8.0,19.0,h2,3,1,3
2025.10.31,11.59.50,-90.120263,29.934151,-115,-14,25.0,0,0,I,LOG START,-109.0,-14.0,7.0,h2,3,1,3
2025.10.31,11.59.51,-90.120263,29.934151,-115,-14,25.0,0,0,I,PERIODIC,-109.0,-14.0,7.0,h2,3,1,3
2025.10.31,11.59.52,-90.120263,29.934151,-115,-14,25.0,7,7,D,PERIODIC,-109.0,-13.0,7.0,h2,3,1,3
2025.10.31,11.59.53,-90.120263,29.934151,-115,-14,25.0,4,4,D,PERIODIC,-109.0,-13.0,7.0,h2,3,1,3
2025.10.31,11.59.54,-90.120263,29.934151,-111,-14,15.0,0,0,D,PERIODIC,-107.0,-12.0,9.0,h2,3,1,3
2025.10.31,11.59.55,-90.120263,29.934151,-111,-14,15.0,12,12,D,PERIODIC,-107.0,-12.0,9.0,h2,3,1,3
2025.10.31,11.59.56,-90.120263,29.934151,-111,-14,15.0,4,4,D,PERIODIC,-107.0,-13.0,9.0,h2,3,1,3
2025.10.31,11.59.57,-90.120295,29.934062,-111,-14,15.0,1776,17708,D,PERIODIC,-107.0,-13.0,9.0,h2,3,1,3
2025.10.31,11.59.58,-90.120295,29.934062,-110,-13,20.0,0,0,D,PERIODIC,-108.0,-13.0,8.0,h2,3,1,3
2025.10.31,11.59.59,-90.120295,29.934062,-110,-13,20.0,0,0,I,PERIODIC,-108.0,-13.0,8.0,h2,3,1,3
2025.10.31,12.00.00,-90.120295,29.934062,-112,-14,10.0,0,0,I,PERIODIC,-108.0,-13.0,9.0,h2,3,1,3
2025.10.31,12.00.01,-90.120295,29.934062,-112,-14,10.0,0,0,I,PERIODIC,-108.0,-13.0,9.0,h2,3,1,3
2025.10.31,12.00.02,-90.120295,29.934062,-112,-14,10.0,1,1,D,PERIODIC,-108.0,-13.0,9.0,h2,3,1,3
2025.10.31,12.00.03,-90.120295,29.934062,-112,-14,5.0,0,0,D,PERIODIC,-108.0,-14.0,10.0,h2,3,1,3
2025.10.31,12.00.04,-90.120295,29.934062,-110,-14,10.0,35,34,D,PERIODIC,-107.0,-13.0,8.0,h2,3,1,3
2025.10.31,12.00.05,-90.120295,29.934062,-110,-14,10.0,0,0,I,PERIODIC,-107.0,-13.0,8.0,h2,3,1,3
2025.10.31,12.00.06,-90.120238,29.934205,-110,-14,10.0,0,0,I,PERIODIC,-107.0,-12.0,8.0,h2,3,1,3
2025.10.31,12.00.07,-90.120238,29.934205,-110,-14,10.0,0,0,I,PERIODIC,-107.0,-12.0,8.0,h2,3,1,3
2025.10.31,12.00.08,-90.120238,29.934205,-110,-14,5.0,0,0,I,PERIODIC,-107.0,-11.0,8.0,h2,3,1,3
2025.10.31,12.00.09,-90.120238,29.934205,-110,-14,5.0,0,0,I,PERIODIC,-107.0,-11.0,8.0,h2,3,1,3
2025.10.31,12.00.10,-90.120238,29.934205,-111,-14,5.0,5,6,D,PERIODIC,-107.0,-14.0,12.0,h2,3,1,3
2025.10.31,12.00.11,-90.120238,29.934205,-111,-14,5.0,3,3,D,PERIODIC,-107.0,-14.0,12.0,h2,3,1,3
2025.10.31,12.00.12,-90.120238,29.934205,-111,-14,5.0,1,1,D,PERIODIC,-107.0,-13.0,12.0,h2,3,1,3
2025.10.31,12.00.13,-90.120238,29.934205,-111,-14,5.0,0,0,I,PERIODIC,-107.0,-13.0,12.0,h2,3,1,3
2025.10.31,12.00.14,-90.120238,29.934205,-112,-14,25.0,0,0,I,PERIODIC,-108.0,-12.0,9.0,h2,3,1,3
2025.10.31,12.00.15,-90.120278,29.934102,-112,-14,25.0,0,0,I,PERIODIC,-108.0,-12.0,9.0,h2,3,1,3
2025.10.31,12.00.15,-90.120251,29.934139,-112,-14,25.0,0,0,I,,-108.0,-12.0,9.0,h2,3,1,3
2025.10.31,12.00.16,-90.120251,29.934139,-112,-14,25.0,0,0,I,PERIODIC,-108.0,-12.0,9.0,h2,3,1,3
2025.10.31,12.00.17,-90.120251,29.934139,-112,-14,25.0,0,0,I,PERIODIC,-108.0,-12.0,9.0,h2,3,1,3
2025.10.31,12.00.18,-90.120251,29.934139,-112,-14,25.0,1,1,D,PERIODIC,-108.0,-12.0,9.0,h2,3,1,3
2025.10.31,12.00.19,-90.120251,29.934139,-112,-14,25.0,0,0,D,PERIODIC,-108.0,-12.0,9.0,h2,3,1,3
2025.10.31,12.00.20,-90.120251,29.934139,-113,-14,15.0,0,0,I,PERIODIC,-108.0,-13.0,6.0,h2,3,1,3
2025.10.31,12.00.21,-90.120251,29.934139,-113,-14,15.0,0,0,I,PERIODIC,-108.0,-13.0,6.0,h2,3,1,3
2025.10.31,12.00.22,-90.120251,29.934139,-113,-14,15.0,37,40,D,PERIODIC,-107.0,-13.0,6.0,h2,3,1,3
2025.10.31,12.00.23,-90.120251,29.934139,-113,-14,15.0,0,0,D,PERIODIC,-107.0,-13.0,6.0,h2,3,1,3
2025.10.31,12.00.24,-90.120251,29.934139,-113,-15,-5.0,0,0,I,PERIODIC,-109.0,-13.0,8.0,h2,3,1,3
2025.10.31,12.00.25,-90.120251,29.934139,-113,-15,-5.0,40,36,D,PERIODIC,-109.0,-13.0,8.0,h2,3,1,3
2025.10.31,12.00.26,-90.120251,29.934139,-113,-15,-5.0,4,4,D,PERIODIC,-108.0,-13.0,8.0,h2,3,1,3
2025.10.31,12.00.27,-90.120251,29.934139,-113,-15,-5.0,2,2,D,PERIODIC,-108.0,-13.0,8.0,h2,3,1,3
2025.10.31,12.00.28,-90.120251,29.934139,-113,-15,-5.0,0,0,D,PERIODIC,-109.0,-13.0,8.0,h2,3,1,3
2025.10.31,12.00.29,-90.120251,29.934139,-113,-15,-5.0,0,8,D,PERIODIC,-109.0,-13.0,8.0,h2,3,1,3
2025.10.31,12.00.30,-90.120251,29.934139,-113,-15,-5.0,3,3,D,PERIODIC,-108.0,-13.0,8.0,h2,3,1,3
2025.10.31,12.00.31,-90.120251,29.934139,-113,-15,-5.0,0,0,I,PERIODIC,-108.0,-13.0,8.0,h2,3,1,3
2025.10.31,12.00.32,-90.120251,29.934139,-113,-15,-5.0,0,0,I,PERIODIC,-109.0,-14.0,8.0,h2,3,1,3
2025.10.31,12.00.33,-90.120251,29.934139,-113,-15,-5.0,34304,6984,D,PERIODIC,-109.0,-14.0,8.0,h2,3,1,3
2025.10.31,12.00.34,-90.120251,29.934139,-113,-15,-5.0,0,0,I,PERIODIC,-109.0,-13.0,8.0,h2,3,1,3
2025.10.31,12.00.35,-90.120251,29.934139,-113,-15,-5.0,0,0,I,PERIODIC,-109.0,-13.0,8.0,h2,3,1,3
2025.10.31,12.00.36,-90.120251,29.934139,-113,-15,-5.0,1,1,D,PERIODIC,-109.0,-13.0,8.0,h2,3,1,3
2025.10.31,12.00.37,-90.120251,29.934139,-113,-15,-5.0,37679,554,D,PERIODIC,-109.0,-13.0,8.0,h2,3,1,3
2025.10.31,12.00.38,-90.120251,29.934139,-114,-14,-10.0,0,0,D,PERIODIC,-109.0,-13.0,6.0,h2,3,1,3
2025.10.31,12.00.39,-90.120251,29.934139,-114,-14,-10.0,0,0,I,PERIODIC,-109.0,-13.0,6.0,h2,3,1,3
2025.10.31,12.00.40,-90.120251,29.934139,-114,-14,-10.0,0,0,I,PERIODIC,-109.0,-13.0,6.0,h2,3,1,3
2025.10.31,12.00.41,-90.120251,29.934139,-114,-14,-10.0,0,8,D,PERIODIC,-109.0,-13.0,6.0,h2,3,1,3
2025.10.31,12.00.42,-90.120251,29.934139,-115,-16,-15.0,61913,674,D,PERIODIC,-108.0,-14.0,7.0,h2,3,1,3
2025.10.31,12.00.43,-90.120251,29.934139,-115,-16,-15.0,0,0,D,PERIODIC,-108.0,-14.0,7.0,h2,3,1,3
2025.10.31,12.00.44,-90.120251,29.934139,-115,-16,-15.0,4,4,D,PERIODIC,-108.0,-14.0,7.0,h2,3,1,3
2025.10.31,12.00.45,-90.120251,29.934139,-115,-17,-15.0,0,0,I,PERIODIC,-109.0,-14.0,7.0,h2,3,1,3
2025.10.31,12.00.46,-90.120251,29.934139,-114,-17,-10.0,0,0,I,HANDOVER_DATA_5G5G,-108.0,-13.0,6.0,h2,3,1,3
2025.10.31,12.00.47,-90.120251,29.934139,-114,-17,-10.0,0,0,I,PERIODIC,-108.0,-13.0,6.0,h2,3,1,3
2025.10.31,12.00.48,-90.120251,29.934139,-115,-17,-5.0,0,0,I,PERIODIC,-108.0,-12.0,7.0,h2,3,1,3
2025.10.31,12.00.49,-90.120251,29.934139,-115,-17,-5.0,0,0,I,PERIODIC,-108.0,-12.0,7.0,h2,3,1,3
2025.10.31,12.00.50,-90.120251,29.934139,-115,-17,-5.0,1,1,D,PERIODIC,-108.0,-13.0,7.0,h2,3,1,3
2025.10.31,12.00.51,-90.120251,29.934139,-115,-17,-5.0,2,2,D,PERIODIC,-108.0,-13.0,7.0,h2,3,1,3
2025.10.31,12.00.52,-90.120251,29.934139,-115,-17,-5.0,40442,1919,D,PERIODIC,-108.0,-13.0,7.0,h2,3,1,3
2025.10.31,12.00.53,-90.120251,29.934139,-115,-17,-5.0,0,0,D,PERIODIC,-108.0,-13.0,7.0,h2,3,1,3
2025.10.31,12.00.54,-90.120251,29.934139,-113,-15,-10.0,0,0,I,CELL_RESELECTION_5G5G,-108.0,-13.0,8.0,h2,3,1,3
2025.10.31,12.00.55,-90.120251,29.934139,-113,-15,-10.0,0,0,I,PERIODIC,-108.0,-13.0,8.0,h2,3,1,3
2025.10.31,12.00.56,-90.120251,29.934139,-113,-15,-10.0,6,5,D,PERIODIC,-108.0,-13.0,8.0,h2,3,1,3
2025.10.31,12.00.57,-90.120251,29.934139,-113,-15,-10.0,0,0,D,PERIODIC,-108.0,-13.0,8.0,h2,3,1,3
2025.10.31,12.00.58,-90.120251,29.934139,-113,-15,-10.0,0,0,I,PERIODIC,-107.0,-13.0,8.0,h2,3,1,3
2025.10.31,12.00.59,-90.120251,29.934139,-113,-15,-10.0,0,0,I,PERIODIC,-107.0,-13.0,8.0,h2,3,1,3
2025.10.31,12.01.00,-90.120251,29.934139,-113,-15,-10.0,0,0,I,PERIODIC,-107.0,-14.0,8.0,h2,3,1,3
2025.10.31,12.01.01,-90.120251,29.934139,-113,-15,-10.0,0,0,I,PERIODIC,-107.0,-14.0,8.0,h2,3,1,3
2025.10.31,12.01.02,-90.120251,29.934139,-113,-15,-10.0,27380,435,D,PERIODIC,-108.0,-14.0,8.0,h2,3,1,3
2025.10.31,12.01.03,-90.120251,29.934139,-113,-15,-10.0,0,0,D,PERIODIC,-108.0,-14.0,8.0,h2,3,1,3
2025.10.31,12.01.04,-90.120251,29.934139,-113,-15,-10.0,0,0,D,PERIODIC,-109.0,-12.0,8.0,h2,3,1,3
2025.10.31,12.01.05,-90.120251,29.934139,-113,-15,-10.0,0,34,D,PERIODIC,-109.0,-12.0,8.0,h2,3,1,3
2025.10.31,12.01.06,-90.120251,29.934139,-113,-15,-10.0,0,29,D,PERIODIC,-108.0,-13.0,8.0,h2,3,1,3
2025.10.31,12.01.07,-90.120251,29.934139,-113,-15,-10.0,0,0,I,PERIODIC,-108.0,-13.0,8.0,h2,3,1,3
2025.10.31,12.01.08,-90.120251,29.934139,-113,-15,-10.0,0,0,I,PERIODIC,-108.0,-13.0,8.0,h2,3,1,3
2025.10.31,12.01.09,-90.120251,29.934139,-113,-15,-10.0,0,0,I,PERIODIC,-108.0,-13.0,8.0,h2,3,1,3
2025.10.31,12.01.10,-90.120251,29.934139,-114,-17,-20.0,0,0,D,PERIODIC,-109.0,-13.0,8.0,h2,3,1,3
2025.10.31,12.01.11,-90.120251,29.934139,-114,-17,-20.0,7,7,D,PERIODIC,-109.0,-13.0,8.0,h2,3,1,3
2025.10.31,12.01.12,-90.120251,29.934139,-115,-16,-2.0,2,2,D,PERIODIC,-108.0,-14.0,7.0,h2,3,1,3
2025.10.31,12.01.13,-90.120251,29.934139,-115,-16,-2.0,0,0,D,PERIODIC,-108.0,-14.0,7.0,h2,3,1,3
2025.10.31,12.01.14,-90.120251,29.934139,-116,-17,-2.0,0,0,I,PERIODIC,-108.0,-13.0,7.0,h2,3,1,3
2025.10.31,12.01.15,-90.120251,29.934139,-116,-17,-2.0,0,0,I,PERIODIC,-108.0,-13.0,7.0,h2,3,1,3
2025.10.31,12.01.16,-90.120251,29.934139,-115,-17,-20.0,0,0,I,PERIODIC,-108.0,-13.0,7.0,h2,3,1,3
2025.10.31,12.01.17,-90.120251,29.934139,-115,-17,-20.0,83821,1908,D,PERIODIC,-108.0,-13.0,7.0,h2,3,1,3
2025.10.31,12.01.18,-90.120251,29.934139,-113,-15,-10.0,0,0,D,PERIODIC,-108.0,-11.0,9.0,h2,3,1,3
2025.10.31,12.01.19,-90.120251,29.934139,-113,-15,-10.0,1,29,D,PERIODIC,-108.0,-11.0,9.0,h2,3,1,3
2025.10.31,12.01.20,-90.120251,29.934139,-113,-15,-10.0,0,0,D,PERIODIC,-108.0,-13.0,9.0,h2,3,1,3
2025.10.31,12.01.21,-90.120251,29.934139,-113,-15,-10.0,0,0,I,PERIODIC,-108.0,-13.0,9.0,h2,3,1,3
2025.10.31,12.01.22,-90.120251,29.934139,-115,-16,-10.0,25483,300,D,PERIODIC,-108.0,-13.0,7.0,h2,3,1,3
2025.10.31,12.01.23,-90.120251,29.934139,-115,-16,-10.0,0,1,D,PERIODIC,-108.0,-13.0,7.0,h2,3,1,3
2025.10.31,12.01.24,-90.120251,29.934139,-114,-16,-15.0,0,0,I,PERIODIC,-108.0,-13.0,9.0,h2,3,1,3
2025.10.31,12.01.25,-90.120251,29.934139,-114,-16,-15.0,1,2,D,PERIODIC,-108.0,-13.0,9.0,h2,3,1,3
2025.10.31,12.01.26,-90.120251,29.934139,-114,-17,-5.0,3,5,D,PERIODIC,-108.0,-13.0,8.0,h2,3,1,3
2025.10.31,12.01.27,-90.120251,29.934139,-114,-17,-5.0,5,4,D,PERIODIC,-108.0,-13.0,8.0,h2,3,1,3
2025.10.31,12.01.28,-90.120251,29.934139,-112,-15,-10.0,0,0,D,PERIODIC,-108.0,-13.0,7.0,h2,3,1,3
2025.10.31,12.01.29,-90.120251,29.934139,-112,-15,-10.0,7,7,D,PERIODIC,-108.0,-13.0,7.0,h2,3,1,3
2025.10.31,12.01.30,-90.120251,29.934139,-113,-16,0.0,3,3,D,PERIODIC,-108.0,-14.0,9.0,h2,3,1,3
2025.10.31,12.01.31,-90.120251,29.934139,-113,-16,0.0,3,3,D,PERIODIC,-108.0,-14.0,9.0,h2,3,1,3
2025.10.31,12.01.32,-90.120251,29.934139,-112,-15,-10.0,67266,3196,D,PERIODIC,-108.0,-14.0,7.0,h2,3,1,3
2025.10.31,12.01.33,-90.120251,29.934139,-112,-15,-10.0,1,1,D,PERIODIC,-108.0,-14.0,7.0,h2,3,1,3
2025.10.31,12.01.34,-90.120251,29.934139,-114,-16,0.0,0,1,D,PERIODIC,-108.0,-14.0,8.0,h2,3,1,3
2025.10.31,12.01.35,-90.120251,29.934139,-114,-16,0.0,89,52,D,PERIODIC,-108.0,-14.0,8.0,h2,3,1,3
2025.10.31,12.01.36,-90.120251,29.934139,-114,-16,0.0,0,27,D,PERIODIC,-108.0,-13.0,8.0,h2,3,1,3
2025.10.31,12.01.37,-90.120251,29.934139,-114,-16,0.0,98863,2059,D,PERIODIC,-108.0,-13.0,8.0,h2,3,1,3
2025.10.31,12.01.38,-90.120251,29.934139,-114,-16,-10.0,0,0,D,PERIODIC,-108.0,-14.0,7.0,h2,3,1,3
2025.10.31,12.01.39,-90.120251,29.934139,-114,-16,-10.0,0,0,I,PERIODIC,-108.0,-14.0,7.0,h2,3,1,3
2025.10.31,12.01.40,-90.120251,29.934139,-114,-16,-10.0,1,1,D,PERIODIC,-108.0,-13.0,7.0,h2,3,1,3
2025.10.31,12.01.41,-90.120251,29.934139,-114,-16,-10.0,0,0,D,PERIODIC,-108.0,-13.0,7.0,h2,3,1,3
2025.10.31,12.01.42,-90.120251,29.934139,-114,-16,-10.0,0,0,D,PERIODIC,-108.0,-14.0,7.0,h2,3,1,3
2025.10.31,12.01.43,-90.120251,29.934139,-114,-16,-10.0,38335,396,D,PERIODIC,-108.0,-14.0,7.0,h2,3,1,3
2025.10.31,12.01.44,-90.120251,29.934139,-114,-16,-10.0,2,2,D,PERIODIC,-109.0,-14.0,7.0,h2,3,1,3
2025.10.31,12.01.45,-90.120251,29.934139,-114,-16,-10.0,0,0,D,PERIODIC,-109.0,-14.0,7.0,h2,3,1,3
2025.10.31,12.01.46,-90.120251,29.934139,-114,-16,-10.0,0,0,D,PERIODIC,-109.0,-13.0,7.0,h2,3,1,3
2025.10.31,12.01.47,-90.120251,29.934139,-114,-16,-10.0,0,0,I,PERIODIC,-109.0,-13.0,7.0,h2,3,1,3
2025.10.31,12.01.48,-90.120251,29.934139,-115,-17,-2.0,61039,2473,D,PERIODIC,-109.0,-12.0,7.0,h2,3,1,3
2025.10.31,12.01.49,-90.120251,29.934139,-115,-17,-3.0,0,0,I,PERIODIC,-109.0,-12.0,7.0,h2,3,1,3
2025.10.31,12.01.50,-90.120251,29.934139,-116,-17,-2.0,0,0,I,PERIODIC,-108.0,-13.0,7.0,h2,3,1,3
2025.10.31,12.01.51,-90.120251,29.934139,-116,-17,-2.0,0,0,I,PERIODIC,-108.0,-13.0,7.0,h2,3,1,3
2025.10.31,12.01.52,-90.120251,29.934139,-114,-16,-2.0,0,0,I,PERIODIC,-109.0,-14.0,7.0,h2,3,1,3
2025.10.31,12.01.53,-90.120251,29.934139,-114,-16,-2.0,36926,464,D,PERIODIC,-109.0,-14.0,7.0,h2,3,1,3
2025.10.31,12.01.54,-90.120251,29.934139,-114,-16,-2.0,0,0,I,PERIODIC,-109.0,-14.0,7.0,h2,3,1,3
2025.10.31,12.01.55,-90.120251,29.934139,-114,-16,-2.0,0,0,I,PERIODIC,-109.0,-14.0,7.0,h2,3,1,3
2025.10.31,12.01.56,-90.120251,29.934139,-114,-16,-2.0,0,0,D,PERIODIC,-109.0,-13.0,7.0,h2,3,1,3
2025.10.31,12.01.57,-90.120251,29.934139,-114,-16,-2.0,26800,780,D,PERIODIC,-109.0,-13.0,7.0,h2,3,1,3
2025.10.31,12.01.58,-90.120251,29.934139,-114,-16,-2.0,0,0,D,PERIODIC,-109.0,-13.0,7.0,h2,3,1,3
2025.10.31,12.01.59,-90.120251,29.934139,-114,-16,-2.0,0,0,I,PERIODIC,-109.0,-13.0,7.0,h2,3,1,3
2025.10.31,12.02.00,-90.120251,29.934139,-114,-16,-2.0,0,0,I,PERIODIC,-109.0,-12.0,7.0,h2,3,1,3
2025.10.31,12.02.01,-90.120251,29.934139,-114,-16,-2.0,0,0,I,PERIODIC,-109.0,-12.0,7.0,h2,3,1,3
2025.10.31,12.02.02,-90.120251,29.934139,-114,-16,-2.0,71205,591,D,PERIODIC,-108.0,-12.0,7.0,h2,3,1,3
2025.10.31,12.02.03,-90.120251,29.934139,-114,-16,-2.0,2,2,D,PERIODIC,-108.0,-12.0,7.0,h2,3,1,3
2025.10.31,12.02.04,-90.120251,29.934139,-114,-16,-2.0,0,0,D,PERIODIC,-109.0,-13.0,7.0,h2,3,1,3
2025.10.31,12.02.05,-90.120251,29.934139,-114,-16,-2.0,0,0,I,PERIODIC,-109.0,-13.0,7.0,h2,3,1,3
2025.10.31,12.02.06,-90.120251,29.934139,-114,-16,-2.0,0,0,I,PERIODIC,-108.0,-13.0,7.0,h2,3,1,3
2025.10.31,12.02.07,-90.120251,29.934139,-114,-16,-2.0,36611,672,D,PERIODIC,-108.0,-13.0,7.0,h2,3,1,3
2025.10.31,12.02.08,-90.120251,29.934139,-114,-16,-2.0,0,0,D,PERIODIC,-108.0,-12.0,7.0,h2,3,1,3
2025.10.31,12.02.09,-90.120251,29.934139,-114,-16,-2.0,0,0,I,PERIODIC,-108.0,-12.0,7.0,h2,3,1,3
2025.10.31,12.02.10,-90.120251,29.934139,-114,-16,-2.0,0,2,D,PERIODIC,-108.0,-13.0,7.0,h2,3,1,3
2025.10.31,12.02.11,-90.120251,29.934139,-114,-16,-2.0,7,8,D,PERIODIC,-108.0,-13.0,7.0,h2,3,1,3
2025.10.31,12.02.12,-90.120251,29.934139,-114,-16,-2.0,0,0,D,PERIODIC,-109.0,-14.0,7.0,h2,3,1,3
2025.10.31,12.02.13,-90.120251,29.934139,-114,-16,-2.0,49630,0,D,PERIODIC,-109.0,-14.0,7.0,h2,3,1,3
2025.10.31,12.02.14,-90.120251,29.934139,-114,-16,-2.0,0,0,I,PERIODIC,-109.0,-14.0,7.0,h2,3,1,3
2025.10.31,12.02.15,-90.120251,29.934139,-114,-16,-2.0,0,0,I,PERIODIC,-109.0,-14.0,7.0,h2,3,1,3
2025.10.31,12.02.16,-90.120251,29.934139,-114,-16,-2.0,0,0,I,PERIODIC,-109.0,-13.0,7.0,h2,3,1,3
2025.10.31,12.02.17,-90.120251,29.934139,-114,-16,-2.0,0,1041,D,PERIODIC,-109.0,-13.0,7.0,h2,3,1,3
2025.10.31,12.02.18,-90.120251,29.934139,-114,-16,-2.0,0,0,D,PERIODIC,-109.0,-12.0,7.0,h2,3,1,3
2025.10.31,12.02.19,-90.120251,29.934139,-114,-16,-2.0,0,0,I,PERIODIC,-109.0,-12.0,7.0,h2,3,1,3
2025.10.31,12.02.20,-90.120251,29.934139,-114,-16,-2.0,3,3,D,PERIODIC,-109.0,-12.0,7.0,h2,3,1,3
2025.10.31,12.02.21,-90.120251,29.934139,-114,-16,-2.0,0,0,D,PERIODIC,-108.0,-12.0,7.0,h2,3,1,3
2025.10.31,12.02.22,-90.120251,29.934139,-114,-16,-2.0,1,1,D,PERIODIC,-109.0,-14.0,7.0,h2,3,1,3
2025.10.31,12.02.23,-90.120251,29.934139,-114,-16,-2.0,3,3,D,PERIODIC,-109.0,-14.0,7.0,h2,3,1,3
2025.10.31,12.02.24,-90.120251,29.934139,-114,-16,-2.0,0,0,D,PERIODIC,-109.0,-13.0,7.0,h2,3,1,3
2025.10.31,12.02.25,-90.120251,29.934139,-114,-16,-2.0,0,0,I,PERIODIC,-109.0,-13.0,7.0,h2,3,1,3
2025.10.31,12.02.26,-90.120251,29.934139,-114,-16,-2.0,2,2,D,PERIODIC,-109.0,-14.0,7.0,h2,3,1,3
2025.10.31,12.02.27,-90.120251,29.934139,-114,-16,-2.0,60449,4213,D,PERIODIC,-109.0,-14.0,7.0,h2,3,1,3
2025.10.31,12.02.28,-90.120251,29.934139,-114,-16,-2.0,0,14,D,PERIODIC,-109.0,-14.0,7.0,h2,3,1,3
2025.10.31,12.02.29,-90.120251,29.934139,-114,-16,-2.0,0,14,D,PERIODIC,-109.0,-13.0,7.0,h2,3,1,3
2025.10.31,12.02.30,-90.120251,29.934139,-114,-16,-2.0,0,0,D,PERIODIC,-109.0,-13.0,7.0,h2,3,1,3
2025.10.31,12.02.31,-90.120251,29.934139,-114,-16,-2.0,0,0,D,PERIODIC,-109.0,-13.0,7.0,h2,3,1,3
2025.10.31,12.02.32,-90.120251,29.934139,-114,-16,-2.0,75012,697,D,PERIODIC,-109.0,-13.0,7.0,h2,3,1,3
2025.10.31,12.02.33,-90.120251,29.934139,-114,-16,-2.0,0,0,D,PERIODIC,-109.0,-13.0,7.0,h2,3,1,3
2025.10.31,12.02.34,-90.120251,29.934139,-112,-14,5.0,0,0,I,PERIODIC,-109.0,-13.0,6.0,h2,3,1,3
2025.10.31,12.02.35,-90.120251,29.934139,-112,-14,5.0,0,0,I,PERIODIC,-109.0,-13.0,6.0,h2,3,1,3
2025.10.31,12.02.36,-90.120251,29.934139,-112,-14,5.0,0,0,I,PERIODIC,-108.0,-13.0,6.0,h2,3,1,3
2025.10.31,12.02.37,-90.120251,29.934139,-112,-14,5.0,61379,555,D,PERIODIC,-108.0,-13.0,6.0,h2,3,1,3
2025.10.31,12.02.38,-90.120251,29.934139,-110,-14,5.0,0,0,D,PERIODIC,-109.0,-13.0,7.0,h2,3,1,3
2025.10.31,12.02.39,-90.120251,29.934139,-110,-14,5.0,0,0,D,PERIODIC,-109.0,-13.0,7.0,h2,3,1,3
2025.10.31,12.02.40,-90.120251,29.934139,-110,-14,0.0,0,56,D,PERIODIC,-109.0,-13.0,7.0,h2,3,1,3
2025.10.31,12.02.41,-90.120251,29.934139,-110,-14,0.0,0,0,D,PERIODIC,-109.0,-13.0,7.0,h2,3,1,3
2025.10.31,12.02.42,-90.120251,29.934139,-112,-15,0.0,5,1,D,PERIODIC,-109.0,-13.0,6.0,h2,3,1,3
2025.10.31,12.02.43,-90.120251,29.934139,-112,-15,0.0,1,1,D,PERIODIC,-109.0,-13.0,6.0,h2,3,1,3
2025.10.31,12.02.44,-90.120251,29.934139,-113,-14,0.0,1,2,D,PERIODIC,-109.0,-13.0,8.0,h2,3,1,3
2025.10.31,12.02.45,-90.120251,29.934139,-113,-14,0.0,16,51,D,PERIODIC,-109.0,-13.0,8.0,h2,3,1,3
2025.10.31,12.02.46,-90.120251,29.934139,-115,-15,-15.0,0,0,D,PERIODIC,-109.0,-13.0,7.0,h2,3,1,3
2025.10.31,12.02.47,-90.120251,29.934139,-115,-15,-15.0,19,0,D,PERIODIC,-109.0,-13.0,7.0,h2,3,1,3
2025.10.31,12.02.48,-90.120251,29.934139,-113,-15,-10.0,66918,1766,D,HANDOVER_DATA_5G5G,-109.0,-13.0,7.0,h2,3,1,3
2025.10.31,12.02.49,-90.120251,29.934139,-113,-15,-10.0,0,0,I,PERIODIC,-109.0,-13.0,7.0,h2,3,1,3
2025.10.31,12.02.50,-90.120251,29.934139,-113,-15,-10.0,0,0,I,PERIODIC,-109.0,-13.0,7.0,h2,3,1,3
2025.10.31,12.02.51,-90.120251,29.934139,-113,-15,-10.0,0,0,I,PERIODIC,-109.0,-13.0,7.0,h2,3,1,3
2025.10.31,12.02.52,-90.120251,29.934139,-113,-15,-10.0,44117,655,D,PERIODIC,-109.0,-13.0,7.0,h2,3,1,3
2025.10.31,12.02.53,-90.120251,29.934139,-113,-15,-10.0,0,0,D,PERIODIC,-109.0,-13.0,7.0,h2,3,1,3
2025.10.31,12.02.54,-90.120251,29.934139,-113,-15,-10.0,0,0,I,PERIODIC,-109.0,-13.0,7.0,h2,3,1,3
2025.10.31,12.02.55,-90.120251,29.934139,-113,-15,-10.0,0,0,I,PERIODIC,-109.0,-13.0,7.0,h2,3,1,3
2025.10.31,12.02.56,-90.120251,29.934139,-115,-17,5.0,0,8,D,PERIODIC,-109.0,-14.0,7.0,h2,3,1,3
2025.10.31,12.02.57,-90.120251,29.934139,-115,-17,5.0,24152,311,D,PERIODIC,-109.0,-14.0,7.0,h2,3,1,3
2025.10.31,12.02.58,-90.120251,29.934139,-115,-17,5.0,0,0,D,PERIODIC,-109.0,-13.0,7.0,h2,3,1,3
2025.10.31,12.02.59,-90.120251,29.934139,-115,-17,5.0,0,0,I,PERIODIC,-109.0,-13.0,7.0,h2,3,1,3
2025.10.31,12.03.00,-90.120251,29.934139,-115,-16,10.0,0,0,I,PERIODIC,-109.0,-13.0,7.0,h2,3,1,3
2025.10.31,12.03.01,-90.120251,29.934139,-115,-16,10.0,0,0,I,PERIODIC,-109.0,-13.0,7.0,h2,3,1,3
2025.10.31,12.03.02,-90.120251,29.934139,-115,-17,5.0,39885,416,D,PERIODIC,-109.0,-13.0,6.0,h2,3,1,3
2025.10.31,12.03.03,-90.120251,29.934139,-115,-17,5.0,8,8,D,PERIODIC,-109.0,-13.0,6.0,h2,3,1,3
2025.10.31,12.03.04,-90.120251,29.934139,-115,-17,5.0,0,0,D,PERIODIC,-109.0,-13.0,6.0,h2,3,1,3
2025.10.31,12.03.05,-90.120251,29.934139,-115,-16,0.0,0,0,I,PERIODIC,-109.0,-14.0,7.0,h2,3,1,3
2025.10.31,12.03.06,-90.120251,29.934139,-115,-16,0.0,0,0,I,PERIODIC,-109.0,-14.0,7.0,h2,3,1,3
2025.10.31,12.03.07,-90.120251,29.934139,-114,-16,-5.0,69198,1077,D,PERIODIC,-108.0,-14.0,8.0,h2,3,1,3
2025.10.31,12.03.08,-90.120251,29.934139,-114,-16,-5.0,0,0,D,PERIODIC,-108.0,-14.0,8.0,h2,3,1,3
2025.10.31,12.03.09,-90.120251,29.934139,-114,-16,-5.0,1,3,D,PERIODIC,-108.0,-13.0,8.0,h2,3,1,3
2025.10.31,12.03.10,-90.120251,29.934139,-114,-16,-5.0,10,7,D,PERIODIC,-108.0,-13.0,8.0,h2,3,1,3
2025.10.31,12.03.11,-90.120251,29.934139,-116,-16,0.0,2,2,D,PERIODIC,-109.0,-13.0,6.0,h2,3,1,3
2025.10.31,12.03.12,-90.120251,29.934139,-116,-16,0.0,39070,845,D,PERIODIC,-109.0,-13.0,6.0,h2,3,1,3
2025.10.31,12.03.13,-90.120251,29.934139,-115,-16,0.0,0,0,D,PERIODIC,-108.0,-14.0,7.0,h2,3,1,3
2025.10.31,12.03.14,-90.120251,29.934139,-115,-16,0.0,0,0,I,PERIODIC,-108.0,-14.0,7.0,h2,3,1,3
2025.10.31,12.03.15,-90.120251,29.934139,-115,-16,0.0,0,0,D,PERIODIC,-108.0,-14.0,7.0,h2,3,1,3
2025.10.31,12.03.16,-90.120251,29.934139,-115,-16,0.0,0,0,I,PERIODIC,-108.0,-14.0,7.0,h2,3,1,3
2025.10.31,12.03.17,-90.120251,29.934139,-115,-16,0.0,36106,401,D,PERIODIC,-108.0,-14.0,7.0,h2,3,1,3
2025.10.31,12.03.18,-90.120251,29.934139,-115,-16,0.0,0,0,D,PERIODIC,-108.0,-14.0,7.0,h2,3,1,3
2025.10.31,12.03.19,-90.120251,29.934139,-115,-16,0.0,0,0,I,PERIODIC,-108.0,-12.0,7.0,h2,3,1,3
2025.10.31,12.03.20,-90.120251,29.934139,-115,-16,0.0,0,0,I,PERIODIC,-108.0,-12.0,7.0,h2,3,1,3
2025.10.31,12.03.21,-90.120251,29.934139,-113,-16,0.0,0,0,I,PERIODIC,-108.0,-13.0,8.0,h2,3,1,3
2025.10.31,12.03.22,-90.120251,29.934139,-113,-16,0.0,44752,405,D,PERIODIC,-108.0,-13.0,8.0,h2,3,1,3
2025.10.31,12.03.23,-90.120251,29.934139,-113,-16,0.0,4,4,D,PERIODIC,-108.0,-13.0,8.0,h2,3,1,3
2025.10.31,12.03.24,-90.120251,29.934139,-113,-16,0.0,5,5,D,PERIODIC,-108.0,-13.0,8.0,h2,3,1,3
2025.10.31,12.03.25,-90.120251,29.934139,-113,-17,-5.0,0,0,D,PERIODIC,-108.0,-13.0,8.0,h2,3,1,3
2025.10.31,12.03.26,-90.120251,29.934139,-113,-17,-5.0,2,2,D,PERIODIC,-108.0,-13.0,8.0,h2,3,1,3
2025.10.31,12.03.27,-90.120251,29.934139,-113,-17,-5.0,45348,4486,D,PERIODIC,-108.0,-14.0,8.0,h2,3,1,3
2025.10.31,12.03.28,-90.120251,29.934139,-113,-17,-5.0,0,0,D,PERIODIC,-108.0,-14.0,8.0,h2,3,1,3
2025.10.31,12.03.29,-90.120251,29.934139,-116,-17,-10.0,0,0,I,PERIODIC,-108.0,-14.0,6.0,h2,3,1,3
2025.10.31,12.03.30,-90.120251,29.934139,-116,-17,-10.0,0,0,I,PERIODIC,-108.0,-14.0,6.0,h2,3,1,3
2025.10.31,12.03.31,-90.120251,29.934139,-116,-16,-5.0,0,0,I,PERIODIC,-108.0,-12.0,7.0,h2,3,1,3
2025.10.31,12.03.32,-90.120251,29.934139,-116,-16,-5.0,32336,328,D,PERIODIC,-108.0,-12.0,7.0,h2,3,1,3
2025.10.31,12.03.33,-90.120251,29.934139,-115,-16,0.0,0,0,I,PERIODIC,-108.0,-13.0,8.0,h2,3,1,3
2025.10.31,12.03.34,-90.120251,29.934139,-115,-16,0.0,0,0,I,PERIODIC,-108.0,-13.0,8.0,h2,3,1,3
2025.10.31,12.03.35,-90.120251,29.934139,-115,-16,0.0,0,0,I,PERIODIC,-108.0,-14.0,8.0,h2,3,1,3
2025.10.31,12.03.36,-90.120251,29.934139,-115,-16,0.0,0,0,I,PERIODIC,-108.0,-14.0,8.0,h2,3,1,3
2025.10.31,12.03.37,-90.120251,29.934139,-115,-16,0.0,23351,265,D,PERIODIC,-109.0,-14.0,8.0,h2,3,1,3
2025.10.31,12.03.38,-90.120251,29.934139,-115,-16,0.0,0,0,I,PERIODIC,-109.0,-14.0,8.0,h2,3,1,3
2025.10.31,12.03.39,-90.120251,29.934139,-114,-17,-5.0,0,0,I,PERIODIC,-109.0,-13.0,7.0,h2,3,1,3
2025.10.31,12.03.40,-90.120251,29.934139,-114,-17,-5.0,0,28,D,PERIODIC,-109.0,-13.0,7.0,h2,3,1,3
2025.10.31,12.03.41,-90.120251,29.934139,-113,-16,-5.0,7,44,D,PERIODIC,-109.0,-13.0,7.0,h2,3,1,3
2025.10.31,12.03.42,-90.120251,29.934139,-113,-16,-5.0,87012,692,D,PERIODIC,-109.0,-13.0,7.0,h2,3,1,3
2025.10.31,12.03.43,-90.120251,29.934139,-113,-16,-5.0,0,0,I,PERIODIC,-109.0,-13.0,7.0,h2,3,1,3
2025.10.31,12.03.44,-90.120251,29.934139,-113,-16,-5.0,0,0,I,PERIODIC,-109.0,-13.0,7.0,h2,3,1,3
2025.10.31,12.03.45,-90.120251,29.934139,-113,-16,-5.0,0,0,D,PERIODIC,-109.0,-13.0,7.0,h2,3,1,3
2025.10.31,12.03.46,-90.120251,29.934139,-113,-16,-5.0,1,1,D,PERIODIC,-109.0,-13.0,7.0,h2,3,1,3
2025.10.31,12.03.47,-90.120251,29.934139,-113,-16,-5.0,29957,316,D,PERIODIC,-109.0,-13.0,7.0,h2,3,1,3
2025.10.31,12.03.48,-90.120251,29.934139,-113,-16,-5.0,0,0,I,PERIODIC,-109.0,-13.0,7.0,h2,3,1,3
2025.10.31,12.03.49,-90.120251,29.934139,-113,-16,-5.0,0,0,I,PERIODIC,-109.0,-14.0,7.0,h2,3,1,3
2025.10.31,12.03.50,-90.120251,29.934139,-113,-16,-5.0,0,0,I,PERIODIC,-109.0,-14.0,7.0,h2,3,1,3
2025.10.31,12.03.51,-90.120251,29.934139,-114,-17,0.0,0,0,I,PERIODIC,-108.0,-14.0,7.0,h2,3,1,3
2025.10.31,12.03.52,-90.120251,29.934139,-114,-17,0.0,10,9,D,PERIODIC,-108.0,-14.0,7.0,h2,3,1,3
2025.10.31,12.03.53,-90.120251,29.934139,-117,-18,-5.0,0,0,D,PERIODIC,-108.0,-13.0,7.0,h2,3,1,3
2025.10.31,12.03.54,-90.120251,29.934139,-117,-18,-5.0,0,0,D,PERIODIC,-108.0,-13.0,7.0,h2,3,1,3
2025.10.31,12.03.55,-90.120251,29.934139,-116,-17,-5.0,1,1,D,PERIODIC,-108.0,-14.0,8.0,h2,3,1,3
2025.10.31,12.03.56,-90.120251,29.934139,-116,-17,-5.0,5,5,D,PERIODIC,-108.0,-14.0,8.0,h2,3,1,3
2025.10.31,12.03.57,-90.120251,29.934139,-116,-17,-5.0,0,0,D,PERIODIC,-108.0,-14.0,8.0,h2,3,1,3
2025.10.31,12.03.57,-90.120287,29.934055,-116,-17,-5.0,0,0,D,,-108.0,-14.0,8.0,h2,3,1,3
2025.10.31,12.03.58,-90.120287,29.934055,-116,-17,-5.0,0,0,I,PERIODIC,-108.0,-14.0,8.0,h2,3,1,3
2025.10.31,12.03.59,-90.120287,29.934055,-116,-18,-10.0,1,0,D,PERIODIC,-108.0,-14.0,7.0,h2,3,1,3
2025.10.31,12.04.00,-90.120287,29.934055,-116,-18,-10.0,4,5,D,PERIODIC,-108.0,-14.0,7.0,h2,3,1,3
2025.10.31,12.04.01,-90.120287,29.934055,-116,-17,-10.0,0,0,D,PERIODIC,-109.0,-14.0,8.0,h2,3,1,3
2025.10.31,12.04.02,-90.120287,29.934055,-116,-17,-10.0,2,2,D,PERIODIC,-109.0,-14.0,8.0,h2,3,1,3
2025.10.31,12.04.03,-90.120287,29.934055,-117,-19,-10.0,2,2,D,PERIODIC,-109.0,-13.0,7.0,h2,3,1,3
2025.10.31,12.04.04,-90.120287,29.934055,-117,-19,-10.0,0,0,D,PERIODIC,-109.0,-13.0,7.0,h2,3,1,3
2025.10.31,12.04.05,-90.120287,29.934055,-108,-14,7.0,0,0,I,IRAT_CELL_RESELECTION_5G4G,,,,h2,3,1,3
2025.10.31,12.04.06,-90.120287,29.934055,-108,-14,7.0,0,0,I,PERIODIC,,,,h2,3,1,3
2025.10.31,12.04.07,-90.120287,29.934055,-108,-14,7.0,0,0,I,PERIODIC,,,,h2,3,1,3
2025.10.31,12.04.08,-90.120287,29.934055,-108,-14,7.0,0,0,I,PERIODIC,,,,h2,3,1,3
2025.10.31,12.04.09,-90.120287,29.934055,-108,-13,7.0,5,6,D,PERIODIC,,,,h2,3,1,3
2025.10.31,12.04.10,-90.120287,29.934055,-108,-13,7.0,4,4,D,PERIODIC,,,,h2,3,1,3
2025.10.31,12.04.11,-90.120287,29.934055,-108,-13,7.0,2,2,D,PERIODIC,,,,h2,3,1,3
2025.10.31,12.04.12,-90.120287,29.934055,-108,-13,7.0,0,0,I,PERIODIC,,,,h2,3,1,3
2025.10.31,12.04.13,-90.120287,29.934055,-110,-13,7.0,3,3,D,PERIODIC,,,,h2,3,1,3
2025.10.31,12.04.14,-90.120287,29.934055,-110,-13,7.0,0,0,D,PERIODIC,,,,h2,3,1,3
2025.11.11,11.17.59,-90.120241,29.934187,-112,-12,35.0,0,0,I,LOG START,-105.0,-12.0,6.0,h66,3,1,3
2025.11.11,11.17.59,-90.120241,29.934187,-112,-12,35.0,0,0,I,PERIODIC,-105.0,-12.0,6.0,h66,3,1,3
2025.11.11,11.18.00,-90.120241,29.934187,-112,-12,35.0,5,7,D,PERIODIC,-105.0,-12.0,6.0,h66,3,1,3
2025.11.11,11.18.01,-90.120241,29.934187,-114,-13,35.0,82,36,D,PERIODIC,-105.0,-12.0,6.0,h66,3,1,3
2025.11.11,11.18.02,-90.120241,29.934187,-114,-13,35.0,0,0,D,PERIODIC,-105.0,-12.0,6.0,h66,3,1,3
2025.11.11,11.18.03,-90.120241,29.934187,-112,-13,4.0,2,0,D,PERIODIC,-103.0,-12.0,6.0,h66,3,1,3
2025.11.11,11.18.04,-90.120241,29.934187,-112,-13,4.0,0,0,I,PERIODIC,-103.0,-12.0,6.0,h66,3,1,3
2025.11.11,11.18.05,-90.120241,29.934187,-114,-13,30.0,0,0,I,PERIODIC,-103.0,-10.0,7.0,h66,3,1,3
2025.11.11,11.18.06,-90.120241,29.934187,-114,-13,30.0,0,0,I,PERIODIC,-103.0,-10.0,7.0,h66,3,1,3
2025.11.11,11.18.07,-90.120241,29.934187,-111,-12,6.0,0,0,I,PERIODIC,-103.0,-11.0,7.0,h66,3,1,3
2025.11.11,11.18.08,-90.120241,29.934187,-111,-12,5.0,0,0,D,PERIODIC,-103.0,-11.0,7.0,h66,3,1,3
2025.11.11,11.18.09,-90.120241,29.934187,-111,-12,4.0,0,0,I,PERIODIC,-103.0,-11.0,7.0,h66,3,1,3
2025.11.11,11.18.10,-90.120241,29.934187,-111,-12,4.0,5,2,D,PERIODIC,-103.0,-11.0,7.0,h66,3,1,3
2025.11.11,11.18.11,-90.120241,29.934187,-112,-12,4.0,0,0,I,PERIODIC,-103.0,-13.0,7.0,h66,3,1,3
2025.11.11,11.18.12,-90.120241,29.934187,-112,-12,4.0,0,0,I,PERIODIC,-104.0,-13.0,7.0,h66,3,1,3
2025.11.11,11.18.13,-90.120241,29.934187,-112,-12,4.0,0,0,I,PERIODIC,-104.0,-13.0,7.0,h66,3,1,3
2025.11.11,11.18.14,-90.120241,29.934187,-112,-12,4.0,0,0,I,PERIODIC,-104.0,-13.0,7.0,h66,3,1,3
2025.11.11,11.18.15,-90.120241,29.934187,-112,-12,5.0,0,0,I,PERIODIC,-104.0,-13.0,7.0,h66,3,1,3
2025.11.11,11.18.16,-90.120241,29.934187,-112,-12,5.0,0,0,I,PERIODIC,-103.0,-13.0,7.0,h66,3,1,3
2025.11.11,11.18.17,-90.120241,29.934187,-112,-12,5.0,0,0,I,PERIODIC,-103.0,-13.0,7.0,h66,3,1,3
2025.11.11,11.18.18,-90.120241,29.934187,-112,-13,4.0,0,0,I,PERIODIC,-103.0,-11.0,8.0,h66,3,1,3
2025.11.11,11.18.19,-90.120241,29.934187,-112,-13,4.0,0,0,I,PERIODIC,-103.0,-11.0,8.0,h66,3,1,3
2025.11.11,11.18.20,-90.120241,29.934187,-112,-12,4.0,0,0,I,PERIODIC,-103.0,-12.0,7.0,h66,3,1,3
2025.11.11,11.18.21,-90.120241,29.934187,-112,-12,4.0,0,0,I,PERIODIC,-103.0,-12.0,7.0,h66,3,1,3
2025.11.11,11.18.22,-90.120241,29.934187,-112,-12,4.0,0,0,I,PERIODIC,-103.0,-12.0,7.0,h66,3,1,3
2025.11.11,11.18.23,-90.120241,29.934187,-105,-9,8.0,0,0,I,IRAT_CELL_RESELECTION_5G4G,,,,h66,3,1,3
2025.11.11,11.18.24,-90.120241,29.934187,-104,-14,8.0,0,0,I,PERIODIC,,,,h66,3,1,3
2025.11.11,11.18.25,-90.120241,29.934187,-104,-14,8.0,0,0,I,PERIODIC,,,,h66,3,1,3
2025.11.11,11.18.26,-90.120241,29.934187,-105,-10,6.0,0,0,I,PERIODIC,,,,h66,3,1,3
2025.11.11,11.18.27,-90.120241,29.934187,-105,-10,6.0,2,3,D,PERIODIC,,,,h66,3,1,3
2025.11.11,11.18.28,-90.120241,29.934187,-104,-11,5.0,0,0,D,PERIODIC,,,,h66,3,1,3
2025.11.11,11.18.29,-90.120241,29.934187,-104,-11,5.0,48,27,D,PERIODIC,,,,h66,3,1,3
2025.11.11,11.18.30,-90.120241,29.934187,-104,-11,5.0,0,0,D,PERIODIC,,,,h66,3,1,3
2025.11.11,11.18.31,-90.120241,29.934187,-104,-12,5.0,1,2,D,PERIODIC,,,,h66,3,1,3
2025.11.11,11.18.32,-90.120241,29.934187,-103,-14,5.0,0,1,D,PERIODIC,,,,h66,3,1,3
2025.11.11,11.18.33,-90.120241,29.934187,-103,-14,5.0,0,0,I,PERIODIC,,,,h66,3,1,3
2025.11.11,11.18.34,-90.120241,29.934187,-105,-13,5.0,0,0,I,PERIODIC,,,,h66,3,1,3
2025.11.11,11.18.35,-90.120241,29.934187,-105,-13,5.0,0,1,D,PERIODIC,,,,h66,3,1,3
2025.11.11,11.18.36,-90.120241,29.934187,-104,-12,5.0,0,0,I,PERIODIC,,,,h66,3,1,3
2025.11.11,11.18.37,-90.120241,29.934187,-104,-12,5.0,0,0,I,PERIODIC,,,,h66,3,1,3
2025.11.11,11.18.38,-90.120241,29.934187,-105,-12,6.0,22,29,D,PERIODIC,,,,h66,3,1,3
2025.11.11,11.18.39,-90.120241,29.934187,-105,-12,6.0,0,0,D,PERIODIC,,,,h66,3,1,3
2025.11.11,11.18.40,-90.120241,29.934187,-112,-13,6.0,66,0,D,PERIODIC,-104.0,-13.0,6.0,h66,3,1,3
2025.11.11,11.18.41,-90.120241,29.934187,-111,-12,5.0,0,0,D,PERIODIC,-104.0,-13.0,6.0,h66,3,1,3
2025.11.11,11.18.41,-90.120241,29.934187,-111,-12,5.0,0,0,D,,-104.0,-13.0,6.0,h66,3,1,3
2025.11.11,11.18.42,-90.120241,29.934187,-111,-12,5.0,0,0,D,PERIODIC,-104.0,-13.0,6.0,h66,3,1,3
2025.11.11,11.18.43,-90.120241,29.934187,-111,-12,5.0,71,19,D,IRAT_HANDOVER_DATA_4G5G,-104.0,-13.0,7.0,h66,3,1,3
2025.11.11,11.18.44,-90.120241,29.934187,-111,-12,5.0,22,22,D,PERIODIC,-104.0,-13.0,7.0,h66,3,1,3
2025.11.11,11.18.45,-90.120241,29.934187,-111,-12,5.0,24,24,D,PERIODIC,-104.0,-12.0,7.0,h66,3,1,3
2025.11.11,11.18.46,-90.120241,29.934187,-111,-12,5.0,0,0,D,PERIODIC,-104.0,-12.0,7.0,h66,3,1,3
2025.11.11,11.18.47,-90.120241,29.934187,-111,-12,5.0,24,24,D,PERIODIC,-104.0,-11.0,7.0,h66,3,1,3
2025.11.11,11.18.48,-90.120241,29.934187,-111,-12,5.0,0,0,D,PERIODIC,-104.0,-11.0,7.0,h66,3,1,3
2025.11.11,11.18.49,-90.120241,29.934187,-114,-12,5.0,24,24,D,PERIODIC,-104.0,-11.0,7.0,h66,3,1,3
2025.11.11,11.18.50,-90.120241,29.934187,-114,-12,4.0,46240,13518,D,PERIODIC,-104.0,-11.0,7.0,h66,3,1,3
2025.11.11,11.18.51,-90.120241,29.934187,-112,-13,40.0,5,5,D,PERIODIC,-103.0,-12.0,7.0,h66,3,1,3
2025.11.11,11.18.52,-90.120241,29.934187,-112,-13,40.0,5,5,D,PERIODIC,-103.0,-12.0,7.0,h66,3,1,3
2025.11.11,11.18.53,-90.120241,29.934187,-112,-13,40.0,4,4,D,PERIODIC,-104.0,-12.0,7.0,h66,3,1,3
2025.11.11,11.18.54,-90.120241,29.934187,-112,-13,40.0,0,0,D,PERIODIC,-104.0,-12.0,7.0,h66,3,1,3
2025.11.11,11.18.55,-90.120241,29.934187,-112,-13,40.0,8,8,D,PERIODIC,-104.0,-11.0,7.0,h66,3,1,3
2025.11.11,11.18.56,-90.120241,29.934187,-112,-13,40.0,0,0,D,PERIODIC,-104.0,-11.0,7.0,h66,3,1,3
2025.11.11,11.18.57,-90.120241,29.934187,-112,-13,40.0,3,3,D,PERIODIC,-105.0,-11.0,7.0,h66,3,1,3
2025.11.11,11.18.58,-90.120241,29.934187,-112,-13,40.0,0,0,D,PERIODIC,-105.0,-11.0,7.0,h66,3,1,3
2025.11.11,11.18.59,-90.120241,29.934187,-112,-13,40.0,65,39,D,PERIODIC,-105.0,-11.0,7.0,h66,3,1,3
2025.11.11,11.19.00,-90.120241,29.934187,-112,-13,40.0,5258,15272,D,PERIODIC,-105.0,-11.0,7.0,h66,3,1,3
2025.11.11,11.19.01,-90.120241,29.934187,-112,-13,40.0,0,56,D,PERIODIC,-105.0,-11.0,7.0,h66,3,1,3
2025.11.11,11.19.02,-90.120241,29.934187,-112,-13,40.0,0,0,I,PERIODIC,-105.0,-11.0,7.0,h66,3,1,3
2025.11.11,11.19.03,-90.120241,29.934187,-112,-13,40.0,6,6,D,PERIODIC,-105.0,-11.0,7.0,h66,3,1,3
2025.11.11,11.19.04,-90.120241,29.934187,-112,-13,40.0,0,0,I,PERIODIC,-105.0,-11.0,7.0,h66,3,1,3
2025.11.11,11.19.05,-90.120241,29.934187,-112,-13,40.0,162,45,D,PERIODIC,-105.0,-11.0,7.0,h66,3,1,3
2025.11.11,11.19.06,-90.120241,29.934187,-112,-13,40.0,0,0,I,PERIODIC,-105.0,-11.0,7.0,h66,3,1,3
2025.11.11,11.19.07,-90.120241,29.934187,-112,-13,40.0,46,10,D,PERIODIC,-105.0,-11.0,7.0,h66,3,1,3
2025.11.11,11.19.08,-90.120241,29.934187,-112,-13,40.0,5,5,D,PERIODIC,-105.0,-11.0,7.0,h66,3,1,3
2025.11.11,11.19.09,-90.120241,29.934187,-112,-13,4.0,6,6,D,PERIODIC,-104.0,-11.0,7.0,h66,3,1,3
2025.11.11,11.19.10,-90.120241,29.934187,-112,-13,4.0,8354,12678,D,PERIODIC,-104.0,-11.0,7.0,h66,3,1,3
2025.11.11,11.19.11,-90.120241,29.934187,-112,-13,4.0,5,5,D,PERIODIC,-104.0,-11.0,7.0,h66,3,1,3
2025.11.11,11.19.12,-90.120241,29.934187,-112,-13,4.0,0,0,I,PERIODIC,-104.0,-11.0,7.0,h66,3,1,3
2025.11.11,11.19.13,-90.120241,29.934187,-112,-13,4.0,16,18,D,PERIODIC,-104.0,-11.0,7.0,h66,3,1,3
2025.11.11,11.19.14,-90.120241,29.934187,-112,-13,4.0,0,142,D,PERIODIC,-104.0,-11.0,7.0,h66,3,1,3
2025.11.11,11.19.15,-90.120241,29.934187,-112,-13,4.0,0,7206,D,PERIODIC,-104.0,-11.0,7.0,h66,3,1,3
2025.11.11,11.19.16,-90.120241,29.934187,-112,-13,4.0,6,5,D,PERIODIC,-104.0,-11.0,7.0,h66,3,1,3
2025.11.11,11.19.17,-90.120241,29.934187,-112,-13,4.0,5,5,D,PERIODIC,-104.0,-11.0,7.0,h66,3,1,3
2025.11.11,11.19.18,-90.120241,29.934187,-112,-13,4.0,4,4,D,PERIODIC,-104.0,-11.0,7.0,h66,3,1,3
2025.11.11,11.19.19,-90.120241,29.934187,-112,-13,4.0,5,5,D,PERIODIC,-104.0,-11.0,7.0,h66,3,1,3
2025.11.11,11.19.20,-90.120241,29.934187,-112,-13,4.0,9,10,D,PERIODIC,-105.0,-12.0,7.0,h66,3,1,3
2025.11.11,11.19.21,-90.120241,29.934187,-112,-13,4.0,22,22,D,PERIODIC,-105.0,-12.0,7.0,h66,3,1,3
2025.11.11,11.19.22,-90.120241,29.934187,-112,-13,4.0,5,5,D,PERIODIC,-105.0,-12.0,7.0,h66,3,1,3
2025.11.11,11.19.23,-90.120241,29.934187,-112,-13,4.0,0,0,I,PERIODIC,-105.0,-12.0,7.0,h66,3,1,3
2025.11.11,11.19.24,-90.120241,29.934187,-112,-13,4.0,5,5,D,PERIODIC,-105.0,-12.0,7.0,h66,3,1,3
2025.11.11,11.19.25,-90.120241,29.934187,-112,-13,4.0,0,13254,D,PERIODIC,-105.0,-12.0,7.0,h66,3,1,3
2025.11.11,11.19.26,-90.120241,29.934187,-112,-13,4.0,0,5,D,PERIODIC,-105.0,-12.0,7.0,h66,3,1,3
2025.11.11,11.19.27,-90.120241,29.934187,-112,-13,4.0,8,9,D,PERIODIC,-105.0,-12.0,7.0,h66,3,1,3
2025.11.11,11.19.28,-90.120241,29.934187,-112,-13,4.0,4,4,D,PERIODIC,-105.0,-12.0,7.0,h66,3,1,3
2025.11.11,11.19.29,-90.120241,29.934187,-112,-13,4.0,12,11,D,PERIODIC,-105.0,-12.0,7.0,h66,3,1,3
2025.11.11,11.19.30,-90.120241,29.934187,-112,-13,4.0,10,11,D,PERIODIC,-104.0,-12.0,7.0,h66,3,1,3
2025.11.11,11.19.31,-90.120241,29.934187,-112,-13,4.0,0,4,D,PERIODIC,-104.0,-12.0,7.0,h66,3,1,3
2025.11.11,11.19.32,-90.120241,29.934187,-112,-13,4.0,0,8,D,PERIODIC,-104.0,-12.0,7.0,h66,3,1,3
2025.11.11,11.19.33,-90.120241,29.934187,-112,-13,4.0,0,4,D,PERIODIC,-104.0,-12.0,7.0,h66,3,1,3
2025.11.11,11.19.34,-90.120241,29.934187,-112,-13,4.0,5,5,D,PERIODIC,-104.0,-12.0,7.0,h66,3,1,3
2025.11.11,11.19.35,-90.120241,29.934187,-112,-13,4.0,8,7,D,PERIODIC,-104.0,-12.0,7.0,h66,3,1,3
2025.11.11,11.19.36,-90.120241,29.934187,-112,-13,4.0,21,23,D,PERIODIC,-104.0,-12.0,7.0,h66,3,1,3
2025.11.11,11.19.37,-90.120241,29.934187,-112,-13,4.0,39,39,D,PERIODIC,-104.0,-12.0,7.0,h66,3,1,3
2025.11.11,11.19.38,-90.120241,29.934187,-112,-13,4.0,0,32,D,PERIODIC,-104.0,-12.0,7.0,h66,3,1,3
2025.11.11,11.19.39,-90.120241,29.934187,-112,-13,4.0,7,7,D,PERIODIC,-104.0,-11.0,7.0,h66,3,1,3
2025.11.11,11.19.40,-90.120241,29.934187,-112,-13,4.0,21492,19151,D,PERIODIC,-104.0,-11.0,7.0,h66,3,1,3
2025.11.11,11.19.41,-90.120241,29.934187,-112,-13,4.0,5,5,D,PERIODIC,-104.0,-11.0,7.0,h66,3,1,3
2025.11.11,11.19.42,-90.120241,29.934187,-112,-13,4.0,0,6,D,PERIODIC,-104.0,-11.0,7.0,h66,3,1,3
2025.11.11,11.19.43,-90.120241,29.934187,-112,-13,4.0,4,4,D,PERIODIC,-104.0,-11.0,7.0,h66,3,1,3
2025.11.11,11.19.44,-90.120241,29.934187,-112,-13,4.0,4,6,D,PERIODIC,-104.0,-11.0,7.0,h66,3,1,3
2025.11.11,11.19.45,-90.120241,29.934187,-112,-13,4.0,77545,6936,D,PERIODIC,-104.0,-11.0,7.0,h66,3,1,3
2025.11.11,11.19.46,-90.120241,29.934187,-112,-13,4.0,3,3,D,PERIODIC,-104.0,-11.0,7.0,h66,3,1,3
2025.11.11,11.19.47,-90.120241,29.934187,-112,-13,4.0,27,27,D,PERIODIC,-104.0,-11.0,7.0,h66,3,1,3
2025.11.11,11.19.48,-90.120241,29.934187,-112,-13,4.0,0,9,D,PERIODIC,-104.0,-11.0,7.0,h66,3,1,3
2025.11.11,11.19.49,-90.120241,29.934187,-112,-13,4.0,0,7,D,PERIODIC,-105.0,-11.0,7.0,h66,3,1,3
2025.11.11,11.19.50,-90.120241,29.934187,-112,-13,4.0,40899,7020,D,PERIODIC,-105.0,-11.0,7.0,h66,3,1,3
2025.11.11,11.19.51,-90.120241,29.934187,-112,-13,4.0,7,7,D,PERIODIC,-105.0,-11.0,7.0,h66,3,1,3
2025.11.11,11.19.52,-90.120241,29.934187,-112,-13,4.0,4,4,D,PERIODIC,-105.0,-11.0,7.0,h66,3,1,3
2025.11.11,11.19.53,-90.120241,29.934187,-112,-13,4.0,8,8,D,PERIODIC,-105.0,-11.0,7.0,h66,3,1,3
2025.11.11,11.19.54,-90.120241,29.934187,-112,-13,4.0,64,56,D,PERIODIC,-105.0,-11.0,7.0,h66,3,1,3
2025.11.11,11.19.55,-90.120241,29.934187,-112,-13,4.0,0,0,I,PERIODIC,-105.0,-11.0,7.0,h66,3,1,3
2025.11.11,11.19.56,-90.120241,29.934187,-112,-13,4.0,39898,6797,D,PERIODIC,-105.0,-11.0,7.0,h66,3,1,3
2025.11.11,11.19.57,-90.120241,29.934187,-112,-13,4.0,0,5,D,PERIODIC,-105.0,-11.0,7.0,h66,3,1,3
2025.11.11,11.19.58,-90.120241,29.934187,-112,-13,4.0,4,4,D,PERIODIC,-105.0,-11.0,7.0,h66,3,1,3
2025.11.11,11.19.59,-90.120241,29.934187,-112,-13,4.0,10,9,D,PERIODIC,-104.0,-12.0,7.0,h66,3,1,3
2025.11.11,11.20.00,-90.120241,29.934187,-112,-13,4.0,72485,6946,D,PERIODIC,-104.0,-12.0,7.0,h66,3,1,3
2025.11.11,11.20.01,-90.120241,29.934187,-112,-13,4.0,12,12,D,PERIODIC,-104.0,-12.0,7.0,h66,3,1,3
2025.11.11,11.20.02,-90.120241,29.934187,-112,-13,4.0,5,6,D,PERIODIC,-104.0,-12.0,7.0,h66,3,1,3
2025.11.11,11.20.03,-90.120241,29.934187,-112,-13,4.0,4,4,D,PERIODIC,-104.0,-12.0,7.0,h66,3,1,3
2025.11.11,11.20.04,-90.120241,29.934187,-112,-13,4.0,6,6,D,PERIODIC,-104.0,-12.0,7.0,h66,3,1,3
2025.11.11,11.20.05,-90.120241,29.934187,-112,-13,4.0,70561,5792,D,PERIODIC,-104.0,-12.0,7.0,h66,3,1,3
2025.11.11,11.20.06,-90.120241,29.934187,-112,-13,4.0,0,0,I,PERIODIC,-104.0,-12.0,7.0,h66,3,1,3
2025.11.11,11.20.07,-90.120241,29.934187,-112,-13,4.0,6,6,D,PERIODIC,-104.0,-12.0,7.0,h66,3,1,3
2025.11.11,11.20.08,-90.120241,29.934187,-112,-13,4.0,9,9,D,PERIODIC,-104.0,-12.0,7.0,h66,3,1,3
2025.11.11,11.20.09,-90.120241,29.934187,-112,-13,4.0,0,10,D,PERIODIC,-103.0,-13.0,7.0,h66,3,1,3
2025.11.11,11.20.10,-90.120241,29.934187,-112,-13,4.0,72776,7212,D,PERIODIC,-103.0,-13.0,7.0,h66,3,1,3
2025.11.11,11.20.11,-90.120241,29.934187,-112,-13,4.0,13,13,D,PERIODIC,-103.0,-13.0,7.0,h66,3,1,3
2025.11.11,11.20.12,-90.120241,29.934187,-112,-13,4.0,0,0,I,PERIODIC,-103.0,-13.0,7.0,h66,3,1,3
2025.11.11,11.20.13,-90.120241,29.934187,-112,-13,4.0,92,76,D,PERIODIC,-103.0,-13.0,7.0,h66,3,1,3
2025.11.11,11.20.14,-90.120241,29.934187,-112,-13,4.0,14,4,D,PERIODIC,-103.0,-13.0,7.0,h66,3,1,3
2025.11.11,11.20.15,-90.120241,29.934187,-112,-13,4.0,75948,7997,D,PERIODIC,-103.0,-13.0,7.0,h66,3,1,3
2025.11.11,11.20.16,-90.120241,29.934187,-112,-13,4.0,6,6,D,PERIODIC,-103.0,-13.0,7.0,h66,3,1,3
2025.11.11,11.20.17,-90.120241,29.934187,-112,-13,4.0,5,5,D,PERIODIC,-103.0,-13.0,7.0,h66,3,1,3
2025.11.11,11.20.18,-90.120241,29.934187,-112,-13,4.0,4,4,D,PERIODIC,-103.0,-13.0,7.0,h66,3,1,3
2025.11.11,11.20.19,-90.120241,29.934187,-112,-13,4.0,4,4,D,PERIODIC,-103.0,-13.0,7.0,h66,3,1,3
2025.11.11,11.20.20,-90.120241,29.934187,-112,-13,4.0,0,0,I,HANDOVER_DATA_5G5G,-103.0,-12.0,7.0,h66,3,1,3
2025.11.11,11.20.21,-90.120241,29.934187,-112,-13,4.0,0,14,D,PERIODIC,-103.0,-12.0,7.0,h66,3,1,3
2025.11.11,11.20.22,-90.120241,29.934187,-112,-13,4.0,42,38,D,PERIODIC,-103.0,-12.0,7.0,h66,3,1,3
2025.11.11,11.20.23,-90.120241,29.934187,-112,-13,4.0,13,11,D,PERIODIC,-103.0,-12.0,7.0,h66,3,1,3
2025.11.11,11.20.24,-90.120241,29.934187,-112,-13,4.0,4,4,D,PERIODIC,-103.0,-12.0,7.0,h66,3,1,3
2025.11.11,11.20.25,-90.120241,29.934187,-112,-13,4.0,0,6379,D,PERIODIC,-103.0,-12.0,7.0,h66,3,1,3
2025.11.11,11.20.26,-90.120241,29.934187,-112,-13,4.0,0,8,D,PERIODIC,-103.0,-12.0,7.0,h66,3,1,3
2025.11.11,11.20.27,-90.120241,29.934187,-112,-13,4.0,8,9,D,PERIODIC,-103.0,-12.0,7.0,h66,3,1,3
2025.11.11,11.20.28,-90.120241,29.934187,-112,-13,4.0,3,3,D,PERIODIC,-103.0,-12.0,7.0,h66,3,1,3
2025.11.11,11.20.29,-90.120241,29.934187,-112,-13,4.0,11,10,D,PERIODIC,-103.0,-12.0,7.0,h66,3,1,3
2025.11.11,11.20.30,-90.120241,29.934187,-112,-13,4.0,73790,6299,D,PERIODIC,-103.0,-12.0,7.0,h66,3,1,3
2025.11.11,11.20.31,-90.120241,29.934187,-112,-13,4.0,7,7,D,PERIODIC,-103.0,-12.0,7.0,h66,3,1,3
2025.11.11,11.20.32,-90.120241,29.934187,-112,-13,4.0,3,3,D,PERIODIC,-103.0,-12.0,7.0,h66,3,1,3
2025.11.11,11.20.33,-90.120241,29.934187,-112,-13,4.0,3,3,D,PERIODIC,-103.0,-12.0,7.0,h66,3,1,3
2025.11.11,11.20.34,-90.120241,29.934187,-112,-13,4.0,5,5,D,PERIODIC,-103.0,-12.0,7.0,h66,3,1,3
2025.11.11,11.20.35,-90.120241,29.934187,-112,-13,4.0,0,0,I,PERIODIC,-103.0,-12.0,7.0,h66,3,1,3
2025.11.11,11.20.36,-90.120241,29.934187,-112,-13,4.0,38035,6,D,PERIODIC,-103.0,-12.0,7.0,h66,3,1,3
2025.11.11,11.20.37,-90.120241,29.934187,-112,-13,4.0,68,77,D,PERIODIC,-103.0,-12.0,7.0,h66,3,1,3
2025.11.11,11.20.38,-90.120241,29.934187,-112,-13,4.0,16,18,D,PERIODIC,-103.0,-12.0,7.0,h66,3,1,3
2025.11.11,11.20.39,-90.120241,29.934187,-112,-13,4.0,0,0,I,PERIODIC,-104.0,-12.0,7.0,h66,3,1,3
2025.11.11,11.20.40,-90.120241,29.934187,-112,-13,4.0,27817,6715,D,PERIODIC,-104.0,-12.0,7.0,h66,3,1,3
2025.11.11,11.20.41,-90.120241,29.934187,-112,-13,4.0,0,0,I,PERIODIC,-104.0,-12.0,7.0,h66,3,1,3
2025.11.11,11.20.42,-90.120241,29.934187,-112,-13,4.0,4,4,D,PERIODIC,-104.0,-12.0,7.0,h66,3,1,3
2025.11.11,11.20.43,-90.120241,29.934187,-112,-13,4.0,4,4,D,PERIODIC,-104.0,-12.0,7.0,h66,3,1,3
2025.11.11,11.20.44,-90.120241,29.934187,-112,-13,4.0,3,3,D,PERIODIC,-104.0,-12.0,7.0,h66,3,1,3
2025.11.11,11.20.45,-90.120241,29.934187,-112,-13,4.0,30669,5953,D,PERIODIC,-104.0,-12.0,7.0,h66,3,1,3
2025.11.11,11.20.46,-90.120241,29.934187,-112,-13,4.0,3,3,D,PERIODIC,-104.0,-12.0,7.0,h66,3,1,3
2025.11.11,11.20.47,-90.120241,29.934187,-112,-13,4.0,4,4,D,PERIODIC,-104.0,-12.0,7.0,h66,3,1,3
2025.11.11,11.20.48,-90.120241,29.934187,-112,-13,4.0,0,10,D,PERIODIC,-104.0,-12.0,7.0,h66,3,1,3
2025.11.11,11.20.49,-90.120241,29.934187,-112,-13,4.0,14,13,D,PERIODIC,-103.0,-13.0,7.0,h66,3,1,3
2025.11.11,11.20.50,-90.120241,29.934187,-112,-13,4.0,38608,6681,D,PERIODIC,-103.0,-13.0,7.0,h66,3,1,3
2025.11.11,11.20.51,-90.120241,29.934187,-112,-13,4.0,3,3,D,PERIODIC,-103.0,-13.0,7.0,h66,3,1,3
2025.11.11,11.20.52,-90.120241,29.934187,-112,-13,4.0,5,6,D,PERIODIC,-103.0,-13.0,7.0,h66,3,1,3
2025.11.11,11.20.53,-90.120241,29.934187,-112,-13,4.0,0,3,D,PERIODIC,-103.0,-13.0,7.0,h66,3,1,3
2025.11.11,11.20.54,-90.120241,29.934187,-112,-13,4.0,15,11,D,PERIODIC,-103.0,-13.0,7.0,h66,3,1,3
2025.11.11,11.20.55,-90.120241,29.934187,-112,-13,4.0,73446,6446,D,PERIODIC,-103.0,-13.0,7.0,h66,3,1,3
2025.11.11,11.20.56,-90.120241,29.934187,-112,-13,4.0,0,4,D,PERIODIC,-103.0,-13.0,7.0,h66,3,1,3
2025.11.11,11.20.57,-90.120241,29.934187,-112,-13,4.0,4,4,D,PERIODIC,-103.0,-13.0,7.0,h66,3,1,3
2025.11.11,11.20.58,-90.120241,29.934187,-112,-13,4.0,4,4,D,PERIODIC,-103.0,-13.0,7.0,h66,3,1,3
2025.11.11,11.20.59,-90.120241,29.934187,-112,-13,4.0,10,15,D,PERIODIC,-104.0,-12.0,7.0,h66,3,1,3
2025.11.11,11.21.00,-90.120241,29.934187,-112,-13,4.0,0,6495,D,PERIODIC,-104.0,-12.0,7.0,h66,3,1,3
2025.11.11,11.21.01,-90.120241,29.934187,-112,-13,4.0,2,2,D,PERIODIC,-104.0,-12.0,7.0,h66,3,1,3
2025.11.11,11.21.02,-90.120241,29.934187,-112,-13,4.0,6,6,D,PERIODIC,-104.0,-12.0,7.0,h66,3,1,3
2025.11.11,11.21.03,-90.120241,29.934187,-112,-13,4.0,3,3,D,PERIODIC,-104.0,-12.0,7.0,h66,3,1,3
2025.11.11,11.21.04,-90.120241,29.934187,-112,-13,4.0,0,0,I,PERIODIC,-104.0,-12.0,7.0,h66,3,1,3
2025.11.11,11.21.05,-90.120241,29.934187,-112,-13,4.0,90475,6121,D,PERIODIC,-104.0,-12.0,7.0,h66,3,1,3
2025.11.11,11.21.06,-90.120241,29.934187,-112,-13,4.0,8,8,D,PERIODIC,-104.0,-12.0,7.0,h66,3,1,3
2025.11.11,11.21.07,-90.120241,29.934187,-112,-13,4.0,3,4,D,PERIODIC,-104.0,-12.0,7.0,h66,3,1,3
2025.11.11,11.21.08,-90.120241,29.934187,-112,-13,4.0,8,8,D,PERIODIC,-104.0,-12.0,7.0,h66,3,1,3
2025.11.11,11.21.09,-90.120241,29.934187,-112,-13,4.0,5,5,D,PERIODIC,-103.0,-12.0,7.0,h66,3,1,3
2025.11.11,11.21.10,-90.120241,29.934187,-112,-13,4.0,35249,6596,D,PERIODIC,-103.0,-12.0,7.0,h66,3,1,3
2025.11.11,11.21.11,-90.120241,29.934187,-112,-13,4.0,7,7,D,PERIODIC,-103.0,-12.0,7.0,h66,3,1,3
2025.11.11,11.21.12,-90.120241,29.934187,-112,-13,4.0,87,89,D,PERIODIC,-103.0,-12.0,7.0,h66,3,1,3
2025.11.11,11.21.13,-90.120241,29.934187,-112,-13,4.0,3,3,D,PERIODIC,-103.0,-12.0,7.0,h66,3,1,3
2025.11.11,11.21.14,-90.120241,29.934187,-112,-13,4.0,0,3,D,PERIODIC,-103.0,-12.0,7.0,h66,3,1,3
2025.11.11,11.21.15,-90.120241,29.934187,-112,-13,4.0,75733,7787,D,PERIODIC,-103.0,-12.0,7.0,h66,3,1,3
2025.11.11,11.21.16,-90.120241,29.934187,-112,-13,4.0,4,4,D,PERIODIC,-103.0,-12.0,7.0,h66,3,1,3
2025.11.11,11.21.17,-90.120241,29.934187,-112,-13,4.0,0,0,I,PERIODIC,-103.0,-12.0,7.0,h66,3,1,3
2025.11.11,11.21.18,-90.120241,29.934187,-112,-13,4.0,4,4,D,PERIODIC,-103.0,-12.0,7.0,h66,3,1,3
2025.11.11,11.21.19,-90.120241,29.934187,-112,-13,4.0,4,4,D,PERIODIC,-104.0,-13.0,7.0,h66,3,1,3
2025.11.11,11.21.20,-90.120241,29.934187,-112,-13,4.0,36718,6656,D,PERIODIC,-104.0,-13.0,7.0,h66,3,1,3
2025.11.11,11.21.21,-90.120241,29.934187,-112,-13,4.0,7,6,D,PERIODIC,-104.0,-13.0,7.0,h66,3,1,3
2025.11.11,11.21.22,-90.120241,29.934187,-112,-13,4.0,5,6,D,PERIODIC,-104.0,-13.0,7.0,h66,3,1,3
2025.11.11,11.21.23,-90.120241,29.934187,-112,-13,4.0,5,5,D,PERIODIC,-104.0,-13.0,7.0,h66,3,1,3
2025.11.11,11.21.24,-90.120241,29.934187,-112,-13,4.0,2,2,D,PERIODIC,-104.0,-13.0,7.0,h66,3,1,3
2025.11.11,11.21.25,-90.120241,29.934187,-112,-13,4.0,0,7013,D,PERIODIC,-104.0,-13.0,7.0,h66,3,1,3
2025.11.11,11.21.26,-90.120241,29.934187,-112,-13,4.0,7,7,D,PERIODIC,-104.0,-13.0,7.0,h66,3,1,3
2025.11.11,11.21.27,-90.120241,29.934187,-112,-13,4.0,5,5,D,PERIODIC,-104.0,-13.0,7.0,h66,3,1,3
2025.11.11,11.21.28,-90.120241,29.934187,-112,-13,4.0,3,3,D,PERIODIC,-104.0,-13.0,7.0,h66,3,1,3
2025.11.11,11.21.29,-90.120241,29.934187,-112,-13,4.0,0,3,D,PERIODIC,-103.0,-12.0,7.0,h66,3,1,3
2025.11.11,11.21.30,-90.120241,29.934187,-112,-13,4.0,0,0,I,PERIODIC,-103.0,-12.0,7.0,h66,3,1,3
2025.11.11,11.21.31,-90.120241,29.934187,-112,-13,4.0,6,6,D,PERIODIC,-103.0,-12.0,7.0,h66,3,1,3
2025.11.11,11.21.32,-90.120241,29.934187,-112,-13,4.0,4,4,D,PERIODIC,-103.0,-12.0,7.0,h66,3,1,3
2025.11.11,11.21.33,-90.120241,29.934187,-112,-13,4.0,0,4,D,PERIODIC,-103.0,-12.0,7.0,h66,3,1,3
2025.11.11,11.21.34,-90.120241,29.934187,-112,-13,4.0,4,4,D,PERIODIC,-103.0,-12.0,7.0,h66,3,1,3
2025.11.11,11.21.35,-90.120241,29.934187,-112,-13,4.0,36824,7484,D,PERIODIC,-103.0,-12.0,7.0,h66,3,1,3
2025.11.11,11.21.36,-90.120241,29.934187,-112,-13,4.0,3,3,D,PERIODIC,-103.0,-12.0,7.0,h66,3,1,3
2025.11.11,11.21.37,-90.120241,29.934187,-112,-13,4.0,6,6,D,PERIODIC,-103.0,-12.0,7.0,h66,3,1,3
2025.11.11,11.21.38,-90.120241,29.934187,-112,-13,4.0,5,5,D,PERIODIC,-103.0,-12.0,7.0,h66,3,1,3
2025.11.11,11.21.39,-90.120241,29.934187,-112,-13,4.0,0,0,I,PERIODIC,-103.0,-13.0,7.0,h66,3,1,3
2025.11.11,11.21.40,-90.120241,29.934187,-112,-13,4.0,4,4,D,PERIODIC,-103.0,-13.0,7.0,h66,3,1,3
2025.11.11,11.21.41,-90.120241,29.934187,-112,-13,4.0,4,4,D,PERIODIC,-103.0,-13.0,7.0,h66,3,1,3
2025.11.11,11.21.42,-90.120241,29.934187,-112,-13,4.0,5,5,D,PERIODIC,-103.0,-13.0,7.0,h66,3,1,3
2025.11.11,11.21.43,-90.120241,29.934187,-112,-13,4.0,4,4,D,PERIODIC,-103.0,-13.0,7.0,h66,3,1,3
2025.11.11,11.21.44,-90.120241,29.934187,-112,-13,4.0,5,5,D,PERIODIC,-103.0,-13.0,7.0,h66,3,1,3
2025.11.11,11.21.45,-90.120241,29.934187,-112,-13,4.0,0,0,I,PERIODIC,-103.0,-13.0,7.0,h66,3,1,3
2025.11.11,11.21.46,-90.120241,29.934187,-112,-13,4.0,34766,4,D,PERIODIC,-103.0,-13.0,7.0,h66,3,1,3
2025.11.11,11.21.47,-90.120241,29.934187,-112,-13,4.0,5,5,D,PERIODIC,-103.0,-13.0,7.0,h66,3,1,3
2025.11.11,11.21.48,-90.120241,29.934187,-112,-13,4.0,4,4,D,PERIODIC,-103.0,-13.0,7.0,h66,3,1,3
2025.11.11,11.21.49,-90.120241,29.934187,-112,-13,4.0,3,3,D,PERIODIC,-103.0,-13.0,7.0,h66,3,1,3
2025.11.11,11.21.50,-90.120241,29.934187,-112,-13,4.0,59355,7119,D,PERIODIC,-103.0,-13.0,7.0,h66,3,1,3
2025.11.11,11.21.51,-90.120241,29.934187,-112,-13,4.0,4,4,D,PERIODIC,-103.0,-13.0,7.0,h66,3,1,3
2025.11.11,11.21.52,-90.120241,29.934187,-112,-13,4.0,5,5,D,PERIODIC,-103.0,-13.0,7.0,h66,3,1,3
2025.11.11,11.21.53,-90.120241,29.934187,-112,-13,4.0,0,4,D,PERIODIC,-103.0,-13.0,7.0,h66,3,1,3
2025.11.11,11.21.54,-90.120241,29.934187,-112,-13,4.0,22,23,D,PERIODIC,-103.0,-13.0,7.0,h66,3,1,3
2025.11.11,11.21.55,-90.120241,29.934187,-112,-13,4.0,10608,7425,D,PERIODIC,-103.0,-13.0,7.0,h66,3,1,3
2025.11.11,11.21.56,-90.120241,29.934187,-112,-13,4.0,4,4,D,PERIODIC,-103.0,-13.0,7.0,h66,3,1,3
2025.11.11,11.21.57,-90.120241,29.934187,-112,-13,4.0,0,5,D,PERIODIC,-103.0,-13.0,7.0,h66,3,1,3
2025.11.11,11.21.58,-90.120241,29.934187,-112,-13,4.0,8,8,D,PERIODIC,-103.0,-13.0,7.0,h66,3,1,3
2025.11.11,11.21.59,-90.120241,29.934187,-112,-13,4.0,0,4,D,PERIODIC,-104.0,-12.0,7.0,h66,3,1,3
2025.11.11,11.22.00,-90.120241,29.934187,-112,-13,4.0,28892,7747,D,PERIODIC,-104.0,-12.0,7.0,h66,3,1,3
2025.11.11,11.22.01,-90.120241,29.934187,-112,-13,4.0,0,3,D,PERIODIC,-104.0,-12.0,7.0,h66,3,1,3
2025.11.11,11.22.02,-90.120241,29.934187,-112,-13,4.0,4,4,D,PERIODIC,-104.0,-12.0,7.0,h66,3,1,3
2025.11.11,11.22.03,-90.120241,29.934187,-112,-13,4.0,0,5,D,PERIODIC,-104.0,-12.0,7.0,h66,3,1,3
2025.11.11,11.22.04,-90.120241,29.934187,-112,-13,4.0,3,3,D,PERIODIC,-104.0,-12.0,7.0,h66,3,1,3
2025.11.11,11.22.05,-90.120241,29.934187,-112,-13,4.0,0,7108,D,PERIODIC,-104.0,-12.0,7.0,h66,3,1,3
2025.11.11,11.22.06,-90.120241,29.934187,-112,-13,4.0,3,3,D,PERIODIC,-104.0,-12.0,7.0,h66,3,1,3
2025.11.11,11.22.07,-90.120241,29.934187,-112,-13,4.0,4,4,D,PERIODIC,-104.0,-12.0,7.0,h66,3,1,3
2025.11.11,11.22.08,-90.120241,29.934187,-112,-13,4.0,0,4,D,PERIODIC,-104.0,-12.0,7.0,h66,3,1,3
2025.11.11,11.22.09,-90.120241,29.934187,-112,-13,4.0,0,0,I,PERIODIC,-104.0,-13.0,7.0,h66,3,1,3
2025.11.11,11.22.10,-90.120241,29.934187,-112,-13,4.0,12,8658,D,PERIODIC,-104.0,-13.0,7.0,h66,3,1,3
2025.11.11,11.22.11,-90.120241,29.934187,-112,-13,4.0,7,7,D,PERIODIC,-104.0,-13.0,7.0,h66,3,1,3
2025.11.11,11.22.12,-90.120241,29.934187,-112,-13,4.0,78,78,D,PERIODIC,-104.0,-13.0,7.0,h66,3,1,3
2025.11.11,11.22.13,-90.120241,29.934187,-112,-13,4.0,3,3,D,PERIODIC,-104.0,-13.0,7.0,h66,3,1,3
2025.11.11,11.22.14,-90.120241,29.934187,-112,-13,4.0,3,3,D,PERIODIC,-104.0,-13.0,7.0,h66,3,1,3
2025.11.11,11.22.15,-90.120241,29.934187,-112,-13,4.0,37674,8490,D,PERIODIC,-104.0,-13.0,7.0,h66,3,1,3
2025.11.11,11.22.16,-90.120241,29.934187,-112,-13,4.0,10,10,D,PERIODIC,-104.0,-13.0,7.0,h66,3,1,3
2025.11.11,11.22.17,-90.120241,29.934187,-112,-13,4.0,4,4,D,PERIODIC,-104.0,-13.0,7.0,h66,3,1,3
2025.11.11,11.22.18,-90.120241,29.934187,-112,-13,4.0,3,3,D,PERIODIC,-104.0,-13.0,7.0,h66,3,1,3
2025.11.11,11.22.19,-90.120241,29.934187,-112,-13,4.0,4,4,D,PERIODIC,-104.0,-12.0,7.0,h66,3,1,3
2025.11.11,11.22.20,-90.120241,29.934187,-112,-13,4.0,3,3,D,PERIODIC,-104.0,-12.0,7.0,h66,3,1,3
2025.11.11,11.22.21,-90.120241,29.934187,-112,-13,4.0,10,8,D,PERIODIC,-104.0,-12.0,7.0,h66,3,1,3
2025.11.11,11.22.22,-90.120241,29.934187,-112,-13,4.0,3,3,D,PERIODIC,-104.0,-12.0,7.0,h66,3,1,3
2025.11.11,11.22.23,-90.120241,29.934187,-112,-13,4.0,5,5,D,PERIODIC,-104.0,-12.0,7.0,h66,3,1,3
2025.11.11,11.22.24,-90.120241,29.934187,-112,-13,4.0,1,1,D,PERIODIC,-104.0,-12.0,7.0,h66,3,1,3
2025.11.11,11.22.25,-90.120241,29.934187,-112,-13,4.0,4,4,D,PERIODIC,-104.0,-12.0,7.0,h66,3,1,3
2025.11.11,11.22.26,-90.120241,29.934187,-112,-13,4.0,4,4,D,PERIODIC,-104.0,-12.0,7.0,h66,3,1,3
2025.11.11,11.22.27,-90.120241,29.934187,-112,-13,4.0,8,8,D,PERIODIC,-104.0,-12.0,7.0,h66,3,1,3
2025.11.11,11.22.28,-90.120241,29.934187,-112,-13,4.0,3,3,D,PERIODIC,-104.0,-12.0,7.0,h66,3,1,3
2025.11.11,11.22.29,-90.120241,29.934187,-112,-13,4.0,0,3,D,PERIODIC,-104.0,-12.0,7.0,h66,3,1,3
2025.11.11,11.22.30,-90.120241,29.934187,-112,-13,4.0,0,0,I,PERIODIC,-104.0,-12.0,7.0,h66,3,1,3
2025.11.11,11.22.31,-90.120241,29.934187,-112,-13,4.0,2363,24093,D,PERIODIC,-104.0,-12.0,7.0,h66,3,1,3
2025.11.11,11.22.32,-90.120241,29.934187,-112,-13,4.0,6,6,D,PERIODIC,-104.0,-12.0,7.0,h66,3,1,3
2025.11.11,11.22.33,-90.120241,29.934187,-112,-13,4.0,2,2,D,PERIODIC,-104.0,-12.0,7.0,h66,3,1,3
2025.11.11,11.22.34,-90.120241,29.934187,-112,-13,4.0,3,3,D,PERIODIC,-104.0,-12.0,7.0,h66,3,1,3
2025.11.11,11.22.35,-90.120241,29.934187,-112,-13,4.0,32527,7576,D,PERIODIC,-104.0,-12.0,7.0,h66,3,1,3
2025.11.11,11.22.36,-90.120241,29.934187,-112,-13,4.0,3,6,D,PERIODIC,-104.0,-12.0,7.0,h66,3,1,3
2025.11.11,11.22.37,-90.120241,29.934187,-112,-13,4.0,4,4,D,PERIODIC,-104.0,-12.0,7.0,h66,3,1,3
2025.11.11,11.22.38,-90.120241,29.934187,-112,-13,4.0,5,5,D,PERIODIC,-104.0,-12.0,7.0,h66,3,1,3
2025.11.11,11.22.39,-90.120241,29.934187,-112,-13,4.0,3,4,D,PERIODIC,-103.0,-13.0,7.0,h66,3,1,3
2025.11.11,11.22.40,-90.120241,29.934187,-112,-13,4.0,0,0,I,PERIODIC,-103.0,-13.0,7.0,h66,3,1,3
2025.11.11,11.22.41,-90.120241,29.934187,-112,-13,4.0,0,0,I,PERIODIC,-103.0,-13.0,7.0,h66,3,1,3
2025.11.11,11.22.42,-90.120241,29.934187,-112,-13,4.0,6,6,D,PERIODIC,-103.0,-13.0,7.0,h66,3,1,3
2025.11.11,11.22.43,-90.120241,29.934187,-112,-13,4.0,5,5,D,PERIODIC,-103.0,-13.0,7.0,h66,3,1,3
2025.11.11,11.22.44,-90.120241,29.934187,-112,-13,4.0,0,0,I,PERIODIC,-103.0,-13.0,7.0,h66,3,1,3
2025.11.11,11.22.45,-90.120241,29.934187,-112,-13,4.0,1,1,D,PERIODIC,-103.0,-13.0,7.0,h66,3,1,3
2025.11.11,11.22.46,-90.120241,29.934187,-112,-13,4.0,0,0,I,PERIODIC,-103.0,-13.0,7.0,h66,3,1,3
2025.11.11,11.22.47,-90.120241,29.934187,-112,-13,4.0,0,0,I,PERIODIC,-103.0,-13.0,7.0,h66,3,1,3
2025.11.11,11.22.48,-90.120241,29.934187,-112,-13,4.0,0,12,D,PERIODIC,-103.0,-13.0,7.0,h66,3,1,3
2025.11.11,11.22.49,-90.120241,29.934187,-112,-13,4.0,0,0,I,PERIODIC,-103.0,-11.0,7.0,h66,3,1,3
2025.11.11,11.22.50,-90.120241,29.934187,-112,-13,4.0,0,10207,D,PERIODIC,-103.0,-11.0,7.0,h66,3,1,3
2025.11.11,11.22.51,-90.120241,29.934187,-112,-13,4.0,0,0,I,PERIODIC,-103.0,-11.0,7.0,h66,3,1,3
2025.11.11,11.22.52,-90.120241,29.934187,-112,-13,4.0,0,0,I,PERIODIC,-103.0,-11.0,7.0,h66,3,1,3
2025.11.11,11.22.53,-90.120241,29.934187,-112,-13,4.0,0,0,I,PERIODIC,-103.0,-11.0,7.0,h66,3,1,3
2025.11.11,11.22.54,-90.120241,29.934187,-112,-13,4.0,0,2,D,PERIODIC,-103.0,-11.0,7.0,h66,3,1,3
2025.11.11,11.22.55,-90.120241,29.934187,-112,-13,4.0,0,328,D,PERIODIC,-103.0,-11.0,7.0,h66,3,1,3
2025.11.11,11.22.56,-90.120241,29.934187,-112,-13,4.0,7,5,D,PERIODIC,-103.0,-11.0,7.0,h66,3,1,3
2025.11.11,11.22.57,-90.120241,29.934187,-112,-13,4.0,4,4,D,PERIODIC,-103.0,-11.0,7.0,h66,3,1,3
2025.11.11,11.22.58,-90.120241,29.934187,-112,-13,4.0,11,11,D,PERIODIC,-103.0,-11.0,7.0,h66,3,1,3
2025.11.11,11.22.59,-90.120241,29.934187,-112,-13,4.0,0,0,I,PERIODIC,-103.0,-13.0,7.0,h66,3,1,3
2025.11.11,11.23.00,-90.120241,29.934187,-112,-13,4.0,76230,2737,D,PERIODIC,-103.0,-13.0,7.0,h66,3,1,3
2025.11.11,11.23.01,-90.120241,29.934187,-112,-13,4.0,0,0,I,PERIODIC,-103.0,-13.0,7.0,h66,3,1,3
2025.11.11,11.23.02,-90.120241,29.934187,-112,-13,4.0,2,2,D,PERIODIC,-103.0,-13.0,7.0,h66,3,1,3
2025.11.11,11.23.03,-90.120241,29.934187,-112,-13,4.0,5,5,D,PERIODIC,-103.0,-13.0,7.0,h66,3,1,3
2025.11.11,11.23.04,-90.120241,29.934187,-112,-13,4.0,2,2,D,PERIODIC,-103.0,-13.0,7.0,h66,3,1,3
2025.11.11,11.23.05,-90.120241,29.934187,-112,-13,4.0,75535,632,D,PERIODIC,-103.0,-13.0,7.0,h66,3,1,3
2025.11.11,11.23.06,-90.120241,29.934187,-112,-13,4.0,0,0,I,PERIODIC,-103.0,-13.0,7.0,h66,3,1,3
2025.11.11,11.23.07,-90.120241,29.934187,-112,-13,4.0,0,0,I,PERIODIC,-103.0,-13.0,7.0,h66,3,1,3
2025.11.11,11.23.08,-90.120241,29.934187,-112,-13,4.0,0,0,I,PERIODIC,-103.0,-13.0,7.0,h66,3,1,3
2025.11.11,11.23.09,-90.120241,29.934187,-112,-13,4.0,5,7,D,PERIODIC,-103.0,-12.0,7.0,h66,3,1,3
2025.11.11,11.23.10,-90.120241,29.934187,-112,-13,4.0,0,610,D,PERIODIC,-103.0,-12.0,7.0,h66,3,1,3
2025.11.11,11.23.11,-90.120241,29.934187,-112,-13,4.0,58,58,D,PERIODIC,-103.0,-12.0,7.0,h66,3,1,3
2025.11.11,11.23.12,-90.120241,29.934187,-112,-13,4.0,0,0,I,PERIODIC,-103.0,-12.0,7.0,h66,3,1,3
2025.11.11,11.23.13,-90.120241,29.934187,-112,-13,4.0,0,0,I,PERIODIC,-103.0,-12.0,7.0,h66,3,1,3
2025.11.11,11.23.14,-90.120241,29.934187,-112,-13,4.0,3,3,D,PERIODIC,-103.0,-12.0,7.0,h66,3,1,3
2025.11.11,11.23.15,-90.120241,29.934187,-112,-13,4.0,0,1026,D,PERIODIC,-103.0,-12.0,7.0,h66,3,1,3
2025.11.11,11.23.16,-90.120241,29.934187,-112,-13,4.0,0,0,I,PERIODIC,-103.0,-12.0,7.0,h66,3,1,3
2025.11.11,11.23.17,-90.120241,29.934187,-112,-13,4.0,0,0,I,PERIODIC,-103.0,-12.0,7.0,h66,3,1,3
2025.11.11,11.23.18,-90.120241,29.934187,-112,-13,4.0,0,0,I,PERIODIC,-103.0,-12.0,7.0,h66,3,1,3
2025.11.11,11.23.19,-90.120241,29.934187,-112,-13,4.0,0,0,I,PERIODIC,-103.0,-13.0,7.0,h66,3,1,3
2025.11.11,11.23.20,-90.120241,29.934187,-112,-13,4.0,75158,637,D,PERIODIC,-103.0,-13.0,7.0,h66,3,1,3
2025.11.11,11.23.21,-90.120241,29.934187,-112,-13,4.0,0,0,I,PERIODIC,-103.0,-13.0,7.0,h66,3,1,3
2025.11.11,11.23.22,-90.120241,29.934187,-112,-13,4.0,0,0,I,PERIODIC,-103.0,-13.0,7.0,h66,3,1,3
2025.11.11,11.23.23,-90.120241,29.934187,-112,-13,4.0,0,0,I,PERIODIC,-103.0,-13.0,7.0,h66,3,1,3
2025.11.11,11.23.24,-90.120241,29.934187,-112,-13,4.0,0,0,I,PERIODIC,-103.0,-13.0,7.0,h66,3,1,3
2025.11.11,11.23.25,-90.120241,29.934187,-112,-13,4.0,28658,268,D,PERIODIC,-103.0,-13.0,7.0,h66,3,1,3
2025.11.11,11.23.26,-90.120241,29.934187,-112,-13,4.0,0,0,I,PERIODIC,-103.0,-13.0,7.0,h66,3,1,3
2025.11.11,11.23.27,-90.120241,29.934187,-112,-13,4.0,0,0,I,PERIODIC,-103.0,-13.0,7.0,h66,3,1,3
2025.11.11,11.23.28,-90.120241,29.934187,-112,-13,4.0,7,6,D,PERIODIC,-103.0,-13.0,7.0,h66,3,1,3
2025.11.11,11.23.29,-90.120241,29.934187,-112,-13,4.0,2,2,D,PERIODIC,-103.0,-12.0,7.0,h66,3,1,3
2025.11.11,11.23.30,-90.120241,29.934187,-112,-13,4.0,26000,2005,D,PERIODIC,-103.0,-12.0,7.0,h66,3,1,3
2025.11.11,11.23.31,-90.120241,29.934187,-112,-13,4.0,1,1,D,PERIODIC,-103.0,-12.0,7.0,h66,3,1,3
2025.11.11,11.23.32,-90.120241,29.934187,-112,-13,4.0,0,0,I,PERIODIC,-103.0,-12.0,7.0,h66,3,1,3
2025.11.11,11.23.33,-90.120241,29.934187,-112,-13,4.0,0,0,I,PERIODIC,-103.0,-12.0,7.0,h66,3,1,3
2025.11.11,11.23.34,-90.120241,29.934187,-112,-13,4.0,0,0,I,PERIODIC,-103.0,-12.0,7.0,h66,3,1,3
2025.11.11,11.23.35,-90.120241,29.934187,-112,-13,4.0,0,0,I,PERIODIC,-103.0,-12.0,7.0,h66,3,1,3
2025.11.11,11.23.36,-90.120241,29.934187,-112,-13,4.0,0,0,I,PERIODIC,-103.0,-12.0,7.0,h66,3,1,3
2025.11.11,11.23.37,-90.120241,29.934187,-112,-13,4.0,56,66,D,PERIODIC,-103.0,-12.0,7.0,h66,3,1,3
2025.11.11,11.23.38,-90.120241,29.934187,-112,-13,4.0,1,1,D,PERIODIC,-103.0,-12.0,7.0,h66,3,1,3
2025.11.11,11.23.39,-90.120241,29.934187,-112,-13,4.0,8,8,D,PERIODIC,-103.0,-12.0,7.0,h66,3,1,3
2025.11.11,11.23.40,-90.120241,29.934187,-112,-13,4.0,18188,300,D,PERIODIC,-103.0,-12.0,7.0,h66,3,1,3
2025.11.11,11.23.41,-90.120241,29.934187,-112,-13,4.0,0,0,I,PERIODIC,-103.0,-12.0,7.0,h66,3,1,3
2025.11.11,11.23.42,-90.120241,29.934187,-112,-13,4.0,0,0,I,PERIODIC,-103.0,-12.0,7.0,h66,3,1,3
2025.11.11,11.23.43,-90.120241,29.934187,-112,-13,4.0,0,0,I,PERIODIC,-103.0,-12.0,7.0,h66,3,1,3
2025.11.11,11.23.44,-90.120241,29.934187,-112,-13,4.0,49,49,D,PERIODIC,-103.0,-12.0,7.0,h66,3,1,3
2025.11.11,11.23.45,-90.120241,29.934187,-112,-13,4.0,1,1,D,PERIODIC,-103.0,-12.0,7.0,h66,3,1,3
2025.11.11,11.23.46,-90.120241,29.934187,-112,-13,4.0,0,0,I,PERIODIC,-103.0,-12.0,7.0,h66,3,1,3
2025.11.11,11.23.47,-90.120241,29.934187,-112,-13,4.0,0,0,I,PERIODIC,-103.0,-12.0,7.0,h66,3,1,3
2025.11.11,11.23.48,-90.120241,29.934187,-112,-13,4.0,0,0,I,PERIODIC,-103.0,-12.0,7.0,h66,3,1,3
2025.11.11,11.23.49,-90.120241,29.934187,-112,-13,4.0,1,1,D,PERIODIC,-104.0,-11.0,7.0,h66,3,1,3
2025.11.11,11.23.50,-90.120241,29.934187,-112,-13,4.0,0,0,I,PERIODIC,-104.0,-11.0,7.0,h66,3,1,3
2025.11.11,11.23.51,-90.120241,29.934187,-112,-13,4.0,0,1,D,PERIODIC,-104.0,-11.0,7.0,h66,3,1,3
2025.11.11,11.23.52,-90.120241,29.934187,-112,-13,4.0,0,0,I,PERIODIC,-104.0,-11.0,7.0,h66,3,1,3
2025.11.11,11.23.53,-90.120241,29.934187,-112,-13,4.0,0,0,I,PERIODIC,-104.0,-11.0,7.0,h66,3,1,3
2025.11.11,11.23.54,-90.120241,29.934187,-112,-13,4.0,0,0,I,PERIODIC,-104.0,-11.0,7.0,h66,3,1,3
2025.11.11,11.23.55,-90.120241,29.934187,-112,-13,4.0,1,1,D,PERIODIC,-104.0,-11.0,7.0,h66,3,1,3
2025.11.11,11.23.56,-90.120241,29.934187,-112,-13,4.0,0,0,I,PERIODIC,-104.0,-11.0,7.0,h66,3,1,3
2025.11.11,11.23.57,-90.120241,29.934187,-112,-13,4.0,8,9,D,PERIODIC,-104.0,-11.0,7.0,h66,3,1,3
2025.11.11,11.23.58,-90.120241,29.934187,-112,-13,4.0,4,4,D,PERIODIC,-104.0,-11.0,7.0,h66,3,1,3
2025.11.11,11.23.59,-90.120241,29.934187,-112,-13,4.0,0,0,I,PERIODIC,-104.0,-12.0,7.0,h66,3,1,3
2025.11.11,11.24.00,-90.120241,29.934187,-112,-13,4.0,0,0,I,PERIODIC,-104.0,-12.0,7.0,h66,3,1,3
2025.11.11,11.24.01,-90.120241,29.934187,-112,-13,4.0,0,0,I,PERIODIC,-104.0,-12.0,7.0,h66,3,1,3
2025.11.11,11.24.02,-90.120241,29.934187,-112,-13,4.0,0,0,I,PERIODIC,-104.0,-12.0,7.0,h66,3,1,3
2025.11.11,11.24.03,-90.120241,29.934187,-112,-13,4.0,0,0,I,PERIODIC,-104.0,-12.0,7.0,h66,3,1,3
2025.11.11,11.24.04,-90.120241,29.934187,-112,-13,4.0,0,0,I,PERIODIC,-104.0,-12.0,7.0,h66,3,1,3
2025.11.11,11.24.05,-90.120241,29.934187,-112,-13,4.0,0,0,I,PERIODIC,-104.0,-12.0,7.0,h66,3,1,3
2025.11.11,11.24.06,-90.120241,29.934187,-112,-13,4.0,0,0,I,PERIODIC,-104.0,-12.0,7.0,h66,3,1,3
2025.11.11,11.24.07,-90.120241,29.934187,-112,-13,4.0,0,0,I,PERIODIC,-104.0,-12.0,7.0,h66,3,1,3
2025.11.11,11.24.08,-90.120241,29.934187,-112,-13,4.0,0,0,I,PERIODIC,-104.0,-12.0,7.0,h66,3,1,3
2025.11.11,11.24.09,-90.120241,29.934187,-112,-13,4.0,0,0,I,PERIODIC,-105.0,-12.0,7.0,h66,3,1,3
2025.11.11,11.24.10,-90.120241,29.934187,-112,-13,4.0,6,4,D,PERIODIC,-105.0,-12.0,7.0,h66,3,1,3
2025.11.11,11.24.11,-90.120241,29.934187,-112,-13,4.0,19,19,D,PERIODIC,-105.0,-12.0,7.0,h66,3,1,3
2025.11.11,11.24.12,-90.120241,29.934187,-112,-13,4.0,0,0,I,PERIODIC,-105.0,-12.0,7.0,h66,3,1,3
2025.11.11,11.24.13,-90.120241,29.934187,-112,-13,4.0,0,0,I,PERIODIC,-105.0,-12.0,7.0,h66,3,1,3
2025.11.11,11.24.14,-90.120241,29.934187,-112,-13,4.0,0,0,I,PERIODIC,-105.0,-12.0,7.0,h66,3,1,3
2025.11.11,11.24.15,-90.120241,29.934187,-112,-13,4.0,0,0,I,PERIODIC,-105.0,-12.0,7.0,h66,3,1,3
2025.11.11,11.24.16,-90.120241,29.934187,-112,-13,4.0,0,0,I,PERIODIC,-105.0,-12.0,7.0,h66,3,1,3
2025.11.11,11.24.17,-90.120241,29.934187,-112,-13,4.0,0,0,I,PERIODIC,-105.0,-12.0,7.0,h66,3,1,3
2025.11.11,11.24.18,-90.120241,29.934187,-112,-13,4.0,0,0,I,PERIODIC,-105.0,-12.0,7.0,h66,3,1,3
2025.11.11,11.24.19,-90.120241,29.934187,-112,-13,4.0,1,1,D,PERIODIC,-104.0,-12.0,7.0,h66,3,1,3
2025.11.11,11.24.20,-90.120241,29.934187,-112,-13,4.0,0,0,I,PERIODIC,-104.0,-12.0,7.0,h66,3,1,3
2025.11.11,11.24.21,-90.120241,29.934187,-112,-13,4.0,0,0,I,PERIODIC,-104.0,-12.0,7.0,h66,3,1,3
2025.11.11,11.24.22,-90.120241,29.934187,-112,-13,4.0,0,0,I,PERIODIC,-104.0,-12.0,7.0,h66,3,1,3
2025.11.11,11.24.23,-90.120241,29.934187,-112,-13,4.0,0,0,I,PERIODIC,-104.0,-12.0,7.0,h66,3,1,3
2025.11.11,11.24.24,-90.120241,29.934187,-112,-13,4.0,0,0,I,PERIODIC,-104.0,-12.0,7.0,h66,3,1,3
2025.11.11,11.24.25,-90.120241,29.934187,-112,-13,4.0,1,1,D,PERIODIC,-104.0,-12.0,7.0,h66,3,1,3
2025.11.11,11.24.26,-90.120241,29.934187,-112,-13,4.0,0,0,I,PERIODIC,-104.0,-12.0,7.0,h66,3,1,3
2025.11.11,11.24.27,-90.120241,29.934187,-112,-13,4.0,0,0,I,PERIODIC,-104.0,-12.0,7.0,h66,3,1,3
2025.11.11,11.24.28,-90.120241,29.934187,-112,-13,4.0,0,3,D,PERIODIC,-104.0,-12.0,7.0,h66,3,1,3
2025.11.11,11.24.29,-90.120241,29.934187,-112,-13,4.0,1,1,D,PERIODIC,-104.0,-11.0,7.0,h66,3,1,3
2025.11.11,11.24.30,-90.120241,29.934187,-112,-13,4.0,0,0,I,PERIODIC,-104.0,-11.0,7.0,h66,3,1,3
2025.11.11,11.24.31,-90.120241,29.934187,-112,-13,4.0,0,0,I,PERIODIC,-104.0,-11.0,7.0,h66,3,1,3
2025.11.11,11.24.32,-90.120241,29.934187,-112,-13,4.0,0,0,I,PERIODIC,-104.0,-11.0,7.0,h66,3,1,3
2025.11.11,11.24.33,-90.120241,29.934187,-112,-13,4.0,40,42,D,PERIODIC,-104.0,-11.0,7.0,h66,3,1,3
2025.11.11,11.24.34,-90.120241,29.934187,-112,-13,4.0,0,0,I,PERIODIC,-104.0,-11.0,7.0,h66,3,1,3
2025.11.11,11.24.35,-90.120241,29.934187,-112,-13,4.0,0,0,I,PERIODIC,-104.0,-11.0,7.0,h66,3,1,3
2025.11.11,11.24.36,-90.120241,29.934187,-112,-13,4.0,0,0,I,PERIODIC,-104.0,-11.0,7.0,h66,3,1,3
2025.11.11,11.24.37,-90.120241,29.934187,-112,-13,4.0,0,0,I,PERIODIC,-104.0,-11.0,7.0,h66,3,1,3
2025.11.11,11.24.38,-90.120241,29.934187,-112,-13,4.0,0,0,I,PERIODIC,-104.0,-11.0,7.0,h66,3,1,3
2025.11.11,11.24.39,-90.120241,29.934187,-112,-13,4.0,0,0,I,PERIODIC,-103.0,-10.0,7.0,h66,3,1,3
2025.11.11,11.24.40,-90.120241,29.934187,-112,-13,4.0,0,0,I,PERIODIC,-103.0,-10.0,7.0,h66,3,1,3
2025.11.11,11.24.41,-90.120241,29.934187,-112,-13,4.0,0,0,I,PERIODIC,-103.0,-10.0,7.0,h66,3,1,3
2025.11.11,11.24.42,-90.120241,29.934187,-112,-13,4.0,9,8,D,PERIODIC,-103.0,-10.0,7.0,h66,3,1,3
2025.11.11,11.24.43,-90.120241,29.934187,-112,-13,4.0,0,0,I,PERIODIC,-103.0,-10.0,7.0,h66,3,1,3
2025.11.11,11.24.44,-90.120241,29.934187,-112,-13,4.0,0,0,I,PERIODIC,-103.0,-10.0,7.0,h66,3,1,3
2025.11.11,11.24.45,-90.120241,29.934187,-112,-13,4.0,0,0,I,PERIODIC,-103.0,-10.0,7.0,h66,3,1,3
2025.11.11,11.24.46,-90.120241,29.934187,-112,-13,4.0,0,0,I,PERIODIC,-103.0,-10.0,7.0,h66,3,1,3
2025.11.11,11.24.47,-90.120241,29.934187,-112,-13,4.0,1,1,D,PERIODIC,-103.0,-10.0,7.0,h66,3,1,3
2025.11.11,11.24.48,-90.120241,29.934187,-112,-13,4.0,0,0,I,PERIODIC,-103.0,-10.0,7.0,h66,3,1,3
2025.11.11,11.24.49,-90.120241,29.934187,-112,-13,4.0,0,0,I,PERIODIC,-103.0,-12.0,7.0,h66,3,1,3
2025.11.11,11.24.50,-90.120241,29.934187,-112,-13,4.0,0,0,I,PERIODIC,-103.0,-12.0,7.0,h66,3,1,3
2025.11.11,11.24.51,-90.120241,29.934187,-112,-13,4.0,0,0,I,PERIODIC,-103.0,-12.0,7.0,h66,3,1,3
2025.11.11,11.24.52,-90.120241,29.934187,-112,-13,4.0,0,0,I,PERIODIC,-103.0,-12.0,7.0,h66,3,1,3
2025.11.11,11.24.53,-90.120241,29.934187,-112,-13,4.0,68,30,D,PERIODIC,-103.0,-12.0,7.0,h66,3,1,3
2025.11.11,11.24.54,-90.120241,29.934187,-112,-13,4.0,0,0,I,PERIODIC,-103.0,-12.0,7.0,h66,3,1,3
2025.11.11,11.24.55,-90.120241,29.934187,-112,-13,4.0,900,54,D,PERIODIC,-103.0,-12.0,7.0,h66,3,1,3
2025.11.11,11.24.56,-90.120241,29.934187,-112,-13,4.0,5,10,D,PERIODIC,-103.0,-12.0,7.0,h66,3,1,3
2025.11.11,11.24.57,-90.120241,29.934187,-112,-13,4.0,27,19,D,PERIODIC,-103.0,-12.0,7.0,h66,3,1,3
2025.11.11,11.24.58,-90.120241,29.934187,-112,-13,4.0,3,3,D,PERIODIC,-103.0,-12.0,7.0,h66,3,1,3
2025.11.11,11.24.59,-90.120241,29.934187,-112,-13,4.0,3,3,D,PERIODIC,-104.0,-12.0,7.0,h66,3,1,3
2025.11.11,11.25.00,-90.120241,29.934187,-112,-13,4.0,0,0,I,PERIODIC,-104.0,-12.0,7.0,h66,3,1,3
2025.11.11,11.25.01,-90.120241,29.934187,-112,-13,4.0,0,0,I,PERIODIC,-104.0,-12.0,7.0,h66,3,1,3
2025.11.11,11.25.02,-90.120241,29.934187,-112,-13,4.0,0,0,I,PERIODIC,-104.0,-12.0,7.0,h66,3,1,3
2025.11.11,11.25.03,-90.120241,29.934187,-112,-13,4.0,0,0,I,PERIODIC,-104.0,-12.0,7.0,h66,3,1,3
2025.11.11,11.25.04,-90.120241,29.934187,-112,-13,4.0,0,0,I,PERIODIC,-104.0,-12.0,7.0,h66,3,1,3
2025.11.11,11.25.05,-90.120241,29.934187,-112,-13,4.0,0,0,I,PERIODIC,-104.0,-12.0,7.0,h66,3,1,3
2025.11.11,11.25.06,-90.120241,29.934187,-112,-13,4.0,4,5,D,PERIODIC,-104.0,-12.0,7.0,h66,3,1,3
2025.11.11,11.25.07,-90.120241,29.934187,-112,-13,4.0,0,0,I,PERIODIC,-104.0,-12.0,7.0,h66,3,1,3
2025.11.11,11.25.08,-90.120241,29.934187,-112,-13,4.0,1,1,D,PERIODIC,-104.0,-12.0,7.0,h66,3,1,3
2025.11.11,11.25.09,-90.120241,29.934187,-112,-13,4.0,0,0,I,PERIODIC,-104.0,-13.0,7.0,h66,3,1,3
2025.11.11,11.25.10,-90.120241,29.934187,-112,-13,4.0,8,7,D,PERIODIC,-104.0,-13.0,7.0,h66,3,1,3
2025.11.11,11.25.11,-90.120241,29.934187,-112,-13,4.0,5,5,D,PERIODIC,-104.0,-13.0,7.0,h66,3,1,3
2025.11.11,11.25.12,-90.120241,29.934187,-112,-13,4.0,0,0,I,PERIODIC,-104.0,-13.0,7.0,h66,3,1,3
2025.11.11,11.25.13,-90.120241,29.934187,-112,-13,4.0,0,0,I,PERIODIC,-104.0,-13.0,7.0,h66,3,1,3
2025.11.11,11.25.14,-90.120241,29.934187,-112,-13,4.0,0,0,I,PERIODIC,-104.0,-13.0,7.0,h66,3,1,3
2025.11.11,11.25.15,-90.120241,29.934187,-112,-13,4.0,0,0,I,PERIODIC,-104.0,-13.0,7.0,h66,3,1,3
2025.11.11,11.25.16,-90.120241,29.934187,-113,-13,15.0,4,34,D,PERIODIC,-105.0,-12.0,8.0,h66,3,1,3
2025.11.11,11.25.17,-90.120241,29.934187,-113,-13,15.0,54,14,D,PERIODIC,-105.0,-12.0,8.0,h66,3,1,3
2025.11.11,11.25.18,-90.120241,29.934187,-113,-13,15.0,0,0,D,PERIODIC,-105.0,-12.0,8.0,h66,3,1,3
2025.11.11,11.25.19,-90.120241,29.934187,-113,-13,15.0,3437,11243,D,PERIODIC,-105.0,-12.0,8.0,h66,3,1,3
2025.11.11,11.25.20,-90.120241,29.934187,-112,-13,30.0,48,21,D,PERIODIC,-106.0,-13.0,5.0,h66,3,1,3
2025.11.11,11.25.21,-90.120241,29.934187,-112,-13,30.0,0,0,D,PERIODIC,-106.0,-13.0,5.0,h66,3,1,3
2025.11.11,11.25.22,-90.120241,29.934187,-112,-13,30.0,2,2,D,PERIODIC,-106.0,-12.0,5.0,h66,3,1,3
2025.11.11,11.25.23,-90.120241,29.934187,-112,-13,30.0,1,0,D,PERIODIC,-106.0,-12.0,5.0,h66,3,1,3
2025.11.05,14.58.38,-90.120266,29.934165,-116,-13,2.0,0,0,I,LOG START,-111.0,-13.0,9.0,h10,3,1,3
2025.11.05,14.58.39,-90.120266,29.934165,-111,-13,9.0,0,0,I,PERIODIC,,,,h10,3,1,3
2025.11.05,14.58.39,-90.120266,29.934165,-111,-13,9.0,0,0,I,,,,,h10,3,1,3
2025.11.05,14.58.40,-90.120266,29.934165,-104,-13,10.0,4,4,D,PERIODIC,,,,h10,3,1,3
2025.11.05,14.58.41,-90.120266,29.934165,-104,-13,10.0,0,0,D,PERIODIC,,,,h10,3,1,3
2025.11.05,14.58.42,-90.120266,29.934165,-111,-15,35.0,11,9,D,IRAT_HANDOVER_DATA_4G5G,-105.0,-14.0,13.0,h10,3,1,3
2025.11.05,14.58.43,-90.120266,29.934165,-111,-15,5.0,0,3,D,PERIODIC,-105.0,-14.0,13.0,h10,3,1,3
2025.11.05,14.58.44,-90.120266,29.934165,-111,-15,5.0,0,0,D,PERIODIC,-105.0,-14.0,13.0,h10,3,1,3
2025.11.05,14.58.45,-90.120266,29.934165,-112,-14,5.0,1,0,D,PERIODIC,-104.0,-11.0,12.0,h10,3,1,3
2025.11.05,14.58.46,-90.120266,29.934165,-112,-14,6.0,0,0,I,PERIODIC,-103.0,-8.0,12.0,h10,3,1,3
2025.11.05,14.58.47,-90.120266,29.934165,-112,-14,6.0,0,0,I,PERIODIC,-103.0,-8.0,12.0,h10,3,1,3
2025.11.05,14.58.48,-90.120266,29.934165,-111,-14,5.0,6,6,D,PERIODIC,-103.0,-14.0,13.0,h10,3,1,3
2025.11.05,14.58.49,-90.120266,29.934165,-111,-14,6.0,0,0,I,PERIODIC,-103.0,-14.0,13.0,h10,3,1,3
2025.11.05,14.58.50,-90.120266,29.934165,-111,-14,6.0,3,4,D,PERIODIC,-103.0,-14.0,13.0,h10,3,1,3
2025.11.05,14.58.51,-90.120266,29.934165,-112,-14,5.0,5,5,D,PERIODIC,-103.0,-14.0,12.0,h10,3,1,3
2025.11.05,14.58.52,-90.120266,29.934165,-108,-13,5.0,0,0,I,PERIODIC,-103.0,-13.0,12.0,h10,3,1,3
2025.11.05,14.58.53,-90.120266,29.934165,-108,-13,5.0,0,0,I,PERIODIC,-103.0,-13.0,12.0,h10,3,1,3
2025.11.05,14.58.54,-90.120266,29.934165,-108,-13,4.0,0,0,I,PERIODIC,-102.0,-13.0,13.0,h10,3,1,3
2025.11.05,14.58.55,-90.120266,29.934165,-108,-13,4.0,0,0,I,PERIODIC,-102.0,-13.0,13.0,h10,3,1,3
2025.11.05,14.58.56,-90.120266,29.934165,-113,-13,4.0,0,0,I,PERIODIC,-103.0,-14.0,12.0,h10,3,1,3
2025.11.05,14.58.57,-90.120266,29.934165,-113,-13,4.0,0,0,I,PERIODIC,-103.0,-14.0,12.0,h10,3,1,3
2025.11.05,14.58.58,-90.120266,29.934165,-113,-13,4.0,0,0,I,PERIODIC,-103.0,-12.0,12.0,h10,3,1,3
2025.11.05,14.58.59,-90.120266,29.934165,-113,-13,4.0,0,0,I,PERIODIC,-103.0,-12.0,12.0,h10,3,1,3
2025.11.05,14.59.00,-90.120266,29.934165,-113,-13,4.0,2,2,D,PERIODIC,-104.0,-13.0,12.0,h10,3,1,3
2025.11.05,14.59.01,-90.120266,29.934165,-113,-13,5.0,0,1,D,PERIODIC,-104.0,-13.0,12.0,h10,3,1,3
2025.11.05,14.59.02,-90.120266,29.934165,-110,-13,5.0,0,0,D,PERIODIC,-104.0,-13.0,12.0,h10,3,1,3
2025.11.05,14.59.03,-90.120266,29.934165,-110,-13,5.0,3,1,D,PERIODIC,-104.0,-13.0,12.0,h10,3,1,3
2025.11.05,14.59.04,-90.120266,29.934165,-110,-13,5.0,0,0,D,PERIODIC,-104.0,-13.0,12.0,h10,3,1,3
2025.11.05,14.59.05,-90.120266,29.934165,-111,-12,4.0,0,0,I,PERIODIC,-103.0,-12.0,12.0,h10,3,1,3
2025.11.05,14.59.06,-90.120266,29.934165,-112,-12,40.0,3,3,D,PERIODIC,-104.0,-13.0,12.0,h10,3,1,3
2025.11.05,14.59.07,-90.120266,29.934165,-112,-12,40.0,1,1,D,PERIODIC,-104.0,-13.0,12.0,h10,3,1,3
2025.11.05,14.59.08,-90.120266,29.934165,-113,-13,40.0,0,0,D,PERIODIC,-103.0,-14.0,12.0,h10,3,1,3
2025.11.05,14.59.09,-90.120266,29.934165,-113,-13,40.0,1,1,D,PERIODIC,-103.0,-14.0,12.0,h10,3,1,3
2025.11.05,14.59.10,-90.120266,29.934165,-110,-13,5.0,0,11,D,PERIODIC,-104.0,-11.0,10.0,h10,3,1,3
2025.11.05,14.59.11,-90.12028,29.934047,-110,-13,3.0,2,2,D,PERIODIC,-104.0,-11.0,10.0,h10,3,1,3
2025.11.05,14.59.12,-90.12028,29.934047,-110,-13,4.0,1,1,D,PERIODIC,-104.0,-11.0,10.0,h10,3,1,3
2025.11.05,14.59.13,-90.12028,29.934047,-110,-13,40.0,15,45,D,PERIODIC,-104.0,-12.0,11.0,h10,3,1,3
2025.11.05,14.59.14,-90.12028,29.934047,-111,-13,40.0,26,24,D,PERIODIC,-105.0,-13.0,11.0,h10,3,1,3
2025.11.05,14.59.15,-90.12028,29.934047,-111,-13,40.0,0,8,D,PERIODIC,-105.0,-13.0,11.0,h10,3,1,3
2025.11.05,14.59.16,-90.12028,29.934047,-110,-13,40.0,0,0,I,PERIODIC,-103.0,-12.0,12.0,h10,3,1,3
2025.11.05,14.59.17,-90.12028,29.934047,-110,-13,40.0,0,0,I,PERIODIC,-103.0,-12.0,12.0,h10,3,1,3
2025.11.05,14.59.18,-90.12028,29.934047,-109,-12,4.0,0,0,I,PERIODIC,-103.0,-12.0,13.0,h10,3,1,3
2025.11.05,14.59.19,-90.12028,29.934047,-109,-12,4.0,0,10341,D,PERIODIC,-103.0,-12.0,13.0,h10,3,1,3
2025.11.05,14.59.20,-90.12028,29.934047,-111,-13,40.0,0,56,D,PERIODIC,-103.0,-13.0,10.0,h10,3,1,3
2025.11.05,14.59.21,-90.12028,29.934047,-111,-13,40.0,0,0,I,PERIODIC,-103.0,-13.0,10.0,h10,3,1,3
2025.11.05,14.59.22,-90.12028,29.934047,-112,-14,30.0,0,1,D,PERIODIC,-103.0,-13.0,12.0,h10,3,1,3
2025.11.05,14.59.23,-90.12028,29.934047,-112,-14,30.0,0,28,D,PERIODIC,-103.0,-13.0,12.0,h10,3,1,3
2025.11.05,14.59.24,-90.12028,29.934047,-112,-14,30.0,39494,472,D,PERIODIC,-103.0,-13.0,12.0,h10,3,1,3
2025.11.05,14.59.25,-90.12028,29.934047,-112,-14,30.0,0,27,D,PERIODIC,-103.0,-13.0,12.0,h10,3,1,3
2025.11.05,14.59.26,-90.12028,29.934047,-111,-13,30.0,0,0,I,PERIODIC,-103.0,-13.0,12.0,h10,3,1,3
2025.11.05,14.59.27,-90.12028,29.934047,-111,-13,30.0,0,0,I,PERIODIC,-103.0,-13.0,12.0,h10,3,1,3
2025.11.05,14.59.28,-90.12028,29.934047,-111,-13,35.0,0,29,D,PERIODIC,-104.0,-13.0,12.0,h10,3,1,3
2025.11.05,14.59.29,-90.12028,29.934047,-111,-13,35.0,31645,399,D,PERIODIC,-104.0,-13.0,12.0,h10,3,1,3
2025.11.05,14.59.30,-90.12028,29.934047,-111,-13,35.0,8,91,D,PERIODIC,-103.0,-13.0,12.0,h10,3,1,3
2025.11.05,14.59.31,-90.12028,29.934047,-111,-13,35.0,3,3,D,PERIODIC,-103.0,-13.0,12.0,h10,3,1,3
2025.11.05,14.59.32,-90.12028,29.934047,-111,-13,35.0,0,0,D,PERIODIC,-103.0,-13.0,12.0,h10,3,1,3
2025.11.05,14.59.33,-90.12028,29.934047,-111,-13,35.0,0,0,I,PERIODIC,-103.0,-13.0,12.0,h10,3,1,3
2025.11.05,14.59.34,-90.12028,29.934047,-111,-13,35.0,0,1851,D,PERIODIC,-103.0,-13.0,12.0,h10,3,1,3
2025.11.05,14.59.35,-90.12028,29.934047,-111,-13,35.0,1,1,D,PERIODIC,-103.0,-13.0,12.0,h10,3,1,3
2025.11.05,14.59.36,-90.12028,29.934047,-111,-13,40.0,0,0,I,PERIODIC,-103.0,-12.0,12.0,h10,3,1,3
2025.11.05,14.59.37,-90.12028,29.934047,-111,-13,40.0,0,0,I,PERIODIC,-103.0,-12.0,12.0,h10,3,1,3
2025.11.05,14.59.38,-90.12028,29.934047,-114,-14,4.0,0,28,D,PERIODIC,-103.0,-12.0,11.0,h10,3,1,3
2025.11.05,14.59.39,-90.12028,29.934047,-114,-14,4.0,0,520,D,PERIODIC,-103.0,-12.0,11.0,h10,3,1,3
2025.11.05,14.59.40,-90.12028,29.934047,-114,-14,4.0,0,0,I,PERIODIC,-103.0,-12.0,11.0,h10,3,1,3
2025.11.05,14.59.41,-90.12028,29.934047,-114,-14,4.0,0,0,I,PERIODIC,-103.0,-12.0,11.0,h10,3,1,3
2025.11.05,14.59.42,-90.12028,29.934047,-114,-14,4.0,2,30,D,PERIODIC,-103.0,-13.0,11.0,h10,3,1,3
2025.11.05,14.59.43,-90.12028,29.934047,-114,-14,3.0,0,0,D,PERIODIC,-103.0,-13.0,11.0,h10,3,1,3
2025.11.05,14.59.44,-90.12028,29.934047,-114,-15,35.0,2,2,D,PERIODIC,-101.0,-12.0,11.0,h10,3,1,3
2025.11.05,14.59.45,-90.12028,29.934047,-114,-15,35.0,0,28,D,PERIODIC,-101.0,-12.0,11.0,h10,3,1,3
2025.11.05,14.59.46,-90.120279,29.934144,-114,-15,35.0,1,1,D,PERIODIC,-102.0,-13.0,11.0,h10,3,1,3
2025.11.05,14.59.47,-90.120279,29.934144,-114,-15,35.0,0,0,I,PERIODIC,-102.0,-13.0,11.0,h10,3,1,3
2025.11.05,14.59.48,-90.120279,29.934144,-111,-14,5.0,10,67,D,PERIODIC,-102.0,-12.0,12.0,h10,3,1,3
2025.11.05,14.59.49,-90.120279,29.934144,-111,-14,4.0,67423,2101,D,PERIODIC,-102.0,-12.0,12.0,h10,3,1,3
2025.11.05,14.59.50,-90.120279,29.934144,-111,-14,4.0,6,6,D,PERIODIC,-102.0,-12.0,12.0,h10,3,1,3
2025.11.05,14.59.51,-90.120279,29.934144,-111,-14,5.0,0,0,I,PERIODIC,-102.0,-11.0,11.0,h10,3,1,3
2025.11.05,14.59.52,-90.120279,29.934144,-110,-14,5.0,0,0,D,PERIODIC,-103.0,-11.0,11.0,h10,3,1,3
2025.11.05,14.59.53,-90.120279,29.934144,-110,-14,4.0,0,0,I,PERIODIC,-103.0,-11.0,11.0,h10,3,1,3
2025.11.05,14.59.54,-90.120279,29.934144,-108,-13,5.0,0,0,I,PERIODIC,-105.0,-13.0,12.0,h10,3,1,3
2025.11.05,14.59.55,-90.120279,29.934144,-108,-13,5.0,0,0,I,PERIODIC,-105.0,-13.0,12.0,h10,3,1,3
2025.11.05,14.59.56,-90.120279,29.934144,-108,-13,5.0,0,28,D,PERIODIC,-104.0,-12.0,12.0,h10,3,1,3
2025.11.05,14.59.57,-90.120279,29.934144,-108,-13,5.0,0,56,D,PERIODIC,-104.0,-12.0,12.0,h10,3,1,3
2025.11.05,14.59.58,-90.120279,29.934144,-108,-13,5.0,0,0,I,PERIODIC,-104.0,-12.0,12.0,h10,3,1,3
2025.11.05,14.59.59,-90.120279,29.934144,-108,-13,6.0,23508,428,D,PERIODIC,-103.0,-12.0,12.0,h10,3,1,3
2025.11.05,15.00.00,-90.120279,29.934144,-111,-15,40.0,1,1,D,PERIODIC,-102.0,-11.0,13.0,h10,3,1,3
2025.11.05,15.00.01,-90.120279,29.934144,-111,-15,40.0,0,0,D,PERIODIC,-102.0,-11.0,13.0,h10,3,1,3
2025.11.05,15.00.02,-90.120279,29.934144,-111,-15,40.0,1,1,D,PERIODIC,-102.0,-11.0,13.0,h10,3,1,3
2025.11.05,15.00.03,-90.120279,29.934144,-111,-15,40.0,0,0,I,PERIODIC,-102.0,-11.0,13.0,h10,3,1,3
2025.11.05,15.00.04,-90.120279,29.934144,-110,-15,5.0,24308,1145,D,PERIODIC,-102.0,-14.0,13.0,h10,3,1,3
2025.11.05,15.00.05,-90.120279,29.934144,-109,-15,40.0,0,0,D,PERIODIC,-103.0,-12.0,12.0,h10,3,1,3
2025.11.05,15.00.06,-90.120279,29.934144,-109,-15,40.0,7,10,D,PERIODIC,-103.0,-12.0,12.0,h10,3,1,3
2025.11.05,15.00.07,-90.120279,29.934144,-116,-15,20.0,0,0,I,PERIODIC,-102.0,-11.0,13.0,h10,3,1,3
2025.11.05,15.00.08,-90.120279,29.934144,-116,-15,20.0,0,0,I,PERIODIC,-102.0,-11.0,13.0,h10,3,1,3
2025.11.05,15.00.09,-90.120279,29.934144,-112,-14,4.0,0,28,D,PERIODIC,-102.0,-12.0,12.0,h10,3,1,3
2025.11.05,15.00.10,-90.120279,29.934144,-112,-14,4.0,23,28,D,PERIODIC,-102.0,-12.0,12.0,h10,3,1,3
2025.11.05,15.00.11,-90.120279,29.934144,-108,-13,4.0,0,0,I,PERIODIC,-102.0,-13.0,14.0,h10,3,1,3
2025.11.05,15.00.12,-90.120279,29.934144,-108,-13,4.0,0,0,I,PERIODIC,-102.0,-13.0,14.0,h10,3,1,3
2025.11.05,15.00.13,-90.120279,29.934144,-106,-12,5.0,2,2,D,PERIODIC,-102.0,-13.0,11.0,h10,3,1,3
2025.11.05,15.00.14,-90.120279,29.934144,-106,-12,4.0,0,2063,D,PERIODIC,-102.0,-13.0,11.0,h10,3,1,3
2025.11.05,15.00.15,-90.120279,29.934144,-108,-13,40.0,6,6,D,PERIODIC,-101.0,-13.0,11.0,h10,3,1,3
2025.11.05,15.00.16,-90.120279,29.934144,-108,-13,40.0,0,0,I,PERIODIC,-101.0,-13.0,11.0,h10,3,1,3
2025.11.05,15.00.17,-90.120279,29.934144,-108,-13,40.0,0,0,I,PERIODIC,-102.0,-11.0,11.0,h10,3,1,3
2025.11.05,15.00.18,-90.120279,29.934144,-108,-13,40.0,0,0,I,PERIODIC,-102.0,-11.0,11.0,h10,3,1,3
2025.11.05,15.00.19,-90.120279,29.934144,-108,-13,40.0,9,7,D,PERIODIC,-102.0,-11.0,11.0,h10,3,1,3
2025.11.05,15.00.20,-90.120279,29.934144,-110,-14,15.0,0,0,D,PERIODIC,-103.0,-12.0,12.0,h10,3,1,3
2025.11.05,15.00.21,-90.120279,29.934144,-111,-14,40.0,0,0,I,PERIODIC,-103.0,-10.0,11.0,h10,3,1,3
2025.11.05,15.00.22,-90.120279,29.934144,-111,-14,40.0,0,0,I,PERIODIC,-103.0,-10.0,11.0,h10,3,1,3
2025.11.05,15.00.23,-90.120279,29.934144,-107,-12,6.0,0,0,I,PERIODIC,-102.0,-11.0,12.0,h10,3,1,3
2025.11.05,15.00.24,-90.120279,29.934144,-107,-12,5.0,0,0,D,PERIODIC,-102.0,-11.0,12.0,h10,3,1,3
2025.11.05,15.00.25,-90.120279,29.934144,-107,-12,7.0,0,0,I,PERIODIC,-102.0,-12.0,11.0,h10,3,1,3
2025.11.05,15.00.26,-90.120279,29.934144,-107,-12,5.0,0,0,I,PERIODIC,-102.0,-12.0,11.0,h10,3,1,3
2025.11.05,15.00.27,-90.120279,29.934144,-107,-13,5.0,0,0,I,PERIODIC,-101.0,-13.0,11.0,h10,3,1,3
2025.11.05,15.00.28,-90.120279,29.934144,-107,-13,5.0,0,0,I,PERIODIC,-101.0,-13.0,11.0,h10,3,1,3
2025.11.05,15.00.29,-90.120279,29.934144,-107,-13,6.0,0,0,I,PERIODIC,-102.0,-13.0,13.0,h10,3,1,3
2025.11.05,15.00.30,-90.120279,29.934144,-107,-13,6.0,8,6,D,PERIODIC,-102.0,-13.0,13.0,h10,3,1,3
2025.11.05,15.00.31,-90.120279,29.934144,-110,-14,4.0,1,1,D,PERIODIC,-103.0,-12.0,13.0,h10,3,1,3
2025.11.05,15.00.32,-90.120279,29.934144,-110,-14,4.0,2,2,D,PERIODIC,-103.0,-12.0,13.0,h10,3,1,3
2025.11.05,15.00.33,-90.120279,29.934144,-111,-15,20.0,0,0,I,PERIODIC,-102.0,-12.0,11.0,h10,3,1,3
2025.11.05,15.00.34,-90.120279,29.934144,-111,-15,20.0,23573,2419,D,PERIODIC,-102.0,-12.0,11.0,h10,3,1,3
2025.11.05,15.00.35,-90.120279,29.934144,-111,-14,25.0,0,0,D,PERIODIC,-101.0,-12.0,11.0,h10,3,1,3
2025.11.05,15.00.36,-90.120279,29.934144,-111,-14,25.0,0,0,I,PERIODIC,-101.0,-12.0,11.0,h10,3,1,3
2025.11.05,15.00.37,-90.120279,29.934144,-111,-14,25.0,0,0,I,PERIODIC,-101.0,-12.0,11.0,h10,3,1,3
2025.11.05,15.00.38,-90.120279,29.934144,-111,-15,20.0,0,0,I,PERIODIC,-102.0,-12.0,12.0,h10,3,1,3
2025.11.05,15.00.39,-90.120279,29.934144,-110,-14,30.0,0,0,I,PERIODIC,-103.0,-13.0,12.0,h10,3,1,3
2025.11.05,15.00.40,-90.120279,29.934144,-110,-14,30.0,0,0,I,PERIODIC,-103.0,-13.0,12.0,h10,3,1,3
2025.11.05,15.00.41,-90.120279,29.934144,-110,-14,30.0,8,6,D,PERIODIC,-103.0,-13.0,12.0,h10,3,1,3
2025.11.05,15.00.42,-90.120279,29.934144,-110,-14,30.0,3,3,D,PERIODIC,-103.0,-13.0,12.0,h10,3,1,3
2025.11.05,15.00.43,-90.120279,29.934144,-110,-14,30.0,0,2,D,PERIODIC,-102.0,-14.0,12.0,h10,3,1,3
2025.11.05,15.00.44,-90.120279,29.934144,-110,-14,30.0,0,0,D,PERIODIC,-102.0,-14.0,12.0,h10,3,1,3
2025.11.05,15.00.45,-90.120279,29.934144,-108,-13,6.0,0,0,I,PERIODIC,-102.0,-14.0,12.0,h10,3,1,3
2025.11.05,15.00.46,-90.120279,29.934144,-108,-13,6.0,0,0,I,PERIODIC,-102.0,-14.0,12.0,h10,3,1,3
2025.11.05,15.00.47,-90.120279,29.934144,-108,-13,6.0,0,0,I,PERIODIC,-102.0,-13.0,11.0,h10,3,1,3
2025.11.05,15.00.48,-90.120279,29.934144,-108,-13,6.0,0,0,I,PERIODIC,-102.0,-13.0,11.0,h10,3,1,3
2025.11.05,15.00.49,-90.120279,29.934144,-108,-13,6.0,0,0,D,PERIODIC,-102.0,-11.0,11.0,h10,3,1,3
2025.11.05,15.00.50,-90.120279,29.934144,-108,-13,5.0,92678,972,D,PERIODIC,-102.0,-11.0,11.0,h10,3,1,3
2025.11.05,15.00.51,-90.120279,29.934144,-111,-15,5.0,1,2,D,PERIODIC,-103.0,-14.0,11.0,h10,3,1,3
2025.11.05,15.00.52,-90.120279,29.934144,-111,-15,6.0,10,8,D,PERIODIC,-103.0,-14.0,11.0,h10,3,1,3
2025.11.05,15.00.53,-90.120279,29.934144,-109,-14,6.0,0,0,I,PERIODIC,-102.0,-14.0,11.0,h10,3,1,3
2025.11.05,15.00.54,-90.120279,29.934144,-109,-14,4.0,28402,337,D,PERIODIC,-102.0,-14.0,11.0,h10,3,1,3
2025.11.05,15.00.55,-90.120279,29.934144,-111,-15,4.0,0,0,D,PERIODIC,-104.0,-12.0,11.0,h10,3,1,3
2025.11.05,15.00.56,-90.120279,29.934144,-111,-15,4.0,0,0,D,PERIODIC,-104.0,-12.0,11.0,h10,3,1,3
2025.11.05,15.00.57,-90.120279,29.934144,-111,-15,35.0,10,0,D,PERIODIC,-102.0,-13.0,11.0,h10,3,1,3
2025.11.05,15.00.58,-90.120279,29.934144,-111,-15,35.0,0,0,I,PERIODIC,-102.0,-13.0,11.0,h10,3,1,3
2025.11.05,15.00.59,-90.120279,29.934144,-110,-14,4.0,39375,380,D,PERIODIC,-103.0,-12.0,12.0,h10,3,1,3
2025.11.05,15.01.00,-90.120279,29.934144,-110,-14,4.0,0,0,I,PERIODIC,-103.0,-12.0,12.0,h10,3,1,3
2025.11.05,15.01.01,-90.120279,29.934144,-112,-16,35.0,1,1,D,PERIODIC,-103.0,-12.0,11.0,h10,3,1,3
2025.11.05,15.01.02,-90.120279,29.934144,-112,-16,35.0,0,2,D,PERIODIC,-103.0,-12.0,11.0,h10,3,1,3
2025.11.05,15.01.03,-90.120279,29.934144,-110,-14,5.0,0,0,D,PERIODIC,-102.0,-14.0,11.0,h10,3,1,3
2025.11.05,15.01.04,-90.120279,29.934144,-110,-14,5.0,44061,587,D,PERIODIC,-102.0,-14.0,11.0,h10,3,1,3
2025.11.05,15.01.05,-90.120279,29.934144,-109,-14,35.0,4,4,D,PERIODIC,-102.0,-13.0,12.0,h10,3,1,3
2025.11.05,15.01.06,-90.120279,29.934144,-109,-14,35.0,0,0,D,PERIODIC,-102.0,-13.0,12.0,h10,3,1,3
2025.11.05,15.01.07,-90.120279,29.934144,-109,-14,35.0,2,2,D,PERIODIC,-102.0,-13.0,12.0,h10,3,1,3
2025.11.05,15.01.08,-90.120279,29.934144,-109,-14,35.0,0,0,I,PERIODIC,-102.0,-13.0,12.0,h10,3,1,3
2025.11.05,15.01.09,-90.120279,29.934144,-109,-14,35.0,64838,2173,D,PERIODIC,-103.0,-13.0,12.0,h10,3,1,3
2025.11.05,15.01.10,-90.120279,29.934144,-109,-14,35.0,0,0,D,PERIODIC,-103.0,-13.0,12.0,h10,3,1,3
2025.11.05,15.01.11,-90.120279,29.934144,-111,-15,40.0,0,3,D,PERIODIC,-102.0,-13.0,12.0,h10,3,1,3
2025.11.05,15.01.12,-90.120279,29.934144,-111,-15,40.0,0,0,D,PERIODIC,-102.0,-13.0,12.0,h10,3,1,3
2025.11.05,15.01.13,-90.120279,29.934144,-112,-15,40.0,0,5,D,PERIODIC,-102.0,-14.0,10.0,h10,3,1,3
2025.11.05,15.01.14,-90.120279,29.934144,-112,-15,40.0,59515,2239,D,PERIODIC,-102.0,-14.0,10.0,h10,3,1,3
2025.11.05,15.01.15,-90.120279,29.934144,-112,-15,40.0,0,1,D,PERIODIC,-102.0,-14.0,10.0,h10,3,1,3
2025.11.05,15.01.16,-90.120279,29.934144,-111,-15,4.0,14,13,D,PERIODIC,-102.0,-14.0,11.0,h10,3,1,3
2025.11.05,15.01.17,-90.120279,29.934144,-110,-14,4.0,0,0,D,PERIODIC,-102.0,-13.0,10.0,h10,3,1,3
2025.11.05,15.01.18,-90.120279,29.934144,-110,-14,4.0,0,0,I,PERIODIC,-102.0,-13.0,10.0,h10,3,1,3
2025.11.05,15.01.19,-90.120279,29.934144,-110,-14,4.0,3,4,D,PERIODIC,-102.0,-13.0,10.0,h10,3,1,3
2025.11.05,15.01.20,-90.120279,29.934144,-110,-14,4.0,7,6,D,PERIODIC,-102.0,-13.0,10.0,h10,3,1,3
2025.11.05,15.01.21,-90.120279,29.934144,-110,-14,4.0,0,0,I,PERIODIC,-102.0,-13.0,10.0,h10,3,1,3
2025.11.05,15.01.22,-90.120279,29.934144,-110,-14,4.0,0,0,I,PERIODIC,-102.0,-13.0,10.0,h10,3,1,3
2025.11.05,15.01.23,-90.120279,29.934144,-110,-14,4.0,0,0,I,PERIODIC,-102.0,-14.0,10.0,h10,3,1,3
2025.11.05,15.01.24,-90.120279,29.934144,-110,-14,4.0,77272,1988,D,PERIODIC,-102.0,-14.0,10.0,h10,3,1,3
2025.11.05,15.01.25,-90.120279,29.934144,-110,-14,4.0,3,3,D,PERIODIC,-102.0,-15.0,10.0,h10,3,1,3
2025.11.05,15.01.26,-90.120279,29.934144,-110,-14,4.0,0,0,I,PERIODIC,-102.0,-15.0,10.0,h10,3,1,3
2025.11.05,15.01.27,-90.120279,29.934144,-110,-14,4.0,0,0,I,PERIODIC,-102.0,-12.0,10.0,h10,3,1,3
2025.11.05,15.01.28,-90.120279,29.934144,-110,-14,5.0,0,0,I,PERIODIC,-102.0,-12.0,10.0,h10,3,1,3
2025.11.05,15.01.29,-90.120279,29.934144,-107,-13,5.0,0,0,D,PERIODIC,-102.0,-13.0,11.0,h10,3,1,3
2025.11.05,15.01.30,-90.120279,29.934144,-107,-13,5.0,5,4,D,PERIODIC,-102.0,-13.0,11.0,h10,3,1,3
2025.11.05,15.01.31,-90.120279,29.934144,-107,-13,5.0,0,0,D,PERIODIC,-102.0,-13.0,11.0,h10,3,1,3
2025.11.05,15.01.32,-90.120279,29.934144,-107,-13,5.0,0,0,I,PERIODIC,-103.0,-12.0,11.0,h10,3,1,3
2025.11.05,15.01.33,-90.120279,29.934144,-107,-13,5.0,0,0,I,PERIODIC,-103.0,-12.0,11.0,h10,3,1,3
2025.11.05,15.01.34,-90.120279,29.934144,-107,-13,5.0,36692,1195,D,PERIODIC,-102.0,-15.0,11.0,h10,3,1,3
2025.11.05,15.01.35,-90.120279,29.934144,-107,-13,5.0,0,0,D,PERIODIC,-102.0,-15.0,11.0,h10,3,1,3
2025.11.05,15.01.36,-90.120279,29.934144,-107,-13,5.0,0,0,I,PERIODIC,-104.0,-13.0,11.0,h10,3,1,3
2025.11.05,15.01.37,-90.120279,29.934144,-107,-13,5.0,0,0,I,PERIODIC,-104.0,-13.0,11.0,h10,3,1,3
2025.11.05,15.01.38,-90.120279,29.934144,-110,-15,5.0,0,0,D,PERIODIC,-102.0,-13.0,10.0,h10,3,1,3
2025.11.05,15.01.39,-90.120279,29.934144,-110,-15,5.0,55575,539,D,PERIODIC,-102.0,-13.0,10.0,h10,3,1,3
2025.11.05,15.01.40,-90.120279,29.934144,-108,-14,5.0,0,0,I,PERIODIC,-102.0,-14.0,10.0,h10,3,1,3
2025.11.05,15.01.41,-90.120279,29.934144,-108,-14,5.0,0,2,D,PERIODIC,-102.0,-14.0,10.0,h10,3,1,3
2025.11.05,15.01.42,-90.120281,29.934051,-108,-14,5.0,9,10,D,PERIODIC,-102.0,-13.0,10.0,h10,3,1,3
2025.11.05,15.01.43,-90.120281,29.934051,-108,-14,5.0,71899,1100,D,PERIODIC,-102.0,-13.0,10.0,h10,3,1,3
2025.11.05,15.01.44,-90.120281,29.934051,-108,-14,5.0,0,0,D,PERIODIC,-102.0,-14.0,10.0,h10,3,1,3
2025.11.05,15.01.45,-90.120281,29.934051,-108,-14,5.0,0,0,I,PERIODIC,-102.0,-14.0,10.0,h10,3,1,3
2025.11.05,15.01.46,-90.120281,29.934051,-108,-14,5.0,0,0,I,PERIODIC,-102.0,-14.0,10.0,h10,3,1,3
2025.11.05,15.01.47,-90.120281,29.934051,-108,-14,5.0,0,0,I,PERIODIC,-103.0,-13.0,10.0,h10,3,1,3
2025.11.05,15.01.48,-90.120281,29.934051,-108,-14,5.0,0,0,D,PERIODIC,-102.0,-13.0,10.0,h10,3,1,3
2025.11.05,15.01.49,-90.120281,29.934051,-108,-14,5.0,0,0,I,PERIODIC,-102.0,-13.0,10.0,h10,3,1,3
2025.11.05,15.01.50,-90.120281,29.934051,-108,-14,5.0,0,0,I,PERIODIC,-102.0,-14.0,10.0,h10,3,1,3
2025.11.05,15.01.51,-90.120272,29.934143,-108,-14,5.0,0,0,I,PERIODIC,-102.0,-14.0,10.0,h10,3,1,3
2025.11.05,15.01.52,-90.120272,29.934143,-108,-14,5.0,0,0,I,PERIODIC,-102.0,-14.0,10.0,h10,3,1,3
2025.11.05,15.01.53,-90.120272,29.934143,-108,-14,5.0,99180,1010,D,PERIODIC,-103.0,-13.0,10.0,h10,3,1,3
2025.11.05,15.01.54,-90.120272,29.934143,-111,-14,4.0,0,0,I,PERIODIC,-102.0,-14.0,10.0,h10,3,1,3
2025.11.05,15.01.55,-90.120272,29.934143,-111,-14,5.0,0,0,I,PERIODIC,-102.0,-14.0,10.0,h10,3,1,3
2025.11.05,15.01.56,-90.120272,29.934143,-109,-14,5.0,0,0,I,PERIODIC,-102.0,-13.0,10.0,h10,3,1,3
2025.11.05,15.01.57,-90.120272,29.934143,-109,-14,5.0,0,0,I,PERIODIC,-102.0,-13.0,10.0,h10,3,1,3
2025.11.05,15.01.58,-90.120272,29.934143,-109,-14,5.0,36045,346,D,PERIODIC,-102.0,-12.0,10.0,h10,3,1,3
2025.11.05,15.01.59,-90.120313,29.93405,-109,-14,5.0,0,0,D,PERIODIC,-102.0,-12.0,10.0,h10,3,1,3
2025.11.05,15.02.00,-90.120313,29.93405,-109,-14,5.0,7,7,D,PERIODIC,-102.0,-13.0,10.0,h10,3,1,3
2025.11.05,15.02.01,-90.120313,29.93405,-109,-14,5.0,0,0,D,PERIODIC,-102.0,-13.0,10.0,h10,3,1,3
2025.11.05,15.02.02,-90.120313,29.93405,-109,-14,5.0,2,12,D,PERIODIC,-101.0,-13.0,10.0,h10,3,1,3
2025.11.05,15.02.03,-90.120313,29.93405,-109,-14,5.0,0,0,D,PERIODIC,-101.0,-13.0,10.0,h10,3,1,3
2025.11.05,15.02.04,-90.120313,29.93405,-109,-14,5.0,52921,2216,D,PERIODIC,-101.0,-13.0,10.0,h10,3,1,3
2025.11.05,15.02.05,-90.120313,29.93405,-109,-14,4.0,1,1,D,PERIODIC,-102.0,-12.0,10.0,h10,3,1,3
2025.11.05,15.02.06,-90.120313,29.93405,-110,-14,5.0,1,2,D,PERIODIC,-101.0,-13.0,11.0,h10,3,1,3
2025.11.05,15.02.07,-90.120313,29.93405,-110,-14,5.0,2,2,D,PERIODIC,-101.0,-13.0,11.0,h10,3,1,3
2025.11.05,15.02.08,-90.120313,29.93405,-110,-14,5.0,42510,2461,D,PERIODIC,-102.0,-14.0,11.0,h10,3,1,3
2025.11.05,15.02.09,-90.120313,29.93405,-110,-14,5.0,0,0,D,PERIODIC,-102.0,-14.0,11.0,h10,3,1,3
2025.11.05,15.02.10,-90.120313,29.93405,-110,-14,5.0,0,0,I,PERIODIC,-102.0,-14.0,11.0,h10,3,1,3
2025.11.05,15.02.11,-90.120313,29.93405,-110,-14,6.0,0,0,D,PERIODIC,-103.0,-12.0,11.0,h10,3,1,3
2025.11.05,15.02.12,-90.120313,29.93405,-108,-13,6.0,0,0,I,PERIODIC,-102.0,-13.0,11.0,h10,3,1,3
2025.11.05,15.02.13,-90.120313,29.93405,-108,-13,6.0,36526,359,D,PERIODIC,-102.0,-13.0,11.0,h10,3,1,3
2025.11.05,15.02.14,-90.120313,29.93405,-108,-13,6.0,0,9,D,PERIODIC,-102.0,-13.0,12.0,h10,3,1,3
2025.11.05,15.02.15,-90.120313,29.93405,-108,-13,6.0,0,0,I,PERIODIC,-102.0,-13.0,12.0,h10,3,1,3
2025.11.05,15.02.16,-90.120313,29.93405,-108,-13,6.0,0,1,D,PERIODIC,-103.0,-13.0,12.0,h10,3,1,3
2025.11.05,15.02.17,-90.120313,29.93405,-108,-13,6.0,0,0,I,PERIODIC,-103.0,-13.0,12.0,h10,3,1,3
2025.11.05,15.02.18,-90.120313,29.93405,-110,-13,5.0,71714,934,D,PERIODIC,-104.0,-13.0,10.0,h10,3,1,3
2025.11.05,15.02.19,-90.120313,29.93405,-110,-13,5.0,0,0,I,PERIODIC,-104.0,-13.0,10.0,h10,3,1,3
2025.11.05,15.02.20,-90.120313,29.93405,-111,-14,4.0,0,0,I,PERIODIC,-102.0,-12.0,10.0,h10,3,1,3
2025.11.05,15.02.21,-90.120313,29.93405,-111,-14,5.0,4,4,D,PERIODIC,-102.0,-12.0,10.0,h10,3,1,3
2025.11.05,15.02.22,-90.120313,29.93405,-110,-13,5.0,0,0,I,PERIODIC,-102.0,-14.0,11.0,h10,3,1,3
2025.11.05,15.02.23,-90.120313,29.93405,-110,-13,4.0,0,0,I,PERIODIC,-102.0,-14.0,11.0,h10,3,1,3
2025.11.05,15.02.24,-90.120313,29.93405,-110,-13,5.0,46223,461,D,PERIODIC,-102.0,-14.0,11.0,h10,3,1,3
2025.11.05,15.02.25,-90.120313,29.93405,-110,-14,6.0,0,0,I,PERIODIC,-103.0,-12.0,9.0,h10,3,1,3
2025.11.05,15.02.26,-90.120313,29.93405,-110,-14,6.0,0,0,I,PERIODIC,-103.0,-12.0,9.0,h10,3,1,3
2025.11.05,15.02.27,-90.120313,29.93405,-110,-14,5.0,0,0,I,PERIODIC,-102.0,-13.0,10.0,h10,3,1,3
2025.11.05,15.02.28,-90.120313,29.93405,-110,-14,5.0,17114,255,D,PERIODIC,-102.0,-13.0,10.0,h10,3,1,3
2025.11.05,15.02.29,-90.120313,29.93405,-110,-14,5.0,7,1,D,PERIODIC,-103.0,-12.0,10.0,h10,3,1,3
2025.11.05,15.02.30,-90.120313,29.93405,-110,-14,5.0,5,4,D,PERIODIC,-103.0,-12.0,10.0,h10,3,1,3
2025.11.05,15.02.31,-90.120313,29.93405,-110,-14,5.0,0,0,I,PERIODIC,-101.0,-13.0,10.0,h10,3,1,3
2025.11.05,15.02.32,-90.120313,29.93405,-110,-14,6.0,0,0,D,PERIODIC,-101.0,-13.0,10.0,h10,3,1,3
2025.11.05,15.02.33,-90.120313,29.93405,-109,-13,6.0,0,0,D,PERIODIC,-102.0,-14.0,11.0,h10,3,1,3
2025.11.05,15.02.34,-90.120313,29.93405,-109,-13,4.0,62044,1200,D,PERIODIC,-102.0,-14.0,11.0,h10,3,1,3
2025.11.05,15.02.35,-90.120313,29.93405,-110,-13,6.0,1,1,D,PERIODIC,-103.0,-10.0,10.0,h10,3,1,3
2025.11.05,15.02.36,-90.120313,29.93405,-110,-13,6.0,0,0,I,PERIODIC,-103.0,-10.0,10.0,h10,3,1,3
2025.11.05,15.02.37,-90.120313,29.93405,-110,-13,6.0,0,0,I,PERIODIC,-102.0,-13.0,10.0,h10,3,1,3
2025.11.05,15.02.38,-90.120313,29.93405,-110,-13,6.0,0,0,D,PERIODIC,-102.0,-13.0,10.0,h10,3,1,3
2025.11.05,15.02.39,-90.120313,29.93405,-110,-13,6.0,49220,462,D,PERIODIC,-105.0,-12.0,10.0,h10,3,1,3
2025.11.05,15.02.40,-90.120313,29.93405,-110,-13,6.0,0,0,I,PERIODIC,-105.0,-12.0,10.0,h10,3,1,3
2025.11.05,15.02.41,-90.120313,29.93405,-110,-13,6.0,0,0,I,PERIODIC,-105.0,-12.0,10.0,h10,3,1,3
2025.11.05,15.02.42,-90.120313,29.93405,-110,-13,6.0,3,3,D,PERIODIC,-103.0,-13.0,10.0,h10,3,1,3
2025.11.05,15.02.43,-90.120313,29.93405,-110,-14,6.0,54429,499,D,PERIODIC,-102.0,-13.0,10.0,h10,3,1,3
2025.11.05,15.02.44,-90.120313,29.93405,-110,-14,6.0,12,16,D,PERIODIC,-102.0,-13.0,10.0,h10,3,1,3
2025.11.05,15.02.45,-90.120313,29.93405,-110,-14,6.0,0,0,I,PERIODIC,-102.0,-12.0,10.0,h10,3,1,3
2025.11.05,15.02.46,-90.120313,29.93405,-110,-14,6.0,0,0,I,PERIODIC,-102.0,-12.0,10.0,h10,3,1,3
2025.11.05,15.02.47,-90.120313,29.93405,-108,-13,6.0,0,0,I,PERIODIC,-103.0,-13.0,11.0,h10,3,1,3
2025.11.05,15.02.48,-90.120313,29.93405,-108,-13,5.0,0,837,D,PERIODIC,-103.0,-13.0,11.0,h10,3,1,3
2025.11.05,15.02.49,-90.120313,29.93405,-111,-13,5.0,0,0,D,PERIODIC,-102.0,-12.0,11.0,h10,3,1,3
2025.11.05,15.02.50,-90.120313,29.93405,-111,-13,5.0,0,0,I,PERIODIC,-102.0,-12.0,11.0,h10,3,1,3
2025.11.05,15.02.51,-90.120313,29.93405,-111,-14,6.0,0,0,I,PERIODIC,-102.0,-12.0,12.0,h10,3,1,3
2025.11.05,15.02.52,-90.120313,29.93405,-111,-14,6.0,0,0,D,PERIODIC,-102.0,-12.0,12.0,h10,3,1,3
2025.11.05,15.02.53,-90.120313,29.93405,-110,-14,6.0,71857,610,D,PERIODIC,-103.0,-11.0,11.0,h10,3,1,3
2025.11.05,15.02.54,-90.120313,29.93405,-110,-14,6.0,0,0,I,PERIODIC,-103.0,-11.0,11.0,h10,3,1,3
2025.11.05,15.02.55,-90.120313,29.93405,-109,-14,6.0,0,0,I,PERIODIC,-102.0,-13.0,12.0,h10,3,1,3
2025.11.05,15.02.56,-90.120313,29.93405,-109,-14,4.0,0,0,I,PERIODIC,-102.0,-13.0,12.0,h10,3,1,3
2025.11.05,15.02.57,-90.120313,29.93405,-111,-14,4.0,0,0,I,PERIODIC,-103.0,-12.0,12.0,h10,3,1,3
2025.11.05,15.02.58,-90.120313,29.93405,-111,-14,3.0,36065,389,D,PERIODIC,-103.0,-12.0,12.0,h10,3,1,3
2025.11.05,15.02.59,-90.120313,29.93405,-112,-15,35.0,0,0,D,PERIODIC,-102.0,-13.0,10.0,h10,3,1,3
2025.11.05,15.03.00,-90.120313,29.93405,-112,-15,35.0,0,8,D,PERIODIC,-102.0,-13.0,10.0,h10,3,1,3
2025.11.05,15.03.01,-90.120313,29.93405,-110,-14,5.0,2,2,D,PERIODIC,-102.0,-13.0,11.0,h10,3,1,3
2025.11.05,15.03.02,-90.120278,29.934137,-110,-14,5.0,0,0,D,PERIODIC,-102.0,-13.0,11.0,h10,3,1,3
2025.11.05,15.03.03,-90.120278,29.934137,-110,-14,5.0,0,0,D,PERIODIC,-102.0,-12.0,11.0,h10,3,1,3
2025.11.05,15.03.04,-90.120278,29.934137,-110,-14,5.0,59341,1979,D,PERIODIC,-102.0,-12.0,11.0,h10,3,1,3
2025.11.05,15.03.05,-90.120278,29.934137,-110,-14,5.0,0,0,D,PERIODIC,-102.0,-13.0,11.0,h10,3,1,3
2025.11.05,15.03.06,-90.120278,29.934137,-110,-14,5.0,3,3,D,PERIODIC,-102.0,-13.0,11.0,h10,3,1,3
2025.11.05,15.03.07,-90.120278,29.934137,-110,-14,5.0,0,0,I,PERIODIC,-104.0,-13.0,11.0,h10,3,1,3
2025.11.05,15.03.08,-90.120278,29.934137,-110,-14,4.0,36449,2923,D,PERIODIC,-104.0,-13.0,11.0,h10,3,1,3
2025.11.05,15.03.09,-90.120278,29.934137,-107,-13,4.0,0,0,I,PERIODIC,-103.0,-13.0,10.0,h10,3,1,3
2025.11.05,15.03.10,-90.120278,29.934137,-107,-13,4.0,0,0,I,PERIODIC,-103.0,-13.0,10.0,h10,3,1,3
2025.11.05,15.03.11,-90.120278,29.934137,-107,-13,4.0,0,0,I,PERIODIC,-102.0,-13.0,10.0,h10,3,1,3
2025.11.05,15.03.12,-90.120278,29.934137,-107,-13,4.0,0,0,I,PERIODIC,-102.0,-13.0,10.0,h10,3,1,3
2025.11.05,15.03.13,-90.120278,29.934137,-107,-13,4.0,72079,706,D,PERIODIC,-102.0,-11.0,10.0,h10,3,1,3
2025.11.05,15.03.14,-90.120278,29.934137,-107,-13,4.0,3,4,D,PERIODIC,-102.0,-11.0,10.0,h10,3,1,3
2025.11.05,15.03.15,-90.120278,29.934137,-107,-13,4.0,0,0,I,PERIODIC,-103.0,-12.0,10.0,h10,3,1,3
2025.11.05,15.03.16,-90.120278,29.934137,-107,-13,4.0,0,0,I,PERIODIC,-103.0,-12.0,10.0,h10,3,1,3
2025.11.05,15.03.17,-90.120278,29.934137,-110,-14,40.0,0,0,I,PERIODIC,-102.0,-13.0,10.0,h10,3,1,3
2025.11.05,15.03.18,-90.120278,29.934137,-110,-14,40.0,29401,561,D,PERIODIC,-102.0,-13.0,10.0,h10,3,1,3
2025.11.05,15.03.19,-90.120278,29.934137,-110,-14,40.0,0,0,I,PERIODIC,-103.0,-13.0,10.0,h10,3,1,3
2025.11.05,15.03.20,-90.120278,29.934137,-110,-14,40.0,0,0,I,PERIODIC,-103.0,-13.0,10.0,h10,3,1,3
2025.11.05,15.03.21,-90.120278,29.934137,-110,-14,40.0,0,0,I,PERIODIC,-103.0,-13.0,10.0,h10,3,1,3
2025.11.05,15.03.22,-90.120278,29.934137,-110,-14,40.0,0,0,I,PERIODIC,-104.0,-12.0,10.0,h10,3,1,3
2025.11.05,15.03.23,-90.120278,29.934137,-110,-15,25.0,48733,890,D,PERIODIC,-103.0,-13.0,11.0,h10,3,1,3
2025.11.05,15.03.24,-90.120278,29.934137,-110,-15,25.0,0,27,D,PERIODIC,-103.0,-13.0,11.0,h10,3,1,3
2025.11.05,15.03.25,-90.120278,29.934137,-110,-14,35.0,0,0,I,PERIODIC,-102.0,-12.0,10.0,h10,3,1,3
2025.11.05,15.03.26,-90.120278,29.934137,-110,-14,35.0,0,29,D,PERIODIC,-102.0,-12.0,10.0,h10,3,1,3
2025.11.05,15.03.27,-90.120278,29.934137,-109,-13,4.0,0,0,D,PERIODIC,-102.0,-12.0,11.0,h10,3,1,3
2025.11.05,15.03.28,-90.120278,29.934137,-109,-13,4.0,36989,403,D,PERIODIC,-102.0,-12.0,11.0,h10,3,1,3
2025.11.05,15.03.29,-90.120278,29.934137,-109,-13,4.0,0,0,I,PERIODIC,-102.0,-12.0,11.0,h10,3,1,3
2025.11.05,15.03.30,-90.120278,29.934137,-109,-13,4.0,0,0,D,PERIODIC,-102.0,-12.0,11.0,h10,3,1,3
2025.11.05,15.03.31,-90.120278,29.934137,-109,-13,4.0,4,32,D,PERIODIC,-102.0,-14.0,11.0,h10,3,1,3
2025.11.05,15.03.32,-90.120278,29.934137,-109,-13,4.0,2,2,D,PERIODIC,-102.0,-14.0,11.0,h10,3,1,3
2025.11.05,15.03.33,-90.120278,29.934137,-109,-13,4.0,0,0,D,PERIODIC,-102.0,-13.0,11.0,h10,3,1,3
2025.11.05,15.03.34,-90.120278,29.934137,-109,-13,4.0,0,0,D,PERIODIC,-102.0,-13.0,11.0,h10,3,1,3
2025.11.05,15.03.35,-90.120278,29.934137,-109,-13,4.0,1,57,D,PERIODIC,-102.0,-13.0,11.0,h10,3,1,3
2025.11.05,15.03.36,-90.120278,29.934137,-109,-13,4.0,0,57,D,PERIODIC,-102.0,-13.0,11.0,h10,3,1,3
2025.11.05,15.03.37,-90.120278,29.934137,-109,-13,4.0,0,0,D,PERIODIC,-102.0,-13.0,11.0,h10,3,1,3
2025.11.05,15.03.38,-90.120278,29.934137,-109,-13,4.0,46758,1001,D,PERIODIC,-104.0,-10.0,11.0,h10,3,1,3
2025.11.05,15.03.39,-90.120278,29.934137,-113,-13,40.0,0,0,D,PERIODIC,-103.0,-10.0,11.0,h10,3,1,3
2025.11.05,15.03.40,-90.120278,29.934137,-113,-13,40.0,0,29,D,PERIODIC,-103.0,-10.0,11.0,h10,3,1,3
2025.11.05,15.03.41,-90.120278,29.934137,-112,-13,4.0,0,28,D,PERIODIC,-102.0,-12.0,11.0,h10,3,1,3
2025.11.05,15.03.42,-90.120278,29.934137,-112,-13,4.0,0,42,D,PERIODIC,-102.0,-12.0,11.0,h10,3,1,3
2025.11.05,15.03.43,-90.120278,29.934137,-110,-13,5.0,1,1,D,PERIODIC,-102.0,-12.0,12.0,h10,3,1,3
2025.11.05,15.03.44,-90.120278,29.934137,-110,-13,3.0,0,28,D,PERIODIC,-102.0,-12.0,12.0,h10,3,1,3
2025.11.05,15.03.45,-90.120278,29.934137,-110,-13,3.0,0,28,D,PERIODIC,-102.0,-12.0,12.0,h10,3,1,3
2025.11.05,15.03.46,-90.120278,29.934137,-114,-13,35.0,0,0,D,PERIODIC,-102.0,-12.0,12.0,h10,3,1,3
2025.11.05,15.03.47,-90.120278,29.934137,-114,-13,35.0,0,0,I,PERIODIC,-102.0,-12.0,12.0,h10,3,1,3
2025.11.05,15.03.48,-90.120278,29.934137,-114,-13,35.0,0,0,I,PERIODIC,-103.0,-12.0,12.0,h10,3,1,3
2025.11.05,15.03.49,-90.120278,29.934137,-114,-13,35.0,0,0,I,PERIODIC,-103.0,-12.0,12.0,h10,3,1,3
2025.11.05,15.03.50,-90.120278,29.934137,-114,-13,35.0,0,0,I,PERIODIC,-102.0,-12.0,12.0,h10,3,1,3
2025.11.05,15.03.51,-90.120278,29.934137,-114,-13,35.0,0,0,I,PERIODIC,-102.0,-12.0,12.0,h10,3,1,3
2025.11.05,15.03.52,-90.120278,29.934137,-112,-14,40.0,0,0,I,PERIODIC,-102.0,-13.0,11.0,h10,3,1,3
2025.11.05,15.03.53,-90.120278,29.934137,-112,-14,40.0,0,1109,D,PERIODIC,-102.0,-13.0,11.0,h10,3,1,3
2025.11.05,15.03.54,-90.120278,29.934137,-112,-15,4.0,0,6,D,PERIODIC,-102.0,-12.0,12.0,h10,3,1,3
2025.11.05,15.03.55,-90.120278,29.934137,-112,-15,4.0,0,28,D,PERIODIC,-102.0,-12.0,12.0,h10,3,1,3
2025.11.05,15.03.56,-90.120278,29.934137,-112,-15,4.0,0,28,D,PERIODIC,-101.0,-12.0,12.0,h10,3,1,3
2025.11.05,15.03.57,-90.120278,29.934137,-112,-15,3.0,0,0,I,PERIODIC,-101.0,-12.0,12.0,h10,3,1,3
2025.11.05,15.03.58,-90.120278,29.934137,-111,-15,35.0,74887,641,D,PERIODIC,-102.0,-12.0,11.0,h10,3,1,3
2025.11.05,15.03.59,-90.120278,29.934137,-111,-15,35.0,3,60,D,PERIODIC,-102.0,-12.0,11.0,h10,3,1,3
2025.11.05,15.04.00,-90.120278,29.934137,-110,-14,40.0,4,4,D,PERIODIC,-102.0,-13.0,12.0,h10,3,1,3
2025.11.05,15.04.01,-90.120278,29.934137,-110,-14,40.0,1,29,D,PERIODIC,-102.0,-13.0,12.0,h10,3,1,3
2025.11.05,15.04.02,-90.120278,29.934137,-110,-14,40.0,2,2,D,PERIODIC,-102.0,-13.0,12.0,h10,3,1,3
2025.11.05,15.04.03,-90.120278,29.934137,-110,-14,40.0,0,0,D,PERIODIC,-102.0,-13.0,12.0,h10,3,1,3
2025.11.05,15.04.04,-90.120278,29.934137,-110,-14,40.0,0,2,D,PERIODIC,-103.0,-13.0,12.0,h10,3,1,3
2025.11.05,15.04.05,-90.120278,29.934137,-110,-14,40.0,0,1,D,PERIODIC,-103.0,-13.0,12.0,h10,3,1,3
2025.11.05,15.04.06,-90.120278,29.934137,-110,-14,40.0,1,30,D,PERIODIC,-103.0,-11.0,12.0,h10,3,1,3
2025.11.05,15.04.07,-90.120278,29.934137,-110,-14,40.0,1,1,D,PERIODIC,-103.0,-11.0,12.0,h10,3,1,3
2025.11.05,15.04.08,-90.120278,29.934137,-110,-14,40.0,30870,2626,D,PERIODIC,-103.0,-12.0,12.0,h10,3,1,3
2025.11.05,15.04.09,-90.120278,29.934137,-110,-14,40.0,0,28,D,PERIODIC,-103.0,-12.0,12.0,h10,3,1,3
2025.11.05,15.04.10,-90.120278,29.934137,-110,-14,40.0,0,0,I,PERIODIC,-103.0,-12.0,12.0,h10,3,1,3
2025.11.05,15.04.11,-90.120278,29.934137,-110,-14,40.0,0,0,I,PERIODIC,-103.0,-12.0,12.0,h10,3,1,3
2025.11.05,15.04.12,-90.120278,29.934137,-110,-14,40.0,1,28,D,PERIODIC,-104.0,-11.0,12.0,h10,3,1,3
2025.11.05,15.04.13,-90.120304,29.934021,-110,-14,40.0,123364,1072,D,PERIODIC,-104.0,-11.0,12.0,h10,3,1,3
2025.11.05,15.04.14,-90.120304,29.934021,-108,-13,5.0,1,1,D,PERIODIC,-103.0,-13.0,12.0,h10,3,1,3
2025.11.05,15.04.15,-90.120304,29.934021,-108,-13,5.0,0,0,I,PERIODIC,-103.0,-13.0,12.0,h10,3,1,3
2025.11.05,15.04.16,-90.120304,29.934021,-107,-13,6.0,0,0,D,PERIODIC,-102.0,-11.0,11.0,h10,3,1,3
2025.11.05,15.04.17,-90.120304,29.934021,-107,-13,6.0,0,28,D,PERIODIC,-102.0,-11.0,11.0,h10,3,1,3
2025.11.05,15.04.18,-90.120304,29.934021,-107,-13,6.0,0,0,D,PERIODIC,-102.0,-12.0,11.0,h10,3,1,3
2025.11.05,15.04.19,-90.120304,29.934021,-107,-13,6.0,0,0,I,PERIODIC,-102.0,-12.0,11.0,h10,3,1,3
2025.11.05,15.04.20,-90.120304,29.934021,-110,-13,6.0,0,0,I,PERIODIC,-103.0,-12.0,11.0,h10,3,1,3
2025.11.05,15.04.21,-90.120304,29.934021,-110,-13,6.0,0,0,I,PERIODIC,-103.0,-12.0,11.0,h10,3,1,3
2025.11.05,15.04.22,-90.120304,29.934021,-110,-13,6.0,0,0,I,PERIODIC,-102.0,-14.0,11.0,h10,3,1,3
2025.11.05,15.04.23,-90.120304,29.934021,-110,-13,3.0,75927,752,D,PERIODIC,-102.0,-14.0,11.0,h10,3,1,3
2025.11.05,15.04.24,-90.120304,29.934021,-110,-13,3.0,5,7,D,PERIODIC,-102.0,-14.0,11.0,h10,3,1,3
2025.11.05,15.04.25,-90.120304,29.934021,-108,-13,35.0,0,0,I,PERIODIC,-103.0,-13.0,12.0,h10,3,1,3
2025.11.05,15.04.26,-90.120304,29.934021,-110,-14,40.0,0,0,I,PERIODIC,-102.0,-12.0,11.0,h10,3,1,3
2025.11.05,15.04.27,-90.120304,29.934021,-110,-14,40.0,0,0,I,PERIODIC,-102.0,-12.0,11.0,h10,3,1,3
2025.11.05,15.04.28,-90.120304,29.934021,-110,-14,40.0,0,764,D,PERIODIC,-103.0,-12.0,11.0,h10,3,1,3
2025.11.05,15.04.29,-90.120304,29.934021,-110,-14,40.0,1,1,D,PERIODIC,-103.0,-12.0,11.0,h10,3,1,3
2025.11.05,15.04.30,-90.120304,29.934021,-111,-15,40.0,1,1,D,PERIODIC,-102.0,-12.0,10.0,h10,3,1,3
2025.11.05,15.04.31,-90.120304,29.934021,-111,-15,40.0,0,3,D,PERIODIC,-102.0,-12.0,10.0,h10,3,1,3
2025.11.05,15.04.32,-90.120304,29.934021,-110,-14,35.0,0,0,D,PERIODIC,-103.0,-13.0,11.0,h10,3,1,3
2025.11.05,15.04.33,-90.120304,29.934021,-110,-14,35.0,53532,1558,D,PERIODIC,-103.0,-13.0,11.0,h10,3,1,3
2025.11.05,15.04.34,-90.120304,29.934021,-110,-14,35.0,0,0,D,PERIODIC,-102.0,-12.0,12.0,h10,3,1,3
2025.11.05,15.04.35,-90.120304,29.934021,-110,-14,35.0,0,0,I,PERIODIC,-102.0,-12.0,12.0,h10,3,1,3
2025.11.05,15.04.36,-90.120304,29.934021,-110,-14,35.0,0,0,I,PERIODIC,-103.0,-11.0,12.0,h10,3,1,3
2025.11.05,15.04.37,-90.120304,29.934021,-110,-14,35.0,0,0,I,PERIODIC,-103.0,-11.0,12.0,h10,3,1,3
2025.11.05,15.04.38,-90.120304,29.934021,-110,-14,35.0,0,0,I,PERIODIC,-102.0,-13.0,12.0,h10,3,1,3
2025.11.05,15.04.39,-90.120304,29.934021,-110,-14,35.0,0,0,I,PERIODIC,-102.0,-13.0,12.0,h10,3,1,3
2025.11.05,15.04.40,-90.120304,29.934021,-110,-14,35.0,0,0,I,PERIODIC,-102.0,-12.0,12.0,h10,3,1,3
2025.11.05,15.04.41,-90.120304,29.934021,-110,-14,35.0,0,0,I,PERIODIC,-102.0,-12.0,12.0,h10,3,1,3
2025.11.05,15.04.42,-90.120304,29.934021,-110,-14,35.0,3,3,D,PERIODIC,-102.0,-12.0,12.0,h10,3,1,3
2025.11.05,15.04.43,-90.120304,29.934021,-110,-14,40.0,0,0,I,PERIODIC,-103.0,-12.0,3.0,h10,3,1,3
2025.11.05,15.04.44,-90.120304,29.934021,-108,-13,5.0,0,0,I,PERIODIC,-102.0,-13.0,12.0,h10,3,1,3
2025.11.05,15.04.45,-90.120304,29.934021,-108,-13,4.0,0,0,I,PERIODIC,-102.0,-13.0,12.0,h10,3,1,3
2025.11.05,15.04.46,-90.120304,29.934021,-108,-13,4.0,0,0,I,PERIODIC,-102.0,-13.0,12.0,h10,3,1,3
2025.11.05,15.04.47,-90.120304,29.934021,-109,-14,40.0,0,0,I,PERIODIC,-103.0,-12.0,13.0,h10,3,1,3
2025.11.05,15.04.48,-90.120304,29.934021,-109,-13,5.0,0,0,I,PERIODIC,-102.0,-13.0,12.0,h10,3,1,3
2025.11.05,15.04.49,-90.120304,29.934021,-109,-13,5.0,1,1,D,PERIODIC,-102.0,-13.0,12.0,h10,3,1,3
2025.11.05,15.04.50,-90.120304,29.934021,-108,-13,40.0,1,1,D,PERIODIC,-102.0,-12.0,9.0,h10,3,1,3
2025.11.05,15.04.51,-90.120304,29.934021,-108,-13,40.0,0,0,D,PERIODIC,-102.0,-12.0,9.0,h10,3,1,3
2025.11.05,15.04.52,-90.120304,29.934021,-108,-13,40.0,10,12,D,PERIODIC,-102.0,-12.0,9.0,h10,3,1,3
2025.11.05,15.04.53,-90.120304,29.934021,-108,-13,4.0,15,15,D,PERIODIC,-103.0,-13.0,11.0,h10,3,1,3
2025.11.05,15.04.54,-90.120304,29.934021,-107,-13,4.0,0,0,I,PERIODIC,-103.0,-11.0,12.0,h10,3,1,3
2025.11.05,15.04.55,-90.120304,29.934021,-107,-13,4.0,5,5,D,PERIODIC,-103.0,-11.0,12.0,h10,3,1,3
2025.11.05,15.04.56,-90.120304,29.934021,-108,-14,40.0,0,0,I,PERIODIC,-102.0,-13.0,13.0,h10,3,1,3
2025.11.05,15.04.57,-90.120304,29.934021,-108,-14,40.0,0,0,I,PERIODIC,-102.0,-13.0,13.0,h10,3,1,3
2025.11.05,15.04.58,-90.120304,29.934021,-107,-13,40.0,4,5,D,PERIODIC,-102.0,-11.0,11.0,h10,3,1,3
2025.11.05,15.04.59,-90.120304,29.934021,-107,-13,40.0,0,0,I,PERIODIC,-102.0,-11.0,11.0,h10,3,1,3
2025.11.05,15.05.00,-90.120304,29.934021,-107,-13,40.0,2,2,D,PERIODIC,-102.0,-11.0,11.0,h10,3,1,3
2025.11.05,15.05.01,-90.120304,29.934021,-108,-13,4.0,4,4,D,PERIODIC,-102.0,-12.0,10.0,h10,3,1,3
2025.11.05,15.05.02,-90.120304,29.934021,-109,-14,40.0,0,2,D,PERIODIC,-102.0,-12.0,11.0,h10,3,1,3
2025.11.05,15.05.03,-90.120304,29.934021,-109,-14,40.0,0,0,D,PERIODIC,-102.0,-12.0,11.0,h10,3,1,3
2025.11.05,15.05.04,-90.120304,29.934021,-110,-15,40.0,1,1,D,PERIODIC,-103.0,-13.0,11.0,h10,3,1,3
2025.11.05,15.05.05,-90.120304,29.934021,-110,-15,40.0,0,0,I,PERIODIC,-103.0,-13.0,11.0,h10,3,1,3
2025.11.05,15.05.06,-90.120304,29.934021,-110,-15,40.0,0,0,I,PERIODIC,-103.0,-13.0,11.0,h10,3,1,3
2025.11.05,15.05.07,-90.120304,29.934021,-110,-15,40.0,0,0,I,PERIODIC,-103.0,-13.0,11.0,h10,3,1,3
2025.11.05,15.05.08,-90.120304,29.934021,-108,-13,35.0,0,0,I,PERIODIC,-102.0,-13.0,13.0,h10,3,1,3
2025.11.05,15.05.09,-90.120304,29.934021,-108,-13,35.0,0,0,I,PERIODIC,-101.0,-12.0,13.0,h10,3,1,3
2025.11.05,15.05.10,-90.120304,29.934021,-108,-13,35.0,0,0,I,PERIODIC,-101.0,-12.0,13.0,h10,3,1,3
2025.11.05,15.05.11,-90.120304,29.934021,-108,-13,35.0,0,0,D,PERIODIC,-104.0,-12.0,13.0,h10,3,1,3
2025.11.05,15.05.12,-90.120304,29.934021,-108,-13,35.0,2,2,D,PERIODIC,-104.0,-12.0,13.0,h10,3,1,3
2025.11.05,15.05.13,-90.120304,29.934021,-111,-12,5.0,0,1,D,PERIODIC,-109.0,-14.0,11.0,h10,3,1,3
2025.11.05,15.05.14,-90.120304,29.934021,-111,-12,5.0,0,0,D,PERIODIC,-109.0,-14.0,11.0,h10,3,1,3
2025.12.24,15.14.01,-87.901205,42.340117,-97,-11,20.0,4,4,D,LOG START,-94.0,-12.0,17.0,h1,3,1,3
2025.12.24,15.14.02,-87.901205,42.340118,-97,-11,20.0,4,4,D,,-94.0,-12.0,17.0,h1,3,1,3
2025.12.24,15.14.02,-87.901205,42.340118,-99,-11,20.0,1,1,D,PERIODIC,-93.0,-10.0,18.0,h1,3,1,3
2025.12.24,15.14.03,-87.901205,42.340118,-99,-11,20.0,0,0,D,PERIODIC,-93.0,-10.0,18.0,h1,3,1,3
2025.12.24,15.14.04,-87.901205,42.340118,-99,-11,20.0,0,2,D,PERIODIC,-91.0,-13.0,18.0,h1,3,1,3
2025.12.24,15.14.05,-87.901205,42.340118,-99,-11,20.0,3,3,D,PERIODIC,-91.0,-13.0,18.0,h1,3,1,3
2025.12.24,15.14.06,-87.901205,42.340118,-95,-11,21.0,4,4,D,PERIODIC,-94.0,-11.0,18.0,h1,3,1,3
2025.12.24,15.14.07,-87.901205,42.340118,-95,-11,21.0,0,0,D,PERIODIC,-94.0,-11.0,18.0,h1,3,1,3
2025.12.24,15.14.08,-87.901205,42.340118,-95,-11,21.0,3,4,D,PERIODIC,-93.0,-10.0,18.0,h1,3,1,3
2025.12.24,15.14.09,-87.901205,42.340118,-95,-11,21.0,3,3,D,PERIODIC,-93.0,-10.0,18.0,h1,3,1,3
2025.12.24,15.14.10,-87.901205,42.340118,-95,-11,21.0,16,19,D,PERIODIC,-93.0,-10.0,18.0,h1,3,1,3
2025.12.24,15.14.11,-87.901205,42.340118,-95,-11,21.0,3,3,D,PERIODIC,-93.0,-10.0,18.0,h1,3,1,3
2025.12.24,15.14.12,-87.901205,42.340118,-99,-11,20.0,0,1220,D,PERIODIC,-93.0,-9.0,18.0,h1,3,1,3
2025.12.24,15.14.13,-87.901205,42.340118,-99,-11,21.0,1718,18378,D,PERIODIC,-93.0,-9.0,18.0,h1,3,1,3
2025.12.24,15.14.14,-87.901205,42.340118,-96,-11,21.0,8,8,D,PERIODIC,-94.0,-10.0,17.0,h1,3,1,3
2025.12.24,15.14.15,-87.901205,42.340118,-96,-11,21.0,1,1,D,PERIODIC,-94.0,-10.0,17.0,h1,3,1,3
2025.12.24,15.14.16,-87.901205,42.340118,-96,-11,21.0,18,18,D,PERIODIC,-93.0,-9.0,17.0,h1,3,1,3
2025.12.24,15.14.17,-87.901205,42.340118,-96,-11,20.0,6,6,D,PERIODIC,-93.0,-9.0,17.0,h1,3,1,3
2025.12.24,15.14.18,-87.901205,42.340118,-96,-11,20.0,0,0,D,PERIODIC,-93.0,-9.0,17.0,h1,3,1,3
2025.12.24,15.14.19,-87.901205,42.340118,-97,-11,21.0,1,1,D,PERIODIC,-94.0,-13.0,18.0,h1,3,1,3
2025.12.24,15.14.20,-87.901205,42.340118,-97,-11,20.0,0,0,D,PERIODIC,-94.0,-13.0,18.0,h1,3,1,3
2025.12.24,15.14.21,-87.901205,42.340118,-98,-11,20.0,0,0,I,PERIODIC,-93.0,-11.0,17.0,h1,3,1,3
2025.12.24,15.14.22,-87.901205,42.340118,-98,-11,21.0,0,0,I,PERIODIC,-93.0,-11.0,17.0,h1,3,1,3
2025.12.24,15.14.23,-87.901205,42.340118,-98,-11,21.0,16,17,D,PERIODIC,-94.0,-12.0,18.0,h1,3,1,3
2025.12.24,15.14.24,-87.901205,42.340118,-96,-11,21.0,0,0,D,PERIODIC,-94.0,-9.0,16.0,h1,3,1,3
2025.12.24,15.14.25,-87.901205,42.340118,-96,-11,21.0,1,1,D,PERIODIC,-94.0,-9.0,16.0,h1,3,1,3
2025.12.24,15.14.26,-87.901205,42.340118,-96,-11,21.0,3,3,D,PERIODIC,-94.0,-13.0,16.0,h1,3,1,3
2025.12.24,15.14.27,-87.901205,42.340118,-96,-11,21.0,0,0,D,PERIODIC,-94.0,-13.0,16.0,h1,3,1,3
2025.12.24,15.14.28,-87.901205,42.340118,-97,-11,20.0,0,0,D,PERIODIC,-94.0,-10.0,19.0,h1,3,1,3
2025.12.24,15.14.29,-87.901205,42.340118,-97,-11,20.0,7,7,D,PERIODIC,-94.0,-10.0,19.0,h1,3,1,3
2025.12.24,15.14.30,-87.901205,42.340118,-97,-11,20.0,0,0,D,PERIODIC,-95.0,-10.0,19.0,h1,3,1,3
2025.12.24,15.14.31,-87.901205,42.340118,-97,-11,20.0,0,0,I,PERIODIC,-95.0,-10.0,19.0,h1,3,1,3
2025.12.24,15.14.32,-87.901205,42.340118,-97,-11,20.0,0,0,I,PERIODIC,-95.0,-10.0,19.0,h1,3,1,3
2025.12.24,15.14.33,-87.901205,42.340118,-97,-11,20.0,0,0,I,PERIODIC,-95.0,-9.0,19.0,h1,3,1,3
2025.12.24,15.14.34,-87.901205,42.340118,-96,-11,21.0,0,0,I,PERIODIC,-95.0,-10.0,13.0,h1,3,1,3
2025.12.24,15.14.35,-87.901205,42.340118,-96,-11,21.0,0,0,I,PERIODIC,-95.0,-10.0,13.0,h1,3,1,3
2025.12.24,15.14.36,-87.901205,42.340118,-96,-11,21.0,0,0,I,PERIODIC,-96.0,-11.0,16.0,h1,3,1,3
2025.12.24,15.14.37,-87.901205,42.340118,-96,-11,21.0,0,0,I,PERIODIC,-96.0,-11.0,16.0,h1,3,1,3
2025.12.24,15.14.38,-87.901205,42.340118,-96,-11,21.0,1,4,D,PERIODIC,-97.0,-13.0,16.0,h1,3,1,3
2025.12.24,15.14.39,-87.901205,42.340118,-96,-11,21.0,18,19,D,PERIODIC,-97.0,-13.0,16.0,h1,3,1,3
2025.12.24,15.14.40,-87.901205,42.340118,-96,-11,21.0,56,58,D,PERIODIC,-96.0,-13.0,14.0,h1,3,1,3
2025.12.24,15.14.41,-87.901205,42.340118,-96,-11,21.0,0,8,D,PERIODIC,-96.0,-13.0,14.0,h1,3,1,3
2025.12.24,15.14.42,-87.901205,42.340118,-96,-11,21.0,7,7,D,PERIODIC,-95.0,-11.0,14.0,h1,3,1,3
2025.12.24,15.14.43,-87.901205,42.340118,-96,-11,21.0,73842,11172,D,PERIODIC,-95.0,-11.0,14.0,h1,3,1,3
2025.12.24,15.14.44,-87.901205,42.340118,-96,-11,21.0,0,0,D,PERIODIC,-95.0,-12.0,14.0,h1,3,1,3
2025.12.24,15.14.45,-87.901205,42.340118,-96,-11,21.0,1,1,D,PERIODIC,-95.0,-12.0,14.0,h1,3,1,3
2025.12.24,15.14.46,-87.901205,42.340118,-96,-11,21.0,4,4,D,PERIODIC,-93.0,-12.0,14.0,h1,3,1,3
2025.12.24,15.14.47,-87.901205,42.340118,-96,-11,21.0,9,10,D,PERIODIC,-93.0,-12.0,14.0,h1,3,1,3
2025.12.24,15.14.48,-87.901205,42.340118,-96,-11,21.0,0,0,D,PERIODIC,-94.0,-12.0,14.0,h1,3,1,3
2025.12.24,15.14.49,-87.901205,42.340118,-96,-11,20.0,0,0,D,PERIODIC,-94.0,-12.0,14.0,h1,3,1,3
2025.12.24,15.14.50,-87.901205,42.340118,-95,-11,20.0,0,0,I,PERIODIC,-94.0,-12.0,16.0,h1,3,1,3
2025.12.24,15.14.51,-87.901205,42.340118,-95,-11,20.0,0,0,D,PERIODIC,-94.0,-12.0,16.0,h1,3,1,3
2025.12.24,15.14.52,-87.901205,42.340118,-95,-11,20.0,0,0,I,PERIODIC,-95.0,-13.0,16.0,h1,3,1,3
2025.12.24,15.14.53,-87.901205,42.340118,-95,-11,20.0,39628,367,D,PERIODIC,-95.0,-13.0,16.0,h1,3,1,3
2025.12.24,15.14.54,-87.901205,42.340118,-95,-11,20.0,0,0,D,PERIODIC,-94.0,-10.0,16.0,h1,3,1,3
2025.12.24,15.14.55,-87.901205,42.340118,-95,-11,20.0,0,0,I,PERIODIC,-94.0,-10.0,16.0,h1,3,1,3
2025.12.24,15.14.56,-87.901205,42.340118,-95,-11,20.0,4,4,D,PERIODIC,-94.0,-12.0,16.0,h1,3,1,3
2025.12.24,15.14.57,-87.901205,42.340118,-95,-11,20.0,11,10,D,PERIODIC,-94.0,-12.0,16.0,h1,3,1,3
2025.12.24,15.14.58,-87.901205,42.340118,-95,-11,20.0,73481,624,D,PERIODIC,-94.0,-11.0,16.0,h1,3,1,3
2025.12.24,15.14.59,-87.901205,42.340118,-95,-11,20.0,0,0,D,PERIODIC,-94.0,-11.0,16.0,h1,3,1,3
2025.12.24,15.15.00,-87.901205,42.340118,-96,-11,21.0,4,3,D,PERIODIC,-95.0,-14.0,16.0,h1,3,1,3
2025.12.24,15.15.01,-87.901205,42.340118,-96,-11,21.0,1,1,D,PERIODIC,-95.0,-14.0,16.0,h1,3,1,3
2025.12.24,15.15.02,-87.901205,42.340118,-108,-12,20.0,5,5,D,PERIODIC,-90.0,-11.0,15.0,h1,3,1,3
2025.12.24,15.15.03,-87.901205,42.340118,-108,-12,20.0,43519,1858,D,PERIODIC,-90.0,-11.0,15.0,h1,3,1,3
2025.12.24,15.15.04,-87.901205,42.340118,-97,-11,20.0,3,3,D,PERIODIC,-93.0,-12.0,14.0,h1,3,1,3
2025.12.24,15.15.05,-87.901205,42.340118,-97,-11,20.0,3,3,D,PERIODIC,-93.0,-12.0,14.0,h1,3,1,3
2025.12.24,15.15.06,-87.901205,42.340118,-100,-11,21.0,4,4,D,PERIODIC,-93.0,-10.0,17.0,h1,3,1,3
2025.12.24,15.15.07,-87.901205,42.340118,-100,-11,21.0,4,6,D,PERIODIC,-93.0,-10.0,17.0,h1,3,1,3
2025.12.24,15.15.08,-87.901205,42.340118,-101,-11,21.0,68681,7267,D,PERIODIC,-93.0,-12.0,18.0,h1,3,1,3
2025.12.24,15.15.09,-87.901205,42.340118,-101,-11,19.0,4,4,D,PERIODIC,-93.0,-12.0,18.0,h1,3,1,3
2025.12.24,15.15.10,-87.901205,42.340118,-101,-11,19.0,2,2,D,PERIODIC,-93.0,-12.0,18.0,h1,3,1,3
2025.12.24,15.15.11,-87.901205,42.340118,-104,-11,19.0,0,0,D,PERIODIC,-92.0,-10.0,17.0,h1,3,1,3
2025.12.24,15.15.12,-87.901205,42.340118,-104,-11,19.0,2,3,D,PERIODIC,-94.0,-12.0,17.0,h1,3,1,3
2025.12.24,15.15.13,-87.901205,42.340118,-104,-11,19.0,63266,5328,D,PERIODIC,-94.0,-12.0,17.0,h1,3,1,3
2025.12.24,15.15.14,-87.901205,42.340118,-104,-11,19.0,0,0,D,PERIODIC,-92.0,-13.0,17.0,h1,3,1,3
2025.12.24,15.15.15,-87.901205,42.340118,-104,-11,20.0,0,0,I,PERIODIC,-92.0,-13.0,17.0,h1,3,1,3
2025.12.24,15.15.16,-87.901205,42.340118,-99,-11,20.0,0,1,D,PERIODIC,-94.0,-11.0,18.0,h1,3,1,3
2025.12.24,15.15.17,-87.901205,42.340118,-99,-11,21.0,0,0,D,PERIODIC,-94.0,-11.0,18.0,h1,3,1,3
2025.12.24,15.15.18,-87.901205,42.340118,-97,-11,21.0,65252,501,D,PERIODIC,-93.0,-11.0,12.0,h1,3,1,3
2025.12.24,15.15.19,-87.901205,42.340118,-97,-11,20.0,0,0,D,PERIODIC,-93.0,-11.0,12.0,h1,3,1,3
2025.12.24,15.15.20,-87.901205,42.340118,-97,-11,20.0,0,0,I,PERIODIC,-93.0,-11.0,12.0,h1,3,1,3
2025.12.24,15.15.21,-87.901205,42.340118,-96,-11,20.0,1,1,D,PERIODIC,-94.0,-11.0,16.0,h1,3,1,3
2025.12.24,15.15.22,-87.901205,42.340118,-96,-11,20.0,1,1,D,PERIODIC,-94.0,-11.0,16.0,h1,3,1,3
2025.12.24,15.15.23,-87.901205,42.340118,-96,-11,20.0,66327,555,D,PERIODIC,-94.0,-11.0,16.0,h1,3,1,3
2025.12.24,15.15.24,-87.901205,42.340118,-96,-11,20.0,4,4,D,PERIODIC,-94.0,-10.0,16.0,h1,3,1,3
2025.12.24,15.15.25,-87.901205,42.340118,-96,-11,20.0,0,0,D,PERIODIC,-94.0,-10.0,16.0,h1,3,1,3
2025.12.24,15.15.26,-87.901205,42.340118,-96,-11,20.0,1,1,D,PERIODIC,-94.0,-11.0,16.0,h1,3,1,3
2025.12.24,15.15.27,-87.901205,42.340118,-96,-11,20.0,5,6,D,PERIODIC,-94.0,-11.0,16.0,h1,3,1,3
2025.12.24,15.15.28,-87.901205,42.340118,-96,-11,20.0,100870,2738,D,PERIODIC,-94.0,-10.0,16.0,h1,3,1,3
2025.12.24,15.15.29,-87.901205,42.340118,-96,-11,20.0,1,1,D,PERIODIC,-94.0,-10.0,16.0,h1,3,1,3
2025.12.24,15.15.30,-87.901205,42.340118,-96,-11,20.0,0,0,D,PERIODIC,-94.0,-12.0,16.0,h1,3,1,3
2025.12.24,15.15.31,-87.901205,42.340118,-96,-11,18.0,0,0,I,PERIODIC,-94.0,-12.0,16.0,h1,3,1,3
2025.12.24,15.15.32,-87.901205,42.340118,-95,-11,20.0,0,0,I,PERIODIC,-93.0,-13.0,14.0,h1,3,1,3
2025.12.24,15.15.33,-87.901205,42.340118,-95,-11,20.0,72099,537,D,PERIODIC,-93.0,-13.0,14.0,h1,3,1,3
2025.12.24,15.15.34,-87.901205,42.340118,-97,-11,20.0,0,0,D,PERIODIC,-94.0,-9.0,15.0,h1,3,1,3
2025.12.24,15.15.35,-87.901205,42.340118,-97,-11,20.0,0,0,I,PERIODIC,-94.0,-9.0,15.0,h1,3,1,3
2025.12.24,15.15.36,-87.901205,42.340118,-95,-11,22.0,0,0,I,PERIODIC,-94.0,-11.0,17.0,h1,3,1,3
2025.12.24,15.15.37,-87.901205,42.340118,-95,-11,20.0,0,0,I,PERIODIC,-94.0,-11.0,17.0,h1,3,1,3
2025.12.24,15.15.38,-87.901205,42.340118,-96,-11,20.0,36054,294,D,PERIODIC,-95.0,-11.0,17.0,h1,3,1,3
2025.12.24,15.15.39,-87.901205,42.340118,-96,-11,20.0,0,0,D,PERIODIC,-95.0,-11.0,17.0,h1,3,1,3
2025.12.24,15.15.40,-87.901205,42.340118,-96,-11,20.0,1,1,D,PERIODIC,-95.0,-13.0,17.0,h1,3,1,3
2025.12.24,15.15.41,-87.901205,42.340118,-96,-11,20.0,26,30,D,PERIODIC,-95.0,-13.0,17.0,h1,3,1,3
2025.12.24,15.15.42,-87.901205,42.340118,-95,-11,20.0,14,14,D,PERIODIC,-94.0,-10.0,17.0,h1,3,1,3
2025.12.24,15.15.43,-87.901205,42.340118,-95,-11,20.0,0,0,D,PERIODIC,-94.0,-10.0,17.0,h1,3,1,3
2025.12.24,15.15.44,-87.901205,42.340118,-97,-11,20.0,0,0,D,PERIODIC,-94.0,-12.0,17.0,h1,3,1,3
2025.12.24,15.15.45,-87.901205,42.340118,-97,-11,20.0,0,1,D,PERIODIC,-94.0,-12.0,17.0,h1,3,1,3
2025.12.24,15.15.46,-87.901205,42.340118,-97,-11,20.0,2,3,D,PERIODIC,-94.0,-10.0,17.0,h1,3,1,3
2025.12.24,15.15.47,-87.901205,42.340118,-97,-11,20.0,3,3,D,PERIODIC,-94.0,-10.0,17.0,h1,3,1,3
2025.12.24,15.15.48,-87.901205,42.340118,-97,-11,20.0,22527,2192,D,PERIODIC,-94.0,-10.0,17.0,h1,3,1,3
2025.12.24,15.15.49,-87.901205,42.340118,-97,-11,20.0,0,0,D,PERIODIC,-94.0,-10.0,17.0,h1,3,1,3
2025.12.24,15.15.50,-87.901205,42.340118,-96,-11,20.0,0,0,I,PERIODIC,-93.0,-10.0,15.0,h1,3,1,3
2025.12.24,15.15.51,-87.901205,42.340118,-96,-11,20.0,0,0,I,PERIODIC,-93.0,-10.0,15.0,h1,3,1,3
2025.12.24,15.15.52,-87.901205,42.340118,-96,-11,20.0,0,0,I,PERIODIC,-94.0,-11.0,15.0,h1,3,1,3
2025.12.24,15.15.53,-87.901205,42.340118,-96,-11,20.0,36407,221,D,PERIODIC,-94.0,-11.0,15.0,h1,3,1,3
2025.12.24,15.15.54,-87.901205,42.340118,-95,-11,20.0,0,0,D,PERIODIC,-93.0,-10.0,18.0,h1,3,1,3
2025.12.24,15.15.55,-87.901205,42.340118,-95,-11,20.0,0,0,I,PERIODIC,-93.0,-10.0,18.0,h1,3,1,3
2025.12.24,15.15.56,-87.901205,42.340118,-95,-11,20.0,0,0,D,PERIODIC,-94.0,-9.0,18.0,h1,3,1,3
2025.12.24,15.15.57,-87.901205,42.340118,-95,-11,20.0,8,10,D,PERIODIC,-94.0,-9.0,18.0,h1,3,1,3
2025.12.24,15.15.58,-87.901205,42.340118,-96,-11,20.0,61242,488,D,PERIODIC,-94.0,-10.0,13.0,h1,3,1,3
2025.12.24,15.15.59,-87.901205,42.340118,-96,-11,19.0,0,0,D,PERIODIC,-94.0,-10.0,13.0,h1,3,1,3
2025.12.24,15.16.00,-87.901205,42.340118,-96,-11,19.0,1,0,D,PERIODIC,-94.0,-10.0,17.0,h1,3,1,3
2025.12.24,15.16.01,-87.901205,42.340118,-96,-11,20.0,1,1,D,PERIODIC,-94.0,-10.0,17.0,h1,3,1,3
2025.12.24,15.16.02,-87.901205,42.340118,-95,-11,20.0,0,1,D,PERIODIC,-94.0,-9.0,16.0,h1,3,1,3
2025.12.24,15.16.03,-87.901205,42.340118,-95,-11,20.0,36166,1149,D,PERIODIC,-94.0,-9.0,16.0,h1,3,1,3
2025.12.24,15.16.04,-87.901205,42.340118,-95,-11,20.0,0,0,D,PERIODIC,-93.0,-11.0,16.0,h1,3,1,3
2025.12.24,15.16.05,-87.901205,42.340118,-95,-11,20.0,0,1,D,PERIODIC,-93.0,-11.0,16.0,h1,3,1,3
2025.12.24,15.16.06,-87.901205,42.340118,-98,-11,20.0,6,7,D,PERIODIC,-95.0,-10.0,14.0,h1,3,1,3
2025.12.24,15.16.07,-87.901205,42.340118,-98,-11,20.0,0,0,D,PERIODIC,-95.0,-10.0,14.0,h1,3,1,3
2025.12.24,15.16.08,-87.901205,42.340118,-95,-11,20.0,39868,359,D,PERIODIC,-94.0,-11.0,16.0,h1,3,1,3
2025.12.24,15.16.09,-87.901205,42.340118,-95,-11,20.0,0,0,D,PERIODIC,-94.0,-11.0,16.0,h1,3,1,3
2025.12.24,15.16.10,-87.901205,42.340118,-97,-11,20.0,0,0,D,PERIODIC,-94.0,-13.0,16.0,h1,3,1,3
2025.12.24,15.16.11,-87.901205,42.340118,-97,-11,20.0,0,0,I,PERIODIC,-94.0,-13.0,16.0,h1,3,1,3
2025.12.24,15.16.12,-87.901205,42.340118,-97,-11,20.0,9,11,D,PERIODIC,-94.0,-12.0,16.0,h1,3,1,3
2025.12.24,15.16.13,-87.901205,42.340118,-97,-11,20.0,36073,289,D,PERIODIC,-94.0,-12.0,16.0,h1,3,1,3
2025.12.24,15.16.14,-87.901205,42.340118,-97,-11,20.0,0,0,D,PERIODIC,-94.0,-11.0,16.0,h1,3,1,3
2025.12.24,15.16.15,-87.901205,42.340118,-97,-11,20.0,0,0,I,PERIODIC,-94.0,-11.0,16.0,h1,3,1,3
2025.12.24,15.16.16,-87.901205,42.340118,-95,-11,20.0,0,0,I,PERIODIC,-95.0,-10.0,13.0,h1,3,1,3
2025.12.24,15.16.17,-87.901205,42.340118,-95,-11,20.0,0,0,I,PERIODIC,-95.0,-10.0,13.0,h1,3,1,3
2025.12.24,15.16.18,-87.901205,42.340118,-97,-11,20.0,36096,320,D,PERIODIC,-94.0,-9.0,14.0,h1,3,1,3
2025.12.24,15.16.19,-87.901205,42.340118,-97,-11,19.0,0,0,D,PERIODIC,-94.0,-9.0,14.0,h1,3,1,3
2025.12.24,15.16.20,-87.901205,42.340118,-98,-11,19.0,0,0,I,PERIODIC,-94.0,-12.0,16.0,h1,3,1,3
2025.12.24,15.16.21,-87.901205,42.340118,-98,-11,19.0,0,0,I,PERIODIC,-94.0,-12.0,16.0,h1,3,1,3
2025.12.24,15.16.22,-87.901205,42.340118,-97,-11,20.0,0,0,D,PERIODIC,-95.0,-13.0,17.0,h1,3,1,3
2025.12.24,15.16.23,-87.901205,42.340118,-97,-11,20.0,36086,298,D,PERIODIC,-95.0,-13.0,17.0,h1,3,1,3
2025.12.24,15.16.24,-87.901205,42.340118,-97,-11,20.0,0,0,D,PERIODIC,-95.0,-9.0,17.0,h1,3,1,3
2025.12.24,15.16.25,-87.901205,42.340118,-97,-11,20.0,8,9,D,PERIODIC,-95.0,-9.0,17.0,h1,3,1,3
2025.12.24,15.16.26,-87.901205,42.340118,-97,-11,20.0,3,3,D,PERIODIC,-95.0,-11.0,17.0,h1,3,1,3
2025.12.24,15.16.27,-87.901205,42.340118,-97,-11,20.0,3,3,D,PERIODIC,-95.0,-11.0,17.0,h1,3,1,3
2025.12.24,15.16.28,-87.901205,42.340118,-97,-11,20.0,73063,3135,D,PERIODIC,-95.0,-14.0,17.0,h1,3,1,3
2025.12.24,15.16.29,-87.901205,42.340118,-97,-11,20.0,0,0,D,PERIODIC,-95.0,-14.0,17.0,h1,3,1,3
2025.12.24,15.16.30,-87.901205,42.340118,-97,-11,20.0,0,0,I,PERIODIC,-94.0,-10.0,17.0,h1,3,1,3
2025.12.24,15.16.31,-87.901205,42.340118,-97,-11,20.0,4,4,D,PERIODIC,-94.0,-10.0,17.0,h1,3,1,3
2025.12.24,15.16.32,-87.901205,42.340118,-97,-11,19.0,0,0,I,PERIODIC,-94.0,-10.0,17.0,h1,3,1,3
2025.12.24,15.16.33,-87.901205,42.340118,-97,-11,19.0,70338,546,D,PERIODIC,-95.0,-10.0,16.0,h1,3,1,3
2025.12.24,15.16.34,-87.901205,42.340118,-97,-11,19.0,0,0,D,PERIODIC,-95.0,-13.0,16.0,h1,3,1,3
2025.12.24,15.16.35,-87.901205,42.340118,-97,-11,19.0,0,0,I,PERIODIC,-95.0,-13.0,16.0,h1,3,1,3
2025.12.24,15.16.36,-87.901205,42.340118,-97,-11,19.0,0,0,I,PERIODIC,-94.0,-11.0,14.0,h1,3,1,3
2025.12.24,15.16.37,-87.901205,42.340118,-97,-11,19.0,18,20,D,PERIODIC,-94.0,-11.0,14.0,h1,3,1,3
2025.12.24,15.16.38,-87.901205,42.340118,-97,-11,19.0,60584,446,D,PERIODIC,-93.0,-12.0,14.0,h1,3,1,3
2025.12.24,15.16.39,-87.901205,42.340118,-97,-11,21.0,0,0,D,PERIODIC,-93.0,-12.0,14.0,h1,3,1,3
2025.12.24,15.16.40,-87.901205,42.340118,-97,-11,21.0,0,5,D,PERIODIC,-93.0,-12.0,14.0,h1,3,1,3
2025.12.24,15.16.41,-87.901205,42.340118,-95,-11,21.0,53,82,D,PERIODIC,-95.0,-12.0,16.0,h1,3,1,3
2025.12.24,15.16.42,-87.901205,42.340118,-96,-11,20.0,36,26,D,PERIODIC,-93.0,-10.0,17.0,h1,3,1,3
2025.12.24,15.16.43,-87.901205,42.340118,-96,-11,20.0,0,0,D,PERIODIC,-93.0,-10.0,17.0,h1,3,1,3
2025.12.24,15.16.44,-87.901205,42.340118,-94,-11,22.0,72160,544,D,PERIODIC,-94.0,-12.0,17.0,h1,3,1,3
2025.12.24,15.16.45,-87.901205,42.340118,-94,-11,23.0,0,0,I,PERIODIC,-94.0,-12.0,17.0,h1,3,1,3
2025.12.24,15.16.46,-87.901205,42.340118,-93,-11,23.0,3,3,D,PERIODIC,-93.0,-14.0,15.0,h1,3,1,3
2025.12.24,15.16.47,-87.901205,42.340118,-93,-11,23.0,15,15,D,PERIODIC,-93.0,-14.0,15.0,h1,3,1,3
2025.12.24,15.16.48,-87.901205,42.340118,-93,-11,23.0,0,0,D,PERIODIC,-95.0,-11.0,16.0,h1,3,1,3
2025.12.24,15.16.49,-87.901205,42.340118,-93,-11,23.0,0,0,D,PERIODIC,-95.0,-11.0,16.0,h1,3,1,3
2025.12.24,15.16.50,-87.901205,42.340118,-92,-11,24.0,0,0,I,PERIODIC,-94.0,-14.0,14.0,h1,3,1,3
2025.12.24,15.16.51,-87.901205,42.340118,-92,-11,23.0,0,0,I,PERIODIC,-94.0,-14.0,14.0,h1,3,1,3
2025.12.24,15.16.52,-87.901205,42.340118,-93,-11,23.0,0,0,I,PERIODIC,-95.0,-13.0,13.0,h1,3,1,3
2025.12.24,15.16.53,-87.901205,42.340118,-93,-11,23.0,62980,527,D,PERIODIC,-95.0,-13.0,13.0,h1,3,1,3
2025.12.24,15.16.54,-87.901205,42.340118,-93,-11,23.0,0,0,I,PERIODIC,-94.0,-10.0,14.0,h1,3,1,3
2025.12.24,15.16.55,-87.901205,42.340118,-93,-11,23.0,0,0,I,PERIODIC,-94.0,-10.0,14.0,h1,3,1,3
2025.12.24,15.16.56,-87.901205,42.340118,-93,-11,23.0,0,0,I,PERIODIC,-94.0,-9.0,14.0,h1,3,1,3
2025.12.24,15.16.57,-87.901205,42.340118,-93,-11,23.0,7,9,D,PERIODIC,-94.0,-9.0,14.0,h1,3,1,3
2025.12.24,15.16.58,-87.901205,42.340118,-92,-11,24.0,36056,280,D,PERIODIC,-94.0,-11.0,14.0,h1,3,1,3
2025.12.24,15.16.59,-87.901205,42.340118,-92,-11,23.0,0,0,I,PERIODIC,-94.0,-11.0,14.0,h1,3,1,3
2025.12.24,15.17.00,-87.901205,42.340118,-94,-11,23.0,0,0,I,PERIODIC,-94.0,-12.0,13.0,h1,3,1,3
2025.12.24,15.17.01,-87.901205,42.340118,-94,-11,23.0,1,1,D,PERIODIC,-94.0,-12.0,13.0,h1,3,1,3
2025.12.24,15.17.02,-87.901205,42.340118,-93,-11,23.0,2,2,D,PERIODIC,-94.0,-9.0,13.0,h1,3,1,3
2025.12.24,15.17.03,-87.901205,42.340118,-93,-11,23.0,78231,1357,D,PERIODIC,-94.0,-9.0,13.0,h1,3,1,3
2025.12.24,15.17.04,-87.901205,42.340118,-92,-11,24.0,0,0,I,PERIODIC,-94.0,-10.0,15.0,h1,3,1,3
2025.12.24,15.17.05,-87.901205,42.340118,-92,-11,24.0,0,0,I,PERIODIC,-94.0,-10.0,15.0,h1,3,1,3
2025.12.24,15.17.06,-87.901205,42.340118,-92,-11,24.0,0,0,I,PERIODIC,-94.0,-14.0,14.0,h1,3,1,3
2025.12.24,15.17.07,-87.901205,42.340118,-92,-11,24.0,0,0,I,PERIODIC,-94.0,-14.0,14.0,h1,3,1,3
2025.12.24,15.17.08,-87.901205,42.340118,-93,-11,24.0,68784,765,D,PERIODIC,-94.0,-10.0,14.0,h1,3,1,3
2025.12.24,15.17.09,-87.901205,42.340118,-93,-11,24.0,0,0,I,PERIODIC,-94.0,-10.0,14.0,h1,3,1,3
2025.12.24,15.17.10,-87.901205,42.340118,-93,-11,24.0,0,0,D,PERIODIC,-94.0,-10.0,14.0,h1,3,1,3
2025.12.24,15.17.11,-87.901205,42.340118,-93,-11,24.0,0,0,I,PERIODIC,-94.0,-10.0,14.0,h1,3,1,3
2025.12.24,15.17.12,-87.901205,42.340118,-93,-11,24.0,7,9,D,PERIODIC,-95.0,-12.0,14.0,h1,3,1,3
2025.12.24,15.17.13,-87.901205,42.340118,-93,-11,24.0,78499,550,D,PERIODIC,-95.0,-12.0,14.0,h1,3,1,3
2025.12.24,15.17.14,-87.901205,42.340118,-93,-11,24.0,0,0,I,PERIODIC,-94.0,-14.0,14.0,h1,3,1,3
2025.12.24,15.17.15,-87.901205,42.340118,-93,-11,24.0,0,0,I,PERIODIC,-94.0,-14.0,14.0,h1,3,1,3
2025.12.24,15.17.16,-87.901205,42.340118,-93,-11,24.0,0,0,I,PERIODIC,-93.0,-14.0,18.0,h1,3,1,3
2025.12.24,15.17.17,-87.901205,42.340118,-93,-11,25.0,0,0,I,PERIODIC,-93.0,-14.0,18.0,h1,3,1,3
2025.12.24,15.17.18,-87.901205,42.340118,-93,-11,24.0,56561,447,D,PERIODIC,-94.0,-13.0,12.0,h1,3,1,3
2025.12.24,15.17.19,-87.901205,42.340118,-93,-11,24.0,2,2,D,PERIODIC,-94.0,-13.0,12.0,h1,3,1,3
2025.12.24,15.17.20,-87.901205,42.340118,-93,-11,24.0,7,7,D,PERIODIC,-94.0,-10.0,13.0,h1,3,1,3
2025.12.24,15.17.21,-87.901205,42.340118,-93,-11,25.0,0,0,I,PERIODIC,-94.0,-10.0,13.0,h1,3,1,3
2025.12.24,15.17.22,-87.901205,42.340118,-93,-11,25.0,0,0,I,PERIODIC,-95.0,-11.0,18.0,h1,3,1,3
2025.12.24,15.17.23,-87.901205,42.340118,-93,-11,25.0,36129,389,D,PERIODIC,-95.0,-11.0,18.0,h1,3,1,3
2025.12.24,15.17.24,-87.901205,42.340118,-93,-11,25.0,0,0,I,PERIODIC,-94.0,-13.0,18.0,h1,3,1,3
2025.12.24,15.17.25,-87.901205,42.340118,-93,-11,25.0,6,8,D,PERIODIC,-94.0,-13.0,18.0,h1,3,1,3
2025.12.24,15.17.26,-87.901205,42.340118,-93,-11,24.0,0,8,D,PERIODIC,-94.0,-13.0,18.0,h1,3,1,3
2025.12.24,15.17.27,-87.901205,42.340118,-92,-11,24.0,0,4,D,PERIODIC,-94.0,-14.0,16.0,h1,3,1,3
2025.12.24,15.17.28,-87.901205,42.340118,-92,-11,24.0,36307,2903,D,PERIODIC,-94.0,-14.0,16.0,h1,3,1,3
2025.12.24,15.17.29,-87.901205,42.340118,-91,-11,25.0,0,0,I,PERIODIC,-94.0,-12.0,16.0,h1,3,1,3
2025.12.24,15.17.30,-87.901205,42.340118,-91,-11,25.0,5,5,D,PERIODIC,-94.0,-12.0,16.0,h1,3,1,3
2025.12.24,15.17.31,-87.901205,42.340118,-92,-11,24.0,0,0,I,PERIODIC,-94.0,-10.0,15.0,h1,3,1,3
2025.12.24,15.17.32,-87.901205,42.340118,-92,-11,24.0,0,0,I,PERIODIC,-94.0,-10.0,15.0,h1,3,1,3
2025.12.24,15.17.33,-87.901205,42.340118,-92,-11,24.0,39920,384,D,PERIODIC,-94.0,-10.0,15.0,h1,3,1,3
2025.12.24,15.17.34,-87.901205,42.340118,-92,-11,25.0,0,0,I,PERIODIC,-94.0,-12.0,15.0,h1,3,1,3
2025.12.24,15.17.35,-87.901205,42.340118,-92,-11,25.0,0,0,I,PERIODIC,-94.0,-10.0,16.0,h1,3,1,3
2025.12.24,15.17.36,-87.901205,42.340118,-92,-11,25.0,1,1,D,PERIODIC,-94.0,-10.0,16.0,h1,3,1,3
2025.12.24,15.17.37,-87.901205,42.340118,-92,-11,25.0,0,0,I,PERIODIC,-94.0,-11.0,16.0,h1,3,1,3
2025.12.24,15.17.38,-87.901205,42.340118,-92,-11,25.0,56464,441,D,PERIODIC,-94.0,-11.0,16.0,h1,3,1,3
2025.12.24,15.17.39,-87.901205,42.340118,-92,-11,25.0,0,0,I,PERIODIC,-93.0,-11.0,16.0,h1,3,1,3
2025.12.24,15.17.40,-87.901205,42.340118,-92,-11,25.0,0,0,I,PERIODIC,-93.0,-11.0,16.0,h1,3,1,3
2025.12.24,15.17.41,-87.901205,42.340118,-92,-11,25.0,1,3,D,PERIODIC,-94.0,-13.0,16.0,h1,3,1,3
2025.12.24,15.17.42,-87.901205,42.340118,-92,-11,25.0,6,7,D,PERIODIC,-94.0,-13.0,16.0,h1,3,1,3
2025.12.24,15.17.43,-87.901205,42.340118,-92,-11,24.0,37528,303,D,PERIODIC,-93.0,-13.0,12.0,h1,3,1,3
2025.12.24,15.17.44,-87.901205,42.340118,-92,-11,24.0,0,0,I,PERIODIC,-93.0,-13.0,12.0,h1,3,1,3
2025.12.24,15.17.45,-87.901205,42.340118,-92,-11,24.0,0,0,I,PERIODIC,-94.0,-11.0,12.0,h1,3,1,3
2025.12.24,15.17.46,-87.901205,42.340118,-92,-11,24.0,3,3,D,PERIODIC,-94.0,-11.0,12.0,h1,3,1,3
2025.12.24,15.17.47,-87.901205,42.340118,-92,-11,25.0,0,0,D,PERIODIC,-93.0,-9.0,15.0,h1,3,1,3
2025.12.24,15.17.48,-87.901205,42.340118,-92,-11,25.0,36115,807,D,PERIODIC,-93.0,-9.0,15.0,h1,3,1,3
2025.12.24,15.17.49,-87.901205,42.340118,-92,-11,25.0,0,0,I,PERIODIC,-93.0,-10.0,15.0,h1,3,1,3
2025.12.24,15.17.50,-87.901205,42.340118,-92,-11,25.0,1,1,D,PERIODIC,-93.0,-10.0,15.0,h1,3,1,3
2025.12.24,15.17.52,-87.901205,42.340118,-93,-11,25.0,0,0,D,PERIODIC,-90.0,-10.0,12.0,h1,3,1,3
2025.12.24,15.17.52,-87.901205,42.340118,-93,-11,25.0,0,0,I,PERIODIC,-90.0,-10.0,12.0,h1,3,1,3
2025.12.24,15.17.54,-87.901205,42.340118,-92,-11,25.0,65903,517,D,PERIODIC,-94.0,-14.0,18.0,h1,3,1,3
2025.12.24,15.17.55,-87.901205,42.340118,-92,-11,25.0,0,0,I,PERIODIC,-94.0,-14.0,18.0,h1,3,1,3
2025.12.24,15.17.56,-87.901205,42.340118,-93,-11,25.0,0,0,I,PERIODIC,-89.0,-12.0,17.0,h1,3,1,3
2025.12.24,15.17.57,-87.901205,42.340118,-93,-11,26.0,0,2,D,PERIODIC,-89.0,-12.0,17.0,h1,3,1,3
2025.12.24,15.17.58,-87.901205,42.340118,-93,-11,26.0,8,9,D,PERIODIC,-93.0,-12.0,15.0,h1,3,1,3
2025.12.24,15.17.59,-87.901205,42.340118,-93,-11,26.0,39706,309,D,PERIODIC,-93.0,-12.0,15.0,h1,3,1,3
2025.12.24,15.18.00,-87.901205,42.340118,-93,-11,26.0,0,0,D,PERIODIC,-93.0,-14.0,17.0,h1,3,1,3
2025.12.24,15.18.01,-87.901205,42.340118,-93,-11,25.0,0,0,I,PERIODIC,-93.0,-14.0,17.0,h1,3,1,3
2025.12.24,15.18.02,-87.901205,42.340118,-93,-11,25.0,1,1,D,PERIODIC,-92.0,-13.0,14.0,h1,3,1,3
2025.12.24,15.18.03,-87.901205,42.340118,-93,-11,25.0,3,2,D,PERIODIC,-92.0,-13.0,14.0,h1,3,1,3
2025.12.24,15.18.04,-87.901205,42.340118,-93,-11,25.0,36197,1361,D,PERIODIC,-94.0,-14.0,14.0,h1,3,1,3
2025.12.24,15.18.05,-87.901205,42.340118,-93,-11,24.0,0,0,I,PERIODIC,-94.0,-14.0,14.0,h1,3,1,3
2025.12.24,15.18.06,-87.901205,42.340118,-95,-11,24.0,0,0,I,PERIODIC,-94.0,-14.0,16.0,h1,3,1,3
2025.12.24,15.18.07,-87.901205,42.340118,-95,-11,24.0,0,0,I,PERIODIC,-94.0,-14.0,16.0,h1,3,1,3
2025.12.24,15.18.08,-87.901205,42.340118,-95,-11,24.0,0,0,I,PERIODIC,-93.0,-14.0,16.0,h1,3,1,3
2025.12.24,15.18.09,-87.901205,42.340118,-95,-11,24.0,38443,279,D,PERIODIC,-93.0,-14.0,16.0,h1,3,1,3
2025.12.24,15.18.10,-87.901205,42.340118,-92,-11,26.0,0,0,I,PERIODIC,-95.0,-14.0,14.0,h1,3,1,3
2025.12.24,15.18.11,-87.901205,42.340118,-92,-11,25.0,0,0,I,PERIODIC,-95.0,-14.0,14.0,h1,3,1,3
2025.12.24,15.18.12,-87.901205,42.340118,-93,-11,25.0,0,1,D,PERIODIC,-93.0,-10.0,13.0,h1,3,1,3
2025.12.24,15.18.13,-87.901205,42.340118,-93,-11,26.0,1,1,D,PERIODIC,-93.0,-10.0,13.0,h1,3,1,3
2025.12.24,15.18.14,-87.901205,42.340118,-94,-11,25.0,39263,317,D,PERIODIC,-95.0,-13.0,15.0,h1,3,1,3
2025.12.24,15.18.15,-87.901205,42.340118,-94,-11,25.0,0,0,I,PERIODIC,-95.0,-13.0,15.0,h1,3,1,3
2025.12.24,15.18.16,-87.901205,42.340118,-94,-11,25.0,0,0,I,PERIODIC,-93.0,-11.0,15.0,h1,3,1,3
2025.12.24,15.18.17,-87.901205,42.340118,-94,-11,25.0,0,0,I,PERIODIC,-93.0,-11.0,15.0,h1,3,1,3
2025.12.24,15.18.18,-87.901205,42.340118,-94,-11,25.0,0,0,I,PERIODIC,-94.0,-11.0,15.0,h1,3,1,3
2025.12.24,15.18.19,-87.901205,42.340118,-94,-11,25.0,74444,579,D,PERIODIC,-94.0,-11.0,15.0,h1,3,1,3
2025.12.24,15.18.20,-87.901205,42.340118,-93,-11,25.0,0,0,I,PERIODIC,-93.0,-14.0,16.0,h1,3,1,3
2025.12.24,15.18.21,-87.901205,42.340118,-93,-11,26.0,0,0,I,PERIODIC,-93.0,-14.0,16.0,h1,3,1,3
2025.12.24,15.18.22,-87.901205,42.340118,-94,-11,25.0,0,0,I,PERIODIC,-94.0,-15.0,16.0,h1,3,1,3
2025.12.24,15.18.23,-87.901205,42.340118,-94,-11,25.0,0,0,I,PERIODIC,-94.0,-15.0,16.0,h1,3,1,3
2025.12.24,15.18.24,-87.901205,42.340118,-92,-11,25.0,42595,304,D,PERIODIC,-93.0,-10.0,14.0,h1,3,1,3
2025.12.24,15.18.25,-87.901205,42.340118,-92,-11,27.0,0,0,I,PERIODIC,-93.0,-10.0,14.0,h1,3,1,3
2025.12.24,15.18.26,-87.901205,42.340118,-93,-11,26.0,8,11,D,PERIODIC,-95.0,-13.0,16.0,h1,3,1,3
2025.12.24,15.18.27,-87.901205,42.340118,-93,-11,26.0,4,4,D,PERIODIC,-95.0,-13.0,16.0,h1,3,1,3
2025.12.24,15.18.28,-87.901205,42.340118,-92,-11,26.0,7,5,D,PERIODIC,-93.0,-10.0,16.0,h1,3,1,3
2025.12.24,15.18.29,-87.901205,42.340118,-92,-11,25.0,41392,2634,D,PERIODIC,-93.0,-10.0,16.0,h1,3,1,3
2025.12.24,15.18.30,-87.901205,42.340118,-93,-11,25.0,0,0,I,PERIODIC,-96.0,-9.0,16.0,h1,3,1,3
2025.12.24,15.18.31,-87.901205,42.340118,-93,-11,27.0,1,1,D,PERIODIC,-96.0,-9.0,16.0,h1,3,1,3
2025.12.24,15.18.32,-87.901205,42.340118,-92,-11,27.0,0,0,I,PERIODIC,-94.0,-11.0,14.0,h1,3,1,3
2025.12.24,15.18.33,-87.901205,42.340118,-92,-11,27.0,0,0,I,PERIODIC,-94.0,-11.0,14.0,h1,3,1,3
2025.12.24,15.18.34,-87.901205,42.340118,-94,-11,25.0,36183,358,D,PERIODIC,-94.0,-15.0,17.0,h1,3,1,3
2025.12.24,15.18.35,-87.901205,42.340118,-94,-11,25.0,0,0,I,PERIODIC,-94.0,-15.0,17.0,h1,3,1,3
2025.12.24,15.18.36,-87.901205,42.340118,-94,-11,25.0,0,0,I,PERIODIC,-95.0,-12.0,13.0,h1,3,1,3
2025.12.24,15.18.37,-87.901205,42.340118,-94,-11,23.0,0,1,D,PERIODIC,-95.0,-12.0,13.0,h1,3,1,3
2025.12.24,15.18.38,-87.901205,42.340118,-95,-11,23.0,0,1,D,PERIODIC,-94.0,-10.0,18.0,h1,3,1,3
2025.12.24,15.18.39,-87.901205,42.340118,-95,-11,23.0,17,17,D,PERIODIC,-94.0,-10.0,18.0,h1,3,1,3
2025.12.24,15.18.40,-87.901205,42.340118,-95,-11,23.0,0,0,D,PERIODIC,-93.0,-12.0,18.0,h1,3,1,3
2025.12.24,15.18.41,-87.901205,42.340118,-95,-11,22.0,7,1,D,PERIODIC,-93.0,-12.0,18.0,h1,3,1,3
2025.12.24,15.18.42,-87.901205,42.340118,-97,-11,22.0,2,2,D,PERIODIC,-96.0,-15.0,13.0,h1,3,1,3
2025.12.24,15.18.43,-87.901205,42.340118,-97,-11,22.0,1,1,D,PERIODIC,-96.0,-15.0,13.0,h1,3,1,3
2025.12.24,15.18.44,-87.901205,42.340118,-97,-11,22.0,40348,1626,D,PERIODIC,-95.0,-14.0,13.0,h1,3,1,3
2025.12.24,15.18.45,-87.901205,42.340118,-97,-11,22.0,0,0,I,PERIODIC,-95.0,-14.0,13.0,h1,3,1,3
2025.12.24,15.18.46,-87.901205,42.340118,-92,-11,26.0,0,0,I,PERIODIC,-93.0,-13.0,12.0,h1,3,1,3
2025.12.24,15.18.47,-87.901205,42.340118,-92,-11,26.0,6,6,D,PERIODIC,-93.0,-13.0,12.0,h1,3,1,3
2025.12.24,15.18.48,-87.901205,42.340118,-91,-11,26.0,1,1,D,PERIODIC,-94.0,-11.0,14.0,h1,3,1,3
2025.12.24,15.18.49,-87.901205,42.340118,-91,-11,26.0,29039,780,D,PERIODIC,-94.0,-11.0,14.0,h1,3,1,3
2025.12.24,15.18.50,-87.901205,42.340118,-93,-11,24.0,1,1,D,PERIODIC,-93.0,-9.0,15.0,h1,3,1,3
2025.12.24,15.18.51,-87.901205,42.340118,-93,-11,24.0,0,0,I,PERIODIC,-93.0,-9.0,15.0,h1,3,1,3
2025.12.24,15.18.52,-87.901205,42.340118,-97,-11,20.0,0,0,I,PERIODIC,-94.0,-15.0,16.0,h1,3,1,3
2025.12.24,15.18.53,-87.901205,42.340118,-97,-11,20.0,0,0,I,PERIODIC,-94.0,-15.0,16.0,h1,3,1,3
2025.12.24,15.18.54,-87.901205,42.340118,-97,-11,20.0,36447,287,D,PERIODIC,-94.0,-14.0,16.0,h1,3,1,3
2025.12.24,15.18.55,-87.901205,42.340118,-97,-11,20.0,0,7,D,PERIODIC,-94.0,-14.0,16.0,h1,3,1,3
2025.12.24,15.18.56,-87.901205,42.340118,-97,-11,20.0,0,0,I,PERIODIC,-95.0,-15.0,16.0,h1,3,1,3
2025.12.24,15.18.57,-87.901205,42.340118,-97,-11,20.0,3,3,D,PERIODIC,-95.0,-15.0,16.0,h1,3,1,3
2025.12.24,15.18.58,-87.901205,42.340118,-97,-11,20.0,0,0,D,PERIODIC,-94.0,-14.0,16.0,h1,3,1,3
2025.12.24,15.18.59,-87.901205,42.340118,-97,-11,20.0,24485,209,D,PERIODIC,-94.0,-14.0,16.0,h1,3,1,3
2025.12.24,15.19.00,-87.901205,42.340118,-97,-11,24.0,0,0,I,PERIODIC,-94.0,-14.0,16.0,h1,3,1,3
2025.12.24,15.19.01,-87.901205,42.340118,-97,-11,24.0,0,0,I,PERIODIC,-94.0,-14.0,16.0,h1,3,1,3
2025.12.24,15.19.02,-87.901205,42.340118,-93,-11,25.0,1,1,D,PERIODIC,-94.0,-14.0,18.0,h1,3,1,3
2025.12.24,15.19.03,-87.901205,42.340118,-94,-11,24.0,2,2,D,PERIODIC,-95.0,-12.0,12.0,h1,3,1,3
2025.12.24,15.19.04,-87.901205,42.340118,-94,-11,24.0,28458,1065,D,PERIODIC,-95.0,-12.0,12.0,h1,3,1,3
2025.12.24,15.19.05,-87.901205,42.340118,-92,-11,24.0,0,0,I,PERIODIC,-95.0,-14.0,14.0,h1,3,1,3
2025.12.24,15.19.06,-87.901205,42.340118,-92,-11,24.0,0,0,I,PERIODIC,-95.0,-14.0,14.0,h1,3,1,3
2025.12.24,15.19.07,-87.901205,42.340118,-92,-11,24.0,0,0,I,PERIODIC,-95.0,-13.0,14.0,h1,3,1,3
2025.12.24,15.19.08,-87.901205,42.340118,-92,-11,24.0,0,0,I,PERIODIC,-95.0,-13.0,14.0,h1,3,1,3
2025.12.24,15.19.09,-87.901205,42.340118,-92,-11,24.0,37202,314,D,PERIODIC,-93.0,-13.0,14.0,h1,3,1,3
2025.12.24,15.19.10,-87.901205,42.340118,-92,-11,24.0,0,0,I,PERIODIC,-93.0,-13.0,14.0,h1,3,1,3
2025.12.24,15.19.11,-87.901205,42.340118,-92,-11,25.0,0,0,I,PERIODIC,-95.0,-12.0,12.0,h1,3,1,3
2025.12.24,15.19.12,-87.901205,42.340118,-92,-11,25.0,0,8,D,PERIODIC,-95.0,-12.0,12.0,h1,3,1,3
2025.12.24,15.19.13,-87.901205,42.340118,-92,-11,25.0,4,5,D,PERIODIC,-93.0,-10.0,12.0,h1,3,1,3
2025.12.24,15.19.14,-87.901205,42.340118,-92,-11,25.0,0,0,I,PERIODIC,-93.0,-10.0,12.0,h1,3,1,3
2025.12.24,15.19.15,-87.901205,42.340118,-92,-11,25.0,0,0,I,PERIODIC,-95.0,-12.0,12.0,h1,3,1,3
2025.12.24,15.19.16,-87.901205,42.340118,-92,-11,24.0,0,0,I,PERIODIC,-95.0,-12.0,12.0,h1,3,1,3
2025.12.24,15.19.17,-87.901205,42.340118,-92,-11,24.0,0,0,I,PERIODIC,-95.0,-10.0,15.0,h1,3,1,3
2025.12.24,15.19.18,-87.901205,42.340118,-92,-11,24.0,0,0,I,PERIODIC,-95.0,-10.0,15.0,h1,3,1,3
2025.12.24,15.19.19,-87.901205,42.340118,-92,-11,25.0,0,0,I,PERIODIC,-95.0,-12.0,12.0,h1,3,1,3
2025.12.24,15.19.20,-87.901205,42.340118,-92,-11,25.0,1,1,D,PERIODIC,-95.0,-12.0,12.0,h1,3,1,3
2025.12.24,15.19.21,-87.901205,42.340118,-93,-11,24.0,5,5,D,PERIODIC,-95.0,-13.0,13.0,h1,3,1,3
2025.12.24,15.19.22,-87.901205,42.340118,-93,-11,24.0,0,0,I,PERIODIC,-95.0,-13.0,13.0,h1,3,1,3
2025.12.24,15.19.23,-87.901205,42.340118,-93,-11,24.0,0,0,I,PERIODIC,-93.0,-12.0,13.0,h1,3,1,3
2025.12.24,15.19.24,-87.901205,42.340118,-93,-11,26.0,0,0,I,PERIODIC,-93.0,-12.0,13.0,h1,3,1,3
2025.12.24,15.19.25,-87.901205,42.340118,-94,-11,24.0,0,0,I,PERIODIC,-93.0,-14.0,13.0,h1,3,1,3
2025.12.24,15.19.26,-87.901205,42.340118,-94,-11,24.0,9,10,D,PERIODIC,-93.0,-14.0,13.0,h1,3,1,3
2025.12.24,15.19.27,-87.901205,42.340118,-94,-11,24.0,5,5,D,PERIODIC,-94.0,-11.0,13.0,h1,3,1,3
2025.12.24,15.19.28,-87.901205,42.340118,-94,-11,22.0,0,0,D,PERIODIC,-94.0,-11.0,13.0,h1,3,1,3
2025.12.24,15.19.29,-87.901205,42.340118,-96,-11,22.0,0,0,I,PERIODIC,-94.0,-13.0,13.0,h1,3,1,3
2025.12.24,15.19.30,-87.901205,42.340118,-96,-11,22.0,0,0,I,PERIODIC,-94.0,-13.0,13.0,h1,3,1,3
2025.12.24,15.19.31,-87.901205,42.340118,-96,-11,22.0,0,0,I,PERIODIC,-94.0,-10.0,13.0,h1,3,1,3
2025.12.24,15.19.32,-87.901205,42.340118,-96,-11,22.0,0,0,I,PERIODIC,-94.0,-10.0,13.0,h1,3,1,3
2025.12.24,15.19.33,-87.901205,42.340118,-96,-11,22.0,0,0,I,PERIODIC,-94.0,-13.0,13.0,h1,3,1,3
2025.12.24,15.19.34,-87.901205,42.340118,-96,-11,22.0,0,0,I,PERIODIC,-94.0,-13.0,13.0,h1,3,1,3
2025.12.24,15.19.35,-87.901205,42.340118,-96,-11,22.0,13,13,D,PERIODIC,-94.0,-12.0,13.0,h1,3,1,3
2025.12.24,15.19.36,-87.901205,42.340118,-96,-11,22.0,0,0,D,PERIODIC,-94.0,-12.0,13.0,h1,3,1,3
2025.12.24,15.19.37,-87.901205,42.340118,-96,-11,22.0,0,0,I,PERIODIC,-94.0,-13.0,13.0,h1,3,1,3
2025.12.24,15.19.38,-87.901205,42.340118,-96,-11,22.0,0,0,I,PERIODIC,-94.0,-13.0,13.0,h1,3,1,3
2025.12.24,15.19.39,-87.901205,42.340118,-96,-11,23.0,0,0,D,PERIODIC,-93.0,-10.0,19.0,h1,3,1,3
2025.12.24,15.19.40,-87.901205,42.340118,-96,-11,23.0,0,0,I,PERIODIC,-93.0,-10.0,19.0,h1,3,1,3
2025.12.24,15.19.41,-87.901205,42.340118,-96,-11,23.0,0,0,I,PERIODIC,-93.0,-10.0,19.0,h1,3,1,3
2025.12.24,15.19.42,-87.901205,42.340118,-96,-11,23.0,6,8,D,PERIODIC,-93.0,-10.0,19.0,h1,3,1,3
2025.12.24,15.19.43,-87.901205,42.340118,-96,-11,23.0,1,1,D,PERIODIC,-93.0,-13.0,19.0,h1,3,1,3
2025.12.24,15.19.44,-87.901205,42.340118,-96,-11,23.0,0,0,I,PERIODIC,-93.0,-13.0,19.0,h1,3,1,3
2025.12.24,15.19.45,-87.901205,42.340118,-96,-11,23.0,0,0,I,PERIODIC,-95.0,-8.0,19.0,h1,3,1,3
2025.12.24,15.19.46,-87.901205,42.340118,-96,-11,23.0,0,6,D,PERIODIC,-95.0,-8.0,19.0,h1,3,1,3
2025.12.24,15.19.47,-87.901205,42.340118,-100,-11,18.0,6,6,D,PERIODIC,-97.0,-11.0,16.0,h1,3,1,3
2025.12.24,15.19.48,-87.901205,42.340118,-100,-11,19.0,9,9,D,PERIODIC,-97.0,-11.0,16.0,h1,3,1,3
2025.12.24,15.19.49,-87.901205,42.340118,-98,-11,19.0,0,0,D,PERIODIC,-93.0,-11.0,17.0,h1,3,1,3
2025.12.24,15.19.50,-87.901205,42.340118,-98,-11,19.0,0,0,I,PERIODIC,-93.0,-11.0,17.0,h1,3,1,3
2025.10.31,11.48.35,-90.120262,29.934135,-111,-14,35.0,2,2,D,LOG START,-106.0,-14.0,11.0,h1,3,1,3
2025.10.31,11.48.35,-90.120262,29.934135,-111,-14,35.0,0,1,D,PERIODIC,-106.0,-14.0,11.0,h1,3,1,3
2025.10.31,11.48.36,-90.120262,29.934135,-112,-15,-10.0,1579,15448,D,PERIODIC,-106.0,-13.0,10.0,h1,3,1,3
2025.10.31,11.48.37,-90.120299,29.934031,-113,-13,35.0,2,2,D,PERIODIC,-105.0,-13.0,10.0,h1,3,1,3
2025.10.31,11.48.38,-90.120299,29.934031,-113,-13,35.0,2,2,D,PERIODIC,-105.0,-13.0,10.0,h1,3,1,3
2025.10.31,11.48.39,-90.120299,29.934031,-113,-13,35.0,16,17,D,PERIODIC,-105.0,-12.0,10.0,h1,3,1,3
2025.10.31,11.48.40,-90.120299,29.934031,-113,-13,35.0,0,16,D,PERIODIC,-105.0,-12.0,10.0,h1,3,1,3
2025.10.31,11.48.41,-90.120299,29.934031,-110,-13,4.0,0,34,D,PERIODIC,-111.0,-13.0,13.0,h1,3,1,3
2025.10.31,11.48.42,-90.120299,29.934031,-110,-13,5.0,3,5,D,PERIODIC,-111.0,-13.0,13.0,h1,3,1,3
2025.10.31,11.48.43,-90.120299,29.934031,-109,-12,5.0,1,1,D,PERIODIC,-109.0,-14.0,11.0,h1,3,1,3
2025.10.31,11.48.44,-90.120299,29.934031,-109,-12,5.0,5,6,D,PERIODIC,-109.0,-14.0,11.0,h1,3,1,3
2025.10.31,11.48.45,-90.120299,29.934031,-108,-12,5.0,67,16,D,PERIODIC,-105.0,-13.0,10.0,h1,3,1,3
2025.10.31,11.48.46,-90.120299,29.934031,-108,-12,5.0,0,0,D,PERIODIC,-105.0,-13.0,10.0,h1,3,1,3
2025.10.31,11.48.47,-90.120299,29.934031,-108,-12,5.0,0,0,I,PERIODIC,-106.0,-11.0,10.0,h1,3,1,3
2025.10.31,11.48.48,-90.120299,29.934031,-108,-12,5.0,0,0,I,PERIODIC,-106.0,-11.0,10.0,h1,3,1,3
2025.10.31,11.48.49,-90.120299,29.934031,-108,-12,5.0,0,0,I,PERIODIC,-111.0,-13.0,10.0,h1,3,1,3
2025.10.31,11.48.50,-90.120299,29.934031,-108,-12,4.0,0,0,I,PERIODIC,-111.0,-13.0,10.0,h1,3,1,3
2025.10.31,11.48.51,-90.120299,29.934031,-109,-13,40.0,6,5,D,PERIODIC,-112.0,-13.0,5.0,h1,3,1,3
2025.10.31,11.48.52,-90.120299,29.934031,-109,-13,40.0,0,1,D,PERIODIC,-112.0,-13.0,5.0,h1,3,1,3
2025.10.31,11.48.53,-90.120299,29.934031,-109,-13,5.0,0,0,I,PERIODIC,-112.0,-14.0,4.0,h1,3,1,3
2025.10.31,11.48.54,-90.120299,29.934031,-109,-13,5.0,0,11,D,PERIODIC,-112.0,-14.0,4.0,h1,3,1,3
2025.10.31,11.48.55,-90.120299,29.934031,-108,-12,4.0,0,0,D,PERIODIC,-112.0,-15.0,4.0,h1,3,1,3
2025.10.31,11.48.56,-90.120299,29.934031,-108,-12,4.0,0,0,I,PERIODIC,-112.0,-15.0,4.0,h1,3,1,3
2025.10.31,11.48.57,-90.120299,29.934031,-109,-13,5.0,0,0,I,PERIODIC,-112.0,-13.0,5.0,h1,3,1,3
2025.10.31,11.48.58,-90.120299,29.934031,-109,-13,5.0,7,7,D,PERIODIC,-112.0,-13.0,5.0,h1,3,1,3
2025.10.31,11.48.59,-90.120299,29.934031,-107,-12,4.0,2,2,D,PERIODIC,-112.0,-13.0,6.0,h1,3,1,3
2025.10.31,11.49.00,-90.120299,29.934031,-107,-12,4.0,0,0,D,PERIODIC,-112.0,-13.0,6.0,h1,3,1,3
2025.10.31,11.49.01,-90.120299,29.934031,-107,-12,4.0,6,6,D,PERIODIC,-112.0,-13.0,6.0,h1,3,1,3
2025.10.31,11.49.02,-90.120299,29.934031,-107,-12,4.0,1,2,D,PERIODIC,-112.0,-13.0,6.0,h1,3,1,3
2025.10.31,11.49.03,-90.120299,29.934031,-107,-12,4.0,0,3,D,PERIODIC,-112.0,-14.0,6.0,h1,3,1,3
2025.10.31,11.49.04,-90.120274,29.934127,-107,-12,4.0,5,6,D,PERIODIC,-112.0,-14.0,6.0,h1,3,1,3
2025.10.31,11.49.05,-90.120274,29.934127,-107,-12,4.0,4,5,D,PERIODIC,-112.0,-15.0,6.0,h1,3,1,3
2025.10.31,11.49.06,-90.120274,29.934127,-107,-12,4.0,7793,10313,D,PERIODIC,-112.0,-15.0,6.0,h1,3,1,3
2025.10.31,11.49.07,-90.120274,29.934127,-107,-12,4.0,1,1,D,PERIODIC,-111.0,-14.0,6.0,h1,3,1,3
2025.10.31,11.49.08,-90.120274,29.934127,-107,-12,4.0,0,0,D,PERIODIC,-111.0,-14.0,6.0,h1,3,1,3
2025.10.31,11.49.09,-90.120274,29.934127,-109,-13,40.0,1,1,D,PERIODIC,-113.0,-13.0,6.0,h1,3,1,3
2025.10.31,11.49.10,-90.120274,29.934127,-109,-13,40.0,0,0,D,PERIODIC,-113.0,-13.0,6.0,h1,3,1,3
2025.10.31,11.49.11,-90.120274,29.934127,-109,-13,40.0,8,8,D,PERIODIC,-114.0,-13.0,6.0,h1,3,1,3
2025.10.31,11.49.12,-90.120274,29.934127,-109,-13,40.0,4,4,D,PERIODIC,-114.0,-13.0,6.0,h1,3,1,3
2025.10.31,11.49.13,-90.120274,29.934127,-110,-13,35.0,2,2,D,PERIODIC,-114.0,-14.0,7.0,h1,3,1,3
2025.10.31,11.49.14,-90.120274,29.934127,-110,-13,35.0,3,3,D,PERIODIC,-114.0,-14.0,7.0,h1,3,1,3
2025.10.31,11.49.15,-90.120274,29.934127,-110,-13,35.0,0,0,D,PERIODIC,-114.0,-14.0,7.0,h1,3,1,3
2025.10.31,11.49.16,-90.120274,29.934127,-110,-13,35.0,8,0,D,PERIODIC,-114.0,-14.0,7.0,h1,3,1,3
2025.10.31,11.49.17,-90.120274,29.934127,-110,-13,35.0,1,2,D,PERIODIC,-114.0,-14.0,7.0,h1,3,1,3
2025.10.31,11.49.18,-90.120274,29.934127,-110,-13,25.0,0,0,I,PERIODIC,-113.0,-15.0,7.0,h1,3,1,3
2025.10.31,11.49.19,-90.120274,29.934127,-110,-13,25.0,1,0,D,PERIODIC,-114.0,-14.0,7.0,h1,3,1,3
2025.10.31,11.49.20,-90.120274,29.934127,-110,-13,25.0,0,0,I,PERIODIC,-114.0,-14.0,7.0,h1,3,1,3
2025.10.31,11.49.21,-90.120274,29.934127,-110,-13,30.0,8,10,D,PERIODIC,-113.0,-14.0,6.0,h1,3,1,3
2025.10.31,11.49.22,-90.120274,29.934127,-110,-13,30.0,14,15,D,PERIODIC,-113.0,-14.0,6.0,h1,3,1,3
2025.10.31,11.49.23,-90.120274,29.934127,-113,-13,25.0,5,7,D,PERIODIC,-112.0,-15.0,7.0,h1,3,1,3
2025.10.31,11.49.24,-90.120274,29.934127,-113,-13,25.0,3,2,D,PERIODIC,-112.0,-15.0,7.0,h1,3,1,3
2025.10.31,11.49.25,-90.120274,29.934127,-113,-13,25.0,0,0,D,PERIODIC,-112.0,-15.0,7.0,h1,3,1,3
2025.10.31,11.49.26,-90.120274,29.934127,-112,-13,25.0,44,45,D,PERIODIC,-107.0,-14.0,10.0,h1,3,1,3
2025.10.31,11.49.27,-90.120274,29.934127,-111,-13,25.0,0,0,D,PERIODIC,-108.0,-13.0,9.0,h1,3,1,3
2025.10.31,11.49.28,-90.120274,29.934127,-111,-13,25.0,17,17,D,PERIODIC,-108.0,-13.0,9.0,h1,3,1,3
2025.10.31,11.49.29,-90.120274,29.934127,-111,-13,35.0,5,5,D,PERIODIC,-108.0,-13.0,10.0,h1,3,1,3
2025.10.31,11.49.30,-90.120274,29.934127,-111,-13,35.0,3,3,D,PERIODIC,-108.0,-13.0,10.0,h1,3,1,3
2025.10.31,11.49.31,-90.120334,29.933966,-111,-12,40.0,22173,7193,D,PERIODIC,-107.0,-13.0,10.0,h1,3,1,3
2025.10.31,11.49.32,-90.120334,29.933966,-111,-12,40.0,1,1,D,PERIODIC,-107.0,-13.0,10.0,h1,3,1,3
2025.10.31,11.49.33,-90.120334,29.933966,-112,-13,35.0,0,0,D,PERIODIC,-107.0,-13.0,10.0,h1,3,1,3
2025.10.31,11.49.34,-90.120334,29.933966,-112,-13,35.0,2,2,D,PERIODIC,-107.0,-13.0,10.0,h1,3,1,3
2025.10.31,11.49.35,-90.120334,29.933966,-112,-13,35.0,0,0,D,PERIODIC,-107.0,-13.0,10.0,h1,3,1,3
2025.10.31,11.49.36,-90.120334,29.933966,-112,-13,35.0,27116,3611,D,PERIODIC,-107.0,-13.0,10.0,h1,3,1,3
2025.10.31,11.49.37,-90.120334,29.933966,-112,-13,35.0,0,0,D,PERIODIC,-108.0,-13.0,10.0,h1,3,1,3
2025.10.31,11.49.38,-90.120334,29.933966,-112,-13,35.0,0,1,D,PERIODIC,-108.0,-13.0,10.0,h1,3,1,3
2025.10.31,11.49.39,-90.120334,29.933966,-110,-13,30.0,0,0,D,PERIODIC,-108.0,-12.0,10.0,h1,3,1,3
2025.10.31,11.49.40,-90.120334,29.933966,-110,-13,30.0,0,0,I,PERIODIC,-108.0,-12.0,10.0,h1,3,1,3
2025.10.31,11.49.41,-90.120334,29.933966,-110,-13,30.0,51481,517,D,PERIODIC,-107.0,-13.0,10.0,h1,3,1,3
2025.10.31,11.49.42,-90.120334,29.933966,-110,-13,30.0,0,0,I,PERIODIC,-107.0,-13.0,10.0,h1,3,1,3
2025.10.31,11.49.43,-90.120334,29.933966,-110,-13,30.0,1,0,D,PERIODIC,-108.0,-12.0,10.0,h1,3,1,3
2025.10.31,11.49.44,-90.120334,29.933966,-110,-13,30.0,0,0,I,PERIODIC,-108.0,-12.0,10.0,h1,3,1,3
2025.10.31,11.49.45,-90.120334,29.933966,-110,-13,30.0,0,0,D,PERIODIC,-107.0,-12.0,10.0,h1,3,1,3
2025.10.31,11.49.46,-90.120334,29.933966,-110,-13,30.0,26020,369,D,PERIODIC,-107.0,-12.0,10.0,h1,3,1,3
2025.10.31,11.49.47,-90.120334,29.933966,-109,-12,40.0,0,0,D,PERIODIC,-107.0,-12.0,11.0,h1,3,1,3
2025.10.31,11.49.48,-90.12028,29.93409,-109,-12,40.0,0,0,I,PERIODIC,-107.0,-12.0,11.0,h1,3,1,3
2025.10.31,11.49.49,-90.12028,29.93409,-109,-12,40.0,2,7,D,PERIODIC,-107.0,-13.0,11.0,h1,3,1,3
2025.10.31,11.49.50,-90.12028,29.93409,-109,-12,40.0,97,99,D,PERIODIC,-107.0,-13.0,11.0,h1,3,1,3
2025.10.31,11.49.51,-90.12028,29.93409,-109,-12,40.0,0,0,D,PERIODIC,-107.0,-13.0,11.0,h1,3,1,3
2025.10.31,11.49.52,-90.12028,29.93409,-109,-12,40.0,49849,540,D,PERIODIC,-107.0,-11.0,11.0,h1,3,1,3
2025.10.31,11.49.53,-90.12028,29.93409,-110,-13,40.0,1,1,D,PERIODIC,-107.0,-12.0,10.0,h1,3,1,3
2025.10.31,11.49.54,-90.12028,29.93409,-110,-13,40.0,2,2,D,PERIODIC,-107.0,-12.0,10.0,h1,3,1,3
2025.10.31,11.49.55,-90.12028,29.93409,-110,-13,40.0,0,0,D,PERIODIC,-107.0,-12.0,10.0,h1,3,1,3
2025.10.31,11.49.56,-90.12028,29.93409,-110,-13,40.0,0,0,I,PERIODIC,-107.0,-12.0,10.0,h1,3,1,3
2025.10.31,11.49.57,-90.120308,29.933986,-108,-12,5.0,0,0,D,PERIODIC,-108.0,-13.0,11.0,h1,3,1,3
2025.10.31,11.49.59,-90.120308,29.933986,-108,-12,5.0,0,0,I,PERIODIC,-108.0,-13.0,11.0,h1,3,1,3
2025.10.31,11.49.59,-90.120308,29.933986,-115,-12,4.0,4,4,D,PERIODIC,-108.0,-12.0,9.0,h1,3,1,3
2025.10.31,11.50.00,-90.120308,29.933986,-115,-12,3.0,3,4,D,PERIODIC,-108.0,-12.0,9.0,h1,3,1,3
2025.10.31,11.50.02,-90.120308,29.933986,-110,-13,35.0,33910,1348,D,PERIODIC,-107.0,-12.0,11.0,h1,3,1,3
2025.10.31,11.50.03,-90.120308,29.933986,-110,-13,35.0,0,121,D,PERIODIC,-107.0,-12.0,11.0,h1,3,1,3
2025.10.31,11.50.04,-90.120308,29.933986,-110,-13,35.0,0,0,D,PERIODIC,-108.0,-12.0,11.0,h1,3,1,3
2025.10.31,11.50.05,-90.120308,29.933986,-110,-13,35.0,0,0,I,PERIODIC,-108.0,-12.0,11.0,h1,3,1,3
2025.10.31,11.50.06,-90.120308,29.933986,-109,-13,35.0,0,1,D,PERIODIC,-108.0,-13.0,9.0,h1,3,1,3
2025.10.31,11.50.06,-90.120245,29.934194,-109,-13,35.0,28653,1568,D,PERIODIC,-108.0,-13.0,9.0,h1,3,1,3
2025.10.31,11.50.08,-90.120245,29.934194,-109,-13,35.0,0,0,I,PERIODIC,-108.0,-12.0,9.0,h1,3,1,3
2025.10.31,11.50.09,-90.120245,29.934194,-109,-13,35.0,0,0,I,PERIODIC,-108.0,-12.0,9.0,h1,3,1,3
2025.10.31,11.50.10,-90.120245,29.934194,-109,-13,35.0,0,0,D,PERIODIC,-107.0,-13.0,9.0,h1,3,1,3
2025.10.31,11.50.11,-90.120245,29.934194,-109,-13,35.0,3,5,D,PERIODIC,-107.0,-13.0,9.0,h1,3,1,3
2025.10.31,11.50.12,-90.120245,29.934194,-109,-13,35.0,29614,360,D,PERIODIC,-107.0,-12.0,9.0,h1,3,1,3
2025.10.31,11.50.13,-90.120245,29.934194,-109,-13,35.0,0,0,I,PERIODIC,-107.0,-12.0,9.0,h1,3,1,3
2025.10.31,11.50.14,-90.120245,29.934194,-109,-13,35.0,0,0,I,PERIODIC,-107.0,-13.0,9.0,h1,3,1,3
2025.10.31,11.50.15,-90.120245,29.934194,-109,-13,35.0,0,0,I,PERIODIC,-107.0,-13.0,9.0,h1,3,1,3
2025.10.31,11.50.16,-90.120245,29.934194,-109,-13,35.0,0,0,I,PERIODIC,-108.0,-12.0,9.0,h1,3,1,3
2025.10.31,11.50.17,-90.120245,29.934194,-109,-13,35.0,30654,333,D,PERIODIC,-108.0,-12.0,9.0,h1,3,1,3
2025.10.31,11.50.18,-90.120245,29.934194,-109,-13,35.0,0,0,I,PERIODIC,-107.0,-14.0,9.0,h1,3,1,3
2025.10.31,11.50.19,-90.120245,29.934194,-109,-13,35.0,5,3,D,PERIODIC,-107.0,-14.0,9.0,h1,3,1,3
2025.10.31,11.50.20,-90.120245,29.934194,-109,-13,35.0,0,0,D,PERIODIC,-107.0,-12.0,9.0,h1,3,1,3
2025.10.31,11.50.21,-90.120245,29.934194,-109,-13,35.0,0,1,D,PERIODIC,-107.0,-12.0,9.0,h1,3,1,3
2025.10.31,11.50.22,-90.120245,29.934194,-109,-13,35.0,35501,375,D,PERIODIC,-106.0,-11.0,9.0,h1,3,1,3
2025.10.31,11.50.23,-90.120245,29.934194,-109,-13,35.0,3,3,D,PERIODIC,-106.0,-11.0,9.0,h1,3,1,3
2025.10.31,11.50.24,-90.120245,29.934194,-109,-13,35.0,1,1,D,PERIODIC,-106.0,-12.0,9.0,h1,3,1,3
2025.10.31,11.50.25,-90.120245,29.934194,-109,-13,35.0,2,2,D,PERIODIC,-106.0,-12.0,9.0,h1,3,1,3
2025.10.31,11.50.26,-90.120245,29.934194,-109,-13,35.0,2,2,D,PERIODIC,-105.0,-13.0,9.0,h1,3,1,3
2025.10.31,11.50.27,-90.120245,29.934194,-109,-13,35.0,1,1,D,PERIODIC,-105.0,-13.0,9.0,h1,3,1,3
2025.10.31,11.50.28,-90.120245,29.934194,-109,-13,35.0,0,0,I,PERIODIC,-107.0,-12.0,9.0,h1,3,1,3
2025.10.31,11.50.29,-90.120245,29.934194,-109,-13,35.0,32,33,D,PERIODIC,-107.0,-12.0,9.0,h1,3,1,3
2025.10.31,11.50.30,-90.120245,29.934194,-109,-13,25.0,5,6,D,PERIODIC,-106.0,-11.0,10.0,h1,3,1,3
2025.10.31,11.50.31,-90.120245,29.934194,-109,-13,25.0,0,0,D,PERIODIC,-106.0,-11.0,10.0,h1,3,1,3
2025.10.31,11.50.32,-90.120245,29.934194,-110,-12,35.0,30919,4055,D,PERIODIC,-106.0,-12.0,12.0,h1,3,1,3
2025.10.31,11.50.33,-90.120245,29.934194,-110,-12,35.0,10,14,D,PERIODIC,-106.0,-12.0,12.0,h1,3,1,3
2025.10.31,11.50.34,-90.120245,29.934194,-110,-12,35.0,0,0,D,PERIODIC,-108.0,-12.0,12.0,h1,3,1,3
2025.10.31,11.50.35,-90.120245,29.934194,-110,-12,35.0,0,0,I,PERIODIC,-108.0,-12.0,12.0,h1,3,1,3
2025.10.31,11.50.36,-90.120245,29.934194,-110,-12,35.0,0,0,D,PERIODIC,-108.0,-12.0,12.0,h1,3,1,3
2025.10.31,11.50.37,-90.120245,29.934194,-109,-12,35.0,0,0,D,PERIODIC,-107.0,-13.0,10.0,h1,3,1,3
2025.10.31,11.50.38,-90.120245,29.934194,-109,-12,35.0,38231,0,D,PERIODIC,-107.0,-12.0,10.0,h1,3,1,3
2025.10.31,11.50.39,-90.120245,29.934194,-109,-12,35.0,0,0,I,PERIODIC,-107.0,-12.0,10.0,h1,3,1,3
2025.10.31,11.50.40,-90.120245,29.934194,-109,-12,35.0,0,0,I,PERIODIC,-106.0,-13.0,10.0,h1,3,1,3
2025.10.31,11.50.41,-90.120245,29.934194,-109,-12,35.0,8,8,D,PERIODIC,-106.0,-13.0,10.0,h1,3,1,3
2025.10.31,11.50.42,-90.120245,29.934194,-110,-12,40.0,0,0,D,PERIODIC,-106.0,-11.0,12.0,h1,3,1,3
2025.10.31,11.50.43,-90.120279,29.934105,-110,-12,40.0,0,0,I,PERIODIC,-106.0,-11.0,12.0,h1,3,1,3
2025.10.31,11.50.44,-90.120279,29.934105,-110,-13,40.0,0,0,I,PERIODIC,-106.0,-13.0,12.0,h1,3,1,3
2025.10.31,11.50.45,-90.120279,29.934105,-110,-13,40.0,0,0,I,PERIODIC,-106.0,-13.0,12.0,h1,3,1,3
2025.10.31,11.50.46,-90.120279,29.934105,-110,-13,40.0,0,0,I,PERIODIC,-107.0,-13.0,12.0,h1,3,1,3
2025.10.31,11.50.47,-90.120279,29.934105,-110,-13,40.0,35006,519,D,PERIODIC,-107.0,-13.0,12.0,h1,3,1,3
2025.10.31,11.50.48,-90.120279,29.934105,-110,-13,40.0,0,0,D,PERIODIC,-107.0,-12.0,12.0,h1,3,1,3
2025.10.31,11.50.49,-90.120279,29.934105,-110,-13,40.0,0,0,I,PERIODIC,-107.0,-12.0,12.0,h1,3,1,3
2025.10.31,11.50.50,-90.120279,29.934105,-109,-12,35.0,0,0,I,PERIODIC,-107.0,-13.0,9.0,h1,3,1,3
2025.10.31,11.50.51,-90.120279,29.934105,-109,-12,35.0,2,4,D,PERIODIC,-107.0,-13.0,9.0,h1,3,1,3
2025.10.31,11.50.52,-90.120279,29.934105,-110,-13,40.0,32044,456,D,PERIODIC,-107.0,-12.0,9.0,h1,3,1,3
2025.10.31,11.50.53,-90.120279,29.934105,-110,-13,40.0,0,0,I,PERIODIC,-107.0,-12.0,9.0,h1,3,1,3
2025.10.31,11.50.54,-90.120279,29.934105,-109,-12,4.0,0,0,I,PERIODIC,-107.0,-13.0,11.0,h1,3,1,3
2025.10.31,11.50.55,-90.120279,29.934105,-109,-12,3.0,0,0,I,PERIODIC,-107.0,-13.0,11.0,h1,3,1,3
2025.10.31,11.50.56,-90.120279,29.934105,-109,-13,35.0,0,0,D,PERIODIC,-106.0,-13.0,8.0,h1,3,1,3
2025.10.31,11.50.57,-90.120279,29.934105,-109,-13,35.0,1,1,D,PERIODIC,-106.0,-13.0,8.0,h1,3,1,3
2025.10.31,11.50.58,-90.120279,29.934105,-109,-13,35.0,0,0,I,PERIODIC,-108.0,-13.0,8.0,h1,3,1,3
2025.10.31,11.50.59,-90.120279,29.934105,-109,-13,35.0,0,0,I,PERIODIC,-108.0,-13.0,8.0,h1,3,1,3
2025.10.31,11.51.00,-90.120279,29.934105,-109,-13,35.0,4,4,D,PERIODIC,-106.0,-13.0,8.0,h1,3,1,3
2025.10.31,11.51.01,-90.120279,29.934105,-109,-13,35.0,0,0,D,PERIODIC,-106.0,-13.0,8.0,h1,3,1,3
2025.10.31,11.51.02,-90.120279,29.934105,-112,-13,30.0,36235,1248,D,PERIODIC,-107.0,-12.0,11.0,h1,3,1,3
2025.10.31,11.51.03,-90.120279,29.934105,-112,-13,30.0,10,11,D,PERIODIC,-107.0,-12.0,11.0,h1,3,1,3
2025.10.31,11.51.04,-90.120279,29.934105,-110,-13,30.0,74,74,D,PERIODIC,-106.0,-12.0,10.0,h1,3,1,3
2025.10.31,11.51.05,-90.120279,29.934105,-110,-13,30.0,0,0,I,PERIODIC,-106.0,-12.0,10.0,h1,3,1,3
2025.10.31,11.51.06,-90.120279,29.934105,-110,-13,30.0,0,0,I,PERIODIC,-107.0,-14.0,10.0,h1,3,1,3
2025.10.31,11.51.07,-90.120279,29.934105,-110,-13,30.0,0,0,I,PERIODIC,-107.0,-14.0,10.0,h1,3,1,3
2025.10.31,11.51.08,-90.120279,29.934105,-111,-13,25.0,0,0,I,PERIODIC,-107.0,-13.0,11.0,h1,3,1,3
2025.10.31,11.51.09,-90.120279,29.934105,-111,-13,25.0,0,0,I,PERIODIC,-107.0,-13.0,11.0,h1,3,1,3
2025.10.31,11.51.10,-90.120279,29.934105,-111,-13,25.0,0,0,I,PERIODIC,-108.0,-12.0,11.0,h1,3,1,3
2025.10.31,11.51.11,-90.120279,29.934105,-111,-13,25.0,0,0,I,PERIODIC,-108.0,-12.0,11.0,h1,3,1,3
2025.10.31,11.51.12,-90.120279,29.934105,-111,-13,25.0,26947,1176,D,PERIODIC,-107.0,-12.0,11.0,h1,3,1,3
2025.10.31,11.51.13,-90.120279,29.934105,-111,-13,25.0,0,0,I,PERIODIC,-107.0,-12.0,11.0,h1,3,1,3
2025.10.31,11.51.14,-90.120279,29.934105,-111,-13,25.0,0,2,D,PERIODIC,-107.0,-12.0,11.0,h1,3,1,3
2025.10.31,11.51.15,-90.120279,29.934105,-111,-13,25.0,5,6,D,PERIODIC,-107.0,-12.0,11.0,h1,3,1,3
2025.10.31,11.51.16,-90.120279,29.934105,-111,-13,25.0,0,0,D,PERIODIC,-108.0,-13.0,11.0,h1,3,1,3
2025.10.31,11.51.17,-90.120279,29.934105,-111,-13,25.0,27836,301,D,PERIODIC,-108.0,-13.0,11.0,h1,3,1,3
2025.10.31,11.51.18,-90.120279,29.934105,-111,-13,25.0,0,0,I,PERIODIC,-107.0,-12.0,11.0,h1,3,1,3
2025.10.31,11.51.19,-90.120345,29.933975,-111,-13,25.0,0,0,I,PERIODIC,-107.0,-12.0,11.0,h1,3,1,3
2025.10.31,11.51.20,-90.120345,29.933975,-110,-14,25.0,0,0,I,PERIODIC,-107.0,-12.0,11.0,h1,3,1,3
2025.10.31,11.51.21,-90.120345,29.933975,-110,-14,25.0,0,0,I,PERIODIC,-107.0,-12.0,11.0,h1,3,1,3
2025.10.31,11.51.22,-90.120345,29.933975,-111,-13,30.0,0,0,I,PERIODIC,-107.0,-13.0,11.0,h1,3,1,3
2025.10.31,11.51.23,-90.120345,29.933975,-111,-13,30.0,0,0,I,PERIODIC,-107.0,-13.0,11.0,h1,3,1,3
2025.10.31,11.51.24,-90.120345,29.933975,-111,-13,30.0,0,0,I,PERIODIC,-107.0,-12.0,11.0,h1,3,1,3
2025.10.31,11.51.25,-90.120345,29.933975,-111,-13,30.0,4,4,D,PERIODIC,-107.0,-12.0,11.0,h1,3,1,3
2025.10.31,11.51.26,-90.120345,29.933975,-111,-13,30.0,78250,2150,D,PERIODIC,-107.0,-12.0,11.0,h1,3,1,3
2025.10.31,11.51.27,-90.120345,29.933975,-111,-13,30.0,0,16,D,PERIODIC,-107.0,-12.0,11.0,h1,3,1,3
2025.10.31,11.51.28,-90.120275,29.934083,-111,-13,30.0,10,10,D,PERIODIC,-107.0,-13.0,11.0,h1,3,1,3
2025.10.31,11.51.29,-90.120275,29.934083,-111,-13,30.0,22,15,D,PERIODIC,-107.0,-13.0,11.0,h1,3,1,3
2025.10.31,11.51.30,-90.120275,29.934083,-111,-13,30.0,14,14,D,PERIODIC,-107.0,-13.0,11.0,h1,3,1,3
2025.10.31,11.51.31,-90.120275,29.934083,-111,-13,30.0,36154,3981,D,PERIODIC,-107.0,-13.0,11.0,h1,3,1,3
2025.10.31,11.51.32,-90.120275,29.934083,-111,-13,30.0,1,1,D,PERIODIC,-108.0,-13.0,11.0,h1,3,1,3
2025.10.31,11.51.33,-90.120275,29.934083,-111,-13,30.0,15,15,D,PERIODIC,-108.0,-13.0,11.0,h1,3,1,3
2025.10.31,11.51.34,-90.120275,29.934083,-111,-13,30.0,10,10,D,PERIODIC,-107.0,-12.0,11.0,h1,3,1,3
2025.10.31,11.51.35,-90.120275,29.934083,-111,-13,30.0,0,0,D,PERIODIC,-107.0,-12.0,11.0,h1,3,1,3
2025.10.31,11.51.36,-90.120275,29.934083,-111,-13,30.0,26893,1703,D,PERIODIC,-107.0,-12.0,11.0,h1,3,1,3
2025.10.31,11.51.37,-90.120275,29.934083,-111,-13,30.0,0,0,D,PERIODIC,-107.0,-12.0,11.0,h1,3,1,3
2025.10.31,11.51.38,-90.120275,29.934083,-111,-13,30.0,0,0,I,PERIODIC,-108.0,-13.0,11.0,h1,3,1,3
2025.10.31,11.51.39,-90.120275,29.934083,-111,-13,30.0,0,0,I,PERIODIC,-108.0,-13.0,11.0,h1,3,1,3
2025.10.31,11.51.40,-90.120275,29.934083,-111,-13,30.0,1,1,D,PERIODIC,-108.0,-13.0,11.0,h1,3,1,3
2025.10.31,11.51.41,-90.120275,29.934083,-111,-13,30.0,95616,1865,D,PERIODIC,-108.0,-13.0,11.0,h1,3,1,3
2025.10.31,11.51.42,-90.120275,29.934083,-111,-13,30.0,6,3,D,PERIODIC,-107.0,-13.0,11.0,h1,3,1,3
2025.10.31,11.51.43,-90.120275,29.934083,-111,-13,30.0,0,0,I,PERIODIC,-107.0,-13.0,11.0,h1,3,1,3
2025.10.31,11.51.44,-90.120275,29.934083,-117,-14,10.0,0,0,D,PERIODIC,-107.0,-13.0,10.0,h1,3,1,3
2025.10.31,11.51.45,-90.120275,29.934083,-117,-14,10.0,4,4,D,PERIODIC,-107.0,-13.0,10.0,h1,3,1,3
2025.10.31,11.51.46,-90.120275,29.934083,-117,-14,0.0,89929,1898,D,PERIODIC,-107.0,-13.0,10.0,h1,3,1,3
2025.10.31,11.51.47,-90.120275,29.934083,-117,-14,0.0,0,0,D,PERIODIC,-107.0,-13.0,10.0,h1,3,1,3
2025.10.31,11.51.48,-90.120275,29.934083,-117,-14,0.0,0,0,I,PERIODIC,-107.0,-14.0,9.0,h1,3,1,3
2025.10.31,11.51.49,-90.120275,29.934083,-117,-14,0.0,0,0,I,PERIODIC,-107.0,-14.0,9.0,h1,3,1,3
2025.10.31,11.51.50,-90.120275,29.934083,-116,-14,0.0,0,0,I,PERIODIC,-107.0,-14.0,12.0,h1,3,1,3
2025.10.31,11.51.51,-90.120275,29.934083,-116,-14,0.0,71965,2165,D,PERIODIC,-107.0,-14.0,12.0,h1,3,1,3
2025.10.31,11.51.52,-90.120275,29.934083,-116,-14,0.0,8,7,D,PERIODIC,-108.0,-13.0,12.0,h1,3,1,3
2025.10.31,11.51.53,-90.120275,29.934083,-116,-14,0.0,3,3,D,PERIODIC,-108.0,-13.0,12.0,h1,3,1,3
2025.10.31,11.51.54,-90.120275,29.934083,-116,-15,15.0,0,0,D,PERIODIC,-107.0,-13.0,12.0,h1,3,1,3
2025.10.31,11.51.55,-90.120275,29.934083,-116,-15,15.0,3,3,D,PERIODIC,-107.0,-13.0,12.0,h1,3,1,3
2025.10.31,11.51.56,-90.120275,29.934083,-114,-15,10.0,103194,1128,D,PERIODIC,-108.0,-12.0,12.0,h1,3,1,3
2025.10.31,11.51.57,-90.120275,29.934083,-114,-15,10.0,2,2,D,PERIODIC,-108.0,-12.0,12.0,h1,3,1,3
2025.10.31,11.51.58,-90.120275,29.934083,-114,-14,25.0,2,2,D,PERIODIC,-107.0,-13.0,10.0,h1,3,1,3
2025.10.31,11.51.59,-90.120275,29.934083,-114,-14,25.0,0,0,I,PERIODIC,-107.0,-13.0,10.0,h1,3,1,3
2025.10.31,11.52.00,-90.120275,29.934083,-114,-14,25.0,0,0,D,PERIODIC,-108.0,-13.0,10.0,h1,3,1,3
2025.10.31,11.52.01,-90.120275,29.934083,-114,-14,25.0,147032,1937,D,PERIODIC,-108.0,-13.0,10.0,h1,3,1,3
2025.10.31,11.52.02,-90.120275,29.934083,-114,-14,25.0,0,0,D,PERIODIC,-108.0,-14.0,10.0,h1,3,1,3
2025.10.31,11.52.03,-90.120275,29.934083,-114,-14,25.0,3,3,D,PERIODIC,-108.0,-14.0,10.0,h1,3,1,3
2025.10.31,11.52.04,-90.120275,29.934083,-114,-14,25.0,0,0,I,PERIODIC,-108.0,-13.0,10.0,h1,3,1,3
2025.10.31,11.52.05,-90.120275,29.934083,-114,-14,25.0,1,2,D,PERIODIC,-108.0,-13.0,10.0,h1,3,1,3
2025.10.31,11.52.06,-90.120275,29.934083,-114,-14,25.0,135217,1615,D,PERIODIC,-108.0,-13.0,10.0,h1,3,1,3
2025.10.31,11.52.07,-90.120275,29.934083,-114,-14,25.0,2,2,D,PERIODIC,-108.0,-13.0,10.0,h1,3,1,3
2025.10.31,11.52.08,-90.120275,29.934083,-114,-14,25.0,2,2,D,PERIODIC,-108.0,-13.0,10.0,h1,3,1,3
2025.10.31,11.52.09,-90.120275,29.934083,-114,-14,25.0,1,1,D,PERIODIC,-108.0,-13.0,10.0,h1,3,1,3
2025.10.31,11.52.10,-90.120275,29.934083,-114,-14,25.0,1,1,D,PERIODIC,-107.0,-13.0,10.0,h1,3,1,3
2025.10.31,11.52.11,-90.120275,29.934083,-114,-14,25.0,103165,958,D,PERIODIC,-107.0,-13.0,10.0,h1,3,1,3
2025.10.31,11.52.12,-90.120275,29.934083,-114,-14,25.0,6,4,D,PERIODIC,-108.0,-13.0,10.0,h1,3,1,3
2025.10.31,11.52.13,-90.120275,29.934083,-114,-14,25.0,51,73,D,PERIODIC,-108.0,-13.0,10.0,h1,3,1,3
2025.10.31,11.52.14,-90.120275,29.934083,-114,-12,35.0,3,2,D,PERIODIC,-108.0,-13.0,10.0,h1,3,1,3
2025.10.31,11.52.15,-90.120275,29.934083,-114,-12,35.0,0,0,D,PERIODIC,-108.0,-13.0,10.0,h1,3,1,3
2025.10.31,11.52.16,-90.120275,29.934083,-114,-12,35.0,79961,1527,D,PERIODIC,-108.0,-13.0,10.0,h1,3,1,3
2025.10.31,11.52.17,-90.120275,29.934083,-114,-12,35.0,5,4,D,PERIODIC,-108.0,-13.0,10.0,h1,3,1,3
2025.10.31,11.52.18,-90.120275,29.934083,-114,-12,35.0,1,1,D,PERIODIC,-108.0,-14.0,10.0,h1,3,1,3
2025.10.31,11.52.19,-90.120275,29.934083,-114,-12,35.0,2,2,D,PERIODIC,-108.0,-14.0,10.0,h1,3,1,3
2025.10.31,11.52.20,-90.120275,29.934083,-113,-12,4.0,1,1,D,PERIODIC,-108.0,-13.0,10.0,h1,3,1,3
2025.10.31,11.52.21,-90.120275,29.934083,-113,-12,4.0,0,0,D,PERIODIC,-108.0,-13.0,10.0,h1,3,1,3
2025.10.31,11.52.22,-90.120275,29.934083,-113,-12,4.0,73253,1423,D,PERIODIC,-108.0,-14.0,10.0,h1,3,1,3
2025.10.31,11.52.23,-90.120275,29.934083,-113,-12,3.0,0,0,D,PERIODIC,-108.0,-14.0,10.0,h1,3,1,3
2025.10.31,11.52.24,-90.120275,29.934083,-114,-12,35.0,4,4,D,PERIODIC,-108.0,-13.0,11.0,h1,3,1,3
2025.10.31,11.52.25,-90.120275,29.934083,-114,-12,35.0,1,1,D,PERIODIC,-108.0,-13.0,11.0,h1,3,1,3
2025.10.31,11.52.26,-90.120275,29.934083,-115,-13,35.0,49627,803,D,PERIODIC,-108.0,-13.0,10.0,h1,3,1,3
2025.10.31,11.52.27,-90.120275,29.934083,-115,-13,35.0,2,2,D,PERIODIC,-108.0,-13.0,10.0,h1,3,1,3
2025.10.31,11.52.28,-90.120275,29.934083,-115,-13,35.0,0,0,I,PERIODIC,-107.0,-14.0,10.0,h1,3,1,3
2025.10.31,11.52.29,-90.120275,29.934083,-115,-13,35.0,4,4,D,PERIODIC,-107.0,-14.0,10.0,h1,3,1,3
2025.10.31,11.52.30,-90.120275,29.934083,-115,-13,35.0,0,0,D,PERIODIC,-107.0,-13.0,10.0,h1,3,1,3
2025.10.31,11.52.31,-90.120275,29.934083,-115,-13,35.0,54204,638,D,PERIODIC,-107.0,-13.0,10.0,h1,3,1,3
2025.10.31,11.52.32,-90.120275,29.934083,-115,-13,35.0,2,2,D,PERIODIC,-107.0,-13.0,10.0,h1,3,1,3
2025.10.31,11.52.33,-90.120275,29.934083,-115,-13,35.0,12,11,D,PERIODIC,-107.0,-13.0,10.0,h1,3,1,3
2025.10.31,11.52.34,-90.120275,29.934083,-115,-13,35.0,0,0,D,PERIODIC,-108.0,-13.0,10.0,h1,3,1,3
2025.10.31,11.52.35,-90.120275,29.934083,-115,-13,35.0,4,2,D,PERIODIC,-108.0,-13.0,10.0,h1,3,1,3
2025.10.31,11.52.36,-90.120275,29.934083,-115,-13,35.0,89170,3582,D,PERIODIC,-108.0,-13.0,10.0,h1,3,1,3
2025.10.31,11.52.37,-90.120275,29.934083,-115,-13,35.0,2,2,D,PERIODIC,-108.0,-13.0,10.0,h1,3,1,3
2025.10.31,11.52.38,-90.120275,29.934083,-110,-13,30.0,0,11,D,PERIODIC,-107.0,-14.0,10.0,h1,3,1,3
2025.10.31,11.52.39,-90.120275,29.934083,-110,-13,30.0,0,0,D,PERIODIC,-107.0,-14.0,10.0,h1,3,1,3
2025.10.31,11.52.40,-90.120275,29.934083,-110,-13,30.0,2,2,D,PERIODIC,-107.0,-14.0,10.0,h1,3,1,3
2025.10.31,11.52.41,-90.120275,29.934083,-110,-13,30.0,90219,2394,D,PERIODIC,-107.0,-14.0,10.0,h1,3,1,3
2025.10.31,11.52.42,-90.120275,29.934083,-110,-13,30.0,0,1,D,PERIODIC,-107.0,-14.0,10.0,h1,3,1,3
2025.10.31,11.52.43,-90.120275,29.934083,-110,-13,30.0,3,3,D,PERIODIC,-107.0,-14.0,10.0,h1,3,1,3
2025.10.31,11.52.44,-90.120275,29.934083,-110,-13,30.0,2,2,D,PERIODIC,-107.0,-13.0,10.0,h1,3,1,3
2025.10.31,11.52.45,-90.120275,29.934083,-110,-13,30.0,1,1,D,PERIODIC,-107.0,-13.0,10.0,h1,3,1,3
2025.10.31,11.52.46,-90.120275,29.934083,-110,-13,30.0,120067,1147,D,PERIODIC,-107.0,-14.0,10.0,h1,3,1,3
2025.10.31,11.52.47,-90.120275,29.934083,-110,-13,30.0,4,4,D,PERIODIC,-107.0,-14.0,10.0,h1,3,1,3
2025.10.31,11.52.48,-90.120275,29.934083,-110,-13,30.0,0,0,D,PERIODIC,-107.0,-14.0,10.0,h1,3,1,3
2025.10.31,11.52.49,-90.120275,29.934083,-110,-13,30.0,4,39,D,PERIODIC,-107.0,-14.0,10.0,h1,3,1,3
2025.10.31,11.52.50,-90.120275,29.934083,-110,-13,30.0,0,0,D,PERIODIC,-107.0,-14.0,10.0,h1,3,1,3
2025.10.31,11.52.51,-90.120275,29.934083,-109,-12,40.0,115770,1834,D,PERIODIC,-106.0,-14.0,10.0,h1,3,1,3
2025.10.31,11.52.52,-90.120275,29.934083,-109,-12,40.0,0,0,D,PERIODIC,-106.0,-14.0,10.0,h1,3,1,3
2025.10.31,11.52.53,-90.120275,29.934083,-109,-12,40.0,0,0,I,PERIODIC,-107.0,-13.0,10.0,h1,3,1,3
2025.10.31,11.52.54,-90.120275,29.934083,-109,-12,40.0,0,0,I,PERIODIC,-107.0,-13.0,10.0,h1,3,1,3
2025.10.31,11.52.55,-90.120275,29.934083,-109,-13,25.0,0,0,I,PERIODIC,-106.0,-12.0,11.0,h1,3,1,3
2025.10.31,11.52.56,-90.120275,29.934083,-109,-13,25.0,146916,1196,D,PERIODIC,-106.0,-12.0,11.0,h1,3,1,3
2025.10.31,11.52.57,-90.120275,29.934083,-109,-13,25.0,0,0,D,PERIODIC,-107.0,-13.0,11.0,h1,3,1,3
2025.10.31,11.52.58,-90.120275,29.934083,-109,-13,25.0,3,3,D,PERIODIC,-107.0,-13.0,11.0,h1,3,1,3
2025.10.31,11.52.59,-90.120275,29.934083,-109,-13,25.0,0,0,D,PERIODIC,-106.0,-14.0,11.0,h1,3,1,3
2025.10.31,11.53.00,-90.120275,29.934083,-109,-13,25.0,5,7,D,PERIODIC,-106.0,-14.0,11.0,h1,3,1,3
2025.10.31,11.53.01,-90.120275,29.934083,-111,-13,25.0,120253,955,D,PERIODIC,-107.0,-14.0,10.0,h1,3,1,3
2025.10.31,11.53.02,-90.120275,29.934083,-111,-13,25.0,3,3,D,PERIODIC,-107.0,-14.0,10.0,h1,3,1,3
2025.10.31,11.53.03,-90.120275,29.934083,-111,-13,25.0,0,0,D,PERIODIC,-106.0,-14.0,10.0,h1,3,1,3
2025.10.31,11.53.04,-90.120275,29.934083,-111,-13,25.0,5,5,D,PERIODIC,-106.0,-14.0,10.0,h1,3,1,3
2025.10.31,11.53.05,-90.120275,29.934083,-111,-13,25.0,0,0,D,PERIODIC,-106.0,-13.0,10.0,h1,3,1,3
2025.10.31,11.53.06,-90.120275,29.934083,-111,-13,25.0,97987,2383,D,PERIODIC,-106.0,-13.0,10.0,h1,3,1,3
2025.10.31,11.53.07,-90.120275,29.934083,-111,-13,25.0,0,0,I,PERIODIC,-106.0,-13.0,10.0,h1,3,1,3
2025.10.31,11.53.08,-90.120275,29.934083,-111,-13,25.0,0,0,D,PERIODIC,-106.0,-13.0,10.0,h1,3,1,3
2025.10.31,11.53.09,-90.120275,29.934083,-111,-13,25.0,0,0,D,PERIODIC,-106.0,-14.0,10.0,h1,3,1,3
2025.10.31,11.53.10,-90.120275,29.934083,-111,-13,25.0,1,4,D,PERIODIC,-106.0,-14.0,10.0,h1,3,1,3
2025.10.31,11.53.11,-90.120275,29.934083,-111,-13,25.0,151291,1172,D,PERIODIC,-106.0,-13.0,10.0,h1,3,1,3
2025.10.31,11.53.12,-90.120275,29.934083,-111,-13,25.0,0,0,D,PERIODIC,-106.0,-13.0,10.0,h1,3,1,3
2025.10.31,11.53.13,-90.120275,29.934083,-111,-13,25.0,6,0,D,PERIODIC,-106.0,-14.0,10.0,h1,3,1,3
2025.10.31,11.53.14,-90.120275,29.934083,-111,-13,25.0,0,0,I,PERIODIC,-106.0,-14.0,10.0,h1,3,1,3
2025.10.31,11.53.15,-90.120275,29.934083,-111,-13,25.0,2,2,D,PERIODIC,-106.0,-13.0,10.0,h1,3,1,3
2025.10.31,11.53.16,-90.120275,29.934083,-111,-13,25.0,166888,1292,D,PERIODIC,-106.0,-13.0,10.0,h1,3,1,3
2025.10.31,11.53.17,-90.120275,29.934083,-111,-13,25.0,3,3,D,PERIODIC,-106.0,-13.0,10.0,h1,3,1,3
2025.10.31,11.53.18,-90.120275,29.934083,-111,-13,25.0,0,0,D,PERIODIC,-106.0,-13.0,10.0,h1,3,1,3
2025.10.31,11.53.19,-90.120275,29.934083,-111,-13,25.0,0,0,I,PERIODIC,-107.0,-13.0,10.0,h1,3,1,3
2025.10.31,11.53.20,-90.120275,29.934083,-111,-13,25.0,0,0,D,PERIODIC,-107.0,-13.0,10.0,h1,3,1,3
2025.10.31,11.53.21,-90.120275,29.934083,-111,-13,25.0,101965,2156,D,PERIODIC,-106.0,-14.0,10.0,h1,3,1,3
2025.10.31,11.53.22,-90.120275,29.934083,-111,-13,25.0,0,0,I,PERIODIC,-106.0,-14.0,10.0,h1,3,1,3
2025.10.31,11.53.23,-90.120275,29.934083,-111,-13,25.0,0,0,I,PERIODIC,-106.0,-13.0,10.0,h1,3,1,3
2025.10.31,11.53.24,-90.120275,29.934083,-111,-13,25.0,0,0,I,PERIODIC,-106.0,-13.0,10.0,h1,3,1,3
2025.10.31,11.53.25,-90.120275,29.934083,-111,-13,25.0,1,1,D,PERIODIC,-106.0,-13.0,10.0,h1,3,1,3
2025.10.31,11.53.26,-90.120275,29.934083,-111,-13,25.0,89518,946,D,PERIODIC,-106.0,-13.0,10.0,h1,3,1,3
2025.10.31,11.53.27,-90.120275,29.934083,-111,-13,25.0,3,3,D,PERIODIC,-106.0,-13.0,10.0,h1,3,1,3
2025.10.31,11.53.28,-90.120275,29.934083,-111,-13,25.0,0,0,D,PERIODIC,-106.0,-13.0,10.0,h1,3,1,3
2025.10.31,11.53.29,-90.120275,29.934083,-111,-13,25.0,8,9,D,PERIODIC,-106.0,-13.0,10.0,h1,3,1,3
2025.10.31,11.53.30,-90.120275,29.934083,-111,-13,25.0,6,7,D,PERIODIC,-106.0,-13.0,10.0,h1,3,1,3
2025.10.31,11.53.31,-90.120275,29.934083,-111,-13,25.0,0,4657,D,PERIODIC,-106.0,-13.0,10.0,h1,3,1,3
2025.10.31,11.53.32,-90.120275,29.934083,-111,-13,25.0,1,1,D,PERIODIC,-106.0,-13.0,10.0,h1,3,1,3
2025.10.31,11.53.33,-90.120275,29.934083,-111,-13,25.0,0,0,D,PERIODIC,-106.0,-14.0,10.0,h1,3,1,3
2025.10.31,11.53.34,-90.120275,29.934083,-111,-13,25.0,0,0,D,PERIODIC,-106.0,-14.0,10.0,h1,3,1,3
2025.10.31,11.53.35,-90.120275,29.934083,-111,-13,25.0,2,2,D,PERIODIC,-106.0,-12.0,10.0,h1,3,1,3
2025.10.31,11.53.36,-90.120275,29.934083,-111,-13,25.0,145740,3048,D,PERIODIC,-106.0,-12.0,10.0,h1,3,1,3
2025.10.31,11.53.37,-90.120275,29.934083,-111,-13,25.0,0,0,D,PERIODIC,-106.0,-13.0,10.0,h1,3,1,3
2025.10.31,11.53.38,-90.120275,29.934083,-111,-13,25.0,0,0,I,PERIODIC,-106.0,-13.0,10.0,h1,3,1,3
2025.10.31,11.53.39,-90.120275,29.934083,-111,-13,25.0,0,0,I,PERIODIC,-106.0,-12.0,10.0,h1,3,1,3
2025.10.31,11.53.40,-90.120275,29.934083,-111,-13,25.0,0,0,D,PERIODIC,-106.0,-12.0,10.0,h1,3,1,3
2025.10.31,11.53.41,-90.120275,29.934083,-111,-13,25.0,154397,1169,D,PERIODIC,-106.0,-13.0,10.0,h1,3,1,3
2025.10.31,11.53.42,-90.120275,29.934083,-111,-13,25.0,3,3,D,PERIODIC,-106.0,-13.0,10.0,h1,3,1,3
2025.10.31,11.53.43,-90.120275,29.934083,-112,-15,5.0,3,3,D,PERIODIC,-106.0,-13.0,10.0,h1,3,1,3
2025.10.31,11.53.44,-90.120275,29.934083,-112,-15,5.0,0,0,D,PERIODIC,-106.0,-13.0,10.0,h1,3,1,3
2025.10.31,11.53.45,-90.120275,29.934083,-112,-15,5.0,0,0,I,PERIODIC,-106.0,-13.0,10.0,h1,3,1,3
2025.10.31,11.53.46,-90.120275,29.934083,-112,-15,5.0,0,0,D,PERIODIC,-106.0,-13.0,10.0,h1,3,1,3
2025.10.31,11.53.47,-90.120275,29.934083,-112,-15,5.0,126400,2209,D,PERIODIC,-106.0,-13.0,10.0,h1,3,1,3
2025.10.31,11.53.48,-90.120275,29.934083,-112,-15,5.0,0,0,D,PERIODIC,-106.0,-13.0,10.0,h1,3,1,3
2025.10.31,11.53.49,-90.120275,29.934083,-112,-14,15.0,0,0,I,PERIODIC,-107.0,-12.0,11.0,h1,3,1,3
2025.10.31,11.53.50,-90.120275,29.934083,-112,-14,15.0,0,0,I,PERIODIC,-107.0,-12.0,11.0,h1,3,1,3
2025.10.31,11.53.51,-90.120275,29.934083,-113,-15,10.0,0,0,D,PERIODIC,-106.0,-13.0,11.0,h1,3,1,3
2025.10.31,11.53.52,-90.120275,29.934083,-113,-15,10.0,116418,925,D,PERIODIC,-106.0,-13.0,11.0,h1,3,1,3
2025.10.31,11.53.53,-90.120275,29.934083,-111,-14,20.0,0,0,I,PERIODIC,-106.0,-13.0,11.0,h1,3,1,3
2025.10.31,11.53.54,-90.120275,29.934083,-111,-14,20.0,0,0,I,PERIODIC,-106.0,-13.0,11.0,h1,3,1,3
2025.10.31,11.53.55,-90.120275,29.934083,-111,-14,20.0,0,0,I,PERIODIC,-106.0,-13.0,11.0,h1,3,1,3
2025.10.31,11.53.56,-90.120275,29.934083,-111,-14,20.0,109262,976,D,PERIODIC,-106.0,-13.0,11.0,h1,3,1,3
2025.10.31,11.53.57,-90.120275,29.934083,-111,-15,25.0,0,0,D,PERIODIC,-107.0,-11.0,12.0,h1,3,1,3
2025.10.31,11.53.58,-90.120275,29.934083,-111,-15,25.0,4,4,D,PERIODIC,-107.0,-11.0,12.0,h1,3,1,3
2025.10.31,11.53.59,-90.120275,29.934083,-113,-14,20.0,0,0,D,PERIODIC,-106.0,-12.0,10.0,h1,3,1,3
2025.10.31,11.54.00,-90.120275,29.934083,-113,-14,20.0,0,0,I,PERIODIC,-106.0,-12.0,10.0,h1,3,1,3
2025.10.31,11.54.01,-90.120275,29.934083,-113,-14,20.0,49717,1552,D,PERIODIC,-106.0,-13.0,10.0,h1,3,1,3
2025.10.31,11.54.02,-90.120275,29.934083,-113,-14,20.0,1,1,D,PERIODIC,-106.0,-13.0,10.0,h1,3,1,3
2025.10.31,11.54.03,-90.120275,29.934083,-113,-14,20.0,4,4,D,PERIODIC,-107.0,-13.0,10.0,h1,3,1,3
2025.10.31,11.54.04,-90.120275,29.934083,-113,-14,20.0,0,0,I,PERIODIC,-107.0,-13.0,10.0,h1,3,1,3
2025.10.31,11.54.05,-90.120275,29.934083,-113,-14,20.0,0,0,I,PERIODIC,-108.0,-12.0,10.0,h1,3,1,3
2025.10.31,11.54.06,-90.120275,29.934083,-113,-14,20.0,136825,1699,D,PERIODIC,-108.0,-12.0,10.0,h1,3,1,3
2025.10.31,11.54.07,-90.120275,29.934083,-113,-14,20.0,0,0,I,PERIODIC,-107.0,-12.0,10.0,h1,3,1,3
2025.10.31,11.54.08,-90.120275,29.934083,-113,-14,20.0,0,0,I,PERIODIC,-107.0,-12.0,10.0,h1,3,1,3
2025.10.31,11.54.09,-90.120275,29.934083,-113,-14,20.0,0,0,I,PERIODIC,-107.0,-13.0,10.0,h1,3,1,3
2025.10.31,11.54.10,-90.120275,29.934083,-113,-14,20.0,0,0,I,PERIODIC,-107.0,-13.0,10.0,h1,3,1,3
2025.10.31,11.54.11,-90.120275,29.934083,-113,-14,20.0,112056,882,D,PERIODIC,-107.0,-12.0,10.0,h1,3,1,3
2025.10.31,11.54.12,-90.120275,29.934083,-113,-14,20.0,1,1,D,PERIODIC,-107.0,-12.0,10.0,h1,3,1,3
2025.10.31,11.54.13,-90.120275,29.934083,-113,-14,20.0,3,3,D,PERIODIC,-107.0,-13.0,10.0,h1,3,1,3
2025.10.31,11.54.14,-90.120275,29.934083,-113,-14,20.0,0,0,I,PERIODIC,-107.0,-13.0,10.0,h1,3,1,3
2025.10.31,11.54.15,-90.120275,29.934083,-113,-14,20.0,0,0,I,PERIODIC,-107.0,-12.0,10.0,h1,3,1,3
2025.10.31,11.54.16,-90.12032,29.933994,-113,-14,20.0,78586,675,D,PERIODIC,-107.0,-12.0,10.0,h1,3,1,3
2025.10.31,11.54.17,-90.12032,29.933994,-113,-14,20.0,0,0,D,PERIODIC,-107.0,-11.0,10.0,h1,3,1,3
2025.10.31,11.54.18,-90.12032,29.933994,-113,-14,20.0,0,0,D,PERIODIC,-107.0,-11.0,10.0,h1,3,1,3
2025.10.31,11.54.19,-90.12032,29.933994,-113,-14,20.0,0,0,I,PERIODIC,-107.0,-12.0,10.0,h1,3,1,3
2025.10.31,11.54.20,-90.12032,29.933994,-113,-14,20.0,0,0,I,PERIODIC,-107.0,-12.0,10.0,h1,3,1,3
2025.10.31,11.54.21,-90.12032,29.933994,-113,-14,20.0,0,728,D,PERIODIC,-107.0,-13.0,10.0,h1,3,1,3
2025.10.31,11.54.22,-90.12032,29.933994,-113,-14,20.0,7,6,D,PERIODIC,-107.0,-13.0,10.0,h1,3,1,3
2025.10.31,11.54.23,-90.12032,29.933994,-113,-14,20.0,0,0,I,PERIODIC,-107.0,-13.0,10.0,h1,3,1,3
2025.10.31,11.54.24,-90.12032,29.933994,-113,-14,20.0,0,0,I,PERIODIC,-107.0,-13.0,10.0,h1,3,1,3
2025.10.31,11.54.25,-90.120276,29.934123,-113,-14,20.0,0,0,I,PERIODIC,-106.0,-13.0,10.0,h1,3,1,3
2025.10.31,11.54.26,-90.120276,29.934123,-113,-14,20.0,107550,907,D,PERIODIC,-106.0,-13.0,10.0,h1,3,1,3
2025.10.31,11.54.27,-90.120276,29.934123,-114,-15,20.0,1,1,D,PERIODIC,-106.0,-10.0,11.0,h1,3,1,3
2025.10.31,11.54.28,-90.120276,29.934123,-114,-15,20.0,0,0,I,PERIODIC,-106.0,-10.0,11.0,h1,3,1,3
2025.10.31,11.54.29,-90.120276,29.934123,-112,-14,20.0,1,1,D,PERIODIC,-107.0,-13.0,11.0,h1,3,1,3
2025.10.31,11.54.30,-90.120276,29.934123,-112,-14,20.0,3,3,D,PERIODIC,-107.0,-13.0,11.0,h1,3,1,3
2025.10.31,11.54.31,-90.120276,29.934123,-112,-14,20.0,0,0,D,PERIODIC,-106.0,-13.0,11.0,h1,3,1,3
2025.10.31,11.54.32,-90.120276,29.934123,-112,-14,20.0,2,2,D,PERIODIC,-106.0,-13.0,11.0,h1,3,1,3
2025.10.31,11.54.33,-90.120276,29.934123,-112,-14,20.0,1,1,D,PERIODIC,-106.0,-13.0,11.0,h1,3,1,3
2025.10.31,11.54.34,-90.120276,29.934123,-112,-14,20.0,0,0,D,PERIODIC,-106.0,-13.0,11.0,h1,3,1,3
2025.10.31,11.54.35,-90.120276,29.934123,-112,-14,20.0,1,1,D,PERIODIC,-106.0,-13.0,11.0,h1,3,1,3
2025.10.31,11.54.36,-90.120276,29.934123,-112,-14,20.0,96857,3588,D,PERIODIC,-106.0,-11.0,11.0,h1,3,1,3
2025.10.31,11.54.37,-90.120276,29.934123,-112,-14,20.0,0,0,I,PERIODIC,-106.0,-11.0,11.0,h1,3,1,3
2025.10.31,11.54.38,-90.120276,29.934123,-112,-14,20.0,0,0,I,PERIODIC,-106.0,-12.0,11.0,h1,3,1,3
2025.10.31,11.54.39,-90.120276,29.934123,-112,-14,20.0,0,0,I,PERIODIC,-106.0,-12.0,11.0,h1,3,1,3
2025.10.31,11.54.40,-90.120276,29.934123,-112,-14,30.0,0,0,I,PERIODIC,-106.0,-10.0,12.0,h1,3,1,3
2025.10.31,11.54.41,-90.120276,29.934123,-112,-14,30.0,86993,730,D,PERIODIC,-106.0,-10.0,12.0,h1,3,1,3
2025.10.31,11.54.42,-90.120276,29.934123,-112,-14,30.0,2,2,D,PERIODIC,-107.0,-12.0,12.0,h1,3,1,3
2025.10.31,11.54.43,-90.120276,29.934123,-112,-14,30.0,0,0,D,PERIODIC,-107.0,-12.0,12.0,h1,3,1,3
2025.10.31,11.54.44,-90.120276,29.934123,-112,-13,15.0,0,0,I,PERIODIC,-107.0,-13.0,10.0,h1,3,1,3
2025.10.31,11.54.45,-90.120276,29.934123,-112,-13,15.0,0,0,I,PERIODIC,-107.0,-13.0,10.0,h1,3,1,3
2025.10.31,11.54.46,-90.120276,29.934123,-112,-13,20.0,89110,771,D,PERIODIC,-107.0,-12.0,10.0,h1,3,1,3
2025.10.31,11.54.47,-90.120276,29.934123,-112,-13,20.0,0,0,D,PERIODIC,-107.0,-12.0,10.0,h1,3,1,3
2025.10.31,11.54.48,-90.120276,29.934123,-112,-13,20.0,0,0,I,PERIODIC,-106.0,-11.0,10.0,h1,3,1,3
2025.10.31,11.54.49,-90.120276,29.934123,-112,-13,20.0,52,52,D,PERIODIC,-106.0,-11.0,10.0,h1,3,1,3
2025.10.31,11.54.50,-90.120276,29.934123,-117,-13,25.0,0,0,I,PERIODIC,-106.0,-12.0,12.0,h1,3,1,3
2025.10.31,11.54.51,-90.120276,29.934123,-117,-13,25.0,18666,265,D,PERIODIC,-106.0,-12.0,12.0,h1,3,1,3
2025.10.31,11.54.52,-90.120348,29.93397,-116,-13,30.0,0,0,D,PERIODIC,-106.0,-13.0,11.0,h1,3,1,3
2025.10.31,11.54.53,-90.120348,29.93397,-116,-13,30.0,0,0,I,PERIODIC,-106.0,-13.0,11.0,h1,3,1,3
2025.10.31,11.54.54,-90.120348,29.93397,-116,-13,30.0,0,0,I,PERIODIC,-106.0,-12.0,11.0,h1,3,1,3
2025.10.31,11.54.55,-90.120348,29.93397,-116,-13,30.0,0,0,I,PERIODIC,-106.0,-12.0,11.0,h1,3,1,3
2025.10.31,11.54.56,-90.120348,29.93397,-116,-13,30.0,1,1,D,PERIODIC,-106.0,-12.0,11.0,h1,3,1,3
2025.10.31,11.54.57,-90.120348,29.93397,-116,-13,30.0,1,1,D,PERIODIC,-106.0,-12.0,11.0,h1,3,1,3
2025.10.31,11.54.58,-90.120348,29.93397,-117,-13,25.0,0,0,I,PERIODIC,-106.0,-13.0,12.0,h1,3,1,3
2025.10.31,11.54.59,-90.120348,29.93397,-117,-13,25.0,0,0,I,PERIODIC,-106.0,-13.0,12.0,h1,3,1,3
2025.10.31,11.55.00,-90.120348,29.93397,-116,-14,20.0,0,6,D,PERIODIC,-106.0,-13.0,11.0,h1,3,1,3
2025.10.31,11.55.01,-90.12029,29.934095,-116,-14,20.0,0,0,D,PERIODIC,-106.0,-13.0,11.0,h1,3,1,3
2025.10.31,11.55.02,-90.12029,29.934095,-116,-14,20.0,9,9,D,PERIODIC,-106.0,-13.0,11.0,h1,3,1,3
2025.10.31,11.55.03,-90.12029,29.934095,-116,-14,20.0,0,0,D,PERIODIC,-106.0,-13.0,11.0,h1,3,1,3
2025.10.31,11.55.04,-90.12029,29.934095,-116,-14,20.0,0,0,I,PERIODIC,-106.0,-14.0,11.0,h1,3,1,3
2025.10.31,11.55.05,-90.12029,29.934095,-116,-14,20.0,0,0,I,PERIODIC,-106.0,-14.0,11.0,h1,3,1,3
2025.10.31,11.55.06,-90.12029,29.934095,-116,-14,20.0,0,0,I,PERIODIC,-106.0,-14.0,11.0,h1,3,1,3
2025.10.31,11.55.07,-90.12029,29.934095,-116,-14,20.0,0,0,I,PERIODIC,-106.0,-14.0,11.0,h1,3,1,3
2025.10.31,11.55.08,-90.12029,29.934095,-116,-14,20.0,0,0,I,PERIODIC,-106.0,-12.0,11.0,h1,3,1,3
2025.10.31,11.55.09,-90.12029,29.934095,-116,-14,20.0,0,0,I,PERIODIC,-106.0,-12.0,11.0,h1,3,1,3
2025.10.31,11.55.10,-90.12029,29.934095,-116,-14,20.0,1,1,D,PERIODIC,-106.0,-12.0,11.0,h1,3,1,3
2025.10.31,11.55.11,-90.12029,29.934095,-116,-14,20.0,0,11,D,PERIODIC,-106.0,-12.0,11.0,h1,3,1,3
2025.10.31,11.55.12,-90.12029,29.934095,-116,-14,20.0,0,0,D,PERIODIC,-106.0,-13.0,11.0,h1,3,1,3
2025.10.31,11.55.13,-90.12029,29.934095,-116,-14,20.0,0,0,I,PERIODIC,-106.0,-13.0,11.0,h1,3,1,3
2025.10.31,11.55.14,-90.12029,29.934095,-116,-14,20.0,0,0,I,PERIODIC,-106.0,-13.0,11.0,h1,3,1,3
2025.10.31,11.55.15,-90.12029,29.934095,-116,-14,20.0,0,0,I,PERIODIC,-106.0,-13.0,11.0,h1,3,1,3
2025.10.31,11.55.16,-90.12029,29.934095,-116,-14,20.0,0,0,I,PERIODIC,-106.0,-14.0,11.0,h1,3,1,3
2025.10.31,11.55.17,-90.12029,29.934095,-116,-14,20.0,0,0,I,PERIODIC,-106.0,-14.0,11.0,h1,3,1,3
2025.10.31,11.55.18,-90.12029,29.934095,-116,-14,20.0,0,0,I,PERIODIC,-107.0,-12.0,11.0,h1,3,1,3
2025.10.31,11.55.19,-90.12029,29.934095,-116,-14,20.0,0,0,I,PERIODIC,-107.0,-12.0,11.0,h1,3,1,3
2025.10.31,11.55.20,-90.12029,29.934095,-116,-14,20.0,0,0,I,PERIODIC,-106.0,-13.0,11.0,h1,3,1,3
2025.10.31,11.55.21,-90.12029,29.934095,-116,-14,20.0,0,0,I,PERIODIC,-106.0,-13.0,11.0,h1,3,1,3
2025.10.31,11.55.22,-90.12029,29.934095,-110,-13,30.0,4,5,D,PERIODIC,-106.0,-13.0,11.0,h1,3,1,3
2025.10.31,11.55.23,-90.12029,29.934095,-110,-13,30.0,0,0,D,PERIODIC,-106.0,-13.0,11.0,h1,3,1,3
2025.10.31,11.55.24,-90.12029,29.934095,-111,-13,25.0,0,0,I,PERIODIC,-106.0,-13.0,11.0,h1,3,1,3
2025.10.31,11.55.25,-90.12029,29.934095,-111,-13,25.0,0,0,I,PERIODIC,-106.0,-13.0,11.0,h1,3,1,3
2025.10.31,11.55.26,-90.12029,29.934095,-110,-12,4.0,2,2,D,PERIODIC,-106.0,-14.0,10.0,h1,3,1,3
2025.10.31,11.55.27,-90.12029,29.934095,-110,-12,4.0,7,6,D,PERIODIC,-106.0,-14.0,10.0,h1,3,1,3
2025.10.31,11.55.28,-90.12029,29.934095,-110,-12,4.0,1,1,D,PERIODIC,-106.0,-14.0,10.0,h1,3,1,3
2025.10.31,11.55.29,-90.12029,29.934095,-110,-12,3.0,3,3,D,PERIODIC,-105.0,-13.0,10.0,h1,3,1,3
2025.10.31,11.55.30,-90.12029,29.934095,-111,-13,35.0,0,0,D,PERIODIC,-106.0,-12.0,10.0,h1,3,1,3
2025.10.31,11.55.31,-90.12029,29.934095,-111,-13,35.0,0,34,D,PERIODIC,-106.0,-12.0,10.0,h1,3,1,3
2025.10.31,11.55.32,-90.12029,29.934095,-111,-13,35.0,0,0,I,PERIODIC,-107.0,-13.0,10.0,h1,3,1,3
2025.10.31,11.55.33,-90.12029,29.934095,-111,-13,35.0,0,0,I,PERIODIC,-107.0,-13.0,10.0,h1,3,1,3
2025.10.31,11.55.34,-90.12029,29.934095,-111,-12,40.0,0,0,I,PERIODIC,-106.0,-12.0,12.0,h1,3,1,3
2025.10.31,11.55.35,-90.12029,29.934095,-111,-12,40.0,0,0,I,PERIODIC,-106.0,-12.0,12.0,h1,3,1,3
2025.10.31,11.55.36,-90.12029,29.934095,-111,-13,40.0,0,0,I,PERIODIC,-106.0,-14.0,11.0,h1,3,1,3
2025.10.31,11.55.37,-90.12029,29.934095,-111,-13,40.0,0,0,I,PERIODIC,-106.0,-14.0,11.0,h1,3,1,3
2025.10.31,11.55.38,-90.12029,29.934095,-111,-13,40.0,0,0,I,PERIODIC,-106.0,-12.0,11.0,h1,3,1,3
2025.10.31,11.55.39,-90.12029,29.934095,-111,-13,40.0,0,0,I,PERIODIC,-106.0,-12.0,11.0,h1,3,1,3
2025.10.31,11.55.40,-90.12029,29.934095,-111,-13,40.0,0,0,D,PERIODIC,-106.0,-12.0,11.0,h1,3,1,3
2025.10.31,11.55.41,-90.12029,29.934095,-111,-13,40.0,11,14,D,PERIODIC,-106.0,-12.0,11.0,h1,3,1,3
2025.10.31,11.55.42,-90.12029,29.934095,-111,-13,40.0,1,1,D,PERIODIC,-106.0,-13.0,11.0,h1,3,1,3
2025.10.31,11.55.43,-90.12029,29.934095,-111,-13,40.0,1,1,D,PERIODIC,-106.0,-13.0,11.0,h1,3,1,3
2025.10.31,11.55.44,-90.12029,29.934095,-111,-13,40.0,4,4,D,PERIODIC,-107.0,-14.0,11.0,h1,3,1,3
2025.10.31,11.55.45,-90.12029,29.934095,-111,-13,40.0,7,7,D,PERIODIC,-107.0,-14.0,11.0,h1,3,1,3
2025.10.31,11.55.46,-90.12029,29.934095,-111,-13,40.0,0,0,I,PERIODIC,-109.0,-14.0,11.0,h1,3,1,3
2025.10.31,11.55.47,-90.12029,29.934095,-111,-13,40.0,0,0,I,PERIODIC,-109.0,-14.0,11.0,h1,3,1,3
2025.10.31,11.55.48,-90.12029,29.934095,-111,-13,40.0,0,0,I,PERIODIC,-108.0,-12.0,11.0,h1,3,1,3
2025.10.31,11.55.49,-90.12029,29.934095,-111,-13,40.0,0,0,I,PERIODIC,-108.0,-12.0,11.0,h1,3,1,3
2025.10.31,11.55.50,-90.12029,29.934095,-112,-13,35.0,0,0,I,PERIODIC,-107.0,-12.0,12.0,h1,3,1,3
2025.10.31,11.55.51,-90.12029,29.934095,-112,-13,35.0,0,0,I,PERIODIC,-107.0,-12.0,12.0,h1,3,1,3
2025.10.31,11.55.52,-90.12029,29.934095,-112,-13,35.0,0,0,D,PERIODIC,-109.0,-11.0,12.0,h1,3,1,3
2025.10.31,11.55.53,-90.12029,29.934095,-112,-13,35.0,1,1,D,PERIODIC,-109.0,-11.0,12.0,h1,3,1,3
2025.10.31,11.55.54,-90.12029,29.934095,-112,-13,35.0,0,0,I,PERIODIC,-105.0,-13.0,12.0,h1,3,1,3
2025.10.31,11.55.55,-90.12029,29.934095,-112,-13,35.0,0,0,I,PERIODIC,-105.0,-13.0,12.0,h1,3,1,3
2025.10.31,11.55.56,-90.12029,29.934095,-114,-15,15.0,0,0,D,PERIODIC,-106.0,-14.0,10.0,h1,3,1,3
2025.10.31,11.55.57,-90.12029,29.934095,-114,-15,15.0,2,2,D,PERIODIC,-106.0,-14.0,10.0,h1,3,1,3
2025.10.31,11.55.58,-90.12029,29.934095,-114,-15,15.0,0,0,I,PERIODIC,-106.0,-14.0,10.0,h1,3,1,3
2025.10.31,11.55.59,-90.12029,29.934095,-115,-14,10.0,0,0,I,PERIODIC,-106.0,-13.0,11.0,h1,3,1,3
2025.10.31,11.56.00,-90.12029,29.934095,-115,-14,10.0,9,11,D,PERIODIC,-106.0,-12.0,11.0,h1,3,1,3
2025.10.31,11.56.01,-90.12029,29.934095,-115,-14,10.0,3,3,D,PERIODIC,-106.0,-12.0,11.0,h1,3,1,3
2025.10.31,11.56.02,-90.12029,29.934095,-115,-14,10.0,3,3,D,PERIODIC,-106.0,-12.0,11.0,h1,3,1,3
2025.10.31,11.56.03,-90.12029,29.934095,-115,-14,10.0,0,0,D,PERIODIC,-106.0,-12.0,11.0,h1,3,1,3
2025.10.31,11.56.04,-90.12029,29.934095,-115,-17,-4.0,0,0,I,CELL_RESELECTION_5G5G,-107.0,-13.0,9.0,h1,3,1,3
2025.10.31,11.56.05,-90.12029,29.934095,-115,-17,-4.0,0,0,I,PERIODIC,-107.0,-13.0,9.0,h1,3,1,3
2025.10.31,11.56.06,-90.12029,29.934095,-111,-13,35.0,0,0,I,CELL_RESELECTION_5G5G,-107.0,-13.0,10.0,h1,3,1,3
2025.10.31,11.56.07,-90.12029,29.934095,-111,-13,35.0,0,0,I,PERIODIC,-107.0,-13.0,10.0,h1,3,1,3
2025.10.31,11.56.08,-90.12029,29.934095,-111,-13,35.0,0,0,I,PERIODIC,-106.0,-13.0,10.0,h1,3,1,3
2025.10.31,11.56.09,-90.12029,29.934095,-111,-13,35.0,0,0,I,PERIODIC,-106.0,-13.0,10.0,h1,3,1,3
2025.10.31,11.56.10,-90.12029,29.934095,-111,-13,35.0,10,9,D,PERIODIC,-106.0,-12.0,10.0,h1,3,1,3
2025.10.31,11.56.11,-90.12029,29.934095,-111,-13,35.0,11,11,D,PERIODIC,-106.0,-12.0,10.0,h1,3,1,3
2025.10.31,11.56.12,-90.12029,29.934095,-117,-15,20.0,0,0,D,PERIODIC,-108.0,-12.0,11.0,h1,3,1,3
2025.10.31,11.56.13,-90.12029,29.934095,-117,-15,20.0,0,0,I,PERIODIC,-108.0,-12.0,11.0,h1,3,1,3
2025.10.31,11.56.14,-90.12029,29.934095,-116,-14,15.0,0,0,I,PERIODIC,-106.0,-12.0,10.0,h1,3,1,3
2025.10.31,11.56.15,-90.12029,29.934095,-116,-14,15.0,0,0,I,PERIODIC,-106.0,-12.0,10.0,h1,3,1,3
2025.10.31,11.56.16,-90.12029,29.934095,-116,-14,15.0,0,0,I,PERIODIC,-105.0,-14.0,10.0,h1,3,1,3
2025.10.31,11.56.17,-90.12029,29.934095,-116,-14,15.0,0,0,I,PERIODIC,-105.0,-14.0,10.0,h1,3,1,3
2025.10.31,11.56.18,-90.12029,29.934095,-116,-14,15.0,0,0,I,PERIODIC,-106.0,-13.0,10.0,h1,3,1,3
2025.10.31,11.56.19,-90.12029,29.934095,-116,-14,15.0,0,0,I,PERIODIC,-106.0,-13.0,10.0,h1,3,1,3
2025.10.31,11.56.20,-90.12029,29.934095,-116,-14,15.0,2,2,D,PERIODIC,-105.0,-12.0,10.0,h1,3,1,3
2025.10.31,11.56.21,-90.12029,29.934095,-116,-14,15.0,9,11,D,PERIODIC,-105.0,-12.0,10.0,h1,3,1,3
2025.10.31,11.56.22,-90.12029,29.934095,-116,-14,15.0,0,0,D,PERIODIC,-105.0,-12.0,10.0,h1,3,1,3
2025.10.31,11.56.23,-90.12029,29.934095,-116,-14,15.0,5,5,D,PERIODIC,-105.0,-12.0,10.0,h1,3,1,3
2025.10.31,11.56.24,-90.12029,29.934095,-111,-13,40.0,0,0,I,PERIODIC,-105.0,-13.0,11.0,h1,3,1,3
2025.10.31,11.56.25,-90.12029,29.934095,-111,-13,40.0,7,7,D,PERIODIC,-105.0,-13.0,11.0,h1,3,1,3
2025.10.31,11.56.26,-90.12029,29.934095,-111,-12,4.0,2,2,D,PERIODIC,-105.0,-13.0,10.0,h1,3,1,3
2025.10.31,11.56.27,-90.12033,29.934012,-111,-12,4.0,0,0,D,PERIODIC,-105.0,-13.0,10.0,h1,3,1,3
2025.10.31,11.56.28,-90.12033,29.934012,-111,-12,4.0,0,0,I,PERIODIC,-105.0,-13.0,10.0,h1,3,1,3
2025.10.31,11.56.29,-90.12033,29.934012,-111,-12,4.0,0,0,I,PERIODIC,-106.0,-13.0,10.0,h1,3,1,3
2025.10.31,11.56.30,-90.12033,29.934012,-111,-13,40.0,0,0,I,PERIODIC,-107.0,-11.0,9.0,h1,3,1,3
2025.10.31,11.56.31,-90.12033,29.934012,-111,-13,40.0,0,0,I,PERIODIC,-107.0,-11.0,9.0,h1,3,1,3
2025.10.31,11.56.32,-90.12033,29.934012,-115,-15,-10.0,0,0,I,PERIODIC,-110.0,-14.0,10.0,h1,3,1,3
2025.10.31,11.56.33,-90.12033,29.934012,-115,-15,-10.0,2,2,D,PERIODIC,-110.0,-14.0,10.0,h1,3,1,3
2025.10.31,11.56.34,-90.12033,29.934012,-112,-13,25.0,5,6,D,PERIODIC,-113.0,-13.0,9.0,h1,3,1,3
2025.12.16,15.02.00,-90.120252,29.934184,-111,-15,0.0,0,3,D,LOG START,-108.0,-13.0,8.0,y1,2,1,2
2025.12.16,15.02.01,-90.120252,29.934184,-109,-15,0.0,0,0,D,PERIODIC,-108.0,-13.0,10.0,y1,2,1,2
2025.12.16,15.02.02,-90.120252,29.934184,-109,-15,0.0,114,165,D,PERIODIC,-108.0,-13.0,10.0,y1,2,1,2
2025.12.16,15.02.03,-90.120252,29.934184,-109,-15,0.0,0,0,D,PERIODIC,-107.0,-12.0,10.0,y1,2,1,2
2025.12.16,15.02.04,-90.120252,29.934184,-109,-15,0.0,6,1,D,PERIODIC,-107.0,-12.0,10.0,y1,2,1,2
2025.12.16,15.02.05,-90.120252,29.934184,-109,-15,0.0,1724,19887,D,PERIODIC,-107.0,-13.0,10.0,y1,2,1,2
2025.12.16,15.02.06,-90.120252,29.934184,-109,-15,0.0,4,4,D,PERIODIC,-107.0,-13.0,10.0,y1,2,1,2
2025.12.16,15.02.07,-90.120252,29.934184,-107,-15,-15.0,2,2,D,PERIODIC,-107.0,-12.0,8.0,y1,2,1,2
2025.12.16,15.02.08,-90.120252,29.934184,-107,-15,-15.0,1,1,D,PERIODIC,-107.0,-12.0,8.0,y1,2,1,2
2025.12.16,15.02.09,-90.120252,29.934184,-108,-15,-2.0,4,4,D,PERIODIC,-107.0,-13.0,10.0,y1,2,1,2
2025.12.16,15.02.10,-90.120252,29.934184,-108,-15,-2.0,1,1,D,PERIODIC,-107.0,-13.0,10.0,y1,2,1,2
2025.12.16,15.02.11,-90.120252,29.934184,-108,-15,-2.0,1,1,D,PERIODIC,-107.0,-12.0,10.0,y1,2,1,2
2025.12.16,15.02.12,-90.120252,29.934184,-108,-15,-2.0,24,21,D,PERIODIC,-107.0,-12.0,10.0,y1,2,1,2
2025.12.16,15.02.13,-90.120252,29.934184,-108,-15,-2.0,0,0,D,PERIODIC,-108.0,-12.0,10.0,y1,2,1,2
2025.12.16,15.02.14,-90.120252,29.934184,-108,-15,-2.0,0,0,D,PERIODIC,-108.0,-12.0,10.0,y1,2,1,2
2025.12.16,15.02.15,-90.120252,29.934184,-105,-14,5.0,33,0,D,PERIODIC,-108.0,-12.0,7.0,y1,2,1,2
2025.12.16,15.02.16,-90.120252,29.934184,-105,-14,5.0,25,27,D,PERIODIC,-108.0,-12.0,7.0,y1,2,1,2
2025.12.16,15.02.17,-90.120252,29.934184,-107,-15,-5.0,3,3,D,PERIODIC,-108.0,-12.0,6.0,y1,2,1,2
2025.12.16,15.02.18,-90.120252,29.934184,-107,-15,-5.0,0,0,D,PERIODIC,-108.0,-12.0,6.0,y1,2,1,2
2025.12.16,15.02.19,-90.120252,29.934184,-106,-15,-15.0,21,21,D,PERIODIC,-107.0,-13.0,7.0,y1,2,1,2
2025.12.16,15.02.20,-90.120252,29.934184,-106,-15,-15.0,0,0,D,PERIODIC,-107.0,-13.0,7.0,y1,2,1,2
2025.12.16,15.02.21,-90.120252,29.934184,-107,-15,-15.0,7117,15800,D,PERIODIC,-108.0,-13.0,8.0,y1,2,1,2
2025.12.16,15.02.22,-90.120252,29.934184,-107,-15,-15.0,0,3,D,PERIODIC,-108.0,-13.0,8.0,y1,2,1,2
2025.12.16,15.02.23,-90.120252,29.934184,-107,-15,-15.0,4,4,D,PERIODIC,-107.0,-13.0,8.0,y1,2,1,2
2025.12.16,15.02.24,-90.120252,29.934184,-107,-15,-15.0,12,12,D,PERIODIC,-107.0,-13.0,8.0,y1,2,1,2
2025.12.16,15.02.25,-90.120252,29.934184,-107,-15,-10.0,0,0,D,PERIODIC,-108.0,-12.0,8.0,y1,2,1,2
2025.12.16,15.02.26,-90.120252,29.934184,-107,-15,-10.0,13,2,D,PERIODIC,-108.0,-12.0,8.0,y1,2,1,2
2025.12.16,15.02.27,-90.120252,29.934184,-107,-15,-10.0,5,5,D,PERIODIC,-107.0,-12.0,8.0,y1,2,1,2
2025.12.16,15.02.28,-90.120252,29.934184,-107,-15,-10.0,5,5,D,PERIODIC,-107.0,-12.0,8.0,y1,2,1,2
2025.12.16,15.02.29,-90.120252,29.934184,-107,-15,-10.0,4,4,D,PERIODIC,-107.0,-13.0,8.0,y1,2,1,2
2025.12.16,15.02.30,-90.120252,29.934184,-107,-15,-10.0,0,0,D,PERIODIC,-107.0,-13.0,8.0,y1,2,1,2
2025.12.16,15.02.31,-90.120252,29.934184,-107,-15,-10.0,26,29,D,PERIODIC,-106.0,-13.0,8.0,y1,2,1,2
2025.12.16,15.02.31,-90.120269,29.934135,-107,-15,-10.0,26,29,D,,-106.0,-13.0,8.0,y1,2,1,2
2025.12.16,15.02.32,-90.120269,29.934135,-107,-15,-10.0,9,9,D,PERIODIC,-106.0,-13.0,8.0,y1,2,1,2
2025.12.16,15.02.33,-90.120269,29.934135,-107,-15,-10.0,12,12,D,PERIODIC,-107.0,-14.0,8.0,y1,2,1,2
2025.12.16,15.02.34,-90.120269,29.934135,-107,-15,-10.0,1,1,D,PERIODIC,-107.0,-14.0,8.0,y1,2,1,2
2025.12.16,15.02.35,-90.120269,29.934135,-107,-15,-10.0,10,10,D,PERIODIC,-107.0,-12.0,8.0,y1,2,1,2
2025.12.16,15.02.36,-90.120269,29.934135,-107,-15,-10.0,12,12,D,PERIODIC,-107.0,-12.0,8.0,y1,2,1,2
2025.12.16,15.02.37,-90.120269,29.934135,-107,-15,-10.0,10,10,D,PERIODIC,-107.0,-12.0,8.0,y1,2,1,2
2025.12.16,15.02.38,-90.120269,29.934135,-107,-15,-10.0,0,0,D,PERIODIC,-107.0,-12.0,8.0,y1,2,1,2
2025.12.16,15.02.39,-90.120269,29.934135,-107,-15,-10.0,12,6,D,PERIODIC,-107.0,-13.0,8.0,y1,2,1,2
2025.12.16,15.02.40,-90.120269,29.934135,-107,-15,-10.0,2213,18098,D,PERIODIC,-107.0,-13.0,8.0,y1,2,1,2
2025.12.16,15.02.41,-90.120269,29.934135,-107,-15,-10.0,3,3,D,PERIODIC,-107.0,-12.0,8.0,y1,2,1,2
2025.12.16,15.02.42,-90.120269,29.934135,-107,-15,-10.0,22,21,D,PERIODIC,-107.0,-12.0,8.0,y1,2,1,2
2025.12.16,15.02.43,-90.120269,29.934135,-107,-15,-10.0,5,7,D,PERIODIC,-107.0,-13.0,8.0,y1,2,1,2
2025.12.16,15.02.44,-90.120269,29.934135,-107,-15,-10.0,2,2,D,PERIODIC,-107.0,-13.0,8.0,y1,2,1,2
2025.12.16,15.02.45,-90.120269,29.934135,-108,-14,-5.0,3,3,D,PERIODIC,-107.0,-13.0,9.0,y1,2,1,2
2025.12.16,15.02.46,-90.120269,29.934135,-108,-14,-5.0,3,3,D,PERIODIC,-107.0,-13.0,9.0,y1,2,1,2
2025.12.16,15.02.47,-90.120269,29.934135,-108,-14,-5.0,0,41,D,PERIODIC,-109.0,-13.0,9.0,y1,2,1,2
2025.12.16,15.02.48,-90.120269,29.934135,-108,-14,-5.0,0,0,D,PERIODIC,-109.0,-13.0,9.0,y1,2,1,2
2025.12.16,15.02.49,-90.120269,29.934135,-108,-14,-5.0,20,20,D,PERIODIC,-108.0,-13.0,9.0,y1,2,1,2
2025.12.16,15.02.50,-90.120269,29.934135,-108,-14,-5.0,14953,8404,D,PERIODIC,-108.0,-13.0,9.0,y1,2,1,2
2025.12.16,15.02.51,-90.120269,29.934135,-108,-14,-10.0,1,1,D,PERIODIC,-109.0,-14.0,6.0,y1,2,1,2
2025.12.16,15.02.52,-90.120269,29.934135,-108,-14,-10.0,0,3,D,PERIODIC,-109.0,-14.0,6.0,y1,2,1,2
2025.12.16,15.02.53,-90.120269,29.934135,-109,-15,-5.0,0,2,D,PERIODIC,-108.0,-14.0,9.0,y1,2,1,2
2025.12.16,15.02.54,-90.120269,29.934135,-109,-15,-5.0,0,1,D,PERIODIC,-108.0,-14.0,9.0,y1,2,1,2
2025.12.16,15.02.55,-90.120269,29.934135,-114,-12,7.0,23919,4324,D,HANDOVER_DATA_5G5G,-109.0,-13.0,9.0,y1,2,1,2
2025.12.16,15.02.56,-90.120269,29.934135,-114,-12,7.0,1,1,D,PERIODIC,-109.0,-13.0,9.0,y1,2,1,2
2025.12.16,15.02.57,-90.120269,29.934135,-114,-12,7.0,3,3,D,PERIODIC,-108.0,-13.0,9.0,y1,2,1,2
2025.12.16,15.02.58,-90.120269,29.934135,-114,-12,7.0,6,7,D,PERIODIC,-108.0,-13.0,9.0,y1,2,1,2
2025.12.16,15.02.59,-90.120269,29.934135,-114,-12,7.0,0,2,D,PERIODIC,-109.0,-12.0,9.0,y1,2,1,2
2025.12.16,15.03.00,-90.120269,29.934135,-114,-12,5.0,23923,5271,D,PERIODIC,-109.0,-12.0,9.0,y1,2,1,2
2025.12.16,15.03.01,-90.120269,29.934135,-114,-12,5.0,4,4,D,PERIODIC,-109.0,-13.0,7.0,y1,2,1,2
2025.12.16,15.03.02,-90.120269,29.934135,-114,-12,5.0,0,0,D,PERIODIC,-109.0,-13.0,7.0,y1,2,1,2
2025.12.16,15.03.03,-90.120269,29.934135,-114,-12,5.0,7,7,D,PERIODIC,-109.0,-13.0,7.0,y1,2,1,2
2025.12.16,15.03.04,-90.120269,29.934135,-114,-12,6.0,0,0,D,PERIODIC,-109.0,-13.0,7.0,y1,2,1,2
2025.12.16,15.03.05,-90.120269,29.934135,-112,-12,6.0,18786,8037,D,PERIODIC,-108.0,-13.0,7.0,y1,2,1,2
2025.12.16,15.03.06,-90.120269,29.934135,-112,-12,5.0,0,0,D,PERIODIC,-108.0,-13.0,7.0,y1,2,1,2
2025.12.16,15.03.07,-90.120269,29.934135,-109,-12,5.0,10,11,D,PERIODIC,-109.0,-13.0,7.0,y1,2,1,2
2025.12.16,15.03.08,-90.120269,29.934135,-109,-12,5.0,0,0,I,PERIODIC,-109.0,-13.0,7.0,y1,2,1,2
2025.12.16,15.03.09,-90.120269,29.934135,-109,-12,5.0,0,0,I,PERIODIC,-108.0,-13.0,7.0,y1,2,1,2
2025.12.16,15.03.10,-90.120269,29.934135,-109,-12,5.0,0,0,D,PERIODIC,-108.0,-13.0,7.0,y1,2,1,2
2025.12.16,15.03.11,-90.120269,29.934135,-109,-12,5.0,0,0,D,PERIODIC,-108.0,-13.0,7.0,y1,2,1,2
2025.12.16,15.03.12,-90.120269,29.934135,-109,-12,5.0,0,0,I,PERIODIC,-108.0,-13.0,7.0,y1,2,1,2
2025.12.16,15.03.13,-90.120269,29.934135,-111,-12,5.0,0,0,I,PERIODIC,-108.0,-12.0,8.0,y1,2,1,2
2025.12.16,15.03.14,-90.120269,29.934135,-111,-12,6.0,0,0,I,PERIODIC,-108.0,-12.0,8.0,y1,2,1,2
2025.12.16,15.03.15,-90.120269,29.934135,-114,-12,6.0,38875,518,D,PERIODIC,-107.0,-13.0,8.0,y1,2,1,2
2025.12.16,15.03.16,-90.120269,29.934135,-114,-12,6.0,0,0,D,PERIODIC,-107.0,-13.0,8.0,y1,2,1,2
2025.12.16,15.03.17,-90.120269,29.934135,-116,-12,4.0,1,1,D,PERIODIC,-107.0,-11.0,9.0,y1,2,1,2
2025.12.16,15.03.18,-90.120269,29.934135,-116,-12,4.0,0,2,D,PERIODIC,-107.0,-11.0,9.0,y1,2,1,2
2025.12.16,15.03.19,-90.120269,29.934135,-114,-12,5.0,0,0,D,PERIODIC,-107.0,-10.0,8.0,y1,2,1,2
2025.12.16,15.03.20,-90.120269,29.934135,-114,-12,5.0,2,2,D,PERIODIC,-107.0,-10.0,8.0,y1,2,1,2
2025.12.16,15.03.21,-90.120269,29.934135,-108,-12,6.0,0,0,I,PERIODIC,-108.0,-11.0,9.0,y1,2,1,2
2025.12.16,15.03.22,-90.120269,29.934135,-108,-12,7.0,1,1,D,PERIODIC,-108.0,-11.0,9.0,y1,2,1,2
2025.12.16,15.03.23,-90.120269,29.934135,-112,-12,7.0,3,3,D,PERIODIC,-107.0,-11.0,9.0,y1,2,1,2
2025.12.16,15.03.24,-90.120269,29.934135,-112,-12,8.0,0,0,D,PERIODIC,-107.0,-11.0,9.0,y1,2,1,2
2025.12.16,15.03.25,-90.120269,29.934135,-113,-12,6.0,0,0,D,PERIODIC,-109.0,-12.0,7.0,y1,2,1,2
2025.12.16,15.03.26,-90.120269,29.934135,-113,-12,6.0,64509,0,D,PERIODIC,-109.0,-12.0,7.0,y1,2,1,2
2025.12.16,15.03.27,-90.120269,29.934135,-109,-12,6.0,9,0,D,PERIODIC,-108.0,-11.0,6.0,y1,2,1,2
2025.12.16,15.03.28,-90.120269,29.934135,-109,-12,7.0,6,2,D,PERIODIC,-108.0,-11.0,6.0,y1,2,1,2
2025.12.16,15.03.29,-90.120269,29.934135,-112,-12,7.0,0,0,D,PERIODIC,-109.0,-11.0,7.0,y1,2,1,2
2025.12.16,15.03.30,-90.120269,29.934135,-112,-12,7.0,36393,4154,D,PERIODIC,-109.0,-11.0,7.0,y1,2,1,2
2025.12.16,15.03.31,-90.120269,29.934135,-108,-12,5.0,0,0,D,PERIODIC,-109.0,-13.0,6.0,y1,2,1,2
2025.12.16,15.03.32,-90.120269,29.934135,-108,-12,5.0,0,0,I,PERIODIC,-109.0,-13.0,6.0,y1,2,1,2
2025.12.16,15.03.33,-90.120269,29.934135,-113,-12,6.0,4,4,D,PERIODIC,-108.0,-13.0,7.0,y1,2,1,2
2025.12.16,15.03.34,-90.120269,29.934135,-113,-12,6.0,0,0,I,PERIODIC,-108.0,-13.0,7.0,y1,2,1,2
2025.12.16,15.03.35,-90.120269,29.934135,-109,-12,7.0,38650,463,D,PERIODIC,-107.0,-12.0,8.0,y1,2,1,2
2025.12.16,15.03.36,-90.120269,29.934135,-109,-12,7.0,0,0,D,PERIODIC,-107.0,-12.0,8.0,y1,2,1,2
2025.12.16,15.03.37,-90.120269,29.934135,-108,-12,7.0,0,0,I,PERIODIC,-107.0,-12.0,9.0,y1,2,1,2
2025.12.16,15.03.38,-90.120269,29.934135,-108,-12,7.0,0,9,D,PERIODIC,-107.0,-12.0,9.0,y1,2,1,2
2025.12.16,15.03.39,-90.120269,29.934135,-115,-12,5.0,2,2,D,PERIODIC,-108.0,-12.0,7.0,y1,2,1,2
2025.12.16,15.03.40,-90.120269,29.934135,-115,-12,5.0,0,0,I,PERIODIC,-108.0,-12.0,7.0,y1,2,1,2
2025.12.16,15.03.41,-90.120269,29.934135,-109,-12,4.0,77100,1167,D,PERIODIC,-108.0,-13.0,8.0,y1,2,1,2
2025.12.16,15.03.42,-90.120269,29.934135,-109,-12,4.0,0,0,I,PERIODIC,-108.0,-13.0,8.0,y1,2,1,2
2025.12.16,15.03.43,-90.120269,29.934135,-113,-12,5.0,0,0,D,PERIODIC,-109.0,-13.0,8.0,y1,2,1,2
2025.12.16,15.03.44,-90.120269,29.934135,-113,-12,4.0,0,0,I,PERIODIC,-109.0,-13.0,8.0,y1,2,1,2
2025.12.16,15.03.45,-90.120269,29.934135,-110,-12,4.0,77061,612,D,PERIODIC,-109.0,-13.0,7.0,y1,2,1,2
2025.12.16,15.03.46,-90.120269,29.934135,-110,-12,4.0,0,0,D,PERIODIC,-109.0,-13.0,7.0,y1,2,1,2
2025.12.16,15.03.47,-90.120269,29.934135,-110,-12,4.0,0,0,I,PERIODIC,-108.0,-12.0,7.0,y1,2,1,2
2025.12.16,15.03.48,-90.120269,29.934135,-110,-12,4.0,20,21,D,PERIODIC,-108.0,-12.0,7.0,y1,2,1,2
2025.12.16,15.03.49,-90.120269,29.934135,-115,-12,4.0,0,0,D,PERIODIC,-108.0,-12.0,6.0,y1,2,1,2
2025.12.16,15.03.50,-90.120269,29.934135,-115,-12,6.0,47758,457,D,PERIODIC,-108.0,-12.0,6.0,y1,2,1,2
2025.12.16,15.03.51,-90.120269,29.934135,-113,-13,25.0,3,3,D,PERIODIC,-108.0,-12.0,7.0,y1,2,1,2
2025.12.16,15.03.52,-90.120269,29.934135,-113,-13,25.0,0,0,I,PERIODIC,-108.0,-12.0,7.0,y1,2,1,2
2025.12.16,15.03.53,-90.120269,29.934135,-109,-12,7.0,0,0,I,PERIODIC,-107.0,-12.0,8.0,y1,2,1,2
2025.12.16,15.03.54,-90.120269,29.934135,-109,-12,7.0,0,0,I,PERIODIC,-107.0,-12.0,8.0,y1,2,1,2
2025.12.16,15.03.55,-90.120269,29.934135,-108,-12,7.0,63813,660,D,PERIODIC,-106.0,-12.0,8.0,y1,2,1,2
2025.12.16,15.03.56,-90.120269,29.934135,-108,-12,6.0,0,0,D,PERIODIC,-106.0,-12.0,8.0,y1,2,1,2
2025.12.16,15.03.57,-90.120269,29.934135,-114,-12,6.0,3,3,D,PERIODIC,-108.0,-12.0,7.0,y1,2,1,2
2025.12.16,15.03.58,-90.120269,29.934135,-114,-12,4.0,0,0,D,PERIODIC,-108.0,-12.0,7.0,y1,2,1,2
2025.12.16,15.03.59,-90.120269,29.934135,-114,-12,5.0,0,0,I,PERIODIC,-107.0,-12.0,8.0,y1,2,1,2
2025.12.16,15.04.00,-90.120269,29.934135,-114,-12,5.0,62267,1914,D,PERIODIC,-107.0,-12.0,8.0,y1,2,1,2
2025.12.16,15.04.01,-90.120269,29.934135,-110,-12,7.0,0,0,D,PERIODIC,-107.0,-12.0,7.0,y1,2,1,2
2025.12.16,15.04.02,-90.120269,29.934135,-110,-12,4.0,0,0,I,PERIODIC,-107.0,-12.0,7.0,y1,2,1,2
2025.12.16,15.04.03,-90.120269,29.934135,-115,-12,4.0,0,1,D,PERIODIC,-108.0,-12.0,9.0,y1,2,1,2
2025.12.16,15.04.04,-90.120269,29.934135,-115,-12,4.0,0,0,I,PERIODIC,-108.0,-12.0,9.0,y1,2,1,2
2025.12.16,15.04.05,-90.120269,29.934135,-113,-12,6.0,36079,332,D,PERIODIC,-108.0,-13.0,7.0,y1,2,1,2
2025.12.16,15.04.06,-90.120269,29.934135,-113,-12,6.0,0,0,D,PERIODIC,-108.0,-13.0,7.0,y1,2,1,2
2025.12.16,15.04.07,-90.120269,29.934135,-113,-12,6.0,0,0,I,PERIODIC,-108.0,-11.0,7.0,y1,2,1,2
2025.12.16,15.04.08,-90.120269,29.934135,-113,-12,6.0,0,0,I,PERIODIC,-108.0,-11.0,7.0,y1,2,1,2
2025.12.16,15.04.09,-90.120269,29.934135,-113,-12,6.0,0,0,I,PERIODIC,-107.0,-11.0,7.0,y1,2,1,2
2025.12.16,15.04.10,-90.120269,29.934135,-113,-12,6.0,0,0,I,PERIODIC,-107.0,-11.0,7.0,y1,2,1,2
2025.12.16,15.04.11,-90.120269,29.934135,-113,-12,6.0,38625,350,D,PERIODIC,-107.0,-11.0,7.0,y1,2,1,2
2025.12.16,15.04.12,-90.120269,29.934135,-113,-12,6.0,0,0,I,PERIODIC,-107.0,-11.0,7.0,y1,2,1,2
2025.12.16,15.04.13,-90.120269,29.934135,-113,-12,6.0,0,0,I,PERIODIC,-107.0,-11.0,7.0,y1,2,1,2
2025.12.16,15.04.14,-90.120269,29.934135,-113,-12,5.0,57,51,D,PERIODIC,-107.0,-11.0,7.0,y1,2,1,2
2025.12.16,15.04.15,-90.120269,29.934135,-116,-12,4.0,36161,943,D,PERIODIC,-106.0,-12.0,8.0,y1,2,1,2
2025.12.16,15.04.16,-90.120269,29.934135,-116,-12,4.0,0,0,D,PERIODIC,-106.0,-12.0,8.0,y1,2,1,2
2025.12.16,15.04.17,-90.120269,29.934135,-115,-12,5.0,1,2,D,PERIODIC,-106.0,-13.0,10.0,y1,2,1,2
2025.12.16,15.04.18,-90.120269,29.934135,-115,-12,5.0,6,3,D,PERIODIC,-106.0,-13.0,10.0,y1,2,1,2
2025.12.16,15.04.19,-90.120269,29.934135,-115,-12,5.0,0,0,I,PERIODIC,-107.0,-12.0,10.0,y1,2,1,2
2025.12.16,15.04.20,-90.120269,29.934135,-115,-12,5.0,38173,759,D,PERIODIC,-107.0,-12.0,10.0,y1,2,1,2
2025.12.16,15.04.21,-90.120269,29.934135,-115,-12,5.0,1,1,D,PERIODIC,-107.0,-12.0,7.0,y1,2,1,2
2025.12.16,15.04.22,-90.120269,29.934135,-115,-12,5.0,0,0,D,PERIODIC,-107.0,-12.0,7.0,y1,2,1,2
2025.12.16,15.04.23,-90.120269,29.934135,-116,-13,40.0,0,0,I,PERIODIC,-107.0,-12.0,7.0,y1,2,1,2
2025.12.16,15.04.24,-90.120269,29.934135,-116,-13,40.0,0,0,I,PERIODIC,-107.0,-12.0,7.0,y1,2,1,2
2025.12.16,15.04.25,-90.120269,29.934135,-115,-12,7.0,73276,605,D,PERIODIC,-107.0,-14.0,6.0,y1,2,1,2
2025.12.16,15.04.26,-90.120269,29.934135,-115,-12,5.0,0,0,D,PERIODIC,-107.0,-14.0,6.0,y1,2,1,2
2025.12.16,15.04.27,-90.120269,29.934135,-115,-12,5.0,6,6,D,PERIODIC,-107.0,-12.0,7.0,y1,2,1,2
2025.12.16,15.04.28,-90.120269,29.934135,-115,-12,5.0,2,3,D,PERIODIC,-107.0,-12.0,7.0,y1,2,1,2
2025.12.16,15.04.29,-90.120269,29.934135,-114,-12,5.0,0,0,I,PERIODIC,-106.0,-13.0,7.0,y1,2,1,2
2025.12.16,15.04.30,-90.120269,29.934135,-114,-12,5.0,100546,3845,D,PERIODIC,-106.0,-13.0,7.0,y1,2,1,2
2025.12.16,15.04.31,-90.120269,29.934135,-114,-12,5.0,0,0,D,PERIODIC,-107.0,-12.0,7.0,y1,2,1,2
2025.12.16,15.04.32,-90.120269,29.934135,-114,-12,5.0,0,2,D,PERIODIC,-107.0,-12.0,7.0,y1,2,1,2
2025.12.16,15.04.33,-90.120269,29.934135,-114,-12,5.0,6,3,D,PERIODIC,-108.0,-13.0,7.0,y1,2,1,2
2025.12.16,15.04.34,-90.120269,29.934135,-114,-12,5.0,0,0,D,PERIODIC,-108.0,-13.0,7.0,y1,2,1,2
2025.12.16,15.04.35,-90.120269,29.934135,-114,-12,5.0,0,615,D,PERIODIC,-108.0,-13.0,7.0,y1,2,1,2
2025.12.16,15.04.36,-90.120269,29.934135,-114,-12,5.0,0,0,D,PERIODIC,-108.0,-13.0,7.0,y1,2,1,2
2025.12.16,15.04.37,-90.120269,29.934135,-114,-12,5.0,0,0,I,PERIODIC,-107.0,-12.0,7.0,y1,2,1,2
2025.12.16,15.04.38,-90.120269,29.934135,-114,-12,5.0,4,4,D,PERIODIC,-107.0,-12.0,7.0,y1,2,1,2
2025.12.16,15.04.39,-90.120269,29.934135,-114,-12,5.0,3,3,D,PERIODIC,-107.0,-13.0,7.0,y1,2,1,2
2025.12.16,15.04.40,-90.120269,29.934135,-114,-12,5.0,0,0,I,PERIODIC,-107.0,-13.0,7.0,y1,2,1,2
2025.12.16,15.04.41,-90.120269,29.934135,-114,-12,5.0,44993,816,D,PERIODIC,-107.0,-12.0,7.0,y1,2,1,2
2025.12.16,15.04.42,-90.120269,29.934135,-114,-12,5.0,0,0,I,PERIODIC,-107.0,-12.0,7.0,y1,2,1,2
2025.12.16,15.04.43,-90.120269,29.934135,-114,-12,5.0,0,0,I,PERIODIC,-107.0,-12.0,7.0,y1,2,1,2
2025.12.16,15.04.44,-90.120269,29.934135,-114,-12,5.0,0,0,I,PERIODIC,-107.0,-12.0,7.0,y1,2,1,2
2025.12.16,15.04.45,-90.120269,29.934135,-117,-12,40.0,0,549,D,PERIODIC,-107.0,-12.0,7.0,y1,2,1,2
2025.12.16,15.04.46,-90.120269,29.934135,-117,-12,40.0,0,0,D,PERIODIC,-107.0,-12.0,7.0,y1,2,1,2
2025.12.16,15.04.47,-90.120269,29.934135,-116,-13,40.0,0,2,D,PERIODIC,-107.0,-12.0,6.0,y1,2,1,2
2025.12.16,15.04.48,-90.120269,29.934135,-116,-13,40.0,0,3,D,PERIODIC,-107.0,-12.0,6.0,y1,2,1,2
2025.12.16,15.04.49,-90.120269,29.934135,-117,-13,40.0,0,0,I,PERIODIC,-107.0,-12.0,7.0,y1,2,1,2
2025.12.16,15.04.50,-90.120269,29.934135,-117,-13,40.0,0,367,D,PERIODIC,-107.0,-12.0,7.0,y1,2,1,2
2025.12.16,15.04.51,-90.120269,29.934135,-115,-12,35.0,0,0,D,PERIODIC,-107.0,-12.0,9.0,y1,2,1,2
2025.12.16,15.04.52,-90.120269,29.934135,-115,-12,35.0,1,1,D,PERIODIC,-107.0,-12.0,9.0,y1,2,1,2
2025.12.16,15.04.53,-90.120269,29.934135,-110,-16,-10.0,0,0,I,HANDOVER_DATA_5G5G,-107.0,-13.0,8.0,y1,2,1,2
2025.12.16,15.04.54,-90.120269,29.934135,-110,-16,-10.0,0,0,I,PERIODIC,-107.0,-13.0,8.0,y1,2,1,2
2025.12.16,15.04.55,-90.120269,29.934135,-110,-16,-10.0,38661,362,D,PERIODIC,-107.0,-13.0,8.0,y1,2,1,2
2025.12.16,15.04.56,-90.120269,29.934135,-110,-16,-10.0,1,1,D,PERIODIC,-107.0,-13.0,8.0,y1,2,1,2
2025.12.16,15.04.57,-90.120269,29.934135,-110,-16,-10.0,0,0,D,PERIODIC,-107.0,-14.0,8.0,y1,2,1,2
2025.12.16,15.04.58,-90.120269,29.934135,-110,-16,-10.0,4,4,D,PERIODIC,-107.0,-14.0,8.0,y1,2,1,2
2025.12.16,15.04.59,-90.120269,29.934135,-110,-15,-5.0,0,0,D,PERIODIC,-107.0,-13.0,6.0,y1,2,1,2
2025.12.16,15.05.00,-90.120269,29.934135,-110,-15,-5.0,0,1166,D,PERIODIC,-107.0,-13.0,6.0,y1,2,1,2
2025.12.16,15.05.01,-90.120269,29.934135,-110,-15,-10.0,0,1,D,PERIODIC,-106.0,-12.0,8.0,y1,2,1,2
2025.12.16,15.05.02,-90.120269,29.934135,-110,-15,-10.0,0,0,I,PERIODIC,-106.0,-12.0,8.0,y1,2,1,2
2025.12.16,15.05.03,-90.120269,29.934135,-108,-14,0.0,0,1,D,PERIODIC,-106.0,-13.0,8.0,y1,2,1,2
2025.12.16,15.05.04,-90.120269,29.934135,-108,-14,0.0,0,0,I,PERIODIC,-106.0,-13.0,8.0,y1,2,1,2
2025.12.16,15.05.05,-90.120269,29.934135,-108,-14,0.0,36088,384,D,PERIODIC,-107.0,-14.0,8.0,y1,2,1,2
2025.12.16,15.05.06,-90.120269,29.934135,-108,-14,0.0,0,0,D,PERIODIC,-107.0,-14.0,8.0,y1,2,1,2
2025.12.16,15.05.07,-90.120269,29.934135,-107,-13,15.0,7,9,D,PERIODIC,-107.0,-13.0,8.0,y1,2,1,2
2025.12.16,15.05.08,-90.120269,29.934135,-107,-13,15.0,1,1,D,PERIODIC,-107.0,-13.0,8.0,y1,2,1,2
2025.12.16,15.05.09,-90.120269,29.934135,-107,-13,15.0,0,0,I,PERIODIC,-107.0,-13.0,6.0,y1,2,1,2
2025.12.16,15.05.10,-90.120269,29.934135,-107,-13,15.0,0,0,D,PERIODIC,-107.0,-13.0,6.0,y1,2,1,2
2025.12.16,15.05.11,-90.120269,29.934135,-107,-13,15.0,36227,390,D,PERIODIC,-107.0,-13.0,6.0,y1,2,1,2
2025.12.16,15.05.12,-90.120269,29.934135,-107,-13,15.0,0,0,I,PERIODIC,-107.0,-13.0,6.0,y1,2,1,2
2025.12.16,15.05.13,-90.120269,29.934135,-107,-13,15.0,0,0,I,PERIODIC,-107.0,-14.0,6.0,y1,2,1,2
2025.12.16,15.05.14,-90.120269,29.934135,-107,-13,15.0,0,0,I,PERIODIC,-107.0,-14.0,6.0,y1,2,1,2
2025.12.16,15.05.15,-90.120269,29.934135,-107,-13,15.0,0,0,D,PERIODIC,-108.0,-13.0,6.0,y1,2,1,2
2025.12.16,15.05.16,-90.120269,29.934135,-107,-13,15.0,50280,0,D,PERIODIC,-108.0,-13.0,6.0,y1,2,1,2
2025.12.16,15.05.17,-90.120269,29.934135,-107,-13,15.0,368,53,D,PERIODIC,-108.0,-14.0,6.0,y1,2,1,2
2025.12.16,15.05.18,-90.120269,29.934135,-107,-13,15.0,769,44,D,PERIODIC,-108.0,-14.0,6.0,y1,2,1,2
2025.12.16,15.05.19,-90.120269,29.934135,-106,-12,35.0,2805,157,D,PERIODIC,-107.0,-13.0,7.0,y1,2,1,2
2025.12.16,15.05.20,-90.120269,29.934135,-106,-12,35.0,47322,698,D,PERIODIC,-107.0,-13.0,7.0,y1,2,1,2
2025.12.16,15.05.21,-90.120269,29.934135,-107,-13,40.0,0,212,D,PERIODIC,-107.0,-13.0,9.0,y1,2,1,2
2025.12.16,15.05.22,-90.120269,29.934135,-107,-13,40.0,0,143,D,PERIODIC,-107.0,-13.0,9.0,y1,2,1,2
2025.12.16,15.05.23,-90.120269,29.934135,-107,-13,40.0,0,0,D,PERIODIC,-107.0,-13.0,9.0,y1,2,1,2
2025.12.16,15.05.24,-90.120269,29.934135,-107,-13,40.0,414,915,D,PERIODIC,-108.0,-13.0,9.0,y1,2,1,2
2025.12.16,15.05.25,-90.120269,29.934135,-109,-13,20.0,822,207,D,PERIODIC,-108.0,-14.0,6.0,y1,2,1,2
2025.12.16,15.05.26,-90.120269,29.934135,-109,-13,20.0,227,139,D,PERIODIC,-108.0,-14.0,6.0,y1,2,1,2
2025.12.16,15.05.27,-90.120269,29.934135,-114,-12,8.0,0,0,D,HANDOVER_DATA_5G5G,-108.0,-13.0,7.0,y1,2,1,2
2025.12.16,15.05.28,-90.120269,29.934135,-114,-12,8.0,13850,127,D,PERIODIC,-108.0,-13.0,7.0,y1,2,1,2
2025.12.16,15.05.29,-90.120269,29.934135,-117,-12,7.0,0,0,D,PERIODIC,-107.0,-11.0,7.0,y1,2,1,2
2025.12.16,15.05.30,-90.120269,29.934135,-117,-12,6.0,33637,3278,D,PERIODIC,-107.0,-11.0,7.0,y1,2,1,2
2025.12.16,15.05.31,-90.120269,29.934135,-114,-12,6.0,0,0,I,PERIODIC,-107.0,-12.0,7.0,y1,2,1,2
2025.12.16,15.05.32,-90.120269,29.934135,-114,-12,6.0,2,2,D,PERIODIC,-107.0,-12.0,7.0,y1,2,1,2
2025.12.16,15.05.33,-90.120269,29.934135,-114,-12,6.0,0,0,D,PERIODIC,-108.0,-13.0,7.0,y1,2,1,2
2025.12.16,15.05.34,-90.120269,29.934135,-114,-12,6.0,0,0,I,PERIODIC,-108.0,-13.0,7.0,y1,2,1,2
2025.12.16,15.05.35,-90.120269,29.934135,-114,-12,6.0,34268,332,D,PERIODIC,-108.0,-13.0,7.0,y1,2,1,2
2025.12.16,15.05.36,-90.120269,29.934135,-114,-12,6.0,0,0,I,PERIODIC,-108.0,-14.0,7.0,y1,2,1,2
2025.12.16,15.05.37,-90.120269,29.934135,-114,-12,6.0,12,15,D,PERIODIC,-108.0,-14.0,7.0,y1,2,1,2
2025.12.16,15.05.38,-90.120269,29.934135,-114,-12,6.0,0,3,D,PERIODIC,-108.0,-12.0,7.0,y1,2,1,2
2025.12.16,15.05.39,-90.120269,29.934135,-114,-12,6.0,2,2,D,PERIODIC,-108.0,-12.0,7.0,y1,2,1,2
2025.12.16,15.05.40,-90.120269,29.934135,-114,-12,6.0,30170,689,D,PERIODIC,-107.0,-12.0,7.0,y1,2,1,2
2025.12.16,15.05.41,-90.120269,29.934135,-114,-12,6.0,0,0,I,PERIODIC,-107.0,-12.0,7.0,y1,2,1,2
2025.12.16,15.05.42,-90.120269,29.934135,-114,-12,6.0,0,0,I,PERIODIC,-108.0,-12.0,7.0,y1,2,1,2
2025.12.16,15.05.43,-90.120269,29.934135,-114,-12,6.0,0,0,I,PERIODIC,-108.0,-12.0,7.0,y1,2,1,2
2025.12.16,15.05.44,-90.120269,29.934135,-114,-12,6.0,0,0,I,PERIODIC,-108.0,-13.0,7.0,y1,2,1,2
2025.12.16,15.05.45,-90.120269,29.934135,-114,-12,7.0,30269,292,D,PERIODIC,-108.0,-13.0,7.0,y1,2,1,2
2025.12.16,15.05.46,-90.120269,29.934135,-116,-12,5.0,0,0,I,PERIODIC,-107.0,-13.0,5.0,y1,2,1,2
2025.12.16,15.05.47,-90.120269,29.934135,-116,-12,5.0,0,2,D,PERIODIC,-107.0,-13.0,5.0,y1,2,1,2
2025.12.16,15.05.48,-90.120269,29.934135,-116,-12,5.0,26,25,D,PERIODIC,-107.0,-13.0,5.0,y1,2,1,2
2025.12.16,15.05.49,-90.120269,29.934135,-116,-12,5.0,0,0,D,PERIODIC,-107.0,-13.0,5.0,y1,2,1,2
2025.12.16,15.05.50,-90.120269,29.934135,-117,-13,4.0,0,319,D,PERIODIC,-108.0,-12.0,8.0,y1,2,1,2
2025.12.16,15.05.51,-90.120269,29.934135,-117,-13,6.0,0,0,D,PERIODIC,-108.0,-12.0,8.0,y1,2,1,2
2025.12.16,15.05.52,-90.120269,29.934135,-114,-12,6.0,55,53,D,PERIODIC,-108.0,-12.0,7.0,y1,2,1,2
2025.12.16,15.05.53,-90.120269,29.934135,-114,-12,6.0,0,0,D,PERIODIC,-108.0,-12.0,7.0,y1,2,1,2
2025.12.16,15.05.54,-90.120269,29.934135,-118,-12,5.0,0,0,I,PERIODIC,-108.0,-12.0,6.0,y1,2,1,2
2025.12.16,15.05.55,-90.120269,29.934135,-118,-12,5.0,35264,334,D,PERIODIC,-108.0,-12.0,6.0,y1,2,1,2
2025.12.16,15.05.56,-90.120269,29.934135,-115,-12,5.0,1,1,D,PERIODIC,-108.0,-13.0,5.0,y1,2,1,2
2025.12.16,15.05.57,-90.120269,29.934135,-115,-12,4.0,0,0,D,PERIODIC,-108.0,-13.0,5.0,y1,2,1,2
2025.12.16,15.05.58,-90.120269,29.934135,-117,-12,4.0,0,0,D,PERIODIC,-108.0,-14.0,6.0,y1,2,1,2
2025.12.16,15.05.59,-90.120269,29.934135,-117,-12,5.0,0,0,I,PERIODIC,-108.0,-14.0,6.0,y1,2,1,2
2025.12.16,15.06.00,-90.120269,29.934135,-115,-13,35.0,0,0,I,PERIODIC,-107.0,-12.0,8.0,y1,2,1,2
2025.12.16,15.06.01,-90.120269,29.934135,-115,-13,35.0,0,0,I,PERIODIC,-107.0,-12.0,8.0,y1,2,1,2
2025.12.16,15.06.02,-90.120269,29.934135,-116,-13,35.0,2,2,D,PERIODIC,-107.0,-11.0,11.0,y1,2,1,2
2025.12.16,15.06.03,-90.120269,29.934135,-116,-13,35.0,0,0,D,PERIODIC,-107.0,-11.0,11.0,y1,2,1,2
2025.12.16,15.06.04,-90.120269,29.934135,-115,-12,4.0,0,0,I,PERIODIC,-108.0,-13.0,10.0,y1,2,1,2
2025.12.16,15.06.05,-90.120269,29.934135,-115,-12,4.0,69701,1227,D,PERIODIC,-108.0,-13.0,10.0,y1,2,1,2
2025.12.16,15.06.06,-90.120269,29.934135,-115,-12,4.0,0,0,I,PERIODIC,-108.0,-13.0,10.0,y1,2,1,2
2025.12.16,15.06.07,-90.120269,29.934135,-115,-12,4.0,0,0,I,PERIODIC,-108.0,-13.0,10.0,y1,2,1,2
2025.12.16,15.06.08,-90.120269,29.934135,-115,-12,4.0,0,0,I,PERIODIC,-108.0,-14.0,5.0,y1,2,1,2
2025.12.16,15.06.09,-90.120269,29.934135,-115,-12,4.0,0,0,I,PERIODIC,-108.0,-14.0,5.0,y1,2,1,2
2025.12.16,15.06.10,-90.120269,29.934135,-115,-12,5.0,36114,388,D,PERIODIC,-108.0,-13.0,7.0,y1,2,1,2
2025.12.16,15.06.11,-90.120269,29.934135,-115,-12,5.0,0,0,I,PERIODIC,-108.0,-13.0,7.0,y1,2,1,2
2025.12.16,15.06.12,-90.120269,29.934135,-115,-12,5.0,0,0,D,PERIODIC,-108.0,-12.0,7.0,y1,2,1,2
2025.12.16,15.06.13,-90.120269,29.934135,-115,-12,5.0,5,6,D,PERIODIC,-108.0,-12.0,7.0,y1,2,1,2
2025.12.16,15.06.14,-90.120269,29.934135,-115,-12,5.0,1,1,D,PERIODIC,-108.0,-13.0,7.0,y1,2,1,2
2025.12.16,15.06.15,-90.120269,29.934135,-115,-12,5.0,75135,682,D,PERIODIC,-108.0,-13.0,7.0,y1,2,1,2
2025.12.16,15.06.16,-90.120269,29.934135,-115,-12,5.0,4,5,D,PERIODIC,-108.0,-13.0,7.0,y1,2,1,2
2025.12.16,15.06.17,-90.120269,29.934135,-115,-12,5.0,3,3,D,PERIODIC,-108.0,-13.0,7.0,y1,2,1,2
2025.12.16,15.06.18,-90.120269,29.934135,-115,-12,5.0,0,0,D,PERIODIC,-108.0,-12.0,7.0,y1,2,1,2
2025.12.16,15.06.19,-90.120269,29.934135,-115,-12,5.0,1,1,D,PERIODIC,-108.0,-12.0,7.0,y1,2,1,2
2025.12.16,15.06.20,-90.120269,29.934135,-115,-12,5.0,0,0,D,PERIODIC,-107.0,-14.0,7.0,y1,2,1,2
2025.12.16,15.06.21,-90.120269,29.934135,-115,-12,5.0,70719,667,D,PERIODIC,-107.0,-14.0,7.0,y1,2,1,2
2025.12.16,15.06.22,-90.120269,29.934135,-115,-12,5.0,1,1,D,PERIODIC,-108.0,-13.0,7.0,y1,2,1,2
2025.12.16,15.06.23,-90.120269,29.934135,-115,-12,5.0,0,0,I,PERIODIC,-108.0,-13.0,7.0,y1,2,1,2
2025.12.16,15.06.24,-90.120269,29.934135,-115,-12,5.0,0,0,D,PERIODIC,-108.0,-13.0,7.0,y1,2,1,2
2025.12.16,15.06.25,-90.120269,29.934135,-115,-12,5.0,69247,638,D,PERIODIC,-108.0,-13.0,7.0,y1,2,1,2
2025.12.16,15.06.26,-90.120269,29.934135,-115,-12,5.0,0,0,D,PERIODIC,-108.0,-12.0,7.0,y1,2,1,2
2025.12.16,15.06.27,-90.120269,29.934135,-115,-12,5.0,1,4,D,PERIODIC,-108.0,-12.0,7.0,y1,2,1,2
2025.12.16,15.06.28,-90.120269,29.934135,-115,-12,5.0,3,3,D,PERIODIC,-108.0,-12.0,7.0,y1,2,1,2
2025.12.16,15.06.29,-90.120269,29.934135,-115,-12,5.0,0,0,I,PERIODIC,-108.0,-12.0,7.0,y1,2,1,2
2025.12.16,15.06.30,-90.120269,29.934135,-116,-13,35.0,31064,3165,D,PERIODIC,-108.0,-12.0,7.0,y1,2,1,2
2025.12.16,15.06.31,-90.120269,29.934135,-116,-13,35.0,0,0,I,PERIODIC,-108.0,-12.0,7.0,y1,2,1,2
2025.12.16,15.06.32,-90.120269,29.934135,-117,-13,40.0,0,0,D,PERIODIC,-108.0,-12.0,6.0,y1,2,1,2
2025.12.16,15.06.33,-90.120269,29.934135,-117,-13,40.0,4,1,D,PERIODIC,-108.0,-12.0,6.0,y1,2,1,2
2025.12.16,15.06.34,-90.120269,29.934135,-115,-12,4.0,0,0,I,PERIODIC,-108.0,-12.0,6.0,y1,2,1,2
2025.12.16,15.06.35,-90.120269,29.934135,-115,-12,4.0,0,0,D,PERIODIC,-108.0,-12.0,6.0,y1,2,1,2
2025.12.16,15.06.36,-90.120269,29.934135,-116,-13,40.0,0,0,D,PERIODIC,-108.0,-13.0,6.0,y1,2,1,2
2025.12.16,15.06.37,-90.120269,29.934135,-116,-13,40.0,0,0,I,PERIODIC,-108.0,-13.0,6.0,y1,2,1,2
2025.12.16,15.06.38,-90.120269,29.934135,-116,-12,6.0,2,2,D,PERIODIC,-108.0,-13.0,6.0,y1,2,1,2
2025.12.16,15.06.39,-90.120269,29.934135,-116,-12,6.0,2,3,D,PERIODIC,-108.0,-13.0,6.0,y1,2,1,2
2025.12.16,15.06.40,-90.120269,29.934135,-116,-12,6.0,73443,921,D,PERIODIC,-108.0,-14.0,6.0,y1,2,1,2
2025.12.16,15.06.41,-90.120269,29.934135,-116,-12,6.0,0,0,I,PERIODIC,-108.0,-14.0,6.0,y1,2,1,2
2025.12.16,15.06.42,-90.120269,29.934135,-116,-12,6.0,0,0,I,PERIODIC,-108.0,-14.0,6.0,y1,2,1,2
2025.12.16,15.06.43,-90.120269,29.934135,-116,-12,6.0,0,0,I,PERIODIC,-108.0,-14.0,6.0,y1,2,1,2
2025.12.16,15.06.44,-90.120269,29.934135,-116,-12,6.0,0,0,I,PERIODIC,-107.0,-13.0,6.0,y1,2,1,2
2025.12.16,15.06.45,-90.120269,29.934135,-116,-12,6.0,36082,366,D,PERIODIC,-107.0,-13.0,6.0,y1,2,1,2
2025.12.16,15.06.46,-90.120269,29.934135,-116,-12,6.0,18,19,D,PERIODIC,-107.0,-13.0,6.0,y1,2,1,2
2025.12.16,15.06.47,-90.120269,29.934135,-116,-12,6.0,0,16,D,PERIODIC,-107.0,-12.0,6.0,y1,2,1,2
2025.12.16,15.06.48,-90.120269,29.934135,-116,-12,6.0,0,0,D,PERIODIC,-106.0,-13.0,6.0,y1,2,1,2
2025.12.16,15.06.49,-90.120269,29.934135,-116,-12,6.0,14,15,D,PERIODIC,-106.0,-13.0,6.0,y1,2,1,2
2025.12.16,15.06.50,-90.120269,29.934135,-116,-12,6.0,40003,1147,D,PERIODIC,-106.0,-13.0,6.0,y1,2,1,2
2025.12.16,15.06.51,-90.120269,29.934135,-116,-12,6.0,3,3,D,PERIODIC,-106.0,-13.0,6.0,y1,2,1,2
2025.12.16,15.06.52,-90.120269,29.934135,-116,-12,6.0,0,0,D,PERIODIC,-108.0,-13.0,6.0,y1,2,1,2
2025.12.16,15.06.53,-90.120269,29.934135,-116,-12,6.0,0,0,I,PERIODIC,-108.0,-13.0,6.0,y1,2,1,2
2025.12.16,15.06.54,-90.120269,29.934135,-116,-12,6.0,0,0,I,PERIODIC,-106.0,-15.0,6.0,y1,2,1,2
2025.12.16,15.06.55,-90.120269,29.934135,-116,-12,6.0,69704,743,D,PERIODIC,-106.0,-15.0,6.0,y1,2,1,2
2025.12.16,15.06.56,-90.120269,29.934135,-116,-12,6.0,1,1,D,PERIODIC,-106.0,-15.0,6.0,y1,2,1,2
2025.12.16,15.06.57,-90.120269,29.934135,-116,-12,4.0,0,0,I,PERIODIC,-108.0,-12.0,6.0,y1,2,1,2
2025.12.16,15.06.58,-90.120269,29.934135,-115,-12,4.0,0,0,I,PERIODIC,-108.0,-12.0,6.0,y1,2,1,2
2025.12.16,15.06.59,-90.120269,29.934135,-115,-12,4.0,0,0,I,PERIODIC,-108.0,-12.0,6.0,y1,2,1,2
2025.12.16,15.07.00,-90.120269,29.934135,-117,-12,30.0,36129,866,D,PERIODIC,-108.0,-12.0,6.0,y1,2,1,2
2025.12.16,15.07.01,-90.120269,29.934135,-117,-12,30.0,0,0,I,PERIODIC,-108.0,-12.0,6.0,y1,2,1,2
2025.12.16,15.07.02,-90.120269,29.934135,-115,-12,6.0,2,3,D,PERIODIC,-108.0,-13.0,6.0,y1,2,1,2
2025.12.16,15.07.03,-90.120269,29.934135,-115,-12,3.0,0,0,D,PERIODIC,-108.0,-13.0,6.0,y1,2,1,2
2025.12.16,15.07.04,-90.120269,29.934135,-116,-13,4.0,0,0,I,PERIODIC,-108.0,-12.0,7.0,y1,2,1,2
2025.12.16,15.07.05,-90.120269,29.934135,-116,-13,5.0,0,575,D,PERIODIC,-108.0,-12.0,7.0,y1,2,1,2
2025.12.16,15.07.06,-90.120269,29.934135,-117,-12,4.0,0,0,I,PERIODIC,-108.0,-12.0,9.0,y1,2,1,2
2025.12.16,15.07.07,-90.120269,29.934135,-117,-12,4.0,0,0,I,PERIODIC,-108.0,-12.0,9.0,y1,2,1,2
2025.12.16,15.07.08,-90.120269,29.934135,-115,-12,4.0,0,0,I,PERIODIC,-108.0,-13.0,8.0,y1,2,1,2
2025.12.16,15.07.09,-90.120269,29.934135,-115,-12,4.0,0,0,I,PERIODIC,-108.0,-13.0,8.0,y1,2,1,2
2025.12.16,15.07.10,-90.120269,29.934135,-116,-12,5.0,0,0,D,PERIODIC,-108.0,-13.0,6.0,y1,2,1,2
2025.12.16,15.07.11,-90.120269,29.934135,-116,-12,5.0,36592,341,D,PERIODIC,-108.0,-13.0,6.0,y1,2,1,2
2025.12.16,15.07.12,-90.120269,29.934135,-116,-12,5.0,0,0,I,PERIODIC,-108.0,-13.0,6.0,y1,2,1,2
2025.12.16,15.07.13,-90.120269,29.934135,-116,-12,5.0,0,0,I,PERIODIC,-108.0,-13.0,6.0,y1,2,1,2
2025.12.16,15.07.14,-90.120269,29.934135,-116,-12,5.0,0,0,I,PERIODIC,-108.0,-13.0,6.0,y1,2,1,2
2025.12.16,15.07.15,-90.120269,29.934135,-116,-12,5.0,38701,399,D,PERIODIC,-108.0,-13.0,6.0,y1,2,1,2
2025.12.16,15.07.16,-90.120269,29.934135,-116,-12,5.0,0,0,I,PERIODIC,-108.0,-13.0,6.0,y1,2,1,2
2025.12.16,15.07.17,-90.120269,29.934135,-116,-12,5.0,0,0,D,PERIODIC,-108.0,-13.0,6.0,y1,2,1,2
2025.12.16,15.07.18,-90.120269,29.934135,-117,-13,35.0,2,2,D,PERIODIC,-107.0,-13.0,7.0,y1,2,1,2
2025.12.16,15.07.19,-90.120269,29.934135,-117,-13,35.0,0,0,I,PERIODIC,-107.0,-13.0,7.0,y1,2,1,2
2025.12.16,15.07.20,-90.120269,29.934135,-108,-14,40.0,0,506,D,HANDOVER_DATA_5G5G,-108.0,-13.0,8.0,y1,2,1,2
2025.12.16,15.07.21,-90.120269,29.934135,-108,-14,40.0,0,0,I,PERIODIC,-108.0,-13.0,8.0,y1,2,1,2
2025.12.16,15.07.22,-90.120269,29.934135,-107,-14,10.0,0,0,I,PERIODIC,-108.0,-13.0,8.0,y1,2,1,2
2025.12.16,15.07.23,-90.120269,29.934135,-107,-14,10.0,0,0,I,PERIODIC,-108.0,-13.0,8.0,y1,2,1,2
2025.12.16,15.07.24,-90.120269,29.934135,-107,-14,10.0,0,0,I,PERIODIC,-108.0,-13.0,8.0,y1,2,1,2
2025.12.16,15.07.25,-90.120269,29.934135,-107,-14,10.0,0,0,D,PERIODIC,-108.0,-13.0,8.0,y1,2,1,2
2025.12.16,15.07.26,-90.120269,29.934135,-107,-14,10.0,16,14,D,PERIODIC,-108.0,-14.0,8.0,y1,2,1,2
2025.12.16,15.07.27,-90.120269,29.934135,-107,-14,10.0,1,1,D,PERIODIC,-108.0,-14.0,8.0,y1,2,1,2
2025.12.16,15.07.28,-90.120269,29.934135,-107,-14,10.0,3,9,D,PERIODIC,-108.0,-14.0,8.0,y1,2,1,2
2025.12.16,15.07.29,-90.120269,29.934135,-107,-14,10.0,0,77,D,PERIODIC,-108.0,-14.0,8.0,y1,2,1,2
2025.12.16,15.07.30,-90.120269,29.934135,-107,-14,10.0,68342,3336,D,PERIODIC,-108.0,-14.0,8.0,y1,2,1,2
2025.12.16,15.07.31,-90.120269,29.934135,-107,-14,10.0,5,3,D,PERIODIC,-108.0,-14.0,8.0,y1,2,1,2
2025.12.16,15.07.32,-90.120269,29.934135,-107,-14,10.0,0,0,D,PERIODIC,-108.0,-14.0,8.0,y1,2,1,2
2025.12.16,15.07.33,-90.120269,29.934135,-107,-14,10.0,1,1,D,PERIODIC,-108.0,-13.0,8.0,y1,2,1,2
2025.12.16,15.07.34,-90.120269,29.934135,-107,-14,10.0,0,0,I,PERIODIC,-108.0,-13.0,8.0,y1,2,1,2
2025.12.16,15.07.35,-90.120269,29.934135,-107,-14,10.0,54787,1140,D,PERIODIC,-108.0,-13.0,8.0,y1,2,1,2
2025.12.16,15.07.36,-90.120269,29.934135,-109,-15,-5.0,0,0,I,PERIODIC,-108.0,-13.0,7.0,y1,2,1,2
2025.12.16,15.07.37,-90.120269,29.934135,-109,-15,-5.0,0,0,I,PERIODIC,-108.0,-13.0,7.0,y1,2,1,2
2025.12.16,15.07.38,-90.120269,29.934135,-109,-15,-5.0,2,2,D,PERIODIC,-108.0,-13.0,7.0,y1,2,1,2
2025.12.16,15.07.39,-90.120269,29.934135,-109,-15,-5.0,0,0,D,PERIODIC,-108.0,-13.0,7.0,y1,2,1,2
2025.12.16,15.07.40,-90.120269,29.934135,-111,-16,-15.0,0,0,D,PERIODIC,-108.0,-14.0,8.0,y1,2,1,2
2025.12.16,15.07.41,-90.120269,29.934135,-111,-16,-15.0,30792,654,D,PERIODIC,-108.0,-14.0,8.0,y1,2,1,2
2025.12.16,15.07.42,-90.120269,29.934135,-111,-16,-15.0,0,0,I,PERIODIC,-108.0,-13.0,8.0,y1,2,1,2
2025.12.16,15.07.43,-90.120269,29.934135,-111,-16,-15.0,0,0,I,PERIODIC,-108.0,-13.0,8.0,y1,2,1,2
2025.12.16,15.07.44,-90.120269,29.934135,-110,-16,-5.0,0,0,I,PERIODIC,-108.0,-13.0,6.0,y1,2,1,2
2025.12.16,15.07.45,-90.120269,29.934135,-110,-16,-5.0,0,497,D,PERIODIC,-108.0,-13.0,6.0,y1,2,1,2
2025.12.16,15.07.46,-90.120269,29.934135,-110,-16,-5.0,0,0,I,PERIODIC,-108.0,-13.0,6.0,y1,2,1,2
2025.12.16,15.07.47,-90.120269,29.934135,-110,-16,-5.0,0,2,D,PERIODIC,-108.0,-13.0,6.0,y1,2,1,2
2025.12.16,15.07.48,-90.120269,29.934135,-110,-16,-5.0,0,0,D,PERIODIC,-108.0,-14.0,6.0,y1,2,1,2
2025.12.16,15.07.49,-90.120269,29.934135,-110,-16,-5.0,0,0,I,PERIODIC,-108.0,-14.0,6.0,y1,2,1,2
2025.12.16,15.07.50,-90.120269,29.934135,-108,-15,-5.0,37960,381,D,PERIODIC,-108.0,-12.0,8.0,y1,2,1,2
2025.12.16,15.07.51,-90.120269,29.934135,-108,-15,-5.0,0,0,D,PERIODIC,-108.0,-12.0,8.0,y1,2,1,2
2025.12.16,15.07.52,-90.120269,29.934135,-115,-12,5.0,419,1433,D,HANDOVER_DATA_5G5G,-108.0,-12.0,8.0,y1,2,1,2
2025.12.16,15.07.53,-90.120269,29.934135,-115,-12,4.0,626,36,D,PERIODIC,-108.0,-12.0,8.0,y1,2,1,2
2025.12.16,15.07.54,-90.120269,29.934135,-115,-12,4.0,0,0,I,PERIODIC,-108.0,-12.0,8.0,y1,2,1,2
2025.12.16,15.07.55,-90.120269,29.934135,-117,-13,40.0,0,0,I,PERIODIC,-108.0,-12.0,8.0,y1,2,1,2
2025.12.16,15.07.56,-90.120269,29.934135,-117,-13,40.0,3,3,D,PERIODIC,-108.0,-12.0,8.0,y1,2,1,2
2025.12.16,15.07.57,-90.120269,29.934135,-108,-14,30.0,0,0,D,HANDOVER_DATA_5G5G,-108.0,-13.0,7.0,y1,2,1,2
2025.12.16,15.07.58,-90.120269,29.934135,-108,-14,30.0,3,3,D,PERIODIC,-108.0,-13.0,7.0,y1,2,1,2
2025.12.16,15.07.59,-90.120269,29.934135,-110,-15,-5.0,0,0,I,PERIODIC,-108.0,-13.0,8.0,y1,2,1,2
2025.12.16,15.08.00,-90.120269,29.934135,-110,-15,-5.0,0,0,I,PERIODIC,-108.0,-13.0,8.0,y1,2,1,2
2025.12.16,15.08.01,-90.120269,29.934135,-110,-15,-5.0,0,0,I,PERIODIC,-108.0,-13.0,8.0,y1,2,1,2
2025.12.16,15.08.02,-90.120269,29.934135,-109,-14,-5.0,0,1,D,PERIODIC,-108.0,-14.0,8.0,y1,2,1,2
2025.12.16,15.08.03,-90.120269,29.934135,-109,-14,-10.0,1,1,D,PERIODIC,-108.0,-13.0,6.0,y1,2,1,2
2025.12.16,15.08.04,-90.120269,29.934135,-109,-14,-10.0,0,0,I,PERIODIC,-108.0,-13.0,6.0,y1,2,1,2
2025.12.16,15.08.05,-90.120269,29.934135,-109,-15,-10.0,31296,1362,D,PERIODIC,-108.0,-11.0,7.0,y1,2,1,2
2025.12.16,15.08.06,-90.120269,29.934135,-109,-15,-10.0,0,0,I,PERIODIC,-108.0,-11.0,7.0,y1,2,1,2
2025.12.16,15.08.07,-90.120269,29.934135,-109,-14,5.0,0,0,I,PERIODIC,-108.0,-14.0,8.0,y1,2,1,2
2025.12.16,15.08.08,-90.120269,29.934135,-109,-14,5.0,7,7,D,PERIODIC,-108.0,-14.0,8.0,y1,2,1,2
2025.12.16,15.08.09,-90.120269,29.934135,-109,-14,5.0,0,0,D,PERIODIC,-108.0,-13.0,8.0,y1,2,1,2
2025.12.16,15.08.10,-90.120269,29.934135,-109,-14,5.0,0,0,D,PERIODIC,-108.0,-13.0,8.0,y1,2,1,2
2025.12.16,15.08.11,-90.120269,29.934135,-109,-14,5.0,0,0,I,PERIODIC,-108.0,-14.0,8.0,y1,2,1,2
2025.12.16,15.08.12,-90.120269,29.934135,-109,-14,5.0,1,1,D,PERIODIC,-108.0,-14.0,8.0,y1,2,1,2
2025.12.16,15.08.13,-90.120269,29.934135,-109,-14,5.0,2,2,D,PERIODIC,-108.0,-13.0,8.0,y1,2,1,2
2025.12.16,15.08.14,-90.120269,29.934135,-109,-14,5.0,0,0,D,PERIODIC,-108.0,-13.0,8.0,y1,2,1,2
2025.12.16,15.08.15,-90.120269,29.934135,-109,-15,-10.0,15,11,D,PERIODIC,-109.0,-13.0,6.0,y1,2,1,2
2025.12.16,15.08.16,-90.120269,29.934135,-109,-15,-10.0,0,0,I,PERIODIC,-109.0,-13.0,6.0,y1,2,1,2
2025.12.16,15.08.17,-90.120269,29.934135,-111,-15,-10.0,0,0,D,PERIODIC,-109.0,-14.0,6.0,y1,2,1,2
2025.12.16,15.08.18,-90.120269,29.934135,-111,-15,-10.0,2,2,D,PERIODIC,-109.0,-14.0,6.0,y1,2,1,2
2025.12.16,15.08.19,-90.120269,29.934135,-111,-15,-10.0,0,0,I,PERIODIC,-109.0,-14.0,6.0,y1,2,1,2
2025.12.16,15.08.20,-90.120269,29.934135,-110,-15,-5.0,16385,722,D,PERIODIC,-108.0,-14.0,7.0,y1,2,1,2
2025.12.16,15.08.21,-90.120269,29.934135,-112,-17,-15.0,0,0,I,PERIODIC,-108.0,-14.0,7.0,y1,2,1,2
2025.12.16,15.08.22,-90.120269,29.934135,-112,-17,-15.0,0,0,I,PERIODIC,-108.0,-14.0,7.0,y1,2,1,2
2025.12.16,15.08.23,-90.120269,29.934135,-110,-15,-15.0,0,0,I,PERIODIC,-109.0,-14.0,5.0,y1,2,1,2
2025.12.16,15.08.24,-90.120269,29.934135,-110,-15,-15.0,0,0,I,PERIODIC,-109.0,-14.0,5.0,y1,2,1,2
2025.12.16,15.08.25,-90.120269,29.934135,-110,-15,-3.0,28196,357,D,HANDOVER_DATA_5G5G,-108.0,-14.0,9.0,y1,2,1,2
2025.12.16,15.08.26,-90.120269,29.934135,-110,-15,-3.0,1,1,D,PERIODIC,-108.0,-14.0,9.0,y1,2,1,2
2025.12.16,15.08.27,-90.120269,29.934135,-110,-15,-3.0,2,2,D,PERIODIC,-108.0,-13.0,9.0,y1,2,1,2
2025.12.16,15.08.28,-90.120269,29.934135,-110,-15,-3.0,2,2,D,PERIODIC,-108.0,-13.0,9.0,y1,2,1,2
2025.12.16,15.08.29,-90.120269,29.934135,-110,-15,-3.0,0,0,D,PERIODIC,-108.0,-14.0,9.0,y1,2,1,2
2025.12.16,15.08.30,-90.120269,29.934135,-110,-15,-3.0,0,0,I,PERIODIC,-108.0,-14.0,9.0,y1,2,1,2
2025.12.16,15.08.31,-90.120269,29.934135,-110,-15,-3.0,0,0,I,PERIODIC,-108.0,-14.0,9.0,y1,2,1,2
2025.12.16,15.08.32,-90.120269,29.934135,-110,-15,-3.0,4,4,D,PERIODIC,-108.0,-13.0,9.0,y1,2,1,2
2025.12.16,15.08.33,-90.120269,29.934135,-111,-17,-20.0,1,1,D,PERIODIC,-108.0,-14.0,7.0,y1,2,1,2
2025.12.16,15.08.34,-90.120269,29.934135,-111,-17,-20.0,0,0,I,PERIODIC,-108.0,-14.0,7.0,y1,2,1,2
2025.12.16,15.08.35,-90.120269,29.934135,-111,-17,-20.0,25326,3049,D,PERIODIC,-108.0,-14.0,7.0,y1,2,1,2
2025.12.16,15.08.36,-90.120269,29.934135,-110,-16,-20.0,0,0,I,PERIODIC,-108.0,-13.0,8.0,y1,2,1,2
2025.12.16,15.08.37,-90.120269,29.934135,-110,-16,-20.0,0,0,I,PERIODIC,-108.0,-13.0,8.0,y1,2,1,2
2025.12.16,15.08.38,-90.120269,29.934135,-110,-16,-20.0,2,2,D,PERIODIC,-108.0,-13.0,8.0,y1,2,1,2
2025.12.16,15.08.39,-90.120269,29.934135,-110,-16,-20.0,2,2,D,PERIODIC,-108.0,-11.0,8.0,y1,2,1,2
2025.12.16,15.08.40,-90.120269,29.934135,-110,-16,-20.0,7,25,D,PERIODIC,-108.0,-11.0,8.0,y1,2,1,2
2025.12.16,15.08.41,-90.120269,29.934135,-110,-16,-20.0,26,4,D,PERIODIC,-108.0,-11.0,8.0,y1,2,1,2
2025.12.16,15.08.42,-90.120269,29.934135,-110,-16,-20.0,0,0,I,PERIODIC,-108.0,-12.0,8.0,y1,2,1,2
2025.12.16,15.08.43,-90.120269,29.934135,-110,-16,-20.0,0,0,I,PERIODIC,-108.0,-12.0,8.0,y1,2,1,2
2025.12.16,15.08.44,-90.120269,29.934135,-110,-16,-20.0,0,0,I,PERIODIC,-108.0,-13.0,8.0,y1,2,1,2
2025.12.16,15.08.45,-90.120269,29.934135,-110,-16,-20.0,0,0,I,PERIODIC,-108.0,-11.0,8.0,y1,2,1,2
2025.12.16,15.08.46,-90.120269,29.934135,-110,-16,-20.0,4,51,D,PERIODIC,-108.0,-11.0,8.0,y1,2,1,2
2025.12.16,15.08.47,-90.120269,29.934135,-110,-16,-20.0,24,7,D,PERIODIC,-108.0,-11.0,8.0,y1,2,1,2
2025.12.16,15.08.48,-90.120269,29.934135,-109,-16,-20.0,0,0,D,PERIODIC,-108.0,-13.0,6.0,y1,2,1,2
2025.12.16,15.08.49,-90.120269,29.934135,-109,-16,-20.0,0,0,I,PERIODIC,-108.0,-13.0,6.0,y1,2,1,2
2025.12.16,15.08.50,-90.120269,29.934135,-111,-17,-2.0,0,0,I,PERIODIC,-109.0,-13.0,7.0,y1,2,1,2
2025.12.16,15.08.51,-90.120269,29.934135,-110,-17,-3.0,0,0,I,PERIODIC,-109.0,-13.0,5.0,y1,2,1,2
2025.12.16,15.08.52,-90.120269,29.934135,-110,-17,-3.0,0,0,I,PERIODIC,-109.0,-13.0,5.0,y1,2,1,2
2025.12.16,15.08.53,-90.120269,29.934135,-110,-17,-3.0,5,5,D,PERIODIC,-109.0,-13.0,5.0,y1,2,1,2
2025.12.16,15.08.54,-90.120269,29.934135,-110,-17,-3.0,20,27,D,PERIODIC,-109.0,-13.0,5.0,y1,2,1,2
2025.12.16,15.08.55,-90.120269,29.934135,-108,-16,-3.0,0,0,D,PERIODIC,-108.0,-13.0,7.0,y1,2,1,2
2025.12.16,15.08.56,-90.120269,29.934135,-108,-16,-3.0,3,3,D,PERIODIC,-108.0,-13.0,7.0,y1,2,1,2
2025.12.16,15.08.57,-90.120269,29.934135,-108,-16,-3.0,0,0,D,PERIODIC,-107.0,-13.0,7.0,y1,2,1,2
2025.12.16,15.08.58,-90.120269,29.934135,-108,-16,-3.0,0,0,I,PERIODIC,-107.0,-13.0,7.0,y1,2,1,2
2025.12.16,15.08.59,-90.120269,29.934135,-111,-16,-3.0,0,0,I,PERIODIC,-108.0,-11.0,7.0,y1,2,1,2
2025.12.16,15.09.00,-90.120269,29.934135,-111,-16,-3.0,0,0,I,PERIODIC,-108.0,-11.0,7.0,y1,2,1,2
2025.12.16,15.09.01,-90.120269,29.934135,-112,-17,-2.0,0,0,I,PERIODIC,-108.0,-14.0,8.0,y1,2,1,2
2025.12.16,15.09.02,-90.120269,29.934135,-112,-17,-2.0,19,17,D,PERIODIC,-108.0,-14.0,8.0,y1,2,1,2
2025.12.16,15.09.03,-90.120269,29.934135,-112,-17,-2.0,0,0,D,PERIODIC,-108.0,-14.0,8.0,y1,2,1,2
2025.12.16,15.09.04,-90.120269,29.934135,-112,-17,-2.0,7,7,D,PERIODIC,-108.0,-13.0,8.0,y1,2,1,2
2025.12.16,15.09.05,-90.120269,29.934135,-109,-16,-20.0,4,5,D,PERIODIC,-108.0,-12.0,7.0,y1,2,1,2
2025.12.16,15.09.06,-90.120269,29.934135,-109,-16,-20.0,0,0,I,PERIODIC,-108.0,-12.0,7.0,y1,2,1,2
2025.12.16,15.09.07,-90.120269,29.934135,-109,-16,-20.0,0,0,I,PERIODIC,-108.0,-12.0,7.0,y1,2,1,2
2025.12.16,15.09.08,-90.120269,29.934135,-109,-16,-20.0,0,0,I,PERIODIC,-108.0,-10.0,7.0,y1,2,1,2
2025.12.16,15.09.09,-90.120269,29.934135,-109,-16,-20.0,0,0,I,PERIODIC,-108.0,-11.0,7.0,y1,2,1,2
2025.12.16,15.09.10,-90.120269,29.934135,-109,-16,-20.0,0,0,I,PERIODIC,-108.0,-11.0,7.0,y1,2,1,2
2025.12.16,15.09.11,-90.120269,29.934135,-108,-16,-20.0,0,0,I,PERIODIC,-108.0,-11.0,7.0,y1,2,1,2
2025.12.16,15.09.12,-90.120269,29.934135,-108,-16,-20.0,0,0,I,PERIODIC,-108.0,-11.0,7.0,y1,2,1,2
2025.12.16,15.09.13,-90.120269,29.934135,-108,-16,-3.0,0,0,I,PERIODIC,-107.0,-12.0,6.0,y1,2,1,2
2025.12.16,15.09.14,-90.120269,29.934135,-108,-16,-3.0,0,0,I,PERIODIC,-107.0,-12.0,6.0,y1,2,1,2
2025.12.16,15.09.15,-90.120269,29.934135,-105,-14,-4.0,1,1,D,HANDOVER_DATA_5G5G,-106.0,-12.0,7.0,y1,2,1,2
2025.12.16,15.09.16,-90.120269,29.934135,-105,-14,1.0,0,0,I,PERIODIC,-106.0,-12.0,7.0,y1,2,1,2
2025.12.16,15.09.17,-90.120269,29.934135,-111,-13,5.0,2,2,D,PERIODIC,-109.0,-12.0,9.0,y1,2,1,2
2025.12.16,15.09.18,-90.120269,29.934135,-111,-13,5.0,0,0,I,PERIODIC,-109.0,-12.0,9.0,y1,2,1,2
2025.11.11,14.29.00,-90.120264,29.934111,-108,-16,-3.0,1,0,D,LOG START,-110.0,-14.0,9.0,h576,2,1,2
2025.11.11,14.29.00,-90.120264,29.934111,-108,-16,-3.0,2,2,D,PERIODIC,-110.0,-10.0,9.0,h576,2,1,2
2025.11.11,14.29.00,-90.120264,29.934112,-108,-16,-3.0,2,2,D,,-110.0,-10.0,9.0,h576,2,1,2
2025.11.11,14.29.01,-90.120264,29.934112,-108,-16,-4.0,0,1,D,PERIODIC,-110.0,-10.0,9.0,h576,2,1,2
2025.11.11,14.29.02,-90.120264,29.934112,-105,-15,-10.0,7,10,D,PERIODIC,-109.0,-13.0,8.0,h576,2,1,2
2025.11.11,14.29.03,-90.120264,29.934112,-105,-15,-10.0,0,0,D,PERIODIC,-109.0,-13.0,8.0,h576,2,1,2
2025.11.11,14.29.04,-90.120264,29.934112,-105,-15,-10.0,0,0,D,PERIODIC,-110.0,-12.0,4.0,h576,2,1,2
2025.11.11,14.29.05,-90.120264,29.934112,-105,-15,-10.0,2,2,D,PERIODIC,-110.0,-12.0,4.0,h576,2,1,2
2025.11.11,14.29.06,-90.120264,29.934112,-104,-15,-5.0,0,0,I,PERIODIC,-110.0,-12.0,4.0,h576,2,1,2
2025.11.11,14.29.07,-90.120264,29.934112,-104,-15,-5.0,0,64,D,PERIODIC,-110.0,-12.0,4.0,h576,2,1,2
2025.11.11,14.29.08,-90.120264,29.934112,-105,-16,-20.0,0,0,D,PERIODIC,-110.0,-15.0,5.0,h576,2,1,2
2025.11.11,14.29.09,-90.120264,29.934112,-105,-16,-20.0,0,0,D,PERIODIC,-110.0,-15.0,5.0,h576,2,1,2
2025.11.11,14.29.10,-90.120264,29.934112,-105,-16,-20.0,2,2,D,PERIODIC,-110.0,-13.0,5.0,h576,2,1,2
2025.11.11,14.29.11,-90.120264,29.934112,-105,-16,-20.0,0,0,D,PERIODIC,-110.0,-13.0,5.0,h576,2,1,2
2025.11.11,14.29.12,-90.120264,29.934112,-105,-16,-20.0,0,0,D,PERIODIC,-110.0,-13.0,5.0,h576,2,1,2
2025.11.11,14.29.13,-90.120264,29.934112,-105,-16,-20.0,0,0,I,PERIODIC,-110.0,-13.0,5.0,h576,2,1,2
2025.11.11,14.29.14,-90.120264,29.934112,-105,-16,-20.0,8,9,D,PERIODIC,-110.0,-13.0,5.0,h576,2,1,2
2025.11.11,14.29.15,-90.120264,29.934112,-106,-16,-3.0,2,2,D,PERIODIC,-109.0,-12.0,4.0,h576,2,1,2
2025.11.11,14.29.16,-90.120264,29.934112,-106,-16,-3.0,2,2,D,PERIODIC,-109.0,-12.0,4.0,h576,2,1,2
2025.11.11,14.29.17,-90.120264,29.934112,-105,-16,-3.0,20,20,D,PERIODIC,-107.0,-12.0,7.0,h576,2,1,2
2025.11.11,14.29.18,-90.120264,29.934112,-105,-16,-3.0,0,0,I,PERIODIC,-107.0,-12.0,7.0,h576,2,1,2
2025.11.11,14.29.19,-90.120264,29.934112,-107,-17,-3.0,0,0,D,PERIODIC,-108.0,-13.0,8.0,h576,2,1,2
2025.11.11,14.29.20,-90.120264,29.934112,-107,-17,-3.0,1,1,D,PERIODIC,-108.0,-13.0,8.0,h576,2,1,2
2025.11.11,14.29.21,-90.120264,29.934112,-106,-16,-3.0,3,3,D,PERIODIC,-109.0,-13.0,7.0,h576,2,1,2
2025.11.11,14.29.22,-90.120264,29.934112,-106,-16,-3.0,1,1,D,PERIODIC,-109.0,-13.0,7.0,h576,2,1,2
2025.11.11,14.29.23,-90.120264,29.934112,-106,-16,-3.0,0,0,D,PERIODIC,-107.0,-12.0,7.0,h576,2,1,2
2025.11.11,14.29.24,-90.120264,29.934112,-106,-16,-3.0,0,0,I,PERIODIC,-107.0,-12.0,7.0,h576,2,1,2
2025.11.11,14.29.25,-90.120264,29.934112,-106,-16,-3.0,0,0,D,PERIODIC,-108.0,-11.0,7.0,h576,2,1,2
2025.11.11,14.29.26,-90.120264,29.934112,-106,-16,-1.0,3668,14291,D,PERIODIC,-108.0,-11.0,7.0,h576,2,1,2
2025.11.11,14.29.27,-90.120264,29.934112,-106,-15,-15.0,0,0,I,PERIODIC,-109.0,-13.0,8.0,h576,2,1,2
2025.11.11,14.29.28,-90.120264,29.934112,-106,-15,-15.0,0,0,I,PERIODIC,-109.0,-13.0,8.0,h576,2,1,2
2025.11.11,14.29.29,-90.120264,29.934112,-105,-16,-20.0,0,0,I,PERIODIC,-110.0,-13.0,5.0,h576,2,1,2
2025.11.11,14.29.30,-90.120264,29.934112,-105,-16,-20.0,12,13,D,PERIODIC,-110.0,-13.0,5.0,h576,2,1,2
2025.11.11,14.29.31,-90.120264,29.934112,-105,-16,-20.0,2,2,D,PERIODIC,-110.0,-13.0,5.0,h576,2,1,2
2025.11.11,14.29.32,-90.120264,29.934112,-105,-16,-20.0,5,5,D,PERIODIC,-110.0,-13.0,5.0,h576,2,1,2
2025.11.11,14.29.33,-90.120264,29.934112,-104,-15,-15.0,0,0,D,PERIODIC,-109.0,-14.0,3.0,h576,2,1,2
2025.11.11,14.29.34,-90.120264,29.934112,-104,-15,-15.0,20,24,D,PERIODIC,-109.0,-14.0,3.0,h576,2,1,2
2025.11.11,14.29.35,-90.120264,29.934112,-105,-15,-3.0,0,0,D,PERIODIC,-110.0,-13.0,5.0,h576,2,1,2
2025.11.11,14.29.36,-90.120264,29.934112,-105,-15,-4.0,22,0,D,PERIODIC,-110.0,-13.0,5.0,h576,2,1,2
2025.11.11,14.29.37,-90.120264,29.934112,-107,-16,-4.0,0,10,D,PERIODIC,-109.0,-14.0,6.0,h576,2,1,2
2025.11.11,14.29.38,-90.120264,29.934112,-107,-16,-4.0,6,6,D,PERIODIC,-109.0,-14.0,6.0,h576,2,1,2
2025.11.11,14.29.39,-90.120264,29.934112,-108,-17,-4.0,0,0,D,PERIODIC,-108.0,-14.0,7.0,h576,2,1,2
2025.11.11,14.29.40,-90.120264,29.934112,-108,-17,-2.0,0,3341,D,PERIODIC,-108.0,-14.0,7.0,h576,2,1,2
2025.11.11,14.29.41,-90.120264,29.934112,-106,-16,-2.0,0,0,I,PERIODIC,-109.0,-15.0,5.0,h576,2,1,2
2025.11.11,14.29.42,-90.120264,29.934112,-106,-16,-4.0,1,1,D,PERIODIC,-109.0,-15.0,5.0,h576,2,1,2
2025.11.11,14.29.43,-90.120264,29.934112,-106,-16,-3.0,1,1,D,PERIODIC,-109.0,-15.0,6.0,h576,2,1,2
2025.11.11,14.29.44,-90.120264,29.934112,-106,-16,-3.0,2,2,D,PERIODIC,-109.0,-15.0,6.0,h576,2,1,2
2025.11.11,14.29.45,-90.120264,29.934112,-108,-17,-3.0,110101,2239,D,PERIODIC,-108.0,-13.0,7.0,h576,2,1,2
2025.11.11,14.29.46,-90.120264,29.934112,-108,-17,-3.0,0,0,D,PERIODIC,-108.0,-13.0,7.0,h576,2,1,2
2025.11.11,14.29.47,-90.120264,29.934112,-105,-16,-3.0,0,0,I,PERIODIC,-108.0,-13.0,6.0,h576,2,1,2
2025.11.11,14.29.48,-90.120264,29.934112,-105,-16,-2.0,0,0,I,PERIODIC,-108.0,-13.0,6.0,h576,2,1,2
2025.11.11,14.29.49,-90.120264,29.934112,-106,-16,-2.0,0,0,I,PERIODIC,-108.0,-16.0,6.0,h576,2,1,2
2025.11.11,14.29.50,-90.120264,29.934112,-106,-16,-2.0,99674,1717,D,PERIODIC,-108.0,-16.0,6.0,h576,2,1,2
2025.11.11,14.29.51,-90.120264,29.934112,-106,-16,-2.0,0,0,D,PERIODIC,-109.0,-15.0,6.0,h576,2,1,2
2025.11.11,14.29.52,-90.120264,29.934112,-106,-16,-2.0,4,4,D,PERIODIC,-109.0,-15.0,6.0,h576,2,1,2
2025.11.11,14.29.53,-90.120264,29.934112,-106,-16,-2.0,4,4,D,PERIODIC,-108.0,-14.0,6.0,h576,2,1,2
2025.11.11,14.29.54,-90.120264,29.934112,-106,-16,-4.0,0,0,I,PERIODIC,-108.0,-14.0,6.0,h576,2,1,2
2025.11.11,14.29.55,-90.120264,29.934112,-107,-16,-3.0,51780,660,D,PERIODIC,-109.0,-14.0,5.0,h576,2,1,2
2025.11.11,14.29.56,-90.120264,29.934112,-107,-16,-3.0,0,0,D,PERIODIC,-109.0,-14.0,5.0,h576,2,1,2
2025.11.11,14.29.57,-90.120264,29.934112,-107,-16,-3.0,0,0,I,PERIODIC,-110.0,-12.0,5.0,h576,2,1,2
2025.11.11,14.29.58,-90.120264,29.934112,-107,-16,-3.0,0,0,I,PERIODIC,-110.0,-12.0,5.0,h576,2,1,2
2025.11.11,14.29.59,-90.120264,29.934112,-107,-16,-3.0,0,0,I,PERIODIC,-110.0,-13.0,5.0,h576,2,1,2
2025.11.11,14.30.00,-90.120264,29.934112,-107,-16,-2.0,42810,448,D,PERIODIC,-110.0,-13.0,5.0,h576,2,1,2
2025.11.11,14.30.01,-90.120264,29.934112,-103,-15,-5.0,0,0,I,PERIODIC,-109.0,-14.0,6.0,h576,2,1,2
2025.11.11,14.30.02,-90.120264,29.934112,-103,-15,-5.0,0,0,I,PERIODIC,-109.0,-14.0,6.0,h576,2,1,2
2025.11.11,14.30.03,-90.120264,29.934112,-105,-15,-2.0,0,0,I,PERIODIC,-109.0,-13.0,7.0,h576,2,1,2
2025.11.11,14.30.04,-90.120264,29.934112,-105,-15,-2.0,0,0,I,PERIODIC,-109.0,-13.0,7.0,h576,2,1,2
2025.11.11,14.30.05,-90.120264,29.934112,-105,-16,-5.0,78721,784,D,PERIODIC,-108.0,-10.0,6.0,h576,2,1,2
2025.11.11,14.30.06,-90.120264,29.934112,-105,-16,-5.0,0,0,D,PERIODIC,-108.0,-10.0,6.0,h576,2,1,2
2025.11.11,14.30.07,-90.120264,29.934112,-105,-15,-2.0,0,0,I,PERIODIC,-109.0,-10.0,7.0,h576,2,1,2
2025.11.11,14.30.08,-90.120264,29.934112,-105,-15,-2.0,0,0,I,PERIODIC,-109.0,-10.0,7.0,h576,2,1,2
2025.11.11,14.30.09,-90.120264,29.934112,-105,-15,-2.0,2,0,D,PERIODIC,-110.0,-12.0,7.0,h576,2,1,2
2025.11.11,14.30.10,-90.120264,29.934112,-105,-15,-4.0,0,0,I,PERIODIC,-110.0,-12.0,7.0,h576,2,1,2
2025.11.11,14.30.11,-90.120264,29.934112,-106,-15,-3.0,0,2,D,PERIODIC,-108.0,-14.0,4.0,h576,2,1,2
2025.11.11,14.30.12,-90.120264,29.934112,-106,-15,-3.0,0,2,D,PERIODIC,-108.0,-14.0,4.0,h576,2,1,2
2025.11.11,14.30.13,-90.120264,29.934112,-104,-16,-2.0,0,0,D,PERIODIC,-107.0,-15.0,6.0,h576,2,1,2
2025.11.11,14.30.14,-90.120264,29.934112,-104,-16,-2.0,0,0,D,PERIODIC,-107.0,-15.0,6.0,h576,2,1,2
2025.11.11,14.30.15,-90.120264,29.934112,-104,-16,-2.0,76579,5324,D,PERIODIC,-107.0,-14.0,8.0,h576,2,1,2
2025.11.11,14.30.16,-90.120264,29.934112,-104,-16,-3.0,0,0,D,PERIODIC,-107.0,-14.0,8.0,h576,2,1,2
2025.11.11,14.30.17,-90.120264,29.934112,-105,-16,-3.0,0,0,D,PERIODIC,-108.0,-13.0,7.0,h576,2,1,2
2025.11.11,14.30.18,-90.120264,29.934112,-105,-16,-3.0,0,0,I,PERIODIC,-108.0,-13.0,7.0,h576,2,1,2
2025.11.11,14.30.19,-90.120264,29.934112,-105,-16,-3.0,3,3,D,PERIODIC,-107.0,-12.0,7.0,h576,2,1,2
2025.11.11,14.30.20,-90.120264,29.934112,-105,-16,-3.0,0,0,D,PERIODIC,-107.0,-12.0,7.0,h576,2,1,2
2025.11.11,14.30.21,-90.120264,29.934112,-105,-16,-3.0,83695,0,D,PERIODIC,-108.0,-12.0,7.0,h576,2,1,2
2025.11.11,14.30.22,-90.120264,29.934112,-105,-16,-3.0,0,0,D,PERIODIC,-108.0,-12.0,7.0,h576,2,1,2
2025.11.11,14.30.23,-90.120264,29.934112,-105,-16,-3.0,0,0,I,PERIODIC,-108.0,-13.0,7.0,h576,2,1,2
2025.11.11,14.30.24,-90.120264,29.934112,-105,-16,-3.0,1,1,D,PERIODIC,-108.0,-13.0,7.0,h576,2,1,2
2025.11.11,14.30.25,-90.120264,29.934112,-105,-16,-3.0,85215,2892,D,PERIODIC,-107.0,-14.0,7.0,h576,2,1,2
2025.11.11,14.30.26,-90.120264,29.934112,-105,-16,-3.0,0,0,D,PERIODIC,-107.0,-14.0,7.0,h576,2,1,2
2025.11.11,14.30.27,-90.120264,29.934112,-105,-16,-3.0,0,0,I,PERIODIC,-107.0,-13.0,7.0,h576,2,1,2
2025.11.11,14.30.28,-90.120264,29.934112,-105,-16,-3.0,0,0,I,PERIODIC,-107.0,-13.0,7.0,h576,2,1,2
2025.11.11,14.30.29,-90.120264,29.934112,-105,-16,-3.0,0,0,I,PERIODIC,-107.0,-14.0,7.0,h576,2,1,2
2025.11.11,14.30.30,-90.120264,29.934112,-105,-16,-2.0,0,0,I,PERIODIC,-107.0,-14.0,7.0,h576,2,1,2
2025.11.11,14.30.31,-90.120264,29.934112,-106,-16,-4.0,117654,1,D,PERIODIC,-108.0,-12.0,5.0,h576,2,1,2
2025.11.11,14.30.32,-90.120264,29.934112,-106,-16,-4.0,0,0,D,PERIODIC,-108.0,-12.0,5.0,h576,2,1,2
2025.11.11,14.30.33,-90.120264,29.934112,-106,-16,-4.0,4,4,D,PERIODIC,-108.0,-12.0,5.0,h576,2,1,2
2025.11.11,14.30.34,-90.120264,29.934112,-104,-16,-3.0,0,0,I,PERIODIC,-108.0,-11.0,7.0,h576,2,1,2
2025.11.11,14.30.35,-90.120264,29.934112,-104,-16,-3.0,63509,2392,D,PERIODIC,-108.0,-11.0,7.0,h576,2,1,2
2025.11.11,14.30.36,-90.120264,29.934112,-104,-16,-3.0,0,0,D,PERIODIC,-108.0,-11.0,7.0,h576,2,1,2
2025.11.11,14.30.37,-90.120264,29.934112,-104,-16,-3.0,2,2,D,PERIODIC,-108.0,-12.0,7.0,h576,2,1,2
2025.11.11,14.30.38,-90.120264,29.934112,-104,-16,-4.0,72,72,D,PERIODIC,-108.0,-12.0,7.0,h576,2,1,2
2025.11.11,14.30.39,-90.120264,29.934112,-105,-16,-4.0,0,0,I,PERIODIC,-108.0,-13.0,6.0,h576,2,1,2
2025.11.11,14.30.40,-90.120264,29.934112,-105,-16,-4.0,73081,701,D,PERIODIC,-109.0,-14.0,6.0,h576,2,1,2
2025.11.11,14.30.41,-90.120264,29.934112,-105,-16,-4.0,2,2,D,PERIODIC,-109.0,-14.0,6.0,h576,2,1,2
2025.11.11,14.30.42,-90.120264,29.934112,-106,-15,-3.0,4,4,D,PERIODIC,-109.0,-14.0,6.0,h576,2,1,2
2025.11.11,14.30.43,-90.120264,29.934112,-106,-15,-2.0,8,8,D,PERIODIC,-109.0,-14.0,6.0,h576,2,1,2
2025.11.11,14.30.44,-90.120264,29.934112,-107,-16,-20.0,0,0,D,PERIODIC,-108.0,-14.0,7.0,h576,2,1,2
2025.11.11,14.30.45,-90.120264,29.934112,-107,-16,-20.0,99903,3147,D,PERIODIC,-108.0,-14.0,7.0,h576,2,1,2
2025.11.11,14.30.46,-90.120264,29.934112,-105,-15,-15.0,1,1,D,PERIODIC,-110.0,-14.0,5.0,h576,2,1,2
2025.11.11,14.30.47,-90.120264,29.934112,-105,-15,-15.0,1,1,D,PERIODIC,-110.0,-14.0,5.0,h576,2,1,2
2025.11.11,14.30.48,-90.120264,29.934112,-106,-17,-3.0,0,0,D,PERIODIC,-108.0,-14.0,6.0,h576,2,1,2
2025.11.11,14.30.49,-90.120264,29.934112,-106,-17,-3.0,0,0,I,PERIODIC,-108.0,-14.0,6.0,h576,2,1,2
2025.11.11,14.30.50,-90.120264,29.934112,-106,-17,-3.0,0,0,D,PERIODIC,-108.0,-13.0,6.0,h576,2,1,2
2025.11.11,14.30.51,-90.120264,29.934112,-106,-17,-4.0,0,0,D,PERIODIC,-108.0,-13.0,6.0,h576,2,1,2
2025.11.11,14.30.52,-90.120264,29.934112,-108,-16,-4.0,0,0,I,PERIODIC,-109.0,-13.0,6.0,h576,2,1,2
2025.11.11,14.30.53,-90.120264,29.934112,-108,-16,-4.0,0,0,I,PERIODIC,-109.0,-13.0,6.0,h576,2,1,2
2025.11.11,14.30.54,-90.120264,29.934112,-108,-16,-4.0,0,0,I,PERIODIC,-109.0,-13.0,6.0,h576,2,1,2
2025.11.11,14.30.55,-90.120264,29.934112,-108,-16,-4.0,0,0,D,PERIODIC,-109.0,-13.0,6.0,h576,2,1,2
2025.11.11,14.30.56,-90.120264,29.934112,-108,-16,-4.0,63696,0,D,PERIODIC,-109.0,-13.0,6.0,h576,2,1,2
2025.11.11,14.30.57,-90.120264,29.934112,-108,-16,-1.0,0,4,D,PERIODIC,-109.0,-13.0,6.0,h576,2,1,2
2025.11.11,14.30.58,-90.120264,29.934112,-105,-15,-15.0,60,62,D,PERIODIC,-109.0,-13.0,7.0,h576,2,1,2
2025.11.11,14.30.59,-90.120264,29.934112,-105,-15,-15.0,0,0,D,PERIODIC,-109.0,-13.0,7.0,h576,2,1,2
2025.11.11,14.31.00,-90.120264,29.934112,-105,-15,-15.0,103335,927,D,PERIODIC,-107.0,-13.0,7.0,h576,2,1,2
2025.11.11,14.31.01,-90.120264,29.934112,-105,-15,-15.0,1,1,D,PERIODIC,-107.0,-13.0,7.0,h576,2,1,2
2025.11.11,14.31.02,-90.120264,29.934112,-105,-15,-15.0,0,0,D,PERIODIC,-108.0,-12.0,7.0,h576,2,1,2
2025.11.11,14.31.03,-90.120264,29.934112,-105,-15,-15.0,1,1,D,PERIODIC,-108.0,-12.0,7.0,h576,2,1,2
2025.11.11,14.31.04,-90.120264,29.934112,-105,-14,-15.0,0,0,D,PERIODIC,-108.0,-14.0,6.0,h576,2,1,2
2025.11.11,14.31.05,-90.120264,29.934112,-105,-14,-15.0,0,0,D,PERIODIC,-108.0,-14.0,6.0,h576,2,1,2
2025.11.11,14.31.06,-90.120264,29.934112,-104,-14,-5.0,98405,827,D,PERIODIC,-108.0,-14.0,6.0,h576,2,1,2
2025.11.11,14.31.07,-90.120264,29.934112,-104,-14,-5.0,0,0,I,PERIODIC,-108.0,-14.0,6.0,h576,2,1,2
2025.11.11,14.31.08,-90.120264,29.934112,-104,-15,-5.0,0,0,I,PERIODIC,-109.0,-14.0,8.0,h576,2,1,2
2025.11.11,14.31.09,-90.120264,29.934112,-104,-15,-5.0,1,0,D,PERIODIC,-109.0,-14.0,8.0,h576,2,1,2
2025.11.11,14.31.10,-90.120264,29.934112,-104,-15,-5.0,46887,904,D,PERIODIC,-109.0,-13.0,8.0,h576,2,1,2
2025.11.11,14.31.11,-90.120264,29.934112,-104,-15,-5.0,0,0,I,PERIODIC,-109.0,-13.0,8.0,h576,2,1,2
2025.11.11,14.31.12,-90.120264,29.934112,-105,-15,-10.0,0,0,I,PERIODIC,-108.0,-13.0,8.0,h576,2,1,2
2025.11.11,14.31.13,-90.120264,29.934112,-105,-15,-10.0,3,3,D,PERIODIC,-108.0,-13.0,8.0,h576,2,1,2
2025.11.11,14.31.14,-90.120264,29.934112,-105,-15,-10.0,3,3,D,PERIODIC,-108.0,-13.0,8.0,h576,2,1,2
2025.11.11,14.31.16,-90.120264,29.934112,-107,-16,-3.0,112615,1881,D,PERIODIC,-107.0,-15.0,7.0,h576,2,1,2
2025.11.11,14.31.16,-90.120264,29.934112,-107,-16,-3.0,0,0,I,PERIODIC,-107.0,-14.0,7.0,h576,2,1,2
2025.11.11,14.31.17,-90.120264,29.934112,-107,-16,-3.0,0,0,I,PERIODIC,-107.0,-14.0,7.0,h576,2,1,2
2025.11.11,14.31.19,-90.120264,29.934112,-107,-16,-3.0,0,0,I,PERIODIC,-108.0,-14.0,7.0,h576,2,1,2
2025.11.11,14.31.20,-90.120264,29.934112,-107,-16,-3.0,0,0,I,PERIODIC,-108.0,-14.0,7.0,h576,2,1,2
2025.11.11,14.31.21,-90.120264,29.934112,-107,-15,-2.0,79582,716,D,PERIODIC,-109.0,-15.0,7.0,h576,2,1,2
2025.11.11,14.31.22,-90.120264,29.934112,-107,-15,-2.0,0,0,I,PERIODIC,-109.0,-15.0,7.0,h576,2,1,2
2025.11.11,14.31.23,-90.120264,29.934112,-107,-16,-3.0,0,0,I,PERIODIC,-108.0,-14.0,6.0,h576,2,1,2
2025.11.11,14.31.24,-90.120264,29.934112,-107,-16,-3.0,0,0,I,PERIODIC,-108.0,-14.0,6.0,h576,2,1,2
2025.11.11,14.31.25,-90.120264,29.934112,-107,-16,-3.0,0,0,I,PERIODIC,-108.0,-14.0,6.0,h576,2,1,2
2025.11.11,14.31.26,-90.120264,29.934112,-107,-16,-3.0,85286,782,D,PERIODIC,-108.0,-14.0,6.0,h576,2,1,2
2025.11.11,14.31.27,-90.120264,29.934112,-107,-16,-3.0,14,12,D,PERIODIC,-107.0,-13.0,6.0,h576,2,1,2
2025.11.11,14.31.28,-90.120264,29.934112,-107,-16,-3.0,0,0,D,PERIODIC,-107.0,-13.0,6.0,h576,2,1,2
2025.11.11,14.31.28,-90.120264,29.934112,-109,-12,-,0,0,VD,CALL_START,-107.0,-13.0,6.0,h576,2,1,2
2025.11.11,14.31.29,-90.120264,29.934112,-109,-14,7.0,52,45,VD,IRAT_HANDOVER_VOICE_5G4G,,,,h576,2,1,2
2025.11.11,14.31.30,-90.120264,29.934112,-109,-14,7.0,0,0,VD,PERIODIC,,,,h576,2,1,2
2025.11.11,14.31.31,-90.120264,29.934112,-109,-13,7.0,89769,1963,VD,PERIODIC,,,,h576,2,1,2
2025.11.11,14.31.32,-90.120264,29.934112,-109,-13,7.0,2,2,VD,PERIODIC,,,,h576,2,1,2
2025.11.11,14.31.33,-90.120264,29.934112,-109,-13,7.0,0,3,VD,PERIODIC,,,,h576,2,1,2
2025.11.11,14.31.34,-90.120264,29.934112,-109,-13,7.0,0,0,V,PERIODIC,,,,h576,2,1,2
2025.11.11,14.31.34,-90.120264,29.934112,-109,-13,7.0,0,0,I,CALL_END,,,,h576,2,1,2
2025.11.11,14.31.35,-90.120264,29.934112,-109,-13,7.0,8,12,D,PERIODIC,,,,h576,2,1,2
2025.11.11,14.31.36,-90.120264,29.934112,-110,-12,7.0,86561,1083,D,PERIODIC,,,,h576,2,1,2
2025.11.11,14.31.37,-90.120264,29.934112,-114,-13,-3.0,0,0,D,IRAT_HANDOVER_DATA_4G5G,-109.0,-13.0,5.0,h576,2,1,2
2025.11.11,14.31.38,-90.120264,29.934112,-114,-13,2.0,0,0,D,PERIODIC,-109.0,-13.0,5.0,h576,2,1,2
2025.11.11,14.31.39,-90.120264,29.934112,-113,-13,20.0,5,8,D,PERIODIC,-108.0,-12.0,6.0,h576,2,1,2
2025.11.11,14.31.40,-90.120264,29.934112,-113,-13,20.0,0,0,D,PERIODIC,-108.0,-12.0,6.0,h576,2,1,2
2025.11.11,14.31.41,-90.120264,29.934112,-113,-13,20.0,0,0,D,PERIODIC,-108.0,-11.0,6.0,h576,2,1,2
2025.11.11,14.31.42,-90.120264,29.934112,-113,-13,20.0,101202,923,D,PERIODIC,-108.0,-11.0,6.0,h576,2,1,2
2025.11.11,14.31.43,-90.120264,29.934112,-113,-13,20.0,0,0,D,PERIODIC,-110.0,-12.0,6.0,h576,2,1,2
2025.11.11,14.31.44,-90.120264,29.934112,-113,-13,20.0,74,73,D,PERIODIC,-110.0,-12.0,6.0,h576,2,1,2
2025.11.11,14.31.45,-90.120264,29.934112,-113,-13,20.0,0,3,D,PERIODIC,-110.0,-12.0,6.0,h576,2,1,2
2025.11.11,14.31.46,-90.120264,29.934112,-113,-13,20.0,0,2039,D,PERIODIC,-110.0,-12.0,6.0,h576,2,1,2
2025.11.11,14.31.47,-90.120264,29.934112,-113,-13,30.0,1,1,D,PERIODIC,-110.0,-13.0,6.0,h576,2,1,2
2025.11.11,14.31.48,-90.120264,29.934112,-113,-13,30.0,0,0,D,PERIODIC,-110.0,-13.0,6.0,h576,2,1,2
2025.11.11,14.31.49,-90.120264,29.934112,-113,-13,30.0,9,7,D,PERIODIC,-111.0,-12.0,5.0,h576,2,1,2
2025.11.11,14.31.50,-90.120264,29.934112,-113,-13,30.0,0,0,I,PERIODIC,-111.0,-12.0,5.0,h576,2,1,2
2025.11.11,14.31.51,-90.120264,29.934112,-112,-13,40.0,0,1602,D,PERIODIC,-111.0,-12.0,5.0,h576,2,1,2
2025.11.11,14.31.52,-90.120264,29.934112,-112,-13,40.0,0,0,D,PERIODIC,-111.0,-12.0,5.0,h576,2,1,2
2025.11.11,14.31.53,-90.120264,29.934112,-112,-13,40.0,0,0,I,PERIODIC,-110.0,-11.0,5.0,h576,2,1,2
2025.11.11,14.31.54,-90.120264,29.934112,-112,-13,40.0,0,0,I,PERIODIC,-110.0,-11.0,5.0,h576,2,1,2
2025.11.11,14.31.55,-90.120264,29.934112,-113,-13,35.0,0,0,I,PERIODIC,-108.0,-11.0,7.0,h576,2,1,2
2025.11.11,14.31.56,-90.120264,29.934112,-113,-13,35.0,78281,633,D,PERIODIC,-108.0,-11.0,7.0,h576,2,1,2
2025.11.11,14.31.57,-90.120264,29.934112,-113,-13,35.0,0,0,D,PERIODIC,-108.0,-12.0,7.0,h576,2,1,2
2025.11.11,14.31.58,-90.120264,29.934112,-113,-13,35.0,0,0,I,PERIODIC,-108.0,-12.0,7.0,h576,2,1,2
2025.11.11,14.31.59,-90.120264,29.934112,-113,-13,30.0,0,0,I,PERIODIC,-111.0,-14.0,7.0,h576,2,1,2
2025.11.11,14.32.00,-90.120264,29.934112,-113,-13,30.0,0,0,I,PERIODIC,-111.0,-14.0,7.0,h576,2,1,2
2025.11.11,14.32.01,-90.120264,29.934112,-113,-13,25.0,0,808,D,PERIODIC,-111.0,-12.0,3.0,h576,2,1,2
2025.11.11,14.32.02,-90.120264,29.934112,-113,-13,25.0,0,0,I,PERIODIC,-111.0,-12.0,3.0,h576,2,1,2
2025.11.11,14.32.03,-90.120264,29.934112,-112,-13,4.0,0,0,I,PERIODIC,-108.0,-11.0,6.0,h576,2,1,2
2025.11.11,14.32.04,-90.120264,29.934112,-112,-13,4.0,0,0,I,PERIODIC,-108.0,-11.0,6.0,h576,2,1,2
2025.11.11,14.32.05,-90.120264,29.934112,-112,-13,4.0,0,0,I,PERIODIC,-107.0,-10.0,6.0,h576,2,1,2
2025.11.11,14.32.06,-90.120264,29.934112,-112,-13,4.0,0,797,D,PERIODIC,-107.0,-10.0,6.0,h576,2,1,2
2025.11.11,14.32.07,-90.120264,29.934112,-112,-13,35.0,0,0,I,PERIODIC,-107.0,-13.0,6.0,h576,2,1,2
2025.11.11,14.32.08,-90.120264,29.934112,-112,-13,35.0,0,0,I,PERIODIC,-107.0,-13.0,6.0,h576,2,1,2
2025.11.11,14.32.09,-90.120264,29.934112,-112,-12,40.0,0,0,D,PERIODIC,-109.0,-12.0,7.0,h576,2,1,2
2025.11.11,14.32.10,-90.120264,29.934112,-112,-12,40.0,0,0,I,PERIODIC,-109.0,-12.0,7.0,h576,2,1,2
2025.11.11,14.32.11,-90.120264,29.934112,-113,-13,30.0,63644,569,D,PERIODIC,-108.0,-11.0,7.0,h576,2,1,2
2025.11.11,14.32.12,-90.120264,29.934112,-113,-13,30.0,0,0,D,PERIODIC,-108.0,-11.0,7.0,h576,2,1,2
2025.11.11,14.32.13,-90.120264,29.934112,-112,-13,35.0,7,9,D,PERIODIC,-107.0,-10.0,8.0,h576,2,1,2
2025.11.11,14.32.14,-90.120264,29.934112,-112,-13,35.0,4,4,D,PERIODIC,-107.0,-10.0,8.0,h576,2,1,2
2025.11.11,14.32.15,-90.120264,29.934112,-113,-13,30.0,1,1,D,PERIODIC,-108.0,-14.0,8.0,h576,2,1,2
2025.11.11,14.32.16,-90.120264,29.934112,-113,-13,30.0,108993,1858,D,PERIODIC,-108.0,-14.0,8.0,h576,2,1,2
2025.11.11,14.32.17,-90.120264,29.934112,-113,-13,30.0,0,0,D,PERIODIC,-107.0,-11.0,4.0,h576,2,1,2
2025.11.11,14.32.18,-90.120264,29.934112,-113,-13,30.0,0,0,I,PERIODIC,-107.0,-11.0,4.0,h576,2,1,2
2025.11.11,14.32.19,-90.120264,29.934112,-113,-13,30.0,0,0,I,PERIODIC,-108.0,-11.0,4.0,h576,2,1,2
2025.11.11,14.32.20,-90.120264,29.934112,-113,-13,30.0,0,0,I,PERIODIC,-108.0,-11.0,4.0,h576,2,1,2
2025.11.11,14.32.21,-90.120264,29.934112,-113,-13,30.0,67503,572,D,PERIODIC,-108.0,-12.0,4.0,h576,2,1,2
2025.11.11,14.32.22,-90.120264,29.934112,-113,-13,30.0,0,0,D,PERIODIC,-108.0,-12.0,4.0,h576,2,1,2
2025.11.11,14.32.23,-90.120264,29.934112,-113,-13,35.0,0,0,D,PERIODIC,-110.0,-12.0,4.0,h576,2,1,2
2025.11.11,14.32.24,-90.120264,29.934112,-113,-13,35.0,2,2,D,PERIODIC,-110.0,-12.0,4.0,h576,2,1,2
2025.11.11,14.32.25,-90.120264,29.934112,-113,-13,35.0,0,0,I,PERIODIC,-110.0,-12.0,4.0,h576,2,1,2
2025.11.11,14.32.26,-90.120264,29.934112,-113,-13,35.0,103725,716,D,PERIODIC,-110.0,-12.0,4.0,h576,2,1,2
2025.11.11,14.32.27,-90.120264,29.934112,-113,-13,35.0,0,3,D,PERIODIC,-110.0,-12.0,5.0,h576,2,1,2
2025.11.11,14.32.28,-90.120264,29.934112,-113,-13,35.0,0,0,D,PERIODIC,-110.0,-12.0,5.0,h576,2,1,2
2025.11.11,14.32.29,-90.120264,29.934112,-113,-13,35.0,0,0,I,PERIODIC,-109.0,-11.0,5.0,h576,2,1,2
2025.11.11,14.32.30,-90.120264,29.934112,-113,-13,35.0,0,0,I,PERIODIC,-109.0,-11.0,5.0,h576,2,1,2
2025.11.11,14.32.31,-90.120264,29.934112,-113,-13,35.0,78789,1919,D,PERIODIC,-109.0,-13.0,5.0,h576,2,1,2
2025.11.11,14.32.32,-90.120264,29.934112,-113,-13,35.0,2,2,D,PERIODIC,-109.0,-13.0,5.0,h576,2,1,2
2025.11.11,14.32.33,-90.120264,29.934112,-113,-13,35.0,4,4,D,PERIODIC,-109.0,-13.0,5.0,h576,2,1,2
2025.11.11,14.32.34,-90.120264,29.934112,-113,-13,35.0,7,6,D,PERIODIC,-109.0,-13.0,5.0,h576,2,1,2
2025.11.11,14.32.35,-90.120264,29.934112,-113,-13,35.0,0,0,I,PERIODIC,-109.0,-13.0,5.0,h576,2,1,2
2025.11.11,14.32.36,-90.120264,29.934112,-113,-13,35.0,108126,1226,D,PERIODIC,-109.0,-13.0,5.0,h576,2,1,2
2025.11.11,14.32.37,-90.120264,29.934112,-113,-13,35.0,0,0,D,PERIODIC,-109.0,-13.0,5.0,h576,2,1,2
2025.11.11,14.32.38,-90.120264,29.934112,-113,-13,35.0,0,0,I,PERIODIC,-109.0,-13.0,5.0,h576,2,1,2
2025.11.11,14.32.39,-90.120264,29.934112,-113,-13,35.0,0,1,D,PERIODIC,-109.0,-12.0,5.0,h576,2,1,2
2025.11.11,14.32.40,-90.120264,29.934112,-113,-13,35.0,1,0,D,PERIODIC,-109.0,-12.0,5.0,h576,2,1,2
2025.11.11,14.32.41,-90.120264,29.934112,-113,-13,35.0,109294,911,D,PERIODIC,-109.0,-12.0,5.0,h576,2,1,2
2025.11.11,14.32.42,-90.120264,29.934112,-113,-13,35.0,0,0,I,PERIODIC,-110.0,-13.0,5.0,h576,2,1,2
2025.11.11,14.32.43,-90.120264,29.934112,-113,-13,35.0,0,0,I,PERIODIC,-110.0,-11.0,5.0,h576,2,1,2
2025.11.11,14.32.44,-90.120264,29.934112,-113,-13,35.0,110,111,D,PERIODIC,-110.0,-11.0,5.0,h576,2,1,2
2025.11.11,14.32.45,-90.120264,29.934112,-113,-13,35.0,0,3,D,PERIODIC,-110.0,-12.0,5.0,h576,2,1,2
2025.11.11,14.32.46,-90.120264,29.934112,-113,-13,35.0,61647,1933,D,PERIODIC,-110.0,-12.0,5.0,h576,2,1,2
2025.11.11,14.32.47,-90.120264,29.934112,-113,-13,40.0,0,0,D,PERIODIC,-109.0,-12.0,6.0,h576,2,1,2
2025.11.11,14.32.48,-90.120264,29.934112,-113,-13,40.0,0,0,I,PERIODIC,-109.0,-12.0,6.0,h576,2,1,2
2025.11.11,14.32.49,-90.120264,29.934112,-113,-13,40.0,0,0,I,PERIODIC,-109.0,-12.0,6.0,h576,2,1,2
2025.11.11,14.32.50,-90.120264,29.934112,-113,-13,40.0,0,0,I,PERIODIC,-109.0,-12.0,6.0,h576,2,1,2
2025.11.11,14.32.51,-90.120264,29.934112,-113,-13,40.0,99685,1609,D,PERIODIC,-110.0,-12.0,6.0,h576,2,1,2
2025.11.11,14.32.52,-90.120264,29.934112,-113,-13,40.0,0,0,D,PERIODIC,-110.0,-12.0,6.0,h576,2,1,2
2025.11.11,14.32.53,-90.120264,29.934112,-114,-13,25.0,0,0,I,PERIODIC,-109.0,-12.0,6.0,h576,2,1,2
2025.11.11,14.32.54,-90.120264,29.934112,-114,-13,25.0,0,0,I,PERIODIC,-109.0,-12.0,6.0,h576,2,1,2
2025.11.11,14.32.55,-90.120264,29.934112,-113,-13,25.0,0,0,I,PERIODIC,-109.0,-12.0,6.0,h576,2,1,2
2025.11.11,14.32.56,-90.120264,29.934112,-113,-13,25.0,109675,818,D,PERIODIC,-109.0,-12.0,6.0,h576,2,1,2
2025.11.11,14.32.57,-90.120264,29.934112,-113,-13,30.0,0,0,D,PERIODIC,-109.0,-12.0,4.0,h576,2,1,2
2025.11.11,14.32.58,-90.120264,29.934112,-113,-13,30.0,0,0,I,PERIODIC,-109.0,-12.0,4.0,h576,2,1,2
2025.11.11,14.32.59,-90.120264,29.934112,-113,-13,30.0,0,0,I,PERIODIC,-110.0,-14.0,4.0,h576,2,1,2
2025.11.11,14.33.00,-90.120264,29.934112,-113,-13,30.0,0,0,I,PERIODIC,-110.0,-14.0,4.0,h576,2,1,2
2025.11.11,14.33.01,-90.120264,29.934112,-112,-13,35.0,73216,547,D,PERIODIC,-109.0,-12.0,5.0,h576,2,1,2
2025.11.11,14.33.02,-90.120264,29.934112,-112,-13,35.0,0,0,I,PERIODIC,-109.0,-12.0,5.0,h576,2,1,2
2025.11.11,14.33.03,-90.120264,29.934112,-112,-13,35.0,0,0,I,PERIODIC,-110.0,-12.0,5.0,h576,2,1,2
2025.11.11,14.33.04,-90.120264,29.934112,-112,-13,35.0,0,0,I,PERIODIC,-110.0,-12.0,5.0,h576,2,1,2
2025.11.11,14.33.05,-90.120264,29.934112,-112,-13,35.0,0,0,I,PERIODIC,-110.0,-13.0,5.0,h576,2,1,2
2025.11.11,14.33.06,-90.120264,29.934112,-112,-13,35.0,72073,580,D,PERIODIC,-110.0,-13.0,5.0,h576,2,1,2
2025.11.11,14.33.07,-90.120264,29.934112,-112,-13,35.0,0,1,D,PERIODIC,-110.0,-13.0,5.0,h576,2,1,2
2025.11.11,14.33.08,-90.120264,29.934112,-112,-13,35.0,0,0,I,PERIODIC,-110.0,-13.0,5.0,h576,2,1,2
2025.11.11,14.33.09,-90.120264,29.934112,-112,-12,35.0,0,0,I,PERIODIC,-110.0,-13.0,6.0,h576,2,1,2
2025.11.11,14.33.10,-90.120264,29.934112,-112,-12,35.0,0,0,I,PERIODIC,-110.0,-13.0,6.0,h576,2,1,2
2025.11.11,14.33.11,-90.120264,29.934112,-112,-13,35.0,0,0,D,PERIODIC,-109.0,-12.0,3.0,h576,2,1,2
2025.11.11,14.33.12,-90.120264,29.934112,-112,-13,35.0,0,0,I,PERIODIC,-109.0,-12.0,3.0,h576,2,1,2
2025.11.11,14.33.13,-90.120264,29.934112,-112,-13,35.0,0,0,I,PERIODIC,-109.0,-10.0,3.0,h576,2,1,2
2025.11.11,14.33.14,-90.120264,29.934112,-112,-13,35.0,10,9,D,PERIODIC,-109.0,-10.0,3.0,h576,2,1,2
2025.11.11,14.33.15,-90.120264,29.934112,-113,-13,25.0,1,1,D,PERIODIC,-110.0,-11.0,4.0,h576,2,1,2
2025.11.11,14.33.16,-90.120264,29.934112,-113,-13,25.0,0,0,D,PERIODIC,-110.0,-11.0,4.0,h576,2,1,2
2025.11.11,14.33.17,-90.120264,29.934112,-113,-13,35.0,99714,0,D,PERIODIC,-109.0,-12.0,5.0,h576,2,1,2
2025.11.11,14.33.18,-90.120264,29.934112,-113,-13,35.0,7,7,D,PERIODIC,-109.0,-12.0,5.0,h576,2,1,2
2025.11.11,14.33.19,-90.120264,29.934112,-113,-13,35.0,0,0,D,PERIODIC,-109.0,-12.0,5.0,h576,2,1,2
2025.11.11,14.33.20,-90.120264,29.934112,-113,-13,35.0,0,0,I,PERIODIC,-109.0,-12.0,5.0,h576,2,1,2
2025.11.11,14.33.21,-90.120264,29.934112,-113,-13,35.0,98543,710,D,PERIODIC,-110.0,-12.0,5.0,h576,2,1,2
2025.11.11,14.33.22,-90.120264,29.934112,-113,-13,35.0,0,0,D,PERIODIC,-110.0,-12.0,5.0,h576,2,1,2
2025.11.11,14.33.23,-90.120264,29.934112,-113,-13,35.0,0,0,I,PERIODIC,-110.0,-12.0,5.0,h576,2,1,2
2025.11.11,14.33.24,-90.120264,29.934112,-113,-13,35.0,0,0,I,PERIODIC,-110.0,-12.0,5.0,h576,2,1,2
2025.11.11,14.33.25,-90.120264,29.934112,-113,-13,35.0,0,0,I,PERIODIC,-109.0,-12.0,5.0,h576,2,1,2
2025.11.11,14.33.26,-90.120264,29.934112,-113,-13,35.0,78963,650,D,PERIODIC,-109.0,-12.0,5.0,h576,2,1,2
2025.11.11,14.33.27,-90.120264,29.934112,-114,-13,20.0,2,2,D,PERIODIC,-109.0,-12.0,5.0,h576,2,1,2
2025.11.11,14.33.28,-90.120264,29.934112,-114,-13,20.0,0,0,D,PERIODIC,-109.0,-12.0,5.0,h576,2,1,2
2025.11.11,14.33.29,-90.120264,29.934112,-114,-13,20.0,0,0,I,PERIODIC,-110.0,-13.0,5.0,h576,2,1,2
2025.11.11,14.33.30,-90.120264,29.934112,-114,-13,20.0,0,0,I,PERIODIC,-110.0,-13.0,5.0,h576,2,1,2
2025.11.11,14.33.31,-90.120264,29.934112,-114,-13,20.0,114038,2140,D,PERIODIC,-110.0,-13.0,5.0,h576,2,1,2
2025.11.11,14.33.32,-90.120264,29.934112,-114,-13,20.0,0,0,D,PERIODIC,-110.0,-13.0,5.0,h576,2,1,2
2025.11.11,14.33.33,-90.120264,29.934112,-113,-13,35.0,7,7,D,PERIODIC,-110.0,-12.0,4.0,h576,2,1,2
2025.11.11,14.33.34,-90.120264,29.934112,-113,-13,35.0,0,0,D,PERIODIC,-110.0,-12.0,4.0,h576,2,1,2
2025.11.11,14.33.35,-90.120264,29.934112,-113,-13,35.0,0,0,I,PERIODIC,-110.0,-12.0,4.0,h576,2,1,2
2025.11.11,14.33.36,-90.120264,29.934112,-113,-13,35.0,67289,937,D,PERIODIC,-110.0,-12.0,4.0,h576,2,1,2
2025.11.11,14.33.37,-90.120264,29.934112,-113,-13,25.0,0,0,D,PERIODIC,-109.0,-11.0,6.0,h576,2,1,2
2025.11.11,14.33.38,-90.120264,29.934112,-113,-13,25.0,9,9,D,PERIODIC,-109.0,-11.0,6.0,h576,2,1,2
2025.11.11,14.33.39,-90.120264,29.934112,-113,-13,25.0,0,67,D,PERIODIC,-109.0,-12.0,6.0,h576,2,1,2
2025.11.11,14.33.40,-90.120264,29.934112,-113,-13,25.0,0,0,D,PERIODIC,-109.0,-12.0,6.0,h576,2,1,2
2025.11.11,14.33.41,-90.120264,29.934112,-113,-13,25.0,86241,688,D,PERIODIC,-110.0,-12.0,6.0,h576,2,1,2
2025.11.11,14.33.42,-90.120264,29.934112,-113,-13,25.0,0,0,D,PERIODIC,-110.0,-12.0,6.0,h576,2,1,2
2025.11.11,14.33.43,-90.120264,29.934112,-113,-13,25.0,0,0,I,PERIODIC,-110.0,-13.0,6.0,h576,2,1,2
2025.11.11,14.33.44,-90.120264,29.934112,-113,-13,25.0,0,2,D,PERIODIC,-110.0,-13.0,6.0,h576,2,1,2
2025.11.11,14.33.45,-90.120264,29.934112,-113,-13,25.0,0,5,D,PERIODIC,-110.0,-13.0,6.0,h576,2,1,2
2025.11.11,14.33.46,-90.120264,29.934112,-113,-13,25.0,104889,1417,D,PERIODIC,-110.0,-13.0,6.0,h576,2,1,2
2025.11.11,14.33.47,-90.120264,29.934112,-113,-13,25.0,0,0,D,PERIODIC,-109.0,-12.0,6.0,h576,2,1,2
2025.11.11,14.33.48,-90.120264,29.934112,-113,-13,25.0,0,0,I,PERIODIC,-109.0,-12.0,6.0,h576,2,1,2
2025.11.11,14.33.49,-90.120264,29.934112,-113,-13,25.0,0,0,I,PERIODIC,-109.0,-12.0,6.0,h576,2,1,2
2025.11.11,14.33.50,-90.120264,29.934112,-113,-13,25.0,6,9,D,PERIODIC,-109.0,-12.0,6.0,h576,2,1,2
2025.11.11,14.33.51,-90.120264,29.934112,-113,-13,25.0,0,2331,D,PERIODIC,-109.0,-12.0,6.0,h576,2,1,2
2025.11.11,14.33.52,-90.120264,29.934112,-113,-13,25.0,0,0,I,PERIODIC,-109.0,-12.0,6.0,h576,2,1,2
2025.11.11,14.33.53,-90.120264,29.934112,-113,-13,25.0,0,0,I,PERIODIC,-107.0,-12.0,6.0,h576,2,1,2
2025.11.11,14.33.54,-90.120264,29.934112,-113,-13,25.0,0,0,I,PERIODIC,-107.0,-12.0,6.0,h576,2,1,2
2025.11.11,14.33.55,-90.120264,29.934112,-113,-13,25.0,0,0,I,PERIODIC,-108.0,-12.0,6.0,h576,2,1,2
2025.11.11,14.33.56,-90.120264,29.934112,-113,-13,25.0,0,0,I,PERIODIC,-108.0,-12.0,6.0,h576,2,1,2
2025.11.11,14.33.57,-90.120264,29.934112,-113,-13,25.0,76694,0,D,PERIODIC,-108.0,-11.0,6.0,h576,2,1,2
2025.11.11,14.33.58,-90.120264,29.934112,-113,-13,25.0,0,0,I,PERIODIC,-108.0,-11.0,6.0,h576,2,1,2
2025.11.11,14.33.59,-90.120264,29.934112,-113,-13,25.0,0,0,I,PERIODIC,-108.0,-13.0,6.0,h576,2,1,2
2025.11.11,14.34.00,-90.120264,29.934112,-113,-13,25.0,0,0,I,PERIODIC,-108.0,-13.0,6.0,h576,2,1,2
2025.11.11,14.34.01,-90.120264,29.934112,-113,-13,25.0,89231,801,D,PERIODIC,-108.0,-12.0,6.0,h576,2,1,2
2025.11.11,14.34.02,-90.120264,29.934112,-113,-13,25.0,1,1,D,PERIODIC,-108.0,-12.0,6.0,h576,2,1,2
2025.11.11,14.34.03,-90.120264,29.934112,-113,-13,25.0,0,0,D,PERIODIC,-109.0,-13.0,6.0,h576,2,1,2
2025.11.11,14.34.04,-90.120264,29.934112,-113,-13,25.0,0,0,I,PERIODIC,-109.0,-13.0,6.0,h576,2,1,2
2025.11.11,14.34.05,-90.120264,29.934112,-113,-13,30.0,6,6,D,PERIODIC,-109.0,-13.0,6.0,h576,2,1,2
2025.11.11,14.34.06,-90.120264,29.934112,-113,-13,30.0,107021,730,D,PERIODIC,-109.0,-13.0,6.0,h576,2,1,2
2025.11.11,14.34.07,-90.120264,29.934112,-113,-13,30.0,0,0,I,PERIODIC,-109.0,-14.0,6.0,h576,2,1,2
2025.11.11,14.34.08,-90.120264,29.934112,-113,-13,30.0,0,0,I,PERIODIC,-109.0,-14.0,6.0,h576,2,1,2
2025.11.11,14.34.09,-90.120264,29.934112,-113,-13,30.0,0,0,I,PERIODIC,-109.0,-12.0,6.0,h576,2,1,2
2025.11.11,14.34.10,-90.120264,29.934112,-113,-13,30.0,0,0,I,PERIODIC,-109.0,-12.0,6.0,h576,2,1,2
2025.11.11,14.34.11,-90.120264,29.934112,-113,-13,30.0,67651,580,D,PERIODIC,-109.0,-13.0,6.0,h576,2,1,2
2025.11.11,14.34.12,-90.120264,29.934112,-113,-13,30.0,0,0,D,PERIODIC,-109.0,-13.0,6.0,h576,2,1,2
2025.11.11,14.34.13,-90.120264,29.934112,-113,-13,30.0,0,0,I,PERIODIC,-109.0,-13.0,6.0,h576,2,1,2
2025.11.11,14.34.14,-90.120264,29.934112,-113,-13,30.0,0,0,D,PERIODIC,-109.0,-13.0,6.0,h576,2,1,2
2025.11.11,14.34.15,-90.120264,29.934112,-113,-13,25.0,9,0,D,PERIODIC,-110.0,-14.0,6.0,h576,2,1,2
2025.11.11,14.34.16,-90.120264,29.934112,-113,-13,25.0,77280,1598,D,PERIODIC,-110.0,-14.0,6.0,h576,2,1,2
2025.11.11,14.34.17,-90.120264,29.934112,-113,-13,35.0,0,0,D,PERIODIC,-109.0,-12.0,4.0,h576,2,1,2
2025.11.11,14.34.18,-90.120264,29.934112,-113,-13,35.0,1,1,D,PERIODIC,-109.0,-12.0,4.0,h576,2,1,2
2025.11.11,14.34.19,-90.120264,29.934112,-113,-13,35.0,0,0,I,PERIODIC,-109.0,-14.0,4.0,h576,2,1,2
2025.11.11,14.34.20,-90.120264,29.934112,-113,-13,35.0,0,0,I,PERIODIC,-109.0,-14.0,4.0,h576,2,1,2
2025.11.11,14.34.21,-90.120264,29.934112,-113,-13,35.0,0,836,D,PERIODIC,-109.0,-13.0,4.0,h576,2,1,2
2025.11.11,14.34.22,-90.120264,29.934112,-113,-13,35.0,0,0,I,PERIODIC,-109.0,-13.0,4.0,h576,2,1,2
2025.11.11,14.34.23,-90.120264,29.934112,-113,-13,35.0,0,0,D,PERIODIC,-109.0,-12.0,4.0,h576,2,1,2
2025.11.11,14.34.24,-90.120264,29.934112,-113,-13,35.0,1,1,D,PERIODIC,-109.0,-12.0,4.0,h576,2,1,2
2025.11.11,14.34.25,-90.120264,29.934112,-113,-13,25.0,0,0,I,PERIODIC,-109.0,-11.0,6.0,h576,2,1,2
2025.11.11,14.34.26,-90.120264,29.934112,-113,-13,25.0,109051,811,D,PERIODIC,-109.0,-11.0,6.0,h576,2,1,2
2025.11.11,14.34.27,-90.120264,29.934112,-114,-13,25.0,1,1,D,PERIODIC,-109.0,-11.0,5.0,h576,2,1,2
2025.11.11,14.34.28,-90.120264,29.934112,-114,-13,25.0,0,0,D,PERIODIC,-109.0,-11.0,5.0,h576,2,1,2
2025.11.11,14.34.29,-90.120264,29.934112,-114,-13,25.0,6,8,D,PERIODIC,-109.0,-13.0,5.0,h576,2,1,2
2025.11.11,14.34.30,-90.120264,29.934112,-114,-13,25.0,0,0,D,PERIODIC,-109.0,-13.0,5.0,h576,2,1,2
2025.11.11,14.34.31,-90.120264,29.934112,-114,-13,20.0,71967,1812,D,PERIODIC,-109.0,-14.0,6.0,h576,2,1,2
2025.11.11,14.34.32,-90.120264,29.934112,-114,-13,20.0,0,0,D,PERIODIC,-109.0,-14.0,6.0,h576,2,1,2
2025.11.11,14.34.33,-90.120264,29.934112,-115,-13,20.0,0,3,D,PERIODIC,-110.0,-13.0,4.0,h576,2,1,2
2025.11.11,14.34.34,-90.120264,29.934112,-115,-13,20.0,0,0,I,PERIODIC,-110.0,-13.0,4.0,h576,2,1,2
2025.11.11,14.34.35,-90.120264,29.934112,-114,-13,25.0,1,0,D,PERIODIC,-110.0,-12.0,5.0,h576,2,1,2
2025.11.11,14.34.36,-90.120264,29.934112,-114,-13,25.0,0,0,I,PERIODIC,-110.0,-12.0,5.0,h576,2,1,2
2025.11.11,14.34.37,-90.120264,29.934112,-113,-13,30.0,97517,1166,D,PERIODIC,-110.0,-12.0,5.0,h576,2,1,2
2025.11.11,14.34.38,-90.120264,29.934112,-113,-13,30.0,0,0,I,PERIODIC,-110.0,-12.0,5.0,h576,2,1,2
2025.11.11,14.34.39,-90.120264,29.934112,-113,-13,25.0,0,0,I,PERIODIC,-109.0,-12.0,1.0,h576,2,1,2
2025.11.11,14.34.40,-90.120264,29.934112,-113,-13,25.0,0,0,I,PERIODIC,-109.0,-12.0,1.0,h576,2,1,2
2025.11.11,14.34.41,-90.120264,29.934112,-113,-13,25.0,110557,831,D,PERIODIC,-109.0,-13.0,5.0,h576,2,1,2
2025.11.11,14.34.42,-90.120264,29.934112,-113,-13,25.0,0,0,I,PERIODIC,-109.0,-13.0,5.0,h576,2,1,2
2025.11.11,14.34.43,-90.120264,29.934112,-113,-13,25.0,0,0,I,PERIODIC,-110.0,-12.0,5.0,h576,2,1,2
2025.11.11,14.34.44,-90.120264,29.934112,-113,-13,25.0,0,0,D,PERIODIC,-110.0,-12.0,5.0,h576,2,1,2
2025.11.11,14.34.45,-90.120264,29.934112,-113,-13,25.0,13,14,D,PERIODIC,-109.0,-11.0,5.0,h576,2,1,2
2025.11.11,14.34.46,-90.120264,29.934112,-113,-13,25.0,97839,2269,D,PERIODIC,-109.0,-11.0,5.0,h576,2,1,2
2025.11.11,14.34.47,-90.120264,29.934112,-113,-13,25.0,8,8,D,PERIODIC,-110.0,-13.0,5.0,h576,2,1,2
2025.11.11,14.34.48,-90.120264,29.934112,-113,-13,25.0,1,1,D,PERIODIC,-110.0,-13.0,5.0,h576,2,1,2
2025.11.11,14.34.49,-90.120264,29.934112,-113,-13,35.0,0,0,D,PERIODIC,-110.0,-11.0,6.0,h576,2,1,2
2025.11.11,14.34.50,-90.120264,29.934112,-113,-13,35.0,0,0,I,PERIODIC,-110.0,-11.0,6.0,h576,2,1,2
2025.11.11,14.34.51,-90.120264,29.934112,-112,-13,30.0,87374,1348,D,PERIODIC,-109.0,-13.0,6.0,h576,2,1,2
2025.11.11,14.34.52,-90.120264,29.934112,-112,-13,30.0,0,0,D,PERIODIC,-109.0,-13.0,6.0,h576,2,1,2
2025.11.11,14.34.53,-90.120264,29.934112,-112,-13,30.0,3,3,D,PERIODIC,-109.0,-13.0,6.0,h576,2,1,2
2025.11.11,14.34.54,-90.120264,29.934112,-112,-13,30.0,0,0,I,PERIODIC,-109.0,-13.0,6.0,h576,2,1,2
2025.11.11,14.34.55,-90.120264,29.934112,-112,-13,30.0,0,5,D,PERIODIC,-110.0,-14.0,6.0,h576,2,1,2
2025.11.11,14.34.56,-90.120264,29.934112,-112,-13,30.0,83028,600,D,PERIODIC,-110.0,-14.0,6.0,h576,2,1,2
2025.11.11,14.34.57,-90.120264,29.934112,-112,-13,30.0,0,0,I,PERIODIC,-109.0,-12.0,6.0,h576,2,1,2
2025.11.11,14.34.58,-90.120264,29.934112,-112,-13,30.0,0,0,I,PERIODIC,-109.0,-12.0,6.0,h576,2,1,2
2025.11.11,14.34.59,-90.120264,29.934112,-113,-13,40.0,0,0,I,PERIODIC,-109.0,-13.0,4.0,h576,2,1,2
2025.11.11,14.35.00,-90.120264,29.934112,-113,-13,40.0,0,0,I,PERIODIC,-109.0,-13.0,4.0,h576,2,1,2
2025.11.11,14.35.01,-90.120264,29.934112,-113,-13,30.0,44656,415,D,PERIODIC,-109.0,-11.0,6.0,h576,2,1,2
2025.11.11,14.35.02,-90.120264,29.934112,-113,-13,30.0,0,0,D,PERIODIC,-109.0,-11.0,6.0,h576,2,1,2
2025.11.11,14.35.03,-90.120264,29.934112,-113,-13,30.0,0,0,I,PERIODIC,-109.0,-12.0,6.0,h576,2,1,2
2025.11.11,14.35.04,-90.120264,29.934112,-113,-13,30.0,0,0,I,PERIODIC,-109.0,-12.0,6.0,h576,2,1,2
2025.11.11,14.35.05,-90.120264,29.934112,-114,-13,20.0,0,0,I,PERIODIC,-109.0,-13.0,5.0,h576,2,1,2
2025.11.11,14.35.06,-90.120264,29.934112,-114,-13,20.0,1,0,D,PERIODIC,-109.0,-13.0,5.0,h576,2,1,2
2025.11.11,14.35.07,-90.120264,29.934112,-114,-13,20.0,0,0,D,PERIODIC,-109.0,-14.0,5.0,h576,2,1,2
2025.11.11,14.35.08,-90.120264,29.934112,-114,-13,20.0,0,0,I,PERIODIC,-109.0,-14.0,5.0,h576,2,1,2
2025.11.11,14.35.09,-90.120264,29.934112,-115,-13,15.0,0,0,I,PERIODIC,-109.0,-13.0,6.0,h576,2,1,2
2025.11.11,14.35.10,-90.120264,29.934112,-115,-13,15.0,0,0,I,PERIODIC,-109.0,-13.0,6.0,h576,2,1,2
2025.11.11,14.35.11,-90.120264,29.934112,-115,-13,15.0,0,0,I,PERIODIC,-109.0,-13.0,6.0,h576,2,1,2
2025.11.11,14.35.12,-90.120264,29.934112,-115,-13,15.0,0,0,I,PERIODIC,-109.0,-13.0,6.0,h576,2,1,2
2025.11.11,14.35.13,-90.120264,29.934112,-115,-13,15.0,0,0,D,PERIODIC,-109.0,-13.0,6.0,h576,2,1,2
2025.11.11,14.35.14,-90.120264,29.934112,-115,-13,15.0,3,3,D,PERIODIC,-109.0,-13.0,6.0,h576,2,1,2
2025.11.11,14.35.15,-90.120264,29.934112,-115,-13,15.0,0,0,I,PERIODIC,-108.0,-11.0,6.0,h576,2,1,2
2025.11.11,14.35.16,-90.120264,29.934112,-115,-13,15.0,2,2,D,PERIODIC,-108.0,-11.0,6.0,h576,2,1,2
2025.11.11,14.35.17,-90.120264,29.934112,-117,-14,0.0,0,0,D,PERIODIC,-109.0,-13.0,5.0,h576,2,1,2
2025.11.11,14.35.18,-90.120264,29.934112,-117,-14,0.0,0,0,D,PERIODIC,-109.0,-13.0,5.0,h576,2,1,2
2025.11.11,14.35.19,-90.120264,29.934112,-117,-14,0.0,0,0,I,PERIODIC,-110.0,-12.0,5.0,h576,2,1,2
2025.11.11,14.35.20,-90.120264,29.934112,-117,-14,0.0,0,0,I,PERIODIC,-110.0,-12.0,5.0,h576,2,1,2
2025.11.11,14.35.21,-90.120264,29.934112,-119,-15,0.0,1,1,D,PERIODIC,-109.0,-14.0,4.0,h576,2,1,2
2025.11.11,14.35.22,-90.120264,29.934112,-119,-15,0.0,0,0,D,PERIODIC,-109.0,-14.0,4.0,h576,2,1,2
2025.11.11,14.35.23,-90.120264,29.934112,-105,-15,-15.0,0,0,D,HANDOVER_DATA_5G5G,-110.0,-14.0,5.0,h576,2,1,2
2025.11.11,14.35.24,-90.120264,29.934112,-105,-15,-15.0,1,0,D,PERIODIC,-110.0,-14.0,5.0,h576,2,1,2
2025.11.11,14.35.25,-90.120264,29.934112,-106,-17,-15.0,11,0,D,PERIODIC,-110.0,-13.0,5.0,h576,2,1,2
2025.11.11,14.35.26,-90.120264,29.934112,-106,-17,-15.0,0,0,D,PERIODIC,-110.0,-13.0,5.0,h576,2,1,2
2025.11.11,14.35.27,-90.120264,29.934112,-109,-15,6.0,8,8,D,IRAT_HANDOVER_DATA_5G4G,,,,h576,2,1,2
2025.11.11,14.35.28,-90.120264,29.934112,-105,-15,0.0,5,4,D,PERIODIC,-109.0,-15.0,6.0,h576,2,1,2
2025.11.11,14.35.28,-90.120264,29.934112,-105,-15,0.0,5,4,D,,-109.0,-15.0,6.0,h576,2,1,2
2025.11.11,14.35.29,-90.120264,29.934112,-105,-15,-5.0,1,0,D,IRAT_HANDOVER_DATA_4G5G,-108.0,-12.0,5.0,h576,2,1,2
2025.11.11,14.35.30,-90.120264,29.934112,-105,-15,-5.0,0,0,D,PERIODIC,-108.0,-12.0,5.0,h576,2,1,2
2025.11.11,14.35.31,-90.120264,29.934112,-105,-15,-5.0,6,6,D,PERIODIC,-108.0,-11.0,5.0,h576,2,1,2
2025.11.11,14.35.32,-90.120264,29.934112,-105,-15,-5.0,1,1,D,PERIODIC,-108.0,-11.0,5.0,h576,2,1,2
2025.11.11,14.35.33,-90.120264,29.934112,-105,-15,-5.0,4,5,D,PERIODIC,-107.0,-14.0,5.0,h576,2,1,2
2025.11.11,14.35.34,-90.120264,29.934112,-105,-15,-5.0,0,0,D,PERIODIC,-107.0,-14.0,5.0,h576,2,1,2
2025.11.11,14.35.35,-90.120264,29.934112,-105,-15,-5.0,0,0,I,PERIODIC,-108.0,-12.0,5.0,h576,2,1,2
2025.11.11,14.35.36,-90.120264,29.934112,-105,-15,-5.0,0,0,I,PERIODIC,-108.0,-12.0,5.0,h576,2,1,2
2025.11.11,14.35.37,-90.120264,29.934112,-105,-15,-5.0,8,9,D,PERIODIC,-108.0,-12.0,5.0,h576,2,1,2
2025.11.11,14.35.38,-90.120264,29.934112,-108,-17,-3.0,0,0,D,PERIODIC,-107.0,-11.0,6.0,h576,2,1,2
2025.11.11,14.35.39,-90.120264,29.934112,-108,-16,-3.0,0,0,D,PERIODIC,-108.0,-11.0,8.0,h576,2,1,2
2025.11.11,14.35.40,-90.120264,29.934112,-108,-16,-3.0,4,4,D,PERIODIC,-108.0,-11.0,8.0,h576,2,1,2
2025.11.11,14.35.41,-90.120264,29.934112,-108,-16,-3.0,0,0,I,PERIODIC,-109.0,-13.0,8.0,h576,2,1,2
2025.11.11,14.35.42,-90.120264,29.934112,-108,-16,0.0,1,0,D,PERIODIC,-109.0,-13.0,8.0,h576,2,1,2
2025.11.11,14.35.43,-90.120264,29.934112,-109,-14,0.0,5,1,D,PERIODIC,-109.0,-14.0,6.0,h576,2,1,2
2025.12.10,16.30.14,-90.120268,29.934128,-110,-15,7.0,0,0,I,LOG START,,,,2d,2,1,2
2025.12.10,16.30.14,-90.120268,29.934128,-110,-15,7.0,0,0,I,PERIODIC,,,,2d,2,1,2
2025.12.10,16.30.15,-90.120268,29.934128,-110,-14,7.0,9,10,D,PERIODIC,,,,2d,2,1,2
2025.12.10,16.30.16,-90.120268,29.934128,-110,-14,7.0,0,0,D,PERIODIC,,,,2d,2,1,2
2025.12.10,16.30.17,-90.120268,29.934128,-111,-15,7.0,0,0,I,PERIODIC,,,,2d,2,1,2
2025.12.10,16.30.18,-90.120268,29.934128,-111,-15,7.0,0,0,I,PERIODIC,,,,2d,2,1,2
2025.12.10,16.30.19,-90.120268,29.934128,-111,-15,7.0,0,0,D,PERIODIC,,,,2d,2,1,2
2025.12.10,16.30.20,-90.120268,29.934128,-108,-14,-,7,6,D,PERIODIC,-111.0,-15.0,7.0,2d,2,1,2
2025.12.10,16.30.20,-90.120268,29.934128,-108,-14,-,7,6,D,,-111.0,-15.0,7.0,2d,2,1,2
2025.12.10,16.30.21,-90.120268,29.934128,-107,-14,35.0,0,0,D,IRAT_HANDOVER_DATA_4G5G,-111.0,-15.0,8.0,2d,2,1,2
2025.12.10,16.30.22,-90.120268,29.934128,-107,-14,35.0,0,0,D,PERIODIC,-111.0,-15.0,8.0,2d,2,1,2
2025.12.10,16.30.23,-90.120268,29.934128,-107,-14,35.0,0,0,I,PERIODIC,-111.0,-15.0,3.0,2d,2,1,2
2025.12.10,16.30.24,-90.120268,29.934128,-107,-14,35.0,0,0,I,PERIODIC,-111.0,-15.0,3.0,2d,2,1,2
2025.12.10,16.30.25,-90.120268,29.934128,-107,-14,35.0,0,0,I,PERIODIC,-111.0,-15.0,3.0,2d,2,1,2
2025.12.10,16.30.26,-90.120268,29.934128,-107,-14,35.0,0,0,I,PERIODIC,-111.0,-15.0,3.0,2d,2,1,2
2025.12.10,16.30.27,-90.120268,29.934128,-107,-14,35.0,0,0,I,PERIODIC,-111.0,-15.0,3.0,2d,2,1,2
2025.12.10,16.30.28,-90.120268,29.934128,-107,-14,35.0,0,0,I,PERIODIC,-111.0,-15.0,3.0,2d,2,1,2
2025.12.10,16.30.29,-90.120268,29.934128,-107,-14,35.0,0,0,I,PERIODIC,-111.0,-15.0,3.0,2d,2,1,2
2025.12.10,16.30.30,-90.120268,29.934128,-107,-14,35.0,16,17,D,PERIODIC,-111.0,-15.0,3.0,2d,2,1,2
2025.12.10,16.30.31,-90.120272,29.934125,-107,-14,35.0,16,17,D,,-111.0,-15.0,3.0,2d,2,1,2
2025.12.10,16.30.31,-90.120272,29.934125,-107,-14,35.0,0,0,D,PERIODIC,-110.0,-13.0,3.0,2d,2,1,2
2025.12.10,16.30.32,-90.120272,29.934125,-107,-14,35.0,0,0,I,PERIODIC,-110.0,-13.0,3.0,2d,2,1,2
2025.12.10,16.30.33,-90.120272,29.934125,-107,-14,35.0,0,0,I,PERIODIC,-111.0,-17.0,3.0,2d,2,1,2
2025.12.10,16.30.34,-90.120272,29.934125,-107,-14,35.0,0,0,I,PERIODIC,-111.0,-17.0,3.0,2d,2,1,2
2025.12.10,16.30.35,-90.120272,29.934125,-109,-13,35.0,0,0,I,PERIODIC,-110.0,-15.0,4.0,2d,2,1,2
2025.12.10,16.30.36,-90.120272,29.934125,-109,-13,35.0,0,0,I,PERIODIC,-110.0,-15.0,4.0,2d,2,1,2
2025.12.10,16.30.37,-90.120272,29.934125,-109,-13,35.0,0,0,I,PERIODIC,-110.0,-12.0,7.0,2d,2,1,2
2025.12.10,16.30.38,-90.120272,29.934125,-109,-13,35.0,0,0,I,PERIODIC,-110.0,-12.0,7.0,2d,2,1,2
2025.12.10,16.30.39,-90.120272,29.934125,-109,-13,35.0,0,0,I,PERIODIC,-111.0,-15.0,7.0,2d,2,1,2
2025.12.10,16.30.40,-90.120272,29.934125,-109,-13,35.0,0,0,I,PERIODIC,-111.0,-15.0,7.0,2d,2,1,2
2025.12.10,16.30.41,-90.120272,29.934125,-109,-13,35.0,0,0,I,PERIODIC,-111.0,-14.0,7.0,2d,2,1,2
2025.12.10,16.30.42,-90.120272,29.934125,-109,-13,35.0,0,0,I,PERIODIC,-111.0,-14.0,7.0,2d,2,1,2
2025.12.10,16.30.43,-90.120272,29.934125,-109,-13,35.0,0,0,I,PERIODIC,-110.0,-13.0,7.0,2d,2,1,2
2025.12.10,16.30.44,-90.120272,29.934125,-109,-13,35.0,0,0,I,PERIODIC,-110.0,-13.0,7.0,2d,2,1,2
2025.12.10,16.30.45,-90.120272,29.934125,-110,-13,40.0,4,4,D,PERIODIC,-110.0,-15.0,9.0,2d,2,1,2
2025.12.10,16.30.46,-90.120272,29.934125,-110,-13,40.0,1,1,D,PERIODIC,-110.0,-15.0,9.0,2d,2,1,2
2025.12.10,16.30.47,-90.120272,29.934125,-110,-13,40.0,8,10,D,PERIODIC,-110.0,-14.0,9.0,2d,2,1,2
2025.12.10,16.30.48,-90.120272,29.934125,-110,-13,40.0,0,0,D,PERIODIC,-110.0,-14.0,9.0,2d,2,1,2
2025.12.10,16.30.49,-90.120272,29.934125,-110,-13,40.0,15,17,D,PERIODIC,-110.0,-14.0,9.0,2d,2,1,2
2025.12.10,16.30.50,-90.120272,29.934125,-110,-13,40.0,8,8,D,PERIODIC,-110.0,-14.0,9.0,2d,2,1,2
2025.12.10,16.30.51,-90.120272,29.934125,-110,-13,40.0,13,13,D,PERIODIC,-110.0,-14.0,9.0,2d,2,1,2
2025.12.10,16.30.52,-90.120272,29.934125,-110,-13,40.0,6,6,D,PERIODIC,-110.0,-14.0,9.0,2d,2,1,2
2025.12.10,16.30.53,-90.120272,29.934125,-106,-13,35.0,0,0,I,PERIODIC,-110.0,-15.0,7.0,2d,2,1,2
2025.12.10,16.30.54,-90.120272,29.934125,-106,-13,35.0,0,0,I,PERIODIC,-110.0,-15.0,7.0,2d,2,1,2
2025.12.10,16.30.55,-90.120272,29.934125,-106,-13,35.0,0,0,D,PERIODIC,-110.0,-15.0,7.0,2d,2,1,2
2025.12.10,16.30.56,-90.120272,29.934125,-106,-13,35.0,0,0,D,PERIODIC,-110.0,-15.0,7.0,2d,2,1,2
2025.12.10,16.30.57,-90.120272,29.934125,-106,-13,35.0,17951,9395,D,PERIODIC,-111.0,-15.0,7.0,2d,2,1,2
2025.12.10,16.30.58,-90.120272,29.934125,-106,-13,35.0,0,0,I,PERIODIC,-111.0,-15.0,7.0,2d,2,1,2
2025.12.10,16.30.59,-90.120272,29.934125,-106,-13,35.0,13,13,D,PERIODIC,-111.0,-15.0,7.0,2d,2,1,2
2025.12.10,16.31.00,-90.120272,29.934125,-106,-13,35.0,0,0,D,PERIODIC,-111.0,-15.0,7.0,2d,2,1,2
2025.12.10,16.31.01,-90.120272,29.934125,-111,-14,35.0,0,0,D,PERIODIC,-111.0,-15.0,8.0,2d,2,1,2
2025.12.10,16.31.02,-90.120272,29.934125,-111,-14,35.0,0,0,D,PERIODIC,-111.0,-15.0,8.0,2d,2,1,2
2025.12.10,16.31.03,-90.120272,29.934125,-107,-14,35.0,3,3,D,PERIODIC,-110.0,-15.0,10.0,2d,2,1,2
2025.12.10,16.31.04,-90.120272,29.934125,-107,-14,35.0,0,0,D,PERIODIC,-110.0,-15.0,10.0,2d,2,1,2
2025.12.10,16.31.05,-90.120272,29.934125,-110,-13,35.0,0,0,I,PERIODIC,-111.0,-15.0,9.0,2d,2,1,2
2025.12.10,16.31.06,-90.120272,29.934125,-110,-13,35.0,0,0,D,PERIODIC,-111.0,-15.0,9.0,2d,2,1,2
2025.12.10,16.31.07,-90.120272,29.934125,-110,-13,30.0,33416,1097,D,PERIODIC,-110.0,-15.0,8.0,2d,2,1,2
2025.12.10,16.31.08,-90.120272,29.934125,-110,-13,30.0,0,0,D,PERIODIC,-110.0,-15.0,8.0,2d,2,1,2
2025.12.10,16.31.09,-90.120272,29.934125,-110,-13,30.0,0,0,I,PERIODIC,-110.0,-14.0,8.0,2d,2,1,2
2025.12.10,16.31.10,-90.120272,29.934125,-110,-13,30.0,0,0,I,PERIODIC,-110.0,-14.0,8.0,2d,2,1,2
2025.12.10,16.31.11,-90.120272,29.934125,-110,-13,30.0,16903,452,D,PERIODIC,-110.0,-15.0,8.0,2d,2,1,2
2025.12.10,16.31.12,-90.120272,29.934125,-110,-13,30.0,1,1,D,PERIODIC,-110.0,-15.0,8.0,2d,2,1,2
2025.12.10,16.31.13,-90.120272,29.934125,-107,-13,35.0,1,1,D,PERIODIC,-110.0,-14.0,6.0,2d,2,1,2
2025.12.10,16.31.14,-90.120272,29.934125,-107,-13,35.0,2,2,D,PERIODIC,-110.0,-14.0,6.0,2d,2,1,2
2025.12.10,16.31.15,-90.120272,29.934125,-107,-13,35.0,2,4,D,PERIODIC,-111.0,-14.0,6.0,2d,2,1,2
2025.12.10,16.31.16,-90.120272,29.934125,-107,-13,35.0,33453,2525,D,PERIODIC,-111.0,-14.0,6.0,2d,2,1,2
2025.12.10,16.31.17,-90.120272,29.934125,-107,-14,40.0,8,9,D,PERIODIC,-110.0,-15.0,8.0,2d,2,1,2
2025.12.10,16.31.18,-90.120272,29.934125,-107,-14,40.0,5,5,D,PERIODIC,-110.0,-15.0,8.0,2d,2,1,2
2025.12.10,16.31.19,-90.120272,29.934125,-107,-13,35.0,0,0,D,PERIODIC,-110.0,-14.0,7.0,2d,2,1,2
2025.12.10,16.31.20,-90.120272,29.934125,-107,-13,35.0,0,0,D,PERIODIC,-110.0,-14.0,7.0,2d,2,1,2
2025.12.10,16.31.21,-90.120272,29.934125,-107,-13,35.0,20105,1701,D,PERIODIC,-110.0,-14.0,7.0,2d,2,1,2
2025.12.10,16.31.22,-90.120272,29.934125,-107,-13,35.0,99,97,D,PERIODIC,-110.0,-14.0,7.0,2d,2,1,2
2025.12.10,16.31.23,-90.120272,29.934125,-109,-13,4.0,0,0,D,PERIODIC,-110.0,-15.0,9.0,2d,2,1,2
2025.12.10,16.31.24,-90.120272,29.934125,-109,-13,4.0,0,0,I,PERIODIC,-110.0,-15.0,9.0,2d,2,1,2
2025.12.10,16.31.25,-90.120272,29.934125,-109,-13,4.0,0,0,I,PERIODIC,-111.0,-13.0,8.0,2d,2,1,2
2025.12.10,16.31.26,-90.120272,29.934125,-109,-13,4.0,29062,275,D,PERIODIC,-111.0,-13.0,8.0,2d,2,1,2
2025.12.10,16.31.27,-90.120272,29.934125,-109,-13,4.0,0,0,I,PERIODIC,-110.0,-13.0,8.0,2d,2,1,2
2025.12.10,16.31.28,-90.120272,29.934125,-109,-13,4.0,0,0,I,PERIODIC,-110.0,-13.0,8.0,2d,2,1,2
2025.12.10,16.31.29,-90.120272,29.934125,-110,-13,35.0,7,8,D,PERIODIC,-111.0,-14.0,6.0,2d,2,1,2
2025.12.10,16.31.30,-90.120272,29.934125,-110,-13,35.0,0,0,D,PERIODIC,-111.0,-14.0,6.0,2d,2,1,2
2025.12.10,16.31.31,-90.120272,29.934125,-110,-13,35.0,1,1,D,PERIODIC,-111.0,-14.0,6.0,2d,2,1,2
2025.12.10,16.31.32,-90.120272,29.934125,-110,-13,35.0,0,0,D,PERIODIC,-111.0,-14.0,6.0,2d,2,1,2
2025.12.10,16.31.33,-90.120272,29.934125,-107,-13,35.0,0,0,I,PERIODIC,-111.0,-14.0,8.0,2d,2,1,2
2025.12.10,16.31.34,-90.120272,29.934125,-107,-13,35.0,0,0,I,PERIODIC,-111.0,-14.0,8.0,2d,2,1,2
2025.12.10,16.31.35,-90.120272,29.934125,-109,-13,40.0,0,0,I,PERIODIC,-111.0,-14.0,8.0,2d,2,1,2
2025.12.10,16.31.36,-90.120272,29.934125,-109,-13,40.0,37174,528,D,PERIODIC,-111.0,-14.0,8.0,2d,2,1,2
2025.12.10,16.31.37,-90.120272,29.934125,-109,-13,40.0,0,0,I,PERIODIC,-111.0,-15.0,5.0,2d,2,1,2
2025.12.10,16.31.38,-90.120272,29.934125,-109,-13,40.0,0,0,I,PERIODIC,-111.0,-15.0,5.0,2d,2,1,2
2025.12.10,16.31.39,-90.120272,29.934125,-109,-13,40.0,0,0,I,PERIODIC,-111.0,-15.0,5.0,2d,2,1,2
2025.12.10,16.31.40,-90.120272,29.934125,-109,-13,40.0,0,0,I,PERIODIC,-111.0,-15.0,5.0,2d,2,1,2
2025.12.10,16.31.41,-90.120272,29.934125,-109,-13,40.0,0,0,I,PERIODIC,-111.0,-14.0,5.0,2d,2,1,2
2025.12.10,16.31.42,-90.120272,29.934125,-109,-13,40.0,7,9,D,PERIODIC,-111.0,-14.0,5.0,2d,2,1,2
2025.12.10,16.31.43,-90.120272,29.934125,-109,-13,40.0,0,0,D,PERIODIC,-110.0,-14.0,5.0,2d,2,1,2
2025.12.10,16.31.44,-90.120272,29.934125,-109,-13,40.0,5,5,D,PERIODIC,-110.0,-14.0,5.0,2d,2,1,2
2025.12.10,16.31.45,-90.120272,29.934125,-107,-13,30.0,3,3,D,PERIODIC,-110.0,-15.0,9.0,2d,2,1,2
2025.12.10,16.31.46,-90.120272,29.934125,-107,-13,30.0,0,0,D,PERIODIC,-110.0,-15.0,9.0,2d,2,1,2
2025.12.10,16.31.47,-90.120272,29.934125,-108,-14,40.0,27931,1339,D,PERIODIC,-110.0,-14.0,9.0,2d,2,1,2
2025.12.10,16.31.48,-90.120272,29.934125,-108,-14,40.0,0,0,I,PERIODIC,-110.0,-14.0,9.0,2d,2,1,2
2025.12.10,16.31.49,-90.120272,29.934125,-108,-14,40.0,0,0,I,PERIODIC,-109.0,-14.0,9.0,2d,2,1,2
2025.12.10,16.31.50,-90.120272,29.934125,-108,-14,40.0,6,6,D,PERIODIC,-109.0,-14.0,9.0,2d,2,1,2
2025.12.10,16.31.51,-90.120272,29.934125,-108,-14,40.0,0,0,D,PERIODIC,-109.0,-15.0,9.0,2d,2,1,2
2025.12.10,16.31.52,-90.120272,29.934125,-108,-14,40.0,0,0,I,PERIODIC,-109.0,-15.0,9.0,2d,2,1,2
2025.12.10,16.31.53,-90.120272,29.934125,-108,-14,40.0,0,0,I,PERIODIC,-109.0,-15.0,9.0,2d,2,1,2
2025.12.10,16.31.54,-90.120272,29.934125,-108,-14,40.0,0,0,I,PERIODIC,-109.0,-15.0,9.0,2d,2,1,2
2025.12.10,16.31.55,-90.120272,29.934125,-108,-14,40.0,0,0,I,PERIODIC,-109.0,-14.0,9.0,2d,2,1,2
2025.12.10,16.31.56,-90.120272,29.934125,-108,-14,40.0,0,0,I,PERIODIC,-109.0,-14.0,9.0,2d,2,1,2
2025.12.10,16.31.57,-90.120272,29.934125,-108,-14,40.0,13,10,D,PERIODIC,-109.0,-14.0,9.0,2d,2,1,2
2025.12.10,16.31.58,-90.120272,29.934125,-108,-14,40.0,0,0,D,PERIODIC,-109.0,-14.0,9.0,2d,2,1,2
2025.12.10,16.31.59,-90.120272,29.934125,-108,-14,40.0,3,3,D,PERIODIC,-110.0,-14.0,9.0,2d,2,1,2
2025.12.10,16.32.00,-90.120272,29.934125,-108,-14,40.0,0,0,D,PERIODIC,-110.0,-14.0,9.0,2d,2,1,2
2025.12.10,16.32.01,-90.120272,29.934125,-108,-14,40.0,3,0,D,PERIODIC,-110.0,-14.0,9.0,2d,2,1,2
2025.12.10,16.32.02,-90.120272,29.934125,-108,-14,40.0,40512,1128,D,PERIODIC,-110.0,-14.0,9.0,2d,2,1,2
2025.12.10,16.32.03,-90.120272,29.934125,-110,-14,30.0,0,0,I,PERIODIC,-111.0,-14.0,7.0,2d,2,1,2
2025.12.10,16.32.04,-90.120272,29.934125,-110,-14,30.0,0,0,I,PERIODIC,-111.0,-14.0,7.0,2d,2,1,2
2025.12.10,16.32.05,-90.120272,29.934125,-109,-13,35.0,0,0,I,PERIODIC,-111.0,-14.0,7.0,2d,2,1,2
2025.12.10,16.32.06,-90.120272,29.934125,-109,-13,35.0,0,0,I,PERIODIC,-111.0,-14.0,7.0,2d,2,1,2
2025.12.10,16.32.07,-90.120272,29.934125,-109,-13,35.0,0,0,I,PERIODIC,-110.0,-15.0,7.0,2d,2,1,2
2025.12.10,16.32.08,-90.120272,29.934125,-109,-13,35.0,0,0,I,PERIODIC,-110.0,-15.0,7.0,2d,2,1,2
2025.12.10,16.32.09,-90.120272,29.934125,-110,-13,35.0,0,0,I,PERIODIC,-109.0,-13.0,8.0,2d,2,1,2
2025.12.10,16.32.10,-90.120272,29.934125,-110,-13,35.0,0,0,I,PERIODIC,-109.0,-13.0,8.0,2d,2,1,2
2025.12.10,16.32.11,-90.120272,29.934125,-111,-14,40.0,0,0,I,PERIODIC,-109.0,-14.0,8.0,2d,2,1,2
2025.12.10,16.32.12,-90.120272,29.934125,-111,-14,40.0,1,1,D,PERIODIC,-109.0,-14.0,8.0,2d,2,1,2
2025.12.10,16.32.13,-90.120272,29.934125,-108,-13,35.0,1,1,D,PERIODIC,-111.0,-14.0,10.0,2d,2,1,2
2025.12.10,16.32.14,-90.120272,29.934125,-108,-13,35.0,0,0,D,PERIODIC,-111.0,-14.0,10.0,2d,2,1,2
2025.12.10,16.32.15,-90.120272,29.934125,-108,-14,4.0,13,12,D,PERIODIC,-110.0,-14.0,8.0,2d,2,1,2
2025.12.10,16.32.16,-90.120272,29.934125,-108,-14,4.0,0,0,D,PERIODIC,-110.0,-14.0,8.0,2d,2,1,2
2025.12.10,16.32.17,-90.120272,29.934125,-110,-13,4.0,0,0,I,PERIODIC,-110.0,-14.0,8.0,2d,2,1,2
2025.12.10,16.32.18,-90.120272,29.934125,-110,-13,5.0,0,0,I,PERIODIC,-110.0,-14.0,8.0,2d,2,1,2
2025.12.10,16.32.19,-90.120272,29.934125,-109,-13,5.0,0,0,D,PERIODIC,-110.0,-15.0,7.0,2d,2,1,2
2025.12.10,16.32.20,-90.120272,29.934125,-109,-13,5.0,0,0,I,PERIODIC,-110.0,-15.0,7.0,2d,2,1,2
2025.12.10,16.32.21,-90.120272,29.934125,-109,-13,40.0,0,0,I,PERIODIC,-110.0,-14.0,8.0,2d,2,1,2
2025.12.10,16.32.22,-90.120272,29.934125,-109,-13,40.0,0,0,I,PERIODIC,-110.0,-14.0,8.0,2d,2,1,2
2025.12.10,16.32.23,-90.120272,29.934125,-110,-13,40.0,0,0,I,PERIODIC,-111.0,-14.0,8.0,2d,2,1,2
2025.12.10,16.32.24,-90.120272,29.934125,-110,-13,40.0,0,0,I,PERIODIC,-111.0,-14.0,8.0,2d,2,1,2
2025.12.10,16.32.25,-90.120272,29.934125,-110,-13,40.0,0,0,I,PERIODIC,-110.0,-14.0,8.0,2d,2,1,2
2025.12.10,16.32.26,-90.120272,29.934125,-110,-13,40.0,0,0,I,PERIODIC,-110.0,-14.0,8.0,2d,2,1,2
2025.12.10,16.32.27,-90.120272,29.934125,-108,-14,5.0,0,0,I,PERIODIC,-111.0,-15.0,7.0,2d,2,1,2
2025.12.10,16.32.28,-90.120272,29.934125,-108,-14,5.0,0,0,I,PERIODIC,-111.0,-15.0,7.0,2d,2,1,2
2025.12.10,16.32.29,-90.120272,29.934125,-109,-13,5.0,0,0,I,PERIODIC,-111.0,-14.0,8.0,2d,2,1,2
2025.12.10,16.32.30,-90.120272,29.934125,-109,-13,5.0,0,0,D,PERIODIC,-111.0,-14.0,8.0,2d,2,1,2
2025.12.10,16.32.31,-90.120272,29.934125,-109,-13,5.0,3,3,D,PERIODIC,-110.0,-14.0,8.0,2d,2,1,2
2025.12.10,16.32.32,-90.120272,29.934125,-109,-13,4.0,0,0,I,PERIODIC,-110.0,-14.0,8.0,2d,2,1,2
2025.12.10,16.32.33,-90.120272,29.934125,-109,-13,4.0,0,0,I,PERIODIC,-110.0,-14.0,8.0,2d,2,1,2
2025.12.10,16.32.34,-90.120272,29.934125,-109,-13,4.0,0,0,I,PERIODIC,-110.0,-14.0,8.0,2d,2,1,2
2025.12.10,16.32.35,-90.120272,29.934125,-109,-13,5.0,0,0,I,PERIODIC,-110.0,-13.0,8.0,2d,2,1,2
2025.12.10,16.32.36,-90.120272,29.934125,-109,-13,4.0,1,0,D,PERIODIC,-110.0,-13.0,8.0,2d,2,1,2
2025.12.10,16.32.37,-90.120272,29.934125,-107,-13,4.0,0,0,I,PERIODIC,-110.0,-15.0,7.0,2d,2,1,2
2025.12.10,16.32.38,-90.120272,29.934125,-107,-13,4.0,4,2,D,PERIODIC,-110.0,-15.0,7.0,2d,2,1,2
2025.12.10,16.32.39,-90.120272,29.934125,-110,-13,40.0,43,19,D,PERIODIC,-110.0,-14.0,7.0,2d,2,1,2
2025.12.10,16.32.40,-90.120272,29.934125,-110,-13,40.0,0,0,D,PERIODIC,-110.0,-14.0,7.0,2d,2,1,2
2025.12.10,16.32.41,-90.120272,29.934125,-110,-13,40.0,0,2,D,PERIODIC,-110.0,-14.0,7.0,2d,2,1,2
2025.12.10,16.32.42,-90.120272,29.934125,-110,-13,40.0,0,163,D,PERIODIC,-110.0,-14.0,7.0,2d,2,1,2
2025.12.10,16.32.43,-90.120272,29.934125,-107,-13,40.0,0,0,D,PERIODIC,-110.0,-13.0,8.0,2d,2,1,2
2025.12.10,16.32.44,-90.120272,29.934125,-107,-13,40.0,2,0,D,PERIODIC,-110.0,-13.0,8.0,2d,2,1,2
2025.12.10,16.32.45,-90.120272,29.934125,-110,-13,4.0,8,8,D,PERIODIC,-110.0,-13.0,9.0,2d,2,1,2
2025.12.10,16.32.46,-90.120272,29.934125,-110,-13,4.0,0,0,D,PERIODIC,-110.0,-13.0,9.0,2d,2,1,2
2025.12.10,16.32.47,-90.120272,29.934125,-110,-13,4.0,1,1,D,PERIODIC,-110.0,-13.0,9.0,2d,2,1,2
2025.12.10,16.32.48,-90.120272,29.934125,-110,-13,4.0,0,0,I,PERIODIC,-110.0,-13.0,9.0,2d,2,1,2
2025.12.10,16.32.49,-90.120272,29.934125,-110,-13,4.0,0,0,D,PERIODIC,-110.0,-14.0,9.0,2d,2,1,2
2025.12.10,16.32.50,-90.120272,29.934125,-110,-13,4.0,0,4,D,PERIODIC,-110.0,-14.0,9.0,2d,2,1,2
2025.12.10,16.32.51,-90.120272,29.934125,-110,-13,4.0,0,4767,D,PERIODIC,-110.0,-14.0,9.0,2d,2,1,2
2025.12.10,16.32.52,-90.120272,29.934125,-110,-13,4.0,0,0,I,PERIODIC,-110.0,-14.0,9.0,2d,2,1,2
2025.12.10,16.32.53,-90.120272,29.934125,-110,-13,4.0,0,0,I,PERIODIC,-110.0,-14.0,9.0,2d,2,1,2
2025.12.10,16.32.54,-90.120272,29.934125,-110,-13,4.0,0,0,I,PERIODIC,-110.0,-14.0,9.0,2d,2,1,2
2025.12.10,16.32.55,-90.120272,29.934125,-110,-13,4.0,0,0,I,PERIODIC,-110.0,-14.0,9.0,2d,2,1,2
2025.12.10,16.32.56,-90.120272,29.934125,-110,-13,4.0,0,270,D,PERIODIC,-110.0,-14.0,9.0,2d,2,1,2
2025.12.10,16.32.57,-90.120272,29.934125,-110,-13,4.0,0,0,I,PERIODIC,-110.0,-14.0,9.0,2d,2,1,2
2025.12.10,16.32.58,-90.120272,29.934125,-110,-13,4.0,72,74,D,PERIODIC,-110.0,-14.0,9.0,2d,2,1,2
2025.12.10,16.32.59,-90.120272,29.934125,-106,-13,4.0,3,3,D,PERIODIC,-111.0,-14.0,7.0,2d,2,1,2
2025.12.10,16.33.00,-90.120272,29.934125,-106,-13,4.0,3,3,D,PERIODIC,-111.0,-14.0,7.0,2d,2,1,2
2025.12.10,16.33.01,-90.120272,29.934125,-106,-13,4.0,0,0,D,PERIODIC,-111.0,-14.0,7.0,2d,2,1,2
2025.12.10,16.33.02,-90.120272,29.934125,-106,-13,4.0,23,17,D,PERIODIC,-111.0,-14.0,7.0,2d,2,1,2
2025.12.10,16.33.03,-90.120272,29.934125,-106,-13,40.0,0,0,I,PERIODIC,-110.0,-13.0,7.0,2d,2,1,2
2025.12.10,16.33.04,-90.120272,29.934125,-106,-13,40.0,0,0,I,PERIODIC,-110.0,-13.0,7.0,2d,2,1,2
2025.12.10,16.33.05,-90.120272,29.934125,-109,-13,40.0,0,0,I,PERIODIC,-110.0,-13.0,8.0,2d,2,1,2
2025.12.10,16.33.06,-90.120272,29.934125,-109,-13,40.0,0,0,D,PERIODIC,-110.0,-13.0,8.0,2d,2,1,2
2025.12.10,16.33.07,-90.120272,29.934125,-106,-13,35.0,30937,0,D,PERIODIC,-111.0,-14.0,7.0,2d,2,1,2
2025.12.10,16.33.08,-90.120272,29.934125,-106,-13,35.0,0,0,I,PERIODIC,-111.0,-14.0,7.0,2d,2,1,2
2025.12.10,16.33.09,-90.120272,29.934125,-106,-13,35.0,0,0,I,PERIODIC,-111.0,-14.0,7.0,2d,2,1,2
2025.12.10,16.33.10,-90.120272,29.934125,-106,-13,35.0,0,0,I,PERIODIC,-111.0,-14.0,7.0,2d,2,1,2
2025.12.10,16.33.11,-90.120272,29.934125,-106,-13,35.0,0,0,I,PERIODIC,-110.0,-14.0,7.0,2d,2,1,2
2025.12.10,16.33.12,-90.120272,29.934125,-106,-13,35.0,1,1,D,PERIODIC,-110.0,-14.0,7.0,2d,2,1,2
2025.12.10,16.33.13,-90.120272,29.934125,-106,-13,35.0,6,6,D,PERIODIC,-111.0,-14.0,7.0,2d,2,1,2
2025.12.10,16.33.14,-90.120272,29.934125,-106,-13,35.0,0,0,D,PERIODIC,-111.0,-14.0,7.0,2d,2,1,2
2025.12.10,16.33.15,-90.120272,29.934125,-106,-13,35.0,2,0,D,PERIODIC,-112.0,-14.0,7.0,2d,2,1,2
2025.12.10,16.33.16,-90.120272,29.934125,-106,-13,35.0,35148,2065,D,PERIODIC,-112.0,-14.0,7.0,2d,2,1,2
2025.12.10,16.33.17,-90.120272,29.934125,-106,-13,40.0,0,0,I,PERIODIC,-110.0,-15.0,6.0,2d,2,1,2
2025.12.10,16.33.18,-90.120272,29.934125,-106,-13,40.0,0,0,I,PERIODIC,-110.0,-15.0,6.0,2d,2,1,2
2025.12.10,16.33.19,-90.120272,29.934125,-110,-13,40.0,0,0,I,PERIODIC,-110.0,-14.0,8.0,2d,2,1,2
2025.12.10,16.33.20,-90.120272,29.934125,-110,-13,40.0,0,0,I,PERIODIC,-110.0,-14.0,8.0,2d,2,1,2
2025.12.10,16.33.21,-90.120272,29.934125,-110,-13,40.0,2,2,D,PERIODIC,-111.0,-14.0,8.0,2d,2,1,2
2025.12.10,16.33.22,-90.120272,29.934125,-110,-13,40.0,0,0,D,PERIODIC,-111.0,-14.0,8.0,2d,2,1,2
2025.12.10,16.33.23,-90.120272,29.934125,-110,-13,40.0,0,0,I,PERIODIC,-110.0,-14.0,8.0,2d,2,1,2
2025.12.10,16.33.24,-90.120272,29.934125,-110,-13,40.0,626,1915,D,PERIODIC,-110.0,-14.0,8.0,2d,2,1,2
2025.12.10,16.33.25,-90.120272,29.934125,-108,-13,40.0,467,213,D,PERIODIC,-111.0,-14.0,7.0,2d,2,1,2
2025.12.10,16.33.26,-90.120272,29.934125,-108,-13,40.0,0,0,D,PERIODIC,-111.0,-14.0,7.0,2d,2,1,2
2025.12.10,16.33.27,-90.120272,29.934125,-105,-13,40.0,0,0,I,PERIODIC,-110.0,-14.0,5.0,2d,2,1,2
2025.12.10,16.33.28,-90.120272,29.934125,-105,-13,40.0,0,0,I,PERIODIC,-110.0,-14.0,5.0,2d,2,1,2
2025.12.10,16.33.29,-90.120272,29.934125,-105,-13,40.0,6,5,D,PERIODIC,-110.0,-14.0,5.0,2d,2,1,2
2025.12.10,16.33.30,-90.120272,29.934125,-105,-13,40.0,29,9,D,PERIODIC,-110.0,-14.0,5.0,2d,2,1,2
2025.12.10,16.33.31,-90.120272,29.934125,-105,-13,40.0,1,1,D,PERIODIC,-110.0,-14.0,5.0,2d,2,1,2
2025.12.10,16.33.32,-90.120272,29.934125,-105,-13,40.0,0,0,D,PERIODIC,-110.0,-14.0,5.0,2d,2,1,2
2025.12.10,16.33.33,-90.120272,29.934125,-106,-13,30.0,0,0,I,PERIODIC,-110.0,-14.0,7.0,2d,2,1,2
2025.12.10,16.33.34,-90.120272,29.934125,-106,-13,30.0,0,0,I,PERIODIC,-110.0,-14.0,7.0,2d,2,1,2
2025.12.10,16.33.35,-90.120272,29.934125,-109,-13,30.0,0,0,I,PERIODIC,-110.0,-14.0,8.0,2d,2,1,2
2025.12.10,16.33.36,-90.120272,29.934125,-109,-13,30.0,0,0,I,PERIODIC,-110.0,-14.0,8.0,2d,2,1,2
2025.12.10,16.33.37,-90.120272,29.934125,-107,-13,40.0,0,0,I,PERIODIC,-110.0,-14.0,7.0,2d,2,1,2
2025.12.10,16.33.38,-90.120272,29.934125,-107,-13,40.0,0,0,I,PERIODIC,-110.0,-14.0,7.0,2d,2,1,2
2025.12.10,16.33.39,-90.120272,29.934125,-107,-13,40.0,0,0,I,PERIODIC,-110.0,-14.0,7.0,2d,2,1,2
2025.12.10,16.33.40,-90.120272,29.934125,-107,-13,40.0,0,0,I,PERIODIC,-110.0,-14.0,7.0,2d,2,1,2
2025.12.10,16.33.41,-90.120272,29.934125,-107,-13,40.0,0,0,I,PERIODIC,-110.0,-14.0,7.0,2d,2,1,2
2025.12.10,16.33.42,-90.120272,29.934125,-107,-13,40.0,3,3,D,PERIODIC,-110.0,-14.0,7.0,2d,2,1,2
2025.12.10,16.33.43,-90.120272,29.934125,-109,-13,4.0,0,0,D,PERIODIC,-110.0,-14.0,9.0,2d,2,1,2
2025.12.10,16.33.44,-90.120272,29.934125,-109,-13,4.0,0,0,I,PERIODIC,-110.0,-14.0,9.0,2d,2,1,2
2025.12.10,16.33.45,-90.120272,29.934125,-109,-13,4.0,0,0,D,PERIODIC,-110.0,-14.0,9.0,2d,2,1,2
2025.12.10,16.33.46,-90.120272,29.934125,-109,-13,5.0,1,1,D,PERIODIC,-110.0,-14.0,9.0,2d,2,1,2
2025.12.10,16.33.47,-90.120272,29.934125,-109,-13,5.0,0,0,I,PERIODIC,-112.0,-15.0,9.0,2d,2,1,2
2025.12.10,16.33.48,-90.120272,29.934125,-109,-13,4.0,0,0,I,PERIODIC,-112.0,-15.0,9.0,2d,2,1,2
2025.12.10,16.33.49,-90.120272,29.934125,-106,-13,40.0,0,0,I,PERIODIC,-112.0,-15.0,7.0,2d,2,1,2
2025.12.10,16.33.50,-90.120272,29.934125,-106,-13,40.0,0,0,I,PERIODIC,-112.0,-15.0,7.0,2d,2,1,2
2025.12.10,16.33.51,-90.120272,29.934125,-106,-13,40.0,0,0,I,PERIODIC,-111.0,-15.0,7.0,2d,2,1,2
2025.12.10,16.33.52,-90.120272,29.934125,-106,-13,40.0,0,0,I,PERIODIC,-111.0,-15.0,7.0,2d,2,1,2
2025.12.10,16.33.53,-90.120272,29.934125,-106,-13,35.0,0,0,I,PERIODIC,-111.0,-15.0,8.0,2d,2,1,2
2025.12.10,16.33.54,-90.120272,29.934125,-106,-13,35.0,0,0,I,PERIODIC,-111.0,-15.0,8.0,2d,2,1,2
2025.12.10,16.33.55,-90.120272,29.934125,-106,-13,35.0,0,0,I,PERIODIC,-111.0,-14.0,8.0,2d,2,1,2
2025.12.10,16.33.56,-90.120272,29.934125,-106,-13,35.0,50871,2771,D,PERIODIC,-111.0,-14.0,8.0,2d,2,1,2
2025.12.10,16.33.57,-90.120272,29.934125,-106,-13,35.0,0,0,I,PERIODIC,-110.0,-14.0,8.0,2d,2,1,2
2025.12.10,16.33.58,-90.120272,29.934125,-106,-13,35.0,0,0,I,PERIODIC,-110.0,-14.0,8.0,2d,2,1,2
2025.12.10,16.33.59,-90.120272,29.934125,-107,-14,4.0,0,0,D,PERIODIC,-111.0,-14.0,8.0,2d,2,1,2
2025.12.10,16.34.00,-90.120272,29.934125,-107,-14,4.0,9,689,D,PERIODIC,-111.0,-14.0,8.0,2d,2,1,2
2025.12.10,16.34.01,-90.120272,29.934125,-110,-14,4.0,0,0,D,PERIODIC,-111.0,-14.0,8.0,2d,2,1,2
2025.12.10,16.34.02,-90.120272,29.934125,-110,-14,4.0,12,12,D,PERIODIC,-111.0,-14.0,8.0,2d,2,1,2
2025.12.10,16.34.03,-90.120272,29.934125,-107,-13,4.0,0,0,D,PERIODIC,-110.0,-15.0,8.0,2d,2,1,2
2025.12.10,16.34.04,-90.120272,29.934125,-107,-13,4.0,0,0,I,PERIODIC,-110.0,-15.0,8.0,2d,2,1,2
2025.12.10,16.34.05,-90.120272,29.934125,-107,-13,4.0,35486,1075,D,PERIODIC,-111.0,-15.0,8.0,2d,2,1,2
2025.12.10,16.34.06,-90.120272,29.934125,-107,-13,4.0,0,0,D,PERIODIC,-111.0,-15.0,8.0,2d,2,1,2
2025.12.10,16.34.07,-90.120272,29.934125,-108,-13,35.0,0,0,I,PERIODIC,-111.0,-15.0,7.0,2d,2,1,2
2025.12.10,16.34.09,-90.120272,29.934125,-108,-13,35.0,0,0,I,PERIODIC,-111.0,-15.0,7.0,2d,2,1,2
2025.12.10,16.34.10,-90.120272,29.934125,-108,-13,35.0,0,0,I,PERIODIC,-110.0,-14.0,7.0,2d,2,1,2
2025.12.10,16.34.11,-90.120272,29.934125,-108,-13,35.0,35801,331,D,PERIODIC,-110.0,-14.0,7.0,2d,2,1,2
2025.12.10,16.34.12,-90.120272,29.934125,-108,-13,35.0,0,0,D,PERIODIC,-111.0,-14.0,7.0,2d,2,1,2
2025.12.10,16.34.13,-90.120272,29.934125,-108,-13,35.0,2,2,D,PERIODIC,-111.0,-14.0,7.0,2d,2,1,2
2025.12.10,16.34.14,-90.120272,29.934125,-108,-13,35.0,0,0,D,PERIODIC,-111.0,-15.0,7.0,2d,2,1,2
2025.12.10,16.34.15,-90.120272,29.934125,-108,-13,35.0,0,0,D,PERIODIC,-111.0,-15.0,7.0,2d,2,1,2
2025.12.10,16.34.16,-90.120272,29.934125,-108,-13,35.0,35639,1657,D,PERIODIC,-111.0,-15.0,7.0,2d,2,1,2
2025.12.10,16.34.17,-90.120272,29.934125,-108,-13,35.0,9,10,D,PERIODIC,-111.0,-15.0,7.0,2d,2,1,2
2025.12.10,16.34.18,-90.120272,29.934125,-108,-13,35.0,46,14,D,PERIODIC,-111.0,-15.0,7.0,2d,2,1,2
2025.12.10,16.34.19,-90.120272,29.934125,-108,-13,35.0,0,0,D,PERIODIC,-111.0,-15.0,7.0,2d,2,1,2
2025.12.10,16.34.20,-90.120272,29.934125,-108,-13,35.0,0,0,I,PERIODIC,-110.0,-14.0,7.0,2d,2,1,2
2025.12.10,16.34.21,-90.120272,29.934125,-108,-13,35.0,34140,1363,D,PERIODIC,-110.0,-14.0,7.0,2d,2,1,2
2025.12.10,16.34.22,-90.120272,29.934125,-108,-13,35.0,0,0,D,PERIODIC,-111.0,-14.0,7.0,2d,2,1,2
2025.12.10,16.34.23,-90.120272,29.934125,-108,-13,35.0,27,27,D,PERIODIC,-111.0,-14.0,7.0,2d,2,1,2
2025.12.10,16.34.24,-90.120272,29.934125,-105,-13,5.0,0,0,D,PERIODIC,-110.0,-14.0,8.0,2d,2,1,2
2025.12.10,16.34.25,-90.120272,29.934125,-105,-13,5.0,0,0,I,PERIODIC,-110.0,-14.0,8.0,2d,2,1,2
2025.12.10,16.34.26,-90.120272,29.934125,-105,-13,5.0,0,0,I,PERIODIC,-110.0,-13.0,8.0,2d,2,1,2
2025.12.10,16.34.27,-90.120272,29.934125,-105,-13,5.0,0,0,I,PERIODIC,-110.0,-13.0,8.0,2d,2,1,2
2025.12.10,16.34.28,-90.120272,29.934125,-108,-13,5.0,0,0,I,PERIODIC,-110.0,-14.0,10.0,2d,2,1,2
2025.12.10,16.34.29,-90.120272,29.934125,-108,-13,5.0,0,0,I,PERIODIC,-110.0,-14.0,10.0,2d,2,1,2
2025.12.10,16.34.30,-90.120272,29.934125,-108,-13,5.0,0,0,I,PERIODIC,-110.0,-14.0,10.0,2d,2,1,2
2025.12.10,16.34.31,-90.120272,29.934125,-108,-13,5.0,28061,488,D,PERIODIC,-110.0,-14.0,10.0,2d,2,1,2
2025.12.10,16.34.32,-90.120272,29.934125,-108,-13,5.0,0,0,D,PERIODIC,-110.0,-13.0,10.0,2d,2,1,2
2025.12.10,16.34.33,-90.120272,29.934125,-108,-13,4.0,0,0,I,PERIODIC,-110.0,-13.0,10.0,2d,2,1,2
2025.12.10,16.34.34,-90.120272,29.934125,-108,-13,40.0,0,0,I,PERIODIC,-110.0,-14.0,10.0,2d,2,1,2
2025.12.10,16.34.35,-90.120272,29.934125,-108,-13,40.0,0,0,I,PERIODIC,-110.0,-14.0,10.0,2d,2,1,2
2025.12.10,16.34.36,-90.120272,29.934125,-108,-13,40.0,0,0,I,PERIODIC,-110.0,-15.0,10.0,2d,2,1,2
2025.12.10,16.34.37,-90.120272,29.934125,-108,-13,40.0,0,0,I,PERIODIC,-110.0,-15.0,10.0,2d,2,1,2
2025.12.10,16.34.38,-90.120272,29.934125,-108,-13,40.0,0,0,I,PERIODIC,-110.0,-15.0,10.0,2d,2,1,2
2025.12.10,16.34.39,-90.120272,29.934125,-108,-13,40.0,0,0,I,PERIODIC,-110.0,-15.0,10.0,2d,2,1,2
2025.12.10,16.34.40,-90.120272,29.934125,-109,-12,5.0,0,0,I,PERIODIC,-110.0,-16.0,8.0,2d,2,1,2
2025.12.10,16.34.41,-90.120272,29.934125,-109,-12,4.0,0,0,I,PERIODIC,-110.0,-16.0,8.0,2d,2,1,2
2025.12.10,16.34.42,-90.120272,29.934125,-109,-13,40.0,0,0,I,PERIODIC,-111.0,-14.0,9.0,2d,2,1,2
2025.12.10,16.34.43,-90.120272,29.934125,-109,-13,40.0,0,0,D,PERIODIC,-111.0,-14.0,9.0,2d,2,1,2
2025.12.10,16.34.44,-90.120272,29.934125,-109,-13,40.0,12,14,D,PERIODIC,-110.0,-14.0,9.0,2d,2,1,2
2025.12.10,16.34.45,-90.120272,29.934125,-109,-13,40.0,0,0,D,PERIODIC,-110.0,-14.0,9.0,2d,2,1,2
2025.12.10,16.34.46,-90.120272,29.934125,-107,-13,35.0,0,3,D,PERIODIC,-110.0,-14.0,7.0,2d,2,1,2
2025.12.10,16.34.47,-90.120272,29.934125,-107,-13,35.0,0,0,D,PERIODIC,-110.0,-14.0,7.0,2d,2,1,2
2025.12.10,16.34.48,-90.120272,29.934125,-107,-13,35.0,1,1,D,PERIODIC,-110.0,-14.0,7.0,2d,2,1,2
2025.12.10,16.34.49,-90.120272,29.934125,-107,-13,35.0,0,0,I,PERIODIC,-110.0,-14.0,7.0,2d,2,1,2
2025.12.10,16.34.50,-90.120272,29.934125,-108,-13,40.0,4,5,D,PERIODIC,-110.0,-15.0,7.0,2d,2,1,2
2025.12.10,16.34.51,-90.120272,29.934125,-108,-13,40.0,0,0,I,PERIODIC,-110.0,-15.0,7.0,2d,2,1,2
2025.12.10,16.34.52,-90.120272,29.934125,-108,-13,40.0,0,0,I,PERIODIC,-110.0,-15.0,7.0,2d,2,1,2
2025.12.10,16.34.53,-90.120272,29.934125,-110,-13,40.0,0,0,I,PERIODIC,-110.0,-14.0,7.0,2d,2,1,2
2025.12.10,16.34.54,-90.120272,29.934125,-110,-14,35.0,0,0,I,PERIODIC,-110.0,-14.0,8.0,2d,2,1,2
2025.12.10,16.34.55,-90.120272,29.934125,-110,-14,35.0,1,1,D,PERIODIC,-110.0,-14.0,8.0,2d,2,1,2
2025.12.10,16.34.56,-90.120272,29.934125,-107,-13,35.0,0,0,I,PERIODIC,-110.0,-14.0,9.0,2d,2,1,2
2025.12.10,16.34.57,-90.120272,29.934125,-107,-13,35.0,0,0,D,PERIODIC,-110.0,-14.0,9.0,2d,2,1,2
2025.12.10,16.34.58,-90.120272,29.934125,-107,-13,35.0,0,0,I,PERIODIC,-110.0,-15.0,9.0,2d,2,1,2
2025.12.10,16.34.59,-90.120272,29.934125,-107,-13,35.0,0,0,I,PERIODIC,-110.0,-15.0,9.0,2d,2,1,2
2025.12.10,16.35.00,-90.120272,29.934125,-108,-13,40.0,1,1,D,PERIODIC,-110.0,-14.0,9.0,2d,2,1,2
2025.12.10,16.35.01,-90.120272,29.934125,-108,-13,40.0,4,4,D,PERIODIC,-110.0,-14.0,9.0,2d,2,1,2
2025.12.10,16.35.02,-90.120272,29.934125,-108,-13,40.0,0,0,D,PERIODIC,-110.0,-15.0,9.0,2d,2,1,2
2025.12.10,16.35.03,-90.120272,29.934125,-108,-13,40.0,0,0,I,PERIODIC,-110.0,-15.0,9.0,2d,2,1,2
2025.12.10,16.35.04,-90.120272,29.934125,-111,-14,40.0,0,0,I,PERIODIC,-109.0,-15.0,8.0,2d,2,1,2
2025.12.10,16.35.05,-90.120272,29.934125,-111,-14,40.0,0,0,I,PERIODIC,-109.0,-15.0,8.0,2d,2,1,2
2025.12.10,16.35.06,-90.120272,29.934125,-109,-13,5.0,0,1,D,PERIODIC,-109.0,-16.0,8.0,2d,2,1,2
2025.12.10,16.35.07,-90.120272,29.934125,-109,-13,4.0,0,0,I,PERIODIC,-109.0,-16.0,8.0,2d,2,1,2
2025.12.10,16.35.08,-90.120272,29.934125,-107,-13,5.0,0,0,I,PERIODIC,-110.0,-14.0,7.0,2d,2,1,2
2025.12.10,16.35.09,-90.120272,29.934125,-107,-13,4.0,0,0,I,PERIODIC,-110.0,-14.0,7.0,2d,2,1,2
2025.12.10,16.35.10,-90.120272,29.934125,-107,-13,4.0,0,0,I,PERIODIC,-111.0,-14.0,7.0,2d,2,1,2
2025.12.10,16.35.11,-90.120272,29.934125,-107,-13,5.0,0,0,I,PERIODIC,-111.0,-14.0,7.0,2d,2,1,2
2025.12.10,16.35.12,-90.120272,29.934125,-110,-13,5.0,0,0,I,PERIODIC,-111.0,-14.0,8.0,2d,2,1,2
2025.12.10,16.35.13,-90.120272,29.934125,-110,-13,5.0,6,6,D,PERIODIC,-111.0,-14.0,8.0,2d,2,1,2
2025.12.10,16.35.14,-90.120272,29.934125,-110,-13,5.0,3,3,D,PERIODIC,-111.0,-14.0,8.0,2d,2,1,2
2025.12.10,16.35.15,-90.120272,29.934125,-110,-13,5.0,0,1,D,PERIODIC,-111.0,-14.0,8.0,2d,2,1,2
2025.12.10,16.35.16,-90.120272,29.934125,-110,-13,5.0,0,7,D,PERIODIC,-111.0,-14.0,8.0,2d,2,1,2
2025.12.10,16.35.17,-90.120272,29.934125,-110,-13,5.0,0,0,D,PERIODIC,-111.0,-14.0,8.0,2d,2,1,2
2025.12.10,16.35.18,-90.120272,29.934125,-110,-13,5.0,1,1,D,PERIODIC,-111.0,-14.0,8.0,2d,2,1,2
2025.12.10,16.35.19,-90.120272,29.934125,-110,-13,5.0,0,0,I,PERIODIC,-111.0,-14.0,8.0,2d,2,1,2
2025.12.10,16.35.20,-90.120272,29.934125,-109,-13,5.0,0,0,I,PERIODIC,-110.0,-15.0,8.0,2d,2,1,2
2025.12.10,16.35.21,-90.120272,29.934125,-109,-13,5.0,159,323,D,PERIODIC,-110.0,-15.0,8.0,2d,2,1,2
2025.12.10,16.35.22,-90.120272,29.934125,-107,-13,5.0,130,642,D,PERIODIC,-111.0,-14.0,7.0,2d,2,1,2
2025.12.10,16.35.23,-90.120272,29.934125,-107,-13,5.0,31,260,D,PERIODIC,-111.0,-14.0,7.0,2d,2,1,2
2025.12.10,16.35.24,-90.120272,29.934125,-107,-13,5.0,65,129,D,PERIODIC,-111.0,-14.0,7.0,2d,2,1,2
2025.12.10,16.35.25,-90.120272,29.934125,-106,-13,5.0,0,273,D,PERIODIC,-111.0,-14.0,8.0,2d,2,1,2
2025.12.10,16.35.26,-90.120272,29.934125,-106,-13,5.0,0,5,D,PERIODIC,-111.0,-14.0,8.0,2d,2,1,2
2025.12.10,16.35.27,-90.120272,29.934125,-106,-13,5.0,0,0,D,PERIODIC,-111.0,-14.0,8.0,2d,2,1,2
2025.12.10,16.35.28,-90.120272,29.934125,-106,-13,5.0,17,1,D,PERIODIC,-111.0,-14.0,8.0,2d,2,1,2
2025.12.10,16.35.29,-90.120272,29.934125,-106,-13,5.0,0,0,I,PERIODIC,-111.0,-14.0,8.0,2d,2,1,2
2025.12.10,16.35.30,-90.120272,29.934125,-106,-13,5.0,0,3,D,PERIODIC,-111.0,-15.0,8.0,2d,2,1,2
2025.12.10,16.35.31,-90.120272,29.934125,-106,-13,4.0,0,0,D,PERIODIC,-111.0,-15.0,8.0,2d,2,1,2
2025.12.10,16.35.32,-90.120272,29.934125,-108,-13,4.0,3,2,D,PERIODIC,-111.0,-13.0,7.0,2d,2,1,2
2025.12.10,16.35.33,-90.120272,29.934125,-108,-13,4.0,0,0,I,PERIODIC,-111.0,-13.0,7.0,2d,2,1,2
2025.12.10,16.35.34,-90.120272,29.934125,-108,-13,4.0,0,0,I,PERIODIC,-110.0,-14.0,7.0,2d,2,1,2
2025.12.10,16.35.35,-90.120272,29.934125,-108,-13,4.0,0,0,I,PERIODIC,-110.0,-14.0,7.0,2d,2,1,2
2025.12.10,16.35.36,-90.120272,29.934125,-108,-13,4.0,0,0,I,PERIODIC,-110.0,-14.0,7.0,2d,2,1,2
2025.12.10,16.35.37,-90.120272,29.934125,-108,-13,5.0,0,0,I,PERIODIC,-110.0,-14.0,7.0,2d,2,1,2
2025.12.10,16.35.38,-90.120272,29.934125,-105,-12,5.0,0,0,I,PERIODIC,-110.0,-14.0,9.0,2d,2,1,2
2025.12.10,16.35.39,-90.120272,29.934125,-105,-12,4.0,0,0,I,PERIODIC,-110.0,-14.0,9.0,2d,2,1,2
2025.12.10,16.35.40,-90.120272,29.934125,-106,-13,4.0,0,0,I,PERIODIC,-110.0,-13.0,7.0,2d,2,1,2
2025.12.10,16.35.41,-90.120272,29.934125,-106,-13,4.0,0,0,I,PERIODIC,-110.0,-13.0,7.0,2d,2,1,2
2025.12.10,16.35.42,-90.120272,29.934125,-106,-13,4.0,0,0,I,PERIODIC,-110.0,-15.0,7.0,2d,2,1,2
2025.12.10,16.35.43,-90.120272,29.934125,-106,-13,4.0,8,6,D,PERIODIC,-110.0,-15.0,7.0,2d,2,1,2
2025.12.10,16.35.44,-90.120272,29.934125,-107,-13,4.0,4,4,D,PERIODIC,-111.0,-14.0,8.0,2d,2,1,2
2025.12.10,16.35.45,-90.120272,29.934125,-107,-13,4.0,0,0,D,PERIODIC,-111.0,-14.0,8.0,2d,2,1,2
2025.12.10,16.35.46,-90.120272,29.934125,-107,-13,4.0,2,2,D,PERIODIC,-110.0,-14.0,8.0,2d,2,1,2
2025.12.10,16.35.47,-90.120272,29.934125,-107,-13,4.0,0,0,D,PERIODIC,-110.0,-14.0,8.0,2d,2,1,2
2025.12.10,16.35.48,-90.120272,29.934125,-108,-13,35.0,1,1,D,PERIODIC,-110.0,-14.0,7.0,2d,2,1,2
2025.12.10,16.35.49,-90.120272,29.934125,-108,-13,35.0,0,1,D,PERIODIC,-110.0,-14.0,7.0,2d,2,1,2
2025.12.10,16.35.50,-90.120272,29.934125,-108,-13,35.0,1,1,D,PERIODIC,-110.0,-15.0,7.0,2d,2,1,2
2025.12.10,16.35.51,-90.120272,29.934125,-108,-13,35.0,0,0,I,PERIODIC,-110.0,-15.0,7.0,2d,2,1,2
2025.12.10,16.35.52,-90.120272,29.934125,-106,-13,5.0,0,0,I,PERIODIC,-111.0,-14.0,8.0,2d,2,1,2
2025.12.10,16.35.53,-90.120272,29.934125,-106,-13,5.0,0,0,I,PERIODIC,-111.0,-14.0,8.0,2d,2,1,2
2025.12.10,16.35.54,-90.120272,29.934125,-106,-13,5.0,0,0,I,PERIODIC,-110.0,-15.0,8.0,2d,2,1,2
2025.12.10,16.35.55,-90.120272,29.934125,-106,-13,5.0,0,0,I,PERIODIC,-110.0,-15.0,8.0,2d,2,1,2
2025.12.10,16.35.56,-90.120272,29.934125,-108,-12,4.0,0,0,I,PERIODIC,-110.0,-15.0,7.0,2d,2,1,2
2025.12.10,16.35.57,-90.120272,29.934125,-108,-12,3.0,0,0,I,PERIODIC,-110.0,-15.0,7.0,2d,2,1,2
2025.12.10,16.35.58,-90.120272,29.934125,-109,-13,35.0,0,0,I,PERIODIC,-110.0,-14.0,6.0,2d,2,1,2
2025.12.10,16.35.59,-90.120272,29.934125,-109,-13,35.0,1,1,D,PERIODIC,-110.0,-14.0,6.0,2d,2,1,2
2025.12.10,16.36.00,-90.120272,29.934125,-110,-13,40.0,2,2,D,PERIODIC,-110.0,-14.0,9.0,2d,2,1,2
2025.12.10,16.36.01,-90.120272,29.934125,-110,-13,40.0,0,2,D,PERIODIC,-110.0,-14.0,9.0,2d,2,1,2
2025.12.10,16.36.02,-90.120272,29.934125,-108,-13,30.0,0,0,I,PERIODIC,-110.0,-14.0,10.0,2d,2,1,2
2025.12.10,16.36.03,-90.120272,29.934125,-108,-13,30.0,0,0,I,PERIODIC,-110.0,-14.0,10.0,2d,2,1,2
2025.12.10,16.36.04,-90.120272,29.934125,-108,-13,30.0,7,9,D,PERIODIC,-110.0,-15.0,10.0,2d,2,1,2
2025.12.10,16.36.05,-90.120272,29.934125,-108,-13,30.0,0,0,I,PERIODIC,-110.0,-15.0,10.0,2d,2,1,2
2025.12.10,16.36.06,-90.120272,29.934125,-108,-13,30.0,0,0,I,PERIODIC,-110.0,-15.0,10.0,2d,2,1,2
2025.11.14,15.23.07,-90.120266,29.934115,-111,-16,5.0,0,0,I,LOG START,-108.0,-14.0,9.0,hn,2,1,2
2025.11.14,15.23.07,-90.120266,29.934115,-111,-16,5.0,7,5,D,PERIODIC,-108.0,-14.0,9.0,hn,2,1,2
2025.11.14,15.23.08,-90.120266,29.934115,-108,-15,10.0,0,0,D,PERIODIC,-108.0,-13.0,8.0,hn,2,1,2
2025.11.14,15.23.09,-90.120266,29.934115,-107,-15,10.0,0,0,I,PERIODIC,-107.0,-12.0,9.0,hn,2,1,2
2025.11.14,15.23.10,-90.120266,29.934115,-107,-15,10.0,0,0,I,PERIODIC,-107.0,-12.0,9.0,hn,2,1,2
2025.11.14,15.23.11,-90.120266,29.934115,-107,-14,5.0,0,0,I,CELL_RESELECTION_5G5G,-105.0,-12.0,10.0,hn,2,1,2
2025.11.14,15.23.12,-90.120266,29.934115,-107,-14,5.0,1,1,D,PERIODIC,-105.0,-12.0,10.0,hn,2,1,2
2025.11.14,15.23.13,-90.120266,29.934115,-107,-15,-10.0,0,0,I,PERIODIC,-105.0,-13.0,10.0,hn,2,1,2
2025.11.14,15.23.14,-90.120266,29.934115,-107,-15,-10.0,18,18,D,PERIODIC,-105.0,-13.0,10.0,hn,2,1,2
2025.11.14,15.23.15,-90.120266,29.934115,-107,-15,-10.0,8,8,D,PERIODIC,-106.0,-13.0,10.0,hn,2,1,2
2025.11.14,15.23.16,-90.120266,29.934115,-107,-15,-10.0,7,7,D,PERIODIC,-106.0,-13.0,10.0,hn,2,1,2
2025.11.14,15.23.17,-90.120266,29.934115,-106,-14,-10.0,2,2,D,PERIODIC,-106.0,-13.0,10.0,hn,2,1,2
2025.11.14,15.23.18,-90.120266,29.934115,-106,-14,-10.0,0,0,I,PERIODIC,-106.0,-13.0,10.0,hn,2,1,2
2025.11.14,15.23.19,-90.120266,29.934115,-106,-15,-10.0,0,1,D,PERIODIC,-105.0,-13.0,11.0,hn,2,1,2
2025.11.14,15.23.20,-90.120266,29.934115,-106,-15,-10.0,0,0,D,PERIODIC,-105.0,-13.0,11.0,hn,2,1,2
2025.11.14,15.23.21,-90.120266,29.934115,-106,-14,-10.0,18,19,D,PERIODIC,-106.0,-12.0,10.0,hn,2,1,2
2025.11.14,15.23.22,-90.120266,29.934115,-106,-14,-10.0,25,24,D,PERIODIC,-106.0,-12.0,10.0,hn,2,1,2
2025.11.14,15.23.23,-90.120266,29.934115,-107,-15,-10.0,2,2,D,PERIODIC,-106.0,-13.0,10.0,hn,2,1,2
2025.11.14,15.23.24,-90.120266,29.934115,-107,-15,-10.0,1,1,D,PERIODIC,-106.0,-13.0,10.0,hn,2,1,2
2025.11.14,15.23.25,-90.120266,29.934115,-107,-15,-10.0,1,1,D,PERIODIC,-106.0,-14.0,10.0,hn,2,1,2
2025.11.14,15.23.26,-90.120266,29.934115,-107,-15,-10.0,1,1,D,PERIODIC,-106.0,-14.0,10.0,hn,2,1,2
2025.11.14,15.23.27,-90.120266,29.934115,-106,-15,-20.0,0,0,I,PERIODIC,-106.0,-12.0,9.0,hn,2,1,2
2025.11.14,15.23.28,-90.120266,29.934115,-106,-15,-20.0,0,0,I,PERIODIC,-106.0,-12.0,9.0,hn,2,1,2
2025.11.14,15.23.29,-90.120266,29.934115,-106,-15,-10.0,0,0,I,PERIODIC,-106.0,-13.0,10.0,hn,2,1,2
2025.11.14,15.23.30,-90.120266,29.934115,-106,-15,-10.0,0,0,I,PERIODIC,-106.0,-13.0,10.0,hn,2,1,2
2025.11.14,15.23.31,-90.120266,29.934115,-106,-14,0.0,0,0,I,PERIODIC,-106.0,-11.0,11.0,hn,2,1,2
2025.11.14,15.23.32,-90.120266,29.934115,-106,-14,0.0,0,0,I,PERIODIC,-106.0,-11.0,11.0,hn,2,1,2
2025.11.14,15.23.33,-90.120266,29.934115,-106,-14,0.0,0,0,I,PERIODIC,-106.0,-14.0,11.0,hn,2,1,2
2025.11.14,15.23.34,-90.120266,29.934115,-106,-14,0.0,3,3,D,PERIODIC,-106.0,-14.0,11.0,hn,2,1,2
2025.11.14,15.23.35,-90.120266,29.934115,-106,-14,0.0,0,0,I,PERIODIC,-106.0,-12.0,11.0,hn,2,1,2
2025.11.14,15.23.36,-90.120266,29.934115,-106,-14,0.0,0,0,I,PERIODIC,-106.0,-12.0,11.0,hn,2,1,2
2025.11.14,15.23.37,-90.120266,29.934115,-107,-15,-15.0,3,3,D,PERIODIC,-106.0,-13.0,10.0,hn,2,1,2
2025.11.14,15.23.38,-90.120266,29.934115,-107,-15,-15.0,10,13,D,PERIODIC,-106.0,-13.0,10.0,hn,2,1,2
2025.11.14,15.23.39,-90.120266,29.934115,-107,-15,-15.0,9,11,D,PERIODIC,-106.0,-13.0,10.0,hn,2,1,2
2025.11.14,15.23.40,-90.120266,29.934115,-107,-15,-15.0,0,0,D,PERIODIC,-106.0,-13.0,10.0,hn,2,1,2
2025.11.14,15.23.41,-90.120266,29.934115,-107,-15,-15.0,0,0,I,PERIODIC,-106.0,-13.0,10.0,hn,2,1,2
2025.11.14,15.23.42,-90.120266,29.934115,-107,-15,-15.0,34,34,D,PERIODIC,-106.0,-13.0,10.0,hn,2,1,2
2025.11.14,15.23.43,-90.120266,29.934115,-107,-15,-15.0,0,36,D,PERIODIC,-106.0,-14.0,10.0,hn,2,1,2
2025.11.14,15.23.44,-90.120266,29.934115,-107,-15,-15.0,0,0,D,PERIODIC,-106.0,-14.0,10.0,hn,2,1,2
2025.11.14,15.23.45,-90.120266,29.934115,-107,-15,-15.0,12090,12772,D,PERIODIC,-106.0,-13.0,10.0,hn,2,1,2
2025.11.14,15.23.46,-90.120266,29.934115,-107,-15,-15.0,0,0,D,PERIODIC,-106.0,-13.0,10.0,hn,2,1,2
2025.11.14,15.23.47,-90.120266,29.934115,-107,-15,-15.0,3,3,D,PERIODIC,-106.0,-14.0,10.0,hn,2,1,2
2025.11.14,15.23.48,-90.120266,29.934115,-107,-15,-15.0,0,0,D,PERIODIC,-106.0,-14.0,10.0,hn,2,1,2
2025.11.14,15.23.49,-90.120266,29.934115,-107,-15,-15.0,16692,3037,D,PERIODIC,-106.0,-13.0,10.0,hn,2,1,2
2025.11.14,15.23.50,-90.120266,29.934115,-107,-15,-15.0,0,0,D,PERIODIC,-106.0,-13.0,10.0,hn,2,1,2
2025.11.14,15.23.51,-90.120266,29.934115,-107,-15,-15.0,0,0,I,PERIODIC,-106.0,-13.0,10.0,hn,2,1,2
2025.11.14,15.23.52,-90.120266,29.934115,-107,-15,-15.0,0,3,D,PERIODIC,-106.0,-13.0,10.0,hn,2,1,2
2025.11.14,15.23.53,-90.120266,29.934115,-106,-14,-5.0,0,2,D,PERIODIC,-106.0,-14.0,10.0,hn,2,1,2
2025.11.14,15.23.54,-90.120266,29.934115,-106,-14,-5.0,0,0,D,PERIODIC,-106.0,-14.0,10.0,hn,2,1,2
2025.11.14,15.23.55,-90.120266,29.934115,-106,-15,-10.0,0,0,I,PERIODIC,-106.0,-13.0,10.0,hn,2,1,2
2025.11.14,15.23.56,-90.120266,29.934115,-106,-15,-10.0,0,0,I,PERIODIC,-106.0,-13.0,10.0,hn,2,1,2
2025.11.14,15.23.57,-90.120266,29.934115,-106,-15,-10.0,0,0,I,PERIODIC,-106.0,-13.0,10.0,hn,2,1,2
2025.11.14,15.23.58,-90.120266,29.934115,-106,-15,-10.0,0,0,I,PERIODIC,-106.0,-13.0,10.0,hn,2,1,2
2025.11.14,15.23.59,-90.120266,29.934115,-106,-14,-10.0,0,995,D,PERIODIC,-106.0,-13.0,11.0,hn,2,1,2
2025.11.14,15.24.00,-90.120266,29.934115,-106,-14,-10.0,0,0,D,PERIODIC,-106.0,-13.0,11.0,hn,2,1,2
2025.11.14,15.24.01,-90.120266,29.934115,-107,-15,-15.0,0,0,I,PERIODIC,-106.0,-13.0,10.0,hn,2,1,2
2025.11.14,15.24.02,-90.120266,29.934115,-107,-15,-15.0,0,0,I,PERIODIC,-106.0,-13.0,10.0,hn,2,1,2
2025.11.14,15.24.03,-90.120266,29.934115,-107,-15,-15.0,1,1,D,PERIODIC,-106.0,-13.0,10.0,hn,2,1,2
2025.11.14,15.24.04,-90.120266,29.934115,-107,-15,-15.0,76028,1213,D,PERIODIC,-106.0,-13.0,10.0,hn,2,1,2
2025.11.14,15.24.05,-90.120266,29.934115,-107,-15,-15.0,1,1,D,PERIODIC,-106.0,-13.0,10.0,hn,2,1,2
2025.11.14,15.24.06,-90.120266,29.934115,-107,-15,-15.0,0,0,D,PERIODIC,-106.0,-13.0,10.0,hn,2,1,2
2025.11.14,15.24.07,-90.120266,29.934115,-107,-14,-5.0,7,9,D,PERIODIC,-107.0,-13.0,10.0,hn,2,1,2
2025.11.14,15.24.08,-90.120266,29.934115,-107,-14,-5.0,0,0,D,PERIODIC,-107.0,-13.0,10.0,hn,2,1,2
2025.11.14,15.24.09,-90.120266,29.934115,-106,-15,-10.0,36133,419,D,PERIODIC,-105.0,-13.0,12.0,hn,2,1,2
2025.11.14,15.24.10,-90.120266,29.934115,-106,-15,-10.0,0,0,D,PERIODIC,-105.0,-13.0,12.0,hn,2,1,2
2025.11.14,15.24.12,-90.120266,29.934115,-106,-15,-10.0,0,0,I,PERIODIC,-105.0,-12.0,12.0,hn,2,1,2
2025.11.14,15.24.13,-90.120266,29.934115,-106,-15,-10.0,0,0,I,PERIODIC,-105.0,-12.0,12.0,hn,2,1,2
2025.11.14,15.24.14,-90.120266,29.934115,-106,-14,-10.0,0,0,D,PERIODIC,-108.0,-13.0,9.0,hn,2,1,2
2025.11.14,15.24.15,-90.120266,29.934115,-106,-14,-10.0,21543,374,D,PERIODIC,-108.0,-13.0,9.0,hn,2,1,2
2025.11.14,15.24.16,-90.120266,29.934115,-106,-15,-15.0,1,1,D,PERIODIC,-108.0,-13.0,8.0,hn,2,1,2
2025.11.14,15.24.17,-90.120266,29.934115,-106,-15,-15.0,96,95,D,PERIODIC,-108.0,-13.0,8.0,hn,2,1,2
2025.11.14,15.24.18,-90.120266,29.934115,-106,-15,-15.0,5,5,D,PERIODIC,-107.0,-13.0,8.0,hn,2,1,2
2025.11.14,15.24.19,-90.120266,29.934115,-106,-15,-15.0,0,0,D,PERIODIC,-107.0,-13.0,8.0,hn,2,1,2
2025.11.14,15.24.20,-90.120266,29.934115,-106,-15,-15.0,17534,4602,D,PERIODIC,-106.0,-13.0,8.0,hn,2,1,2
2025.11.14,15.24.21,-90.120266,29.934115,-106,-15,-15.0,0,0,I,PERIODIC,-106.0,-13.0,8.0,hn,2,1,2
2025.11.14,15.24.22,-90.120266,29.934115,-106,-15,-15.0,0,0,I,PERIODIC,-107.0,-11.0,8.0,hn,2,1,2
2025.11.14,15.24.23,-90.120266,29.934115,-106,-15,-15.0,0,0,D,PERIODIC,-107.0,-11.0,8.0,hn,2,1,2
2025.11.14,15.24.24,-90.120266,29.934115,-106,-15,-15.0,8,6,D,PERIODIC,-105.0,-12.0,8.0,hn,2,1,2
2025.11.14,15.24.25,-90.120266,29.934115,-106,-15,-15.0,0,705,D,PERIODIC,-105.0,-12.0,8.0,hn,2,1,2
2025.11.14,15.24.26,-90.120266,29.934115,-106,-15,-15.0,0,0,I,PERIODIC,-105.0,-14.0,8.0,hn,2,1,2
2025.11.14,15.24.27,-90.120266,29.934115,-106,-15,-15.0,0,0,I,PERIODIC,-105.0,-14.0,8.0,hn,2,1,2
2025.11.14,15.24.28,-90.120266,29.934115,-106,-15,-15.0,0,0,I,PERIODIC,-105.0,-13.0,8.0,hn,2,1,2
2025.11.14,15.24.29,-90.120266,29.934115,-106,-15,-15.0,0,0,I,PERIODIC,-105.0,-13.0,8.0,hn,2,1,2
2025.11.14,15.24.30,-90.120266,29.934115,-106,-15,-15.0,36087,373,D,PERIODIC,-106.0,-13.0,8.0,hn,2,1,2
2025.11.14,15.24.31,-90.120266,29.934115,-106,-15,-15.0,0,0,I,PERIODIC,-106.0,-13.0,8.0,hn,2,1,2
2025.11.14,15.24.32,-90.120266,29.934115,-106,-15,-15.0,0,0,I,PERIODIC,-105.0,-13.0,8.0,hn,2,1,2
2025.11.14,15.24.33,-90.120266,29.934115,-106,-15,-15.0,3,3,D,PERIODIC,-105.0,-13.0,8.0,hn,2,1,2
2025.11.14,15.24.34,-90.120266,29.934115,-106,-15,-15.0,0,0,D,PERIODIC,-105.0,-13.0,8.0,hn,2,1,2
2025.11.14,15.24.35,-90.120266,29.934115,-106,-15,-15.0,36069,344,D,PERIODIC,-105.0,-13.0,8.0,hn,2,1,2
2025.11.14,15.24.36,-90.120266,29.934115,-106,-15,-15.0,0,0,D,PERIODIC,-105.0,-14.0,8.0,hn,2,1,2
2025.11.14,15.24.37,-90.120266,29.934115,-106,-15,-15.0,0,0,I,PERIODIC,-105.0,-14.0,8.0,hn,2,1,2
2025.11.14,15.24.38,-90.120266,29.934115,-106,-15,-15.0,1,1,D,PERIODIC,-105.0,-14.0,8.0,hn,2,1,2
2025.11.14,15.24.39,-90.120266,29.934115,-106,-15,-15.0,1,1,D,PERIODIC,-105.0,-14.0,8.0,hn,2,1,2
2025.11.14,15.24.40,-90.120266,29.934115,-105,-15,-10.0,66336,586,D,PERIODIC,-105.0,-13.0,10.0,hn,2,1,2
2025.11.14,15.24.41,-90.120266,29.934115,-105,-15,-10.0,0,0,D,PERIODIC,-105.0,-13.0,10.0,hn,2,1,2
2025.11.14,15.24.42,-90.120266,29.934115,-105,-15,-10.0,0,0,I,PERIODIC,-105.0,-13.0,10.0,hn,2,1,2
2025.11.14,15.24.43,-90.120266,29.934115,-105,-15,-10.0,0,0,I,PERIODIC,-105.0,-13.0,10.0,hn,2,1,2
2025.11.14,15.24.44,-90.120266,29.934115,-105,-15,-10.0,6,9,D,PERIODIC,-106.0,-13.0,10.0,hn,2,1,2
2025.11.14,15.24.45,-90.120266,29.934115,-105,-15,-10.0,0,628,D,PERIODIC,-106.0,-13.0,10.0,hn,2,1,2
2025.11.14,15.24.46,-90.120266,29.934115,-106,-15,-5.0,0,0,D,PERIODIC,-105.0,-13.0,10.0,hn,2,1,2
2025.11.14,15.24.47,-90.120266,29.934115,-106,-15,-5.0,2,0,D,PERIODIC,-105.0,-13.0,10.0,hn,2,1,2
2025.11.14,15.24.48,-90.120266,29.934115,-106,-14,-5.0,0,0,I,PERIODIC,-105.0,-13.0,10.0,hn,2,1,2
2025.11.14,15.24.49,-90.120266,29.934115,-106,-14,-5.0,0,0,I,PERIODIC,-105.0,-13.0,10.0,hn,2,1,2
2025.11.14,15.24.50,-90.120266,29.934115,-106,-14,-5.0,0,0,D,PERIODIC,-105.0,-13.0,10.0,hn,2,1,2
2025.11.14,15.24.51,-90.120266,29.934115,-106,-14,-5.0,49288,1377,D,PERIODIC,-105.0,-13.0,10.0,hn,2,1,2
2025.11.14,15.24.52,-90.120266,29.934115,-106,-14,-5.0,0,0,I,PERIODIC,-105.0,-13.0,10.0,hn,2,1,2
2025.11.14,15.24.53,-90.120266,29.934115,-106,-14,-5.0,2,2,D,PERIODIC,-105.0,-13.0,10.0,hn,2,1,2
2025.11.14,15.24.54,-90.120266,29.934115,-106,-14,-5.0,0,0,I,PERIODIC,-105.0,-13.0,10.0,hn,2,1,2
2025.11.14,15.24.55,-90.120266,29.934115,-106,-14,-5.0,72081,623,D,PERIODIC,-105.0,-13.0,10.0,hn,2,1,2
2025.11.14,15.24.56,-90.120266,29.934115,-106,-14,-5.0,0,0,D,PERIODIC,-107.0,-13.0,10.0,hn,2,1,2
2025.11.14,15.24.57,-90.120266,29.934115,-106,-14,-5.0,0,0,I,PERIODIC,-107.0,-13.0,10.0,hn,2,1,2
2025.11.14,15.24.58,-90.120266,29.934115,-106,-14,-5.0,0,0,I,PERIODIC,-107.0,-13.0,10.0,hn,2,1,2
2025.11.14,15.24.59,-90.120266,29.934115,-106,-14,-5.0,0,0,I,PERIODIC,-107.0,-13.0,10.0,hn,2,1,2
2025.11.14,15.25.00,-90.120266,29.934115,-106,-15,-15.0,64607,560,D,PERIODIC,-105.0,-13.0,10.0,hn,2,1,2
2025.11.14,15.25.01,-90.120266,29.934115,-106,-15,-15.0,0,0,D,PERIODIC,-105.0,-13.0,10.0,hn,2,1,2
2025.11.14,15.25.02,-90.120266,29.934115,-105,-14,-5.0,2,0,D,PERIODIC,-109.0,-13.0,10.0,hn,2,1,2
2025.11.14,15.25.03,-90.120266,29.934115,-105,-14,-5.0,0,0,I,PERIODIC,-109.0,-13.0,10.0,hn,2,1,2
2025.11.14,15.25.04,-90.120266,29.934115,-106,-15,-10.0,0,0,I,PERIODIC,-105.0,-13.0,10.0,hn,2,1,2
2025.11.14,15.25.05,-90.120266,29.934115,-106,-15,-10.0,17513,676,D,PERIODIC,-105.0,-13.0,10.0,hn,2,1,2
2025.11.14,15.25.06,-90.120266,29.934115,-105,-14,-10.0,0,0,D,PERIODIC,-105.0,-14.0,10.0,hn,2,1,2
2025.11.14,15.25.07,-90.120266,29.934115,-105,-14,-10.0,2,2,D,PERIODIC,-105.0,-14.0,10.0,hn,2,1,2
2025.11.14,15.25.08,-90.120266,29.934115,-105,-14,-10.0,7,6,D,PERIODIC,-107.0,-12.0,10.0,hn,2,1,2
2025.11.14,15.25.09,-90.120266,29.934115,-105,-14,-10.0,0,0,I,PERIODIC,-107.0,-12.0,10.0,hn,2,1,2
2025.11.14,15.25.10,-90.120266,29.934115,-106,-15,-2.0,0,0,D,PERIODIC,-105.0,-12.0,8.0,hn,2,1,2
2025.11.14,15.25.11,-90.120266,29.934115,-106,-15,0.0,21571,1,D,PERIODIC,-105.0,-12.0,8.0,hn,2,1,2
2025.11.14,15.25.12,-90.120266,29.934115,-105,-14,-5.0,2,2,D,PERIODIC,-105.0,-12.0,9.0,hn,2,1,2
2025.11.14,15.25.13,-90.120266,29.934115,-105,-14,-5.0,4,4,D,PERIODIC,-105.0,-12.0,9.0,hn,2,1,2
2025.11.14,15.25.14,-90.120266,29.934115,-105,-15,-5.0,1,1,D,PERIODIC,-104.0,-12.0,11.0,hn,2,1,2
2025.11.14,15.25.15,-90.120266,29.934115,-105,-15,-5.0,33652,4006,D,PERIODIC,-104.0,-12.0,11.0,hn,2,1,2
2025.11.14,15.25.16,-90.120266,29.934115,-104,-14,-5.0,0,8,D,PERIODIC,-105.0,-13.0,9.0,hn,2,1,2
2025.11.14,15.25.17,-90.120266,29.934115,-104,-14,-5.0,0,0,D,PERIODIC,-105.0,-13.0,9.0,hn,2,1,2
2025.11.14,15.25.18,-90.120266,29.934115,-105,-14,-5.0,0,0,I,PERIODIC,-105.0,-13.0,11.0,hn,2,1,2
2025.11.14,15.25.19,-90.120266,29.934115,-105,-14,-5.0,0,0,I,PERIODIC,-105.0,-13.0,11.0,hn,2,1,2
2025.11.14,15.25.20,-90.120266,29.934115,-106,-15,-5.0,0,0,D,PERIODIC,-105.0,-13.0,11.0,hn,2,1,2
2025.11.14,15.25.21,-90.120266,29.934115,-106,-15,-5.0,0,0,D,PERIODIC,-105.0,-13.0,11.0,hn,2,1,2
2025.11.14,15.25.22,-90.120266,29.934115,-106,-15,-5.0,0,0,I,PERIODIC,-106.0,-12.0,11.0,hn,2,1,2
2025.11.14,15.25.23,-90.120266,29.934115,-106,-15,-5.0,0,0,I,PERIODIC,-106.0,-12.0,11.0,hn,2,1,2
2025.11.14,15.25.24,-90.120266,29.934115,-105,-14,-5.0,0,0,I,PERIODIC,-105.0,-13.0,10.0,hn,2,1,2
2025.11.14,15.25.25,-90.120266,29.934115,-105,-14,-5.0,48524,478,D,PERIODIC,-105.0,-13.0,10.0,hn,2,1,2
2025.11.14,15.25.26,-90.120266,29.934115,-104,-14,-5.0,0,0,I,PERIODIC,-104.0,-13.0,11.0,hn,2,1,2
2025.11.14,15.25.27,-90.120266,29.934115,-104,-14,-5.0,0,0,I,PERIODIC,-104.0,-13.0,11.0,hn,2,1,2
2025.11.14,15.25.28,-90.120266,29.934115,-105,-14,-5.0,0,0,I,PERIODIC,-104.0,-14.0,11.0,hn,2,1,2
2025.11.14,15.25.29,-90.120266,29.934115,-105,-14,-5.0,0,0,I,PERIODIC,-104.0,-14.0,11.0,hn,2,1,2
2025.11.14,15.25.30,-90.120266,29.934115,-105,-14,-5.0,103530,834,D,PERIODIC,-104.0,-13.0,11.0,hn,2,1,2
2025.11.14,15.25.31,-90.120266,29.934115,-105,-14,-5.0,0,0,D,PERIODIC,-104.0,-13.0,11.0,hn,2,1,2
2025.11.14,15.25.32,-90.120266,29.934115,-106,-14,0.0,0,0,I,PERIODIC,-105.0,-13.0,12.0,hn,2,1,2
2025.11.14,15.25.33,-90.120266,29.934115,-106,-14,0.0,0,0,I,PERIODIC,-105.0,-13.0,12.0,hn,2,1,2
2025.11.14,15.25.34,-90.120266,29.934115,-105,-14,0.0,0,0,I,PERIODIC,-104.0,-13.0,10.0,hn,2,1,2
2025.11.14,15.25.35,-90.120266,29.934115,-105,-14,0.0,63104,570,D,PERIODIC,-104.0,-13.0,10.0,hn,2,1,2
2025.11.14,15.25.36,-90.120266,29.934115,-107,-15,-10.0,7,9,D,PERIODIC,-105.0,-13.0,11.0,hn,2,1,2
2025.11.14,15.25.37,-90.120266,29.934115,-107,-15,-10.0,0,0,I,PERIODIC,-105.0,-13.0,11.0,hn,2,1,2
2025.11.14,15.25.38,-90.120266,29.934115,-107,-15,-10.0,3,3,D,PERIODIC,-105.0,-13.0,11.0,hn,2,1,2
2025.11.14,15.25.39,-90.120266,29.934115,-107,-15,-10.0,0,0,D,PERIODIC,-105.0,-13.0,11.0,hn,2,1,2
2025.11.14,15.25.40,-90.120266,29.934115,-107,-15,-10.0,73404,652,D,PERIODIC,-105.0,-13.0,11.0,hn,2,1,2
2025.11.14,15.25.41,-90.120266,29.934115,-107,-15,-10.0,3,3,D,PERIODIC,-105.0,-13.0,11.0,hn,2,1,2
2025.11.14,15.25.42,-90.120266,29.934115,-105,-14,-10.0,0,0,I,PERIODIC,-104.0,-13.0,9.0,hn,2,1,2
2025.11.14,15.25.43,-90.120266,29.934115,-105,-14,-10.0,0,0,I,PERIODIC,-104.0,-13.0,9.0,hn,2,1,2
2025.11.14,15.25.44,-90.120266,29.934115,-105,-14,-10.0,0,1,D,PERIODIC,-105.0,-13.0,9.0,hn,2,1,2
2025.11.14,15.25.45,-90.120266,29.934115,-105,-14,-10.0,39006,407,D,PERIODIC,-105.0,-13.0,9.0,hn,2,1,2
2025.11.14,15.25.46,-90.120266,29.934115,-107,-15,-10.0,10,11,D,PERIODIC,-107.0,-13.0,12.0,hn,2,1,2
2025.11.14,15.25.47,-90.120266,29.934115,-107,-15,-10.0,15,15,D,PERIODIC,-107.0,-13.0,12.0,hn,2,1,2
2025.11.14,15.25.48,-90.120266,29.934115,-107,-15,-10.0,0,0,D,PERIODIC,-107.0,-14.0,12.0,hn,2,1,2
2025.11.14,15.25.49,-90.120266,29.934115,-107,-15,-10.0,0,0,I,PERIODIC,-107.0,-14.0,12.0,hn,2,1,2
2025.11.14,15.25.50,-90.120266,29.934115,-107,-15,-10.0,46865,1390,D,PERIODIC,-107.0,-14.0,12.0,hn,2,1,2
2025.11.14,15.25.51,-90.120266,29.934115,-107,-15,-10.0,0,0,D,PERIODIC,-107.0,-14.0,12.0,hn,2,1,2
2025.11.14,15.25.52,-90.120266,29.934115,-107,-15,-10.0,0,0,I,PERIODIC,-107.0,-12.0,12.0,hn,2,1,2
2025.11.14,15.25.53,-90.120266,29.934115,-107,-15,-10.0,2,2,D,PERIODIC,-107.0,-12.0,12.0,hn,2,1,2
2025.11.14,15.25.54,-90.120266,29.934115,-107,-15,-10.0,0,0,D,PERIODIC,-107.0,-13.0,12.0,hn,2,1,2
2025.11.14,15.25.55,-90.120266,29.934115,-107,-15,-10.0,0,477,D,PERIODIC,-107.0,-13.0,12.0,hn,2,1,2
2025.11.14,15.25.56,-90.120266,29.934115,-107,-15,-10.0,0,0,I,PERIODIC,-107.0,-12.0,12.0,hn,2,1,2
2025.11.14,15.25.57,-90.120266,29.934115,-107,-15,-10.0,0,0,I,PERIODIC,-107.0,-12.0,12.0,hn,2,1,2
2025.11.14,15.25.58,-90.120266,29.934115,-107,-15,-10.0,0,0,I,PERIODIC,-107.0,-13.0,12.0,hn,2,1,2
2025.11.14,15.25.59,-90.120266,29.934115,-107,-15,-10.0,0,0,I,PERIODIC,-107.0,-13.0,12.0,hn,2,1,2
2025.11.14,15.26.00,-90.120266,29.934115,-107,-15,-10.0,28663,324,D,PERIODIC,-107.0,-13.0,12.0,hn,2,1,2
2025.11.14,15.26.01,-90.120266,29.934115,-107,-15,-10.0,0,0,I,PERIODIC,-107.0,-13.0,12.0,hn,2,1,2
2025.11.14,15.26.02,-90.120266,29.934115,-107,-15,-10.0,0,0,I,PERIODIC,-107.0,-13.0,12.0,hn,2,1,2
2025.11.14,15.26.03,-90.120266,29.934115,-107,-15,-10.0,0,0,I,PERIODIC,-107.0,-13.0,12.0,hn,2,1,2
2025.11.14,15.26.04,-90.120266,29.934115,-107,-15,-10.0,0,0,I,PERIODIC,-107.0,-13.0,12.0,hn,2,1,2
2025.11.14,15.26.05,-90.120266,29.934115,-107,-15,-10.0,36910,780,D,PERIODIC,-107.0,-13.0,12.0,hn,2,1,2
2025.11.14,15.26.06,-90.120266,29.934115,-107,-15,-10.0,0,0,I,PERIODIC,-107.0,-12.0,12.0,hn,2,1,2
2025.11.14,15.26.07,-90.120266,29.934115,-107,-15,-10.0,0,0,I,PERIODIC,-107.0,-12.0,12.0,hn,2,1,2
2025.11.14,15.26.08,-90.120266,29.934115,-107,-15,-10.0,7,8,D,PERIODIC,-107.0,-13.0,12.0,hn,2,1,2
2025.11.14,15.26.09,-90.120266,29.934115,-107,-15,-10.0,0,0,D,PERIODIC,-107.0,-13.0,12.0,hn,2,1,2
2025.11.14,15.26.10,-90.120266,29.934115,-107,-15,-10.0,54832,516,D,PERIODIC,-107.0,-13.0,12.0,hn,2,1,2
2025.11.14,15.26.11,-90.120266,29.934115,-107,-15,-10.0,0,0,I,PERIODIC,-107.0,-13.0,12.0,hn,2,1,2
2025.11.14,15.26.12,-90.120266,29.934115,-107,-15,-10.0,0,0,I,PERIODIC,-107.0,-14.0,12.0,hn,2,1,2
2025.11.14,15.26.13,-90.120266,29.934115,-107,-15,-10.0,1,1,D,PERIODIC,-107.0,-14.0,12.0,hn,2,1,2
2025.11.14,15.26.14,-90.120266,29.934115,-109,-16,-2.0,1,1,D,PERIODIC,-107.0,-12.0,10.0,hn,2,1,2
2025.11.14,15.26.15,-90.120266,29.934115,-109,-16,-2.0,47571,463,D,PERIODIC,-107.0,-12.0,10.0,hn,2,1,2
2025.11.14,15.26.16,-90.120266,29.934115,-109,-16,-2.0,0,0,I,PERIODIC,-107.0,-13.0,10.0,hn,2,1,2
2025.11.14,15.26.17,-90.120266,29.934115,-109,-16,-2.0,10,9,D,PERIODIC,-107.0,-13.0,10.0,hn,2,1,2
2025.11.14,15.26.18,-90.120266,29.934115,-109,-16,-2.0,0,0,I,PERIODIC,-107.0,-13.0,10.0,hn,2,1,2
2025.11.14,15.26.19,-90.120266,29.934115,-109,-16,-2.0,0,0,D,PERIODIC,-107.0,-13.0,10.0,hn,2,1,2
2025.11.14,15.26.20,-90.120266,29.934115,-109,-16,-3.0,15031,2894,D,PERIODIC,-105.0,-14.0,10.0,hn,2,1,2
2025.11.14,15.26.21,-90.120266,29.934115,-109,-16,-3.0,0,0,I,PERIODIC,-105.0,-14.0,10.0,hn,2,1,2
2025.11.14,15.26.22,-90.120266,29.934115,-109,-16,-3.0,0,2,D,PERIODIC,-105.0,-13.0,10.0,hn,2,1,2
2025.11.14,15.26.23,-90.120266,29.934115,-109,-16,0.0,6,7,D,PERIODIC,-105.0,-13.0,10.0,hn,2,1,2
2025.11.14,15.26.24,-90.120266,29.934115,-106,-15,-15.0,0,0,D,PERIODIC,-105.0,-13.0,10.0,hn,2,1,2
2025.11.14,15.26.25,-90.120266,29.934115,-106,-15,-15.0,19934,670,D,PERIODIC,-105.0,-13.0,10.0,hn,2,1,2
2025.11.14,15.26.26,-90.120266,29.934115,-106,-15,-15.0,0,0,I,PERIODIC,-105.0,-13.0,10.0,hn,2,1,2
2025.11.14,15.26.27,-90.120266,29.934115,-106,-15,-15.0,0,0,I,PERIODIC,-105.0,-13.0,10.0,hn,2,1,2
2025.11.14,15.26.28,-90.120266,29.934115,-106,-15,-15.0,1,1,D,PERIODIC,-105.0,-13.0,10.0,hn,2,1,2
2025.11.14,15.26.29,-90.120266,29.934115,-106,-15,-15.0,0,0,D,PERIODIC,-104.0,-13.0,10.0,hn,2,1,2
2025.11.14,15.26.30,-90.120266,29.934115,-106,-15,-15.0,0,0,D,PERIODIC,-105.0,-13.0,10.0,hn,2,1,2
2025.11.14,15.26.31,-90.120266,29.934115,-106,-15,-15.0,33053,0,D,PERIODIC,-105.0,-13.0,10.0,hn,2,1,2
2025.11.14,15.26.32,-90.120266,29.934115,-106,-15,-15.0,0,0,I,PERIODIC,-105.0,-14.0,10.0,hn,2,1,2
2025.11.14,15.26.33,-90.120266,29.934115,-106,-15,-15.0,0,0,D,PERIODIC,-105.0,-14.0,10.0,hn,2,1,2
2025.11.14,15.26.34,-90.120266,29.934115,-106,-15,-15.0,7,0,D,PERIODIC,-105.0,-13.0,10.0,hn,2,1,2
2025.11.14,15.26.35,-90.120266,29.934115,-106,-15,-15.0,0,0,I,PERIODIC,-105.0,-13.0,10.0,hn,2,1,2
2025.11.14,15.26.36,-90.120266,29.934115,-106,-15,-15.0,33008,406,D,PERIODIC,-105.0,-13.0,10.0,hn,2,1,2
2025.11.14,15.26.37,-90.120266,29.934115,-106,-15,-15.0,0,0,D,PERIODIC,-105.0,-13.0,10.0,hn,2,1,2
2025.11.14,15.26.38,-90.120266,29.934115,-106,-15,-15.0,2,2,D,PERIODIC,-105.0,-13.0,10.0,hn,2,1,2
2025.11.14,15.26.39,-90.120266,29.934115,-106,-15,-15.0,0,0,I,PERIODIC,-105.0,-13.0,10.0,hn,2,1,2
2025.11.14,15.26.40,-90.120266,29.934115,-106,-15,-15.0,30095,381,D,PERIODIC,-105.0,-13.0,10.0,hn,2,1,2
2025.11.14,15.26.41,-90.120266,29.934115,-105,-14,-5.0,0,0,I,PERIODIC,-105.0,-13.0,9.0,hn,2,1,2
2025.11.14,15.26.42,-90.120266,29.934115,-104,-14,-5.0,0,0,I,PERIODIC,-105.0,-14.0,10.0,hn,2,1,2
2025.11.14,15.26.43,-90.120266,29.934115,-104,-14,-5.0,1,1,D,PERIODIC,-105.0,-14.0,10.0,hn,2,1,2
2025.11.14,15.26.44,-90.120266,29.934115,-104,-14,-5.0,21,20,D,PERIODIC,-105.0,-14.0,10.0,hn,2,1,2
2025.11.14,15.26.45,-90.120266,29.934115,-106,-15,-5.0,24858,279,D,PERIODIC,-105.0,-13.0,11.0,hn,2,1,2
2025.11.14,15.26.46,-90.120266,29.934115,-106,-15,-5.0,0,0,D,PERIODIC,-105.0,-13.0,11.0,hn,2,1,2
2025.11.14,15.26.47,-90.120266,29.934115,-105,-14,0.0,0,0,D,PERIODIC,-105.0,-12.0,12.0,hn,2,1,2
2025.11.14,15.26.48,-90.120266,29.934115,-105,-14,0.0,0,0,D,PERIODIC,-105.0,-12.0,12.0,hn,2,1,2
2025.11.14,15.26.49,-90.120266,29.934115,-106,-15,-10.0,0,0,I,PERIODIC,-105.0,-14.0,12.0,hn,2,1,2
2025.11.14,15.26.50,-90.120266,29.934115,-106,-15,-10.0,20488,1186,D,PERIODIC,-105.0,-14.0,12.0,hn,2,1,2
2025.11.14,15.26.51,-90.120266,29.934115,-106,-15,-10.0,0,0,I,PERIODIC,-105.0,-13.0,12.0,hn,2,1,2
2025.11.14,15.26.52,-90.120266,29.934115,-106,-15,-10.0,145,0,D,PERIODIC,-105.0,-13.0,12.0,hn,2,1,2
2025.11.14,15.26.53,-90.120266,29.934115,-106,-14,-10.0,93,312,D,PERIODIC,-105.0,-12.0,9.0,hn,2,1,2
2025.11.14,15.26.54,-90.120266,29.934115,-106,-14,-10.0,0,0,I,PERIODIC,-105.0,-12.0,9.0,hn,2,1,2
2025.11.14,15.26.55,-90.120266,29.934115,-106,-15,-15.0,21460,323,D,PERIODIC,-105.0,-14.0,11.0,hn,2,1,2
2025.11.14,15.26.56,-90.120266,29.934115,-106,-15,-15.0,0,0,I,PERIODIC,-105.0,-14.0,11.0,hn,2,1,2
2025.11.14,15.26.57,-90.120266,29.934115,-106,-15,-15.0,0,0,I,PERIODIC,-105.0,-14.0,11.0,hn,2,1,2
2025.11.14,15.26.58,-90.120266,29.934115,-106,-15,-15.0,0,0,I,PERIODIC,-105.0,-13.0,11.0,hn,2,1,2
2025.11.14,15.26.59,-90.120266,29.934115,-105,-14,0.0,0,0,I,PERIODIC,-105.0,-14.0,9.0,hn,2,1,2
2025.11.14,15.27.00,-90.120266,29.934115,-105,-14,0.0,34715,349,D,PERIODIC,-105.0,-14.0,9.0,hn,2,1,2
2025.11.14,15.27.01,-90.120266,29.934115,-105,-14,0.0,2,2,D,PERIODIC,-105.0,-14.0,9.0,hn,2,1,2
2025.11.14,15.27.02,-90.120266,29.934115,-105,-14,0.0,0,0,I,PERIODIC,-105.0,-14.0,9.0,hn,2,1,2
2025.11.14,15.27.03,-90.120266,29.934115,-105,-14,0.0,0,0,I,PERIODIC,-105.0,-13.0,9.0,hn,2,1,2
2025.11.14,15.27.04,-90.120266,29.934115,-105,-14,0.0,0,0,I,PERIODIC,-105.0,-13.0,9.0,hn,2,1,2
2025.11.14,15.27.05,-90.120266,29.934115,-105,-14,0.0,45147,779,D,PERIODIC,-105.0,-13.0,9.0,hn,2,1,2
2025.11.14,15.27.06,-90.120266,29.934115,-105,-14,0.0,0,0,D,PERIODIC,-105.0,-13.0,9.0,hn,2,1,2
2025.11.14,15.27.07,-90.120266,29.934115,-105,-14,0.0,0,2,D,PERIODIC,-105.0,-13.0,9.0,hn,2,1,2
2025.11.14,15.27.08,-90.120266,29.934115,-105,-14,0.0,0,3,D,PERIODIC,-105.0,-13.0,9.0,hn,2,1,2
2025.11.14,15.27.09,-90.120266,29.934115,-105,-14,0.0,0,0,I,PERIODIC,-105.0,-14.0,9.0,hn,2,1,2
2025.11.14,15.27.10,-90.120266,29.934115,-105,-14,0.0,70086,641,D,PERIODIC,-105.0,-14.0,9.0,hn,2,1,2
2025.11.14,15.27.11,-90.120266,29.934115,-106,-15,-10.0,0,0,I,PERIODIC,-105.0,-13.0,9.0,hn,2,1,2
2025.11.14,15.27.12,-90.120266,29.934115,-106,-15,-10.0,0,0,I,PERIODIC,-105.0,-13.0,9.0,hn,2,1,2
2025.11.14,15.27.13,-90.120266,29.934115,-106,-15,-10.0,0,0,I,PERIODIC,-105.0,-13.0,9.0,hn,2,1,2
2025.11.14,15.27.14,-90.120266,29.934115,-106,-15,-10.0,1,0,D,PERIODIC,-105.0,-13.0,9.0,hn,2,1,2
2025.11.14,15.27.15,-90.120266,29.934115,-106,-15,-10.0,0,0,D,PERIODIC,-105.0,-13.0,9.0,hn,2,1,2
2025.11.14,15.27.16,-90.120266,29.934115,-106,-15,-10.0,0,0,D,PERIODIC,-106.0,-13.0,9.0,hn,2,1,2
2025.11.14,15.27.17,-90.120266,29.934115,-106,-14,0.0,0,0,I,PERIODIC,-107.0,-13.0,9.0,hn,2,1,2
2025.11.14,15.27.18,-90.120266,29.934115,-106,-14,0.0,8,8,D,PERIODIC,-107.0,-13.0,9.0,hn,2,1,2
2025.11.14,15.27.19,-90.120266,29.934115,-106,-14,0.0,0,0,D,PERIODIC,-106.0,-13.0,9.0,hn,2,1,2
2025.11.14,15.27.20,-90.120266,29.934115,-106,-14,0.0,0,0,D,PERIODIC,-106.0,-13.0,9.0,hn,2,1,2
2025.11.14,15.27.21,-90.120266,29.934115,-106,-14,0.0,0,2,D,PERIODIC,-107.0,-13.0,9.0,hn,2,1,2
2025.11.14,15.27.22,-90.120266,29.934115,-106,-14,0.0,3,4,D,PERIODIC,-107.0,-13.0,9.0,hn,2,1,2
2025.11.14,15.27.23,-90.120266,29.934115,-105,-15,-15.0,6,6,D,PERIODIC,-105.0,-13.0,9.0,hn,2,1,2
2025.11.14,15.27.24,-90.120266,29.934115,-105,-15,-15.0,0,0,I,PERIODIC,-105.0,-13.0,9.0,hn,2,1,2
2025.11.14,15.27.25,-90.120266,29.934115,-105,-15,-15.0,69016,2936,D,PERIODIC,-105.0,-13.0,9.0,hn,2,1,2
2025.11.14,15.27.26,-90.120266,29.934115,-105,-15,-15.0,0,0,I,PERIODIC,-105.0,-13.0,9.0,hn,2,1,2
2025.11.14,15.27.27,-90.120266,29.934115,-106,-15,-15.0,0,0,I,PERIODIC,-106.0,-13.0,8.0,hn,2,1,2
2025.11.14,15.27.28,-90.120266,29.934115,-106,-15,-15.0,0,0,I,PERIODIC,-106.0,-13.0,8.0,hn,2,1,2
2025.11.14,15.27.29,-90.120266,29.934115,-106,-15,-15.0,0,0,I,PERIODIC,-105.0,-13.0,8.0,hn,2,1,2
2025.11.14,15.27.30,-90.120266,29.934115,-106,-15,-15.0,71169,624,D,PERIODIC,-105.0,-13.0,8.0,hn,2,1,2
2025.11.14,15.27.31,-90.120266,29.934115,-106,-15,-15.0,0,0,I,PERIODIC,-105.0,-14.0,8.0,hn,2,1,2
2025.11.14,15.27.32,-90.120266,29.934115,-106,-15,-15.0,0,0,I,PERIODIC,-105.0,-14.0,8.0,hn,2,1,2
2025.11.14,15.27.33,-90.120266,29.934115,-106,-15,-15.0,0,0,I,PERIODIC,-105.0,-14.0,8.0,hn,2,1,2
2025.11.14,15.27.34,-90.120266,29.934115,-106,-15,-15.0,0,0,I,PERIODIC,-105.0,-14.0,8.0,hn,2,1,2
2025.11.14,15.27.35,-90.120266,29.934115,-106,-15,-15.0,38833,454,D,PERIODIC,-104.0,-13.0,8.0,hn,2,1,2
2025.11.14,15.27.36,-90.120266,29.934115,-106,-15,-15.0,0,0,I,PERIODIC,-104.0,-13.0,8.0,hn,2,1,2
2025.11.14,15.27.37,-90.120266,29.934115,-106,-15,-15.0,1,1,D,PERIODIC,-105.0,-13.0,8.0,hn,2,1,2
2025.11.14,15.27.38,-90.120266,29.934115,-106,-15,-15.0,0,0,I,PERIODIC,-105.0,-13.0,8.0,hn,2,1,2
2025.11.14,15.27.39,-90.120266,29.934115,-106,-15,-15.0,1,1,D,PERIODIC,-105.0,-13.0,8.0,hn,2,1,2
2025.11.14,15.27.40,-90.120266,29.934115,-106,-15,-15.0,94800,858,D,PERIODIC,-105.0,-13.0,8.0,hn,2,1,2
2025.11.14,15.27.41,-90.120266,29.934115,-106,-15,-15.0,0,0,D,PERIODIC,-105.0,-13.0,8.0,hn,2,1,2
2025.11.14,15.27.42,-90.120266,29.934115,-106,-15,-15.0,0,0,I,PERIODIC,-105.0,-14.0,8.0,hn,2,1,2
2025.11.14,15.27.43,-90.120266,29.934115,-106,-15,-15.0,0,0,I,PERIODIC,-105.0,-14.0,8.0,hn,2,1,2
2025.11.14,15.27.44,-90.120266,29.934115,-106,-15,-15.0,9,10,D,PERIODIC,-104.0,-14.0,8.0,hn,2,1,2
2025.11.14,15.27.45,-90.120266,29.934115,-106,-15,-15.0,0,0,D,PERIODIC,-104.0,-14.0,8.0,hn,2,1,2
2025.11.14,15.27.46,-90.120266,29.934115,-106,-15,-15.0,31771,353,D,PERIODIC,-105.0,-13.0,8.0,hn,2,1,2
2025.11.14,15.27.47,-90.120266,29.934115,-106,-15,-15.0,0,0,I,PERIODIC,-105.0,-13.0,8.0,hn,2,1,2
2025.11.14,15.27.48,-90.120266,29.934115,-105,-14,-15.0,2,0,D,PERIODIC,-104.0,-12.0,11.0,hn,2,1,2
2025.11.14,15.27.49,-90.120266,29.934115,-105,-14,-15.0,0,0,I,PERIODIC,-104.0,-12.0,11.0,hn,2,1,2
2025.11.14,15.27.50,-90.120266,29.934115,-105,-14,-15.0,0,0,I,PERIODIC,-104.0,-12.0,11.0,hn,2,1,2
2025.11.14,15.27.51,-90.120266,29.934115,-106,-14,-10.0,50423,1152,D,PERIODIC,-105.0,-13.0,10.0,hn,2,1,2
2025.11.14,15.27.52,-90.120266,29.934115,-106,-14,-10.0,0,0,I,PERIODIC,-105.0,-13.0,10.0,hn,2,1,2
2025.11.14,15.27.53,-90.120266,29.934115,-107,-15,-10.0,0,1,D,PERIODIC,-107.0,-14.0,9.0,hn,2,1,2
2025.11.14,15.27.54,-90.120266,29.934115,-107,-15,-10.0,0,0,I,PERIODIC,-107.0,-14.0,9.0,hn,2,1,2
2025.11.14,15.27.55,-90.120266,29.934115,-107,-15,-10.0,32224,365,D,PERIODIC,-106.0,-13.0,9.0,hn,2,1,2
2025.11.14,15.27.56,-90.120266,29.934115,-107,-15,-10.0,1,1,D,PERIODIC,-106.0,-13.0,9.0,hn,2,1,2
2025.11.14,15.27.57,-90.120266,29.934115,-107,-15,-10.0,0,0,I,PERIODIC,-106.0,-13.0,9.0,hn,2,1,2
2025.11.14,15.27.58,-90.120266,29.934115,-107,-15,-10.0,0,0,I,PERIODIC,-106.0,-13.0,9.0,hn,2,1,2
2025.11.14,15.27.59,-90.120266,29.934115,-106,-15,-10.0,0,0,D,PERIODIC,-106.0,-14.0,9.0,hn,2,1,2
2025.11.14,15.28.00,-90.120266,29.934115,-106,-15,-10.0,46035,469,D,PERIODIC,-106.0,-14.0,9.0,hn,2,1,2
2025.11.14,15.28.01,-90.120266,29.934115,-106,-15,-10.0,5,5,D,PERIODIC,-107.0,-14.0,9.0,hn,2,1,2
2025.11.14,15.28.02,-90.120266,29.934115,-106,-15,-10.0,2,2,D,PERIODIC,-107.0,-14.0,9.0,hn,2,1,2
2025.11.14,15.28.03,-90.120266,29.934115,-106,-15,-10.0,0,0,I,CELL_RESELECTION_5G5G,-107.0,-14.0,9.0,hn,2,1,2
2025.11.14,15.28.04,-90.120266,29.934115,-106,-15,-10.0,0,0,I,PERIODIC,-107.0,-14.0,9.0,hn,2,1,2
2025.11.14,15.28.05,-90.120266,29.934115,-104,-14,0.0,0,904,D,PERIODIC,-108.0,-13.0,9.0,hn,2,1,2
2025.11.14,15.28.06,-90.120266,29.934115,-104,-14,0.0,0,0,D,PERIODIC,-108.0,-13.0,9.0,hn,2,1,2
2025.11.14,15.28.07,-90.120266,29.934115,-108,-15,-5.0,0,2,D,PERIODIC,-105.0,-13.0,8.0,hn,2,1,2
2025.11.14,15.28.08,-90.120266,29.934115,-108,-15,-5.0,5,2,D,PERIODIC,-105.0,-13.0,8.0,hn,2,1,2
2025.11.14,15.28.09,-90.120266,29.934115,-108,-15,-5.0,0,0,I,HANDOVER_DATA_5G5G,-106.0,-13.0,8.0,hn,2,1,2
2025.11.14,15.28.10,-90.120266,29.934115,-108,-15,-5.0,2,2,D,PERIODIC,-106.0,-13.0,8.0,hn,2,1,2
2025.11.14,15.28.11,-90.120266,29.934115,-108,-15,-5.0,0,0,D,PERIODIC,-106.0,-14.0,8.0,hn,2,1,2
2025.11.14,15.28.12,-90.120266,29.934115,-108,-15,-5.0,2,2,D,PERIODIC,-106.0,-14.0,8.0,hn,2,1,2
2025.11.14,15.28.13,-90.120266,29.934115,-107,-14,-5.0,0,0,I,PERIODIC,-107.0,-14.0,10.0,hn,2,1,2
2025.11.14,15.28.14,-90.120266,29.934115,-107,-14,-5.0,1,1,D,PERIODIC,-107.0,-14.0,10.0,hn,2,1,2
2025.11.14,15.28.15,-90.120266,29.934115,-107,-14,-5.0,0,0,D,PERIODIC,-106.0,-13.0,10.0,hn,2,1,2
2025.11.14,15.28.16,-90.120266,29.934115,-107,-14,-5.0,0,0,D,PERIODIC,-106.0,-13.0,10.0,hn,2,1,2
2025.11.14,15.28.17,-90.120266,29.934115,-107,-14,-5.0,0,0,I,PERIODIC,-106.0,-13.0,10.0,hn,2,1,2
2025.11.14,15.28.18,-90.120266,29.934115,-107,-14,-5.0,2,2,D,PERIODIC,-105.0,-13.0,10.0,hn,2,1,2
2025.11.14,15.28.19,-90.120266,29.934115,-107,-15,0.0,0,0,I,PERIODIC,-105.0,-13.0,9.0,hn,2,1,2
2025.11.14,15.28.20,-90.120266,29.934115,-107,-15,0.0,42391,2178,D,PERIODIC,-105.0,-13.0,9.0,hn,2,1,2
2025.11.14,15.28.21,-90.120266,29.934115,-107,-15,0.0,0,0,I,PERIODIC,-105.0,-14.0,9.0,hn,2,1,2
2025.11.14,15.28.22,-90.120266,29.934115,-107,-15,0.0,0,0,D,PERIODIC,-105.0,-14.0,9.0,hn,2,1,2
2025.11.14,15.28.23,-90.120266,29.934115,-107,-15,0.0,6,0,D,PERIODIC,-105.0,-14.0,9.0,hn,2,1,2
2025.11.14,15.28.24,-90.120266,29.934115,-107,-15,0.0,0,4,D,PERIODIC,-105.0,-14.0,9.0,hn,2,1,2
2025.11.14,15.28.25,-90.120266,29.934115,-107,-15,0.0,0,0,D,PERIODIC,-105.0,-14.0,9.0,hn,2,1,2
2025.11.14,15.28.26,-90.120266,29.934115,-107,-15,0.0,0,0,D,PERIODIC,-105.0,-14.0,9.0,hn,2,1,2
2025.11.14,15.28.27,-90.120266,29.934115,-107,-15,0.0,0,0,I,PERIODIC,-105.0,-13.0,9.0,hn,2,1,2
2025.11.14,15.28.28,-90.120266,29.934115,-107,-15,0.0,0,5,D,PERIODIC,-105.0,-13.0,9.0,hn,2,1,2
2025.11.14,15.28.29,-90.120266,29.934115,-107,-15,-20.0,0,0,D,PERIODIC,-105.0,-13.0,11.0,hn,2,1,2
2025.11.14,15.28.30,-90.120266,29.934115,-107,-15,-20.0,0,0,D,PERIODIC,-105.0,-13.0,11.0,hn,2,1,2
2025.11.14,15.28.31,-90.120266,29.934115,-107,-15,-20.0,0,0,I,PERIODIC,-105.0,-12.0,11.0,hn,2,1,2
2025.11.14,15.28.32,-90.120266,29.934115,-107,-15,-20.0,0,0,D,PERIODIC,-105.0,-12.0,11.0,hn,2,1,2
2025.11.14,15.28.33,-90.120266,29.934115,-107,-15,-20.0,0,0,I,PERIODIC,-104.0,-14.0,11.0,hn,2,1,2
2025.11.14,15.28.34,-90.120266,29.934115,-107,-15,-20.0,0,0,I,PERIODIC,-104.0,-14.0,11.0,hn,2,1,2
2025.11.14,15.28.35,-90.120266,29.934115,-107,-15,-20.0,40263,479,D,PERIODIC,-105.0,-14.0,11.0,hn,2,1,2
2025.11.14,15.28.36,-90.120266,29.934115,-107,-15,-20.0,0,0,I,PERIODIC,-105.0,-14.0,11.0,hn,2,1,2
2025.11.14,15.28.37,-90.120266,29.934115,-107,-15,-20.0,0,0,D,PERIODIC,-105.0,-12.0,11.0,hn,2,1,2
2025.11.14,15.28.38,-90.120266,29.934115,-107,-15,-20.0,1,0,D,PERIODIC,-105.0,-12.0,11.0,hn,2,1,2
2025.11.14,15.28.39,-90.120266,29.934115,-107,-15,-20.0,1,1,D,PERIODIC,-105.0,-13.0,11.0,hn,2,1,2
2025.11.14,15.28.40,-90.120266,29.934115,-107,-15,-20.0,40753,413,D,PERIODIC,-105.0,-13.0,11.0,hn,2,1,2
2025.11.14,15.28.41,-90.120266,29.934115,-107,-15,-20.0,8,7,D,PERIODIC,-105.0,-13.0,11.0,hn,2,1,2
2025.11.14,15.28.42,-90.120266,29.934115,-107,-15,-20.0,0,1,D,PERIODIC,-105.0,-13.0,11.0,hn,2,1,2
2025.11.14,15.28.43,-90.120266,29.934115,-107,-15,-20.0,0,0,I,PERIODIC,-105.0,-13.0,11.0,hn,2,1,2
2025.11.14,15.28.44,-90.120266,29.934115,-107,-15,-20.0,0,0,D,PERIODIC,-105.0,-13.0,11.0,hn,2,1,2
2025.11.14,15.28.45,-90.120266,29.934115,-105,-14,-10.0,34561,381,D,PERIODIC,-106.0,-14.0,11.0,hn,2,1,2
2025.11.14,15.28.46,-90.120266,29.934115,-105,-14,-10.0,0,0,I,PERIODIC,-106.0,-14.0,11.0,hn,2,1,2
2025.11.14,15.28.47,-90.120266,29.934115,-106,-15,-15.0,6,6,D,PERIODIC,-105.0,-13.0,11.0,hn,2,1,2
2025.11.14,15.28.48,-90.120266,29.934115,-106,-15,-15.0,0,0,I,PERIODIC,-105.0,-13.0,11.0,hn,2,1,2
2025.11.14,15.28.49,-90.120266,29.934115,-106,-15,-10.0,0,0,I,PERIODIC,-106.0,-13.0,11.0,hn,2,1,2
2025.11.14,15.28.50,-90.120266,29.934115,-106,-15,-10.0,0,0,I,PERIODIC,-106.0,-13.0,11.0,hn,2,1,2
2025.11.14,15.28.51,-90.120266,29.934115,-104,-14,-5.0,53313,0,D,PERIODIC,-106.0,-13.0,11.0,hn,2,1,2
2025.11.14,15.28.52,-90.120266,29.934115,-104,-14,-5.0,1,1,D,PERIODIC,-106.0,-13.0,11.0,hn,2,1,2
2025.11.14,15.28.53,-90.120266,29.934115,-106,-15,-15.0,1,1,D,PERIODIC,-107.0,-13.0,9.0,hn,2,1,2
2025.11.14,15.28.54,-90.120266,29.934115,-106,-15,-15.0,0,0,I,PERIODIC,-107.0,-13.0,9.0,hn,2,1,2
2025.11.14,15.28.55,-90.120266,29.934115,-105,-15,-15.0,0,0,I,PERIODIC,-107.0,-14.0,8.0,hn,2,1,2
2025.11.14,15.28.56,-90.120266,29.934115,-105,-15,-15.0,0,0,I,PERIODIC,-107.0,-14.0,8.0,hn,2,1,2
2025.11.14,15.28.57,-90.120266,29.934115,-105,-14,-15.0,8,10,D,PERIODIC,-106.0,-13.0,9.0,hn,2,1,2
2025.11.14,15.28.58,-90.120266,29.934115,-105,-14,-15.0,0,0,D,PERIODIC,-106.0,-13.0,9.0,hn,2,1,2
2025.11.14,15.28.59,-90.120266,29.934115,-106,-15,-15.0,0,0,D,PERIODIC,-105.0,-13.0,9.0,hn,2,1,2
2025.11.14,15.29.00,-90.120266,29.934115,-106,-15,-15.0,1,1,D,PERIODIC,-105.0,-13.0,9.0,hn,2,1,2
2025.11.14,15.29.01,-90.120266,29.934115,-105,-15,-2.0,2,2,D,PERIODIC,-105.0,-13.0,9.0,hn,2,1,2
2025.11.14,15.29.02,-90.120266,29.934115,-105,-15,-1.0,0,0,D,PERIODIC,-105.0,-13.0,9.0,hn,2,1,2
2025.11.14,15.29.03,-90.120266,29.934115,-106,-15,-20.0,0,0,I,PERIODIC,-105.0,-13.0,10.0,hn,2,1,2
2025.11.14,15.29.04,-90.120266,29.934115,-106,-15,-20.0,0,0,I,PERIODIC,-105.0,-13.0,10.0,hn,2,1,2
2025.11.14,15.29.05,-90.120266,29.934115,-106,-15,-20.0,0,865,D,PERIODIC,-105.0,-13.0,10.0,hn,2,1,2
2025.11.14,15.29.06,-90.120266,29.934115,-105,-15,-15.0,0,0,D,PERIODIC,-105.0,-13.0,9.0,hn,2,1,2
2025.11.14,15.29.07,-90.120266,29.934115,-105,-14,-5.0,5,3,D,PERIODIC,-105.0,-13.0,9.0,hn,2,1,2
2025.11.14,15.29.08,-90.120266,29.934115,-105,-14,-5.0,1,1,D,PERIODIC,-105.0,-13.0,9.0,hn,2,1,2
2025.11.14,15.29.09,-90.120266,29.934115,-105,-14,-5.0,0,0,I,PERIODIC,-106.0,-13.0,9.0,hn,2,1,2
2025.11.14,15.29.10,-90.120266,29.934115,-105,-14,-5.0,0,0,I,PERIODIC,-106.0,-13.0,9.0,hn,2,1,2
2025.11.14,15.29.11,-90.120266,29.934115,-105,-15,-20.0,1,0,D,PERIODIC,-106.0,-14.0,9.0,hn,2,1,2
2025.11.14,15.29.12,-90.120266,29.934115,-105,-15,-20.0,0,0,I,PERIODIC,-106.0,-14.0,9.0,hn,2,1,2
2025.11.14,15.29.13,-90.120266,29.934115,-105,-15,-20.0,0,0,I,PERIODIC,-106.0,-13.0,9.0,hn,2,1,2
2025.11.14,15.29.14,-90.120266,29.934115,-105,-15,-20.0,3,3,D,PERIODIC,-106.0,-13.0,9.0,hn,2,1,2
2025.11.14,15.29.15,-90.120266,29.934115,-105,-15,-20.0,0,420,D,PERIODIC,-106.0,-13.0,9.0,hn,2,1,2
2025.11.14,15.29.16,-90.120266,29.934115,-105,-15,-20.0,1,1,D,PERIODIC,-106.0,-13.0,9.0,hn,2,1,2
2025.11.14,15.29.17,-90.120266,29.934115,-105,-15,-20.0,2,2,D,PERIODIC,-106.0,-13.0,9.0,hn,2,1,2
2025.11.14,15.29.18,-90.120266,29.934115,-105,-15,-20.0,2,3,D,PERIODIC,-106.0,-13.0,9.0,hn,2,1,2
2025.11.14,15.29.19,-90.120266,29.934115,-105,-15,-20.0,0,0,D,PERIODIC,-106.0,-13.0,9.0,hn,2,1,2
2025.11.14,15.29.20,-90.120266,29.934115,-105,-15,-20.0,0,0,D,PERIODIC,-106.0,-13.0,9.0,hn,2,1,2
2025.11.14,15.29.21,-90.120266,29.934115,-105,-15,-20.0,0,0,D,PERIODIC,-106.0,-14.0,9.0,hn,2,1,2
2025.11.14,15.29.22,-90.120266,29.934115,-105,-15,-20.0,6,7,D,PERIODIC,-106.0,-14.0,9.0,hn,2,1,2
2025.11.14,15.29.23,-90.120266,29.934115,-105,-15,-20.0,1,1,D,PERIODIC,-106.0,-15.0,9.0,hn,2,1,2
2025.11.14,15.29.24,-90.120266,29.934115,-105,-15,-20.0,0,0,I,PERIODIC,-106.0,-15.0,9.0,hn,2,1,2
2025.11.14,15.29.25,-90.120266,29.934115,-108,-17,-3.0,0,0,I,PERIODIC,-106.0,-14.0,8.0,hn,2,1,2
2025.11.14,15.29.26,-90.120266,29.934115,-108,-17,-3.0,0,0,I,PERIODIC,-106.0,-14.0,8.0,hn,2,1,2
2025.11.14,15.29.27,-90.120266,29.934115,-108,-17,-3.0,0,0,I,PERIODIC,-106.0,-14.0,8.0,hn,2,1,2
2025.11.14,15.29.28,-90.120266,29.934115,-108,-16,-3.0,0,0,I,PERIODIC,-106.0,-13.0,8.0,hn,2,1,2
2025.11.14,15.29.29,-90.120266,29.934115,-109,-16,-3.0,0,0,I,PERIODIC,-107.0,-14.0,9.0,hn,2,1,2
2025.11.14,15.29.30,-90.120266,29.934115,-109,-16,-3.0,0,0,I,PERIODIC,-107.0,-14.0,9.0,hn,2,1,2
2025.11.14,15.29.31,-90.120266,29.934115,-109,-16,-3.0,0,0,I,PERIODIC,-106.0,-13.0,9.0,hn,2,1,2
2025.11.14,15.29.32,-90.120266,29.934115,-109,-16,-3.0,0,0,I,PERIODIC,-106.0,-13.0,9.0,hn,2,1,2
2025.11.14,15.29.33,-90.120266,29.934115,-109,-16,-3.0,0,0,I,PERIODIC,-109.0,-14.0,9.0,hn,2,1,2
2025.11.14,15.29.34,-90.120266,29.934115,-109,-16,-3.0,0,0,I,PERIODIC,-109.0,-14.0,9.0,hn,2,1,2
2025.11.14,15.29.35,-90.120266,29.934115,-109,-16,-3.0,0,3730,D,PERIODIC,-108.0,-14.0,9.0,hn,2,1,2
2025.11.14,15.29.36,-90.120266,29.934115,-109,-16,-3.0,6,6,D,PERIODIC,-108.0,-14.0,9.0,hn,2,1,2
2025.11.14,15.29.37,-90.120266,29.934115,-109,-16,-3.0,0,0,I,PERIODIC,-108.0,-12.0,9.0,hn,2,1,2
2025.11.14,15.29.38,-90.120266,29.934115,-109,-16,-3.0,1,1,D,PERIODIC,-108.0,-12.0,9.0,hn,2,1,2
2025.11.14,15.29.39,-90.120266,29.934115,-109,-16,-3.0,0,0,D,PERIODIC,-107.0,-13.0,9.0,hn,2,1,2
2025.11.14,15.29.40,-90.120266,29.934115,-109,-16,-3.0,1,1,D,PERIODIC,-107.0,-13.0,9.0,hn,2,1,2
2025.11.14,15.29.41,-90.120266,29.934115,-109,-16,-3.0,0,0,I,PERIODIC,-108.0,-13.0,9.0,hn,2,1,2
2025.11.14,15.29.42,-90.120266,29.934115,-109,-16,-4.0,0,0,I,PERIODIC,-108.0,-13.0,9.0,hn,2,1,2
2025.11.14,15.29.43,-90.120266,29.934115,-107,-14,25.0,0,0,I,HANDOVER_DATA_5G5G,-107.0,-13.0,9.0,hn,2,1,2
2025.11.14,15.29.44,-90.120266,29.934115,-107,-14,25.0,4,4,D,PERIODIC,-107.0,-13.0,9.0,hn,2,1,2
2025.11.14,15.29.45,-90.120266,29.934115,-107,-14,25.0,1,1,D,PERIODIC,-108.0,-14.0,9.0,hn,2,1,2
2025.11.14,15.29.46,-90.120266,29.934115,-107,-14,25.0,1,1,D,PERIODIC,-108.0,-14.0,9.0,hn,2,1,2
2025.11.14,15.29.47,-90.120266,29.934115,-108,-15,10.0,0,0,I,PERIODIC,-108.0,-13.0,9.0,hn,2,1,2
2025.11.14,15.29.48,-90.120266,29.934115,-108,-15,10.0,0,0,I,PERIODIC,-108.0,-13.0,9.0,hn,2,1,2
2025.11.14,15.29.49,-90.120266,29.934115,-108,-15,10.0,0,0,I,PERIODIC,-108.0,-13.0,9.0,hn,2,1,2
2025.11.14,15.29.50,-90.120266,29.934115,-108,-15,10.0,0,0,I,PERIODIC,-108.0,-13.0,9.0,hn,2,1,2
2025.11.14,15.29.51,-90.120266,29.934115,-108,-15,10.0,0,0,I,PERIODIC,-108.0,-13.0,9.0,hn,2,1,2
2025.11.14,15.29.52,-90.120266,29.934115,-108,-15,10.0,2,2,D,PERIODIC,-108.0,-13.0,9.0,hn,2,1,2
2025.11.14,15.29.53,-90.120266,29.934115,-108,-15,10.0,1,1,D,PERIODIC,-107.0,-14.0,9.0,hn,2,1,2
2025.11.14,15.29.54,-90.120266,29.934115,-108,-15,10.0,0,0,I,PERIODIC,-107.0,-14.0,9.0,hn,2,1,2
2025.11.14,15.29.55,-90.120266,29.934115,-108,-15,10.0,0,0,I,PERIODIC,-107.0,-13.0,9.0,hn,2,1,2
2025.11.14,15.29.56,-90.120266,29.934115,-108,-15,10.0,0,0,I,PERIODIC,-107.0,-13.0,9.0,hn,2,1,2
2025.11.14,15.29.57,-90.120266,29.934115,-108,-15,10.0,0,0,I,PERIODIC,-107.0,-13.0,9.0,hn,2,1,2
2025.11.14,15.29.58,-90.120266,29.934115,-108,-15,10.0,0,0,I,PERIODIC,-107.0,-13.0,9.0,hn,2,1,2
2025.11.14,15.29.59,-90.120266,29.934115,-107,-14,25.0,0,0,D,PERIODIC,-108.0,-13.0,9.0,hn,2,1,2
2025.11.14,15.30.00,-90.120266,29.934115,-107,-14,25.0,3,3,D,PERIODIC,-108.0,-13.0,9.0,hn,2,1,2
2025.11.14,15.30.01,-90.120266,29.934115,-106,-15,25.0,0,0,I,PERIODIC,-108.0,-12.0,9.0,hn,2,1,2
2025.11.14,15.30.02,-90.120266,29.934115,-106,-15,25.0,0,0,I,PERIODIC,-108.0,-12.0,9.0,hn,2,1,2
2025.11.14,15.30.03,-90.120266,29.934115,-106,-15,25.0,0,0,I,PERIODIC,-108.0,-13.0,9.0,hn,2,1,2
2025.11.14,15.30.04,-90.120266,29.934115,-106,-15,25.0,0,0,I,PERIODIC,-108.0,-13.0,9.0,hn,2,1,2
2025.11.14,15.30.05,-90.120266,29.934115,-106,-15,25.0,17,19,D,PERIODIC,-108.0,-14.0,9.0,hn,2,1,2
2025.11.14,15.30.06,-90.120266,29.934115,-106,-15,25.0,2,2,D,PERIODIC,-108.0,-14.0,9.0,hn,2,1,2
2025.11.14,15.30.07,-90.120266,29.934115,-106,-15,25.0,12,12,D,PERIODIC,-108.0,-14.0,9.0,hn,2,1,2
2025.11.14,15.30.08,-90.120266,29.934115,-108,-15,25.0,1,1,D,PERIODIC,-108.0,-13.0,9.0,hn,2,1,2
2025.11.14,15.30.09,-90.120266,29.934115,-107,-15,20.0,0,0,D,PERIODIC,-107.0,-12.0,9.0,hn,2,1,2
2025.11.14,15.30.10,-90.120266,29.934115,-107,-15,20.0,1,1,D,PERIODIC,-107.0,-12.0,9.0,hn,2,1,2
2025.11.14,15.30.11,-90.120266,29.934115,-107,-15,20.0,0,0,I,PERIODIC,-110.0,-14.0,9.0,hn,2,1,2
2025.11.14,15.30.12,-90.120266,29.934115,-107,-15,20.0,0,0,D,PERIODIC,-110.0,-14.0,9.0,hn,2,1,2
2025.11.14,15.30.13,-90.120266,29.934115,-112,-16,0.0,0,0,I,PERIODIC,-108.0,-14.0,8.0,hn,2,1,2
2025.11.14,15.30.14,-90.120266,29.934115,-112,-16,0.0,0,0,I,PERIODIC,-108.0,-14.0,8.0,hn,2,1,2
2025.11.14,15.30.15,-90.120266,29.934115,-112,-16,0.0,3,3,D,PERIODIC,-108.0,-14.0,8.0,hn,2,1,2
2025.11.14,15.30.16,-90.120266,29.934115,-112,-16,0.0,0,0,I,PERIODIC,-110.0,-14.0,8.0,hn,2,1,2
2025.11.14,15.30.17,-90.120266,29.934115,-112,-16,0.0,4,4,D,PERIODIC,-110.0,-14.0,8.0,hn,2,1,2
2025.11.14,15.30.18,-90.120266,29.934115,-106,-15,20.0,0,0,D,PERIODIC,-107.0,-13.0,9.0,hn,2,1,2
2025.11.14,15.30.19,-90.120266,29.934115,-106,-15,20.0,1,1,D,PERIODIC,-107.0,-13.0,9.0,hn,2,1,2
2025.11.05,14.49.50,-90.120276,29.934155,-114,-16,-3.0,152947,3994,D,LOG START,-106.0,-13.0,9.0,h9,2,1,2
2025.11.05,14.49.50,-90.120276,29.934155,-114,-16,-3.0,0,0,I,PERIODIC,-106.0,-13.0,9.0,h9,2,1,2
2025.11.05,14.49.51,-90.120276,29.934155,-111,-15,-3.0,0,0,I,PERIODIC,-105.0,-13.0,11.0,h9,2,1,2
2025.11.05,14.49.52,-90.120276,29.934155,-111,-15,-2.0,0,0,I,PERIODIC,-105.0,-13.0,11.0,h9,2,1,2
2025.11.05,14.49.53,-90.120276,29.934155,-112,-16,-2.0,196053,2658,D,PERIODIC,-101.0,-13.0,12.0,h9,2,1,2
2025.11.05,14.49.54,-90.120276,29.934155,-112,-16,-2.0,1,1,D,PERIODIC,-101.0,-13.0,12.0,h9,2,1,2
2025.11.05,14.49.55,-90.120276,29.934155,-106,-12,-20.0,0,3,D,HANDOVER_DATA_5G5G,-102.0,-12.0,12.0,h9,2,1,2
2025.11.05,14.49.56,-90.120276,29.934155,-106,-12,-20.0,6,3,D,PERIODIC,-102.0,-12.0,12.0,h9,2,1,2
2025.11.05,14.49.57,-90.120276,29.934155,-106,-12,-20.0,7,7,D,PERIODIC,-102.0,-12.0,12.0,h9,2,1,2
2025.11.05,14.49.58,-90.120276,29.934155,-109,-12,4.0,0,0,D,PERIODIC,-101.0,-13.0,13.0,h9,2,1,2
2025.11.05,14.49.59,-90.120276,29.934155,-109,-12,4.0,10,10,D,PERIODIC,-101.0,-13.0,13.0,h9,2,1,2
2025.11.05,14.50.00,-90.120276,29.934155,-109,-12,4.0,0,0,D,PERIODIC,-101.0,-13.0,13.0,h9,2,1,2
2025.11.05,14.50.01,-90.120276,29.934155,-109,-12,40.0,3,3,D,PERIODIC,-102.0,-11.0,11.0,h9,2,1,2
2025.11.05,14.50.02,-90.120276,29.934155,-111,-12,5.0,0,0,I,PERIODIC,-102.0,-12.0,13.0,h9,2,1,2
2025.11.05,14.50.03,-90.120276,29.934155,-111,-12,5.0,3,3,D,PERIODIC,-102.0,-12.0,13.0,h9,2,1,2
2025.11.05,14.50.04,-90.120276,29.934155,-112,-13,20.0,0,0,D,PERIODIC,-102.0,-13.0,13.0,h9,2,1,2
2025.11.05,14.50.05,-90.120276,29.934155,-112,-13,20.0,0,0,I,PERIODIC,-102.0,-13.0,13.0,h9,2,1,2
2025.11.05,14.50.06,-90.120276,29.934155,-112,-13,20.0,0,0,I,PERIODIC,-101.0,-12.0,13.0,h9,2,1,2
2025.11.05,14.50.07,-90.120276,29.934155,-112,-13,20.0,0,0,I,PERIODIC,-101.0,-12.0,13.0,h9,2,1,2
2025.11.05,14.50.08,-90.120276,29.934155,-112,-13,20.0,0,0,I,PERIODIC,-102.0,-13.0,13.0,h9,2,1,2
2025.11.05,14.50.09,-90.120276,29.934155,-112,-13,20.0,0,0,I,PERIODIC,-102.0,-13.0,13.0,h9,2,1,2
2025.11.05,14.50.10,-90.120276,29.934155,-112,-13,25.0,0,0,I,PERIODIC,-102.0,-13.0,13.0,h9,2,1,2
2025.11.05,14.50.11,-90.120276,29.934155,-112,-13,25.0,11,12,D,PERIODIC,-102.0,-13.0,13.0,h9,2,1,2
2025.11.05,14.50.12,-90.120276,29.934155,-111,-13,25.0,1,1,D,PERIODIC,-102.0,-13.0,13.0,h9,2,1,2
2025.11.05,14.50.13,-90.120276,29.934155,-111,-13,25.0,0,0,I,PERIODIC,-102.0,-13.0,13.0,h9,2,1,2
2025.11.05,14.50.14,-90.120276,29.934155,-114,-13,20.0,23,24,D,PERIODIC,-102.0,-13.0,13.0,h9,2,1,2
2025.11.05,14.50.15,-90.120276,29.934155,-114,-13,20.0,0,0,I,PERIODIC,-102.0,-13.0,13.0,h9,2,1,2
2025.11.05,14.50.16,-90.120276,29.934155,-111,-13,20.0,0,0,I,PERIODIC,-101.0,-14.0,13.0,h9,2,1,2
2025.11.05,14.50.17,-90.120276,29.934155,-111,-13,20.0,1,1,D,PERIODIC,-101.0,-14.0,13.0,h9,2,1,2
2025.11.05,14.50.18,-90.120276,29.934155,-111,-13,20.0,0,0,I,PERIODIC,-101.0,-14.0,13.0,h9,2,1,2
2025.11.05,14.50.19,-90.120319,29.934044,-111,-13,20.0,0,0,I,PERIODIC,-102.0,-11.0,13.0,h9,2,1,2
2025.11.05,14.50.20,-90.120319,29.934044,-111,-13,20.0,0,0,I,PERIODIC,-102.0,-11.0,13.0,h9,2,1,2
2025.11.05,14.50.21,-90.120319,29.934044,-111,-13,5.0,0,0,I,PERIODIC,-102.0,-12.0,12.0,h9,2,1,2
2025.11.05,14.50.22,-90.120319,29.934044,-111,-13,5.0,0,0,I,PERIODIC,-102.0,-12.0,12.0,h9,2,1,2
2025.11.05,14.50.23,-90.120319,29.934044,-112,-13,5.0,8,9,D,PERIODIC,-102.0,-13.0,11.0,h9,2,1,2
2025.11.05,14.50.24,-90.120319,29.934044,-112,-13,5.0,0,0,D,PERIODIC,-102.0,-13.0,11.0,h9,2,1,2
2025.11.05,14.50.25,-90.120319,29.934044,-110,-13,5.0,0,0,D,PERIODIC,-103.0,-14.0,13.0,h9,2,1,2
2025.11.05,14.50.26,-90.120319,29.934044,-110,-13,5.0,0,0,I,PERIODIC,-103.0,-14.0,13.0,h9,2,1,2
2025.11.05,14.50.27,-90.120319,29.934044,-110,-13,5.0,0,0,I,PERIODIC,-102.0,-12.0,12.0,h9,2,1,2
2025.11.05,14.50.28,-90.120319,29.934044,-110,-13,5.0,11,11,D,PERIODIC,-102.0,-12.0,12.0,h9,2,1,2
2025.11.05,14.50.29,-90.120319,29.934044,-110,-13,5.0,3,369,D,PERIODIC,-102.0,-12.0,12.0,h9,2,1,2
2025.11.05,14.50.30,-90.120319,29.934044,-110,-13,5.0,0,0,D,PERIODIC,-103.0,-9.0,12.0,h9,2,1,2
2025.11.05,14.50.31,-90.120319,29.934044,-108,-12,5.0,3,0,D,PERIODIC,-103.0,-13.0,11.0,h9,2,1,2
2025.11.05,14.50.32,-90.120319,29.934044,-108,-12,5.0,0,0,I,PERIODIC,-103.0,-13.0,11.0,h9,2,1,2
2025.11.05,14.50.33,-90.120319,29.934044,-112,-13,5.0,0,0,I,PERIODIC,-102.0,-13.0,14.0,h9,2,1,2
2025.11.05,14.50.34,-90.120319,29.934044,-112,-13,5.0,2,2,D,PERIODIC,-102.0,-13.0,14.0,h9,2,1,2
2025.11.05,14.50.35,-90.120319,29.934044,-113,-12,5.0,0,0,I,PERIODIC,-103.0,-10.0,14.0,h9,2,1,2
2025.11.05,14.50.36,-90.120319,29.934044,-113,-12,5.0,1,2,D,PERIODIC,-103.0,-10.0,14.0,h9,2,1,2
2025.11.05,14.50.37,-90.120272,29.934149,-111,-13,6.0,0,0,I,PERIODIC,-103.0,-12.0,11.0,h9,2,1,2
2025.11.05,14.50.38,-90.120272,29.934149,-111,-13,6.0,0,0,I,PERIODIC,-103.0,-12.0,11.0,h9,2,1,2
2025.11.05,14.50.39,-90.120272,29.934149,-111,-13,5.0,10,10,D,PERIODIC,-103.0,-12.0,11.0,h9,2,1,2
2025.11.05,14.50.40,-90.120272,29.934149,-110,-13,4.0,0,0,D,PERIODIC,-103.0,-11.0,14.0,h9,2,1,2
2025.11.05,14.50.41,-90.120272,29.934149,-111,-13,4.0,3,3,D,PERIODIC,-102.0,-11.0,13.0,h9,2,1,2
2025.11.05,14.50.42,-90.120272,29.934149,-111,-13,4.0,4,4,D,PERIODIC,-102.0,-11.0,13.0,h9,2,1,2
2025.11.05,14.50.43,-90.120272,29.934149,-110,-13,40.0,30,33,D,PERIODIC,-103.0,-12.0,13.0,h9,2,1,2
2025.11.05,14.50.44,-90.120272,29.934149,-110,-13,40.0,7,8,D,PERIODIC,-103.0,-12.0,13.0,h9,2,1,2
2025.11.05,14.50.45,-90.120272,29.934149,-111,-14,40.0,35,34,D,PERIODIC,-103.0,-11.0,13.0,h9,2,1,2
2025.11.05,14.50.46,-90.120272,29.934149,-111,-14,40.0,1,1,D,PERIODIC,-103.0,-11.0,13.0,h9,2,1,2
2025.11.05,14.50.47,-90.120272,29.934149,-110,-13,4.0,3,3,D,PERIODIC,-102.0,-12.0,13.0,h9,2,1,2
2025.11.05,14.50.48,-90.120272,29.934149,-110,-13,4.0,0,8749,D,PERIODIC,-102.0,-12.0,13.0,h9,2,1,2
2025.11.05,14.50.49,-90.120272,29.934149,-109,-12,6.0,0,0,I,PERIODIC,-102.0,-12.0,12.0,h9,2,1,2
2025.11.05,14.50.50,-90.120272,29.934149,-109,-12,6.0,1,1,D,PERIODIC,-102.0,-12.0,12.0,h9,2,1,2
2025.11.05,14.50.51,-90.120272,29.934149,-109,-12,6.0,0,2,D,PERIODIC,-102.0,-12.0,12.0,h9,2,1,2
2025.11.05,14.50.52,-90.120272,29.934149,-109,-12,4.0,4,4,D,PERIODIC,-102.0,-12.0,12.0,h9,2,1,2
2025.11.05,14.50.53,-90.120272,29.934149,-112,-13,35.0,45767,849,D,PERIODIC,-103.0,-11.0,14.0,h9,2,1,2
2025.11.05,14.50.54,-90.120272,29.934149,-112,-13,35.0,0,0,I,PERIODIC,-103.0,-11.0,14.0,h9,2,1,2
2025.11.05,14.50.55,-90.120272,29.934149,-112,-13,35.0,0,0,I,PERIODIC,-103.0,-11.0,14.0,h9,2,1,2
2025.11.05,14.50.56,-90.120272,29.934149,-111,-13,40.0,0,0,I,PERIODIC,-103.0,-11.0,11.0,h9,2,1,2
2025.11.05,14.50.57,-90.120272,29.934149,-111,-13,40.0,1,1,D,PERIODIC,-103.0,-11.0,11.0,h9,2,1,2
2025.11.05,14.50.58,-90.120272,29.934149,-111,-13,40.0,37925,518,D,PERIODIC,-102.0,-13.0,11.0,h9,2,1,2
2025.11.05,14.50.59,-90.120272,29.934149,-111,-13,40.0,1,1,D,PERIODIC,-102.0,-13.0,11.0,h9,2,1,2
2025.11.05,14.51.00,-90.120272,29.934149,-110,-13,40.0,0,0,I,PERIODIC,-103.0,-12.0,11.0,h9,2,1,2
2025.11.05,14.51.01,-90.120272,29.934149,-110,-13,40.0,1,1,D,PERIODIC,-103.0,-12.0,11.0,h9,2,1,2
2025.11.05,14.51.02,-90.120272,29.934149,-110,-13,4.0,0,0,I,PERIODIC,-103.0,-13.0,12.0,h9,2,1,2
2025.11.05,14.51.03,-90.120272,29.934149,-110,-13,4.0,24355,2540,D,PERIODIC,-103.0,-13.0,12.0,h9,2,1,2
2025.11.05,14.51.04,-90.120272,29.934149,-110,-13,4.0,0,0,D,PERIODIC,-103.0,-13.0,12.0,h9,2,1,2
2025.11.05,14.51.05,-90.120272,29.934149,-109,-14,40.0,0,0,I,PERIODIC,-103.0,-12.0,11.0,h9,2,1,2
2025.11.05,14.51.06,-90.120272,29.934149,-109,-14,40.0,0,0,I,PERIODIC,-103.0,-12.0,11.0,h9,2,1,2
2025.11.05,14.51.07,-90.120272,29.934149,-109,-14,40.0,0,0,I,PERIODIC,-103.0,-10.0,11.0,h9,2,1,2
2025.11.05,14.51.08,-90.120272,29.934149,-109,-14,40.0,0,0,D,PERIODIC,-103.0,-10.0,11.0,h9,2,1,2
2025.11.05,14.51.09,-90.120272,29.934149,-111,-13,40.0,0,0,I,PERIODIC,-102.0,-12.0,11.0,h9,2,1,2
2025.11.05,14.51.10,-90.120272,29.934149,-111,-13,40.0,0,0,I,PERIODIC,-102.0,-12.0,11.0,h9,2,1,2
2025.11.05,14.51.11,-90.120272,29.934149,-112,-14,5.0,0,12,D,PERIODIC,-103.0,-11.0,12.0,h9,2,1,2
2025.11.05,14.51.12,-90.120272,29.934149,-112,-14,4.0,5,5,D,PERIODIC,-103.0,-11.0,12.0,h9,2,1,2
2025.11.05,14.51.13,-90.120272,29.934149,-109,-13,4.0,0,951,D,PERIODIC,-103.0,-11.0,13.0,h9,2,1,2
2025.11.05,14.51.14,-90.120272,29.934149,-109,-13,3.0,0,0,I,PERIODIC,-103.0,-11.0,13.0,h9,2,1,2
2025.11.05,14.51.15,-90.120272,29.934149,-109,-13,3.0,0,0,I,PERIODIC,-103.0,-11.0,13.0,h9,2,1,2
2025.11.05,14.51.16,-90.120272,29.934149,-112,-14,35.0,0,0,I,PERIODIC,-104.0,-12.0,12.0,h9,2,1,2
2025.11.05,14.51.17,-90.120272,29.934149,-112,-14,35.0,0,3,D,PERIODIC,-104.0,-12.0,12.0,h9,2,1,2
2025.11.05,14.51.18,-90.120272,29.934149,-113,-15,40.0,2,2,D,PERIODIC,-104.0,-13.0,12.0,h9,2,1,2
2025.11.05,14.51.19,-90.120272,29.934149,-113,-15,40.0,0,2,D,PERIODIC,-104.0,-13.0,12.0,h9,2,1,2
2025.11.05,14.51.20,-90.120272,29.934149,-110,-13,6.0,0,0,D,PERIODIC,-104.0,-13.0,12.0,h9,2,1,2
2025.11.05,14.51.21,-90.120272,29.934149,-110,-13,5.0,0,0,I,PERIODIC,-104.0,-13.0,12.0,h9,2,1,2
2025.11.05,14.51.22,-90.120272,29.934149,-109,-13,5.0,0,0,I,PERIODIC,-104.0,-12.0,13.0,h9,2,1,2
2025.11.05,14.51.23,-90.120272,29.934149,-109,-13,5.0,38611,5240,D,PERIODIC,-104.0,-12.0,13.0,h9,2,1,2
2025.11.05,14.51.24,-90.120272,29.934149,-112,-14,25.0,0,0,I,PERIODIC,-102.0,-13.0,12.0,h9,2,1,2
2025.11.05,14.51.25,-90.120272,29.934149,-112,-14,25.0,0,0,I,PERIODIC,-102.0,-13.0,12.0,h9,2,1,2
2025.11.05,14.51.26,-90.120272,29.934149,-110,-13,4.0,0,0,I,PERIODIC,-103.0,-11.0,12.0,h9,2,1,2
2025.11.05,14.51.27,-90.120272,29.934149,-110,-13,4.0,0,0,I,PERIODIC,-103.0,-11.0,12.0,h9,2,1,2
2025.11.05,14.51.28,-90.120272,29.934149,-113,-13,4.0,33559,348,D,PERIODIC,-103.0,-13.0,12.0,h9,2,1,2
2025.11.05,14.51.29,-90.120272,29.934149,-113,-13,4.0,1,3,D,PERIODIC,-103.0,-13.0,12.0,h9,2,1,2
2025.11.05,14.51.30,-90.120272,29.934149,-113,-13,4.0,0,0,D,PERIODIC,-103.0,-13.0,12.0,h9,2,1,2
2025.11.05,14.51.31,-90.120272,29.934149,-110,-13,4.0,5,2,D,PERIODIC,-103.0,-12.0,12.0,h9,2,1,2
2025.11.05,14.51.32,-90.120272,29.934149,-110,-13,4.0,0,0,I,PERIODIC,-103.0,-12.0,12.0,h9,2,1,2
2025.11.05,14.51.33,-90.120272,29.934149,-109,-13,5.0,0,0,I,PERIODIC,-104.0,-13.0,10.0,h9,2,1,2
2025.11.05,14.51.34,-90.120272,29.934149,-109,-13,3.0,0,0,I,PERIODIC,-104.0,-13.0,10.0,h9,2,1,2
2025.11.05,14.51.35,-90.120272,29.934149,-111,-12,40.0,0,0,I,PERIODIC,-103.0,-10.0,11.0,h9,2,1,2
2025.11.05,14.51.36,-90.120272,29.934149,-111,-12,40.0,0,0,I,PERIODIC,-103.0,-10.0,11.0,h9,2,1,2
2025.11.05,14.51.37,-90.120272,29.934149,-109,-12,5.0,0,0,I,PERIODIC,-103.0,-13.0,11.0,h9,2,1,2
2025.11.05,14.51.38,-90.120272,29.934149,-109,-12,5.0,43981,1147,D,PERIODIC,-103.0,-13.0,11.0,h9,2,1,2
2025.11.05,14.51.39,-90.120272,29.934149,-110,-13,4.0,2,2,D,PERIODIC,-102.0,-10.0,13.0,h9,2,1,2
2025.11.05,14.51.40,-90.120272,29.934149,-110,-13,4.0,0,0,I,PERIODIC,-102.0,-10.0,13.0,h9,2,1,2
2025.11.05,14.51.41,-90.120272,29.934149,-112,-13,4.0,0,0,I,PERIODIC,-103.0,-12.0,13.0,h9,2,1,2
2025.11.05,14.51.42,-90.120272,29.934149,-112,-13,5.0,0,10,D,PERIODIC,-103.0,-12.0,13.0,h9,2,1,2
2025.11.05,14.51.43,-90.120272,29.934149,-112,-14,5.0,1,1,D,PERIODIC,-102.0,-12.0,13.0,h9,2,1,2
2025.11.05,14.51.44,-90.120272,29.934149,-112,-14,5.0,0,0,I,PERIODIC,-102.0,-12.0,13.0,h9,2,1,2
2025.11.05,14.51.45,-90.120272,29.934149,-112,-14,5.0,0,0,I,PERIODIC,-104.0,-11.0,13.0,h9,2,1,2
2025.11.05,14.51.46,-90.120272,29.934149,-112,-14,5.0,13647,845,D,PERIODIC,-104.0,-11.0,13.0,h9,2,1,2
2025.11.05,14.51.47,-90.120272,29.934149,-110,-13,40.0,7,7,D,PERIODIC,-102.0,-13.0,10.0,h9,2,1,2
2025.11.05,14.51.48,-90.120298,29.934003,-110,-13,40.0,0,0,I,PERIODIC,-102.0,-13.0,10.0,h9,2,1,2
2025.11.05,14.51.49,-90.120298,29.934003,-110,-13,40.0,18804,310,D,PERIODIC,-103.0,-12.0,10.0,h9,2,1,2
2025.11.05,14.51.50,-90.120298,29.934003,-110,-13,40.0,0,0,D,PERIODIC,-103.0,-12.0,10.0,h9,2,1,2
2025.11.05,14.51.51,-90.120298,29.934003,-110,-13,40.0,8,9,D,PERIODIC,-103.0,-12.0,10.0,h9,2,1,2
2025.11.05,14.51.52,-90.120298,29.934003,-110,-13,40.0,3,3,D,PERIODIC,-103.0,-12.0,10.0,h9,2,1,2
2025.11.05,14.51.53,-90.120298,29.934003,-112,-13,4.0,0,1604,D,PERIODIC,-102.0,-12.0,10.0,h9,2,1,2
2025.11.05,14.51.54,-90.120298,29.934003,-112,-13,4.0,0,0,D,PERIODIC,-104.0,-12.0,10.0,h9,2,1,2
2025.11.05,14.51.55,-90.120298,29.934003,-112,-13,4.0,0,0,I,PERIODIC,-104.0,-12.0,10.0,h9,2,1,2
2025.11.05,14.51.56,-90.120298,29.934003,-112,-13,4.0,0,0,I,PERIODIC,-104.0,-12.0,10.0,h9,2,1,2
2025.11.05,14.51.57,-90.120298,29.934003,-112,-13,4.0,0,0,I,PERIODIC,-104.0,-12.0,10.0,h9,2,1,2
2025.11.05,14.51.58,-90.120298,29.934003,-112,-13,4.0,24656,280,D,PERIODIC,-104.0,-12.0,10.0,h9,2,1,2
2025.11.05,14.51.59,-90.120298,29.934003,-112,-13,4.0,0,49,D,PERIODIC,-104.0,-12.0,10.0,h9,2,1,2
2025.11.05,14.52.00,-90.120298,29.934003,-112,-14,5.0,0,0,D,PERIODIC,-103.0,-14.0,12.0,h9,2,1,2
2025.11.05,14.52.01,-90.120298,29.934003,-112,-14,5.0,3,3,D,PERIODIC,-103.0,-14.0,12.0,h9,2,1,2
2025.11.05,14.52.02,-90.120298,29.934003,-112,-14,5.0,0,29,D,PERIODIC,-104.0,-12.0,12.0,h9,2,1,2
2025.11.05,14.52.03,-90.120298,29.934003,-112,-14,5.0,27375,405,D,PERIODIC,-104.0,-12.0,12.0,h9,2,1,2
2025.11.05,14.52.04,-90.120298,29.934003,-112,-14,5.0,1,30,D,PERIODIC,-103.0,-12.0,12.0,h9,2,1,2
2025.11.05,14.52.05,-90.120262,29.934129,-112,-14,4.0,0,0,D,PERIODIC,-103.0,-12.0,12.0,h9,2,1,2
2025.11.05,14.52.06,-90.120262,29.934129,-110,-13,4.0,4,89,D,PERIODIC,-103.0,-12.0,12.0,h9,2,1,2
2025.11.05,14.52.07,-90.120262,29.934129,-110,-13,4.0,0,56,D,PERIODIC,-103.0,-12.0,12.0,h9,2,1,2
2025.11.05,14.52.08,-90.120262,29.934129,-110,-13,4.0,0,55,D,PERIODIC,-104.0,-12.0,12.0,h9,2,1,2
2025.11.05,14.52.09,-90.120262,29.934129,-110,-13,4.0,0,57,D,PERIODIC,-104.0,-12.0,12.0,h9,2,1,2
2025.11.05,14.52.10,-90.120262,29.934129,-110,-13,4.0,0,57,D,PERIODIC,-104.0,-12.0,12.0,h9,2,1,2
2025.11.05,14.52.11,-90.120262,29.934129,-110,-13,4.0,0,0,I,PERIODIC,-104.0,-13.0,12.0,h9,2,1,2
2025.11.05,14.52.12,-90.120262,29.934129,-111,-13,5.0,0,56,D,PERIODIC,-103.0,-12.0,11.0,h9,2,1,2
2025.11.05,14.52.13,-90.120262,29.934129,-111,-13,5.0,27571,3421,D,PERIODIC,-103.0,-12.0,11.0,h9,2,1,2
2025.11.05,14.52.14,-90.120262,29.934129,-111,-13,6.0,0,28,D,PERIODIC,-104.0,-12.0,12.0,h9,2,1,2
2025.11.05,14.52.15,-90.120262,29.934129,-111,-13,6.0,0,0,D,PERIODIC,-104.0,-12.0,12.0,h9,2,1,2
2025.11.05,14.52.16,-90.120262,29.934129,-111,-13,6.0,0,0,D,PERIODIC,-104.0,-12.0,12.0,h9,2,1,2
2025.11.05,14.52.17,-90.120262,29.934129,-111,-13,5.0,0,0,I,PERIODIC,-104.0,-12.0,12.0,h9,2,1,2
2025.11.05,14.52.18,-90.120262,29.934129,-113,-14,5.0,0,56,D,PERIODIC,-104.0,-11.0,11.0,h9,2,1,2
2025.11.05,14.52.19,-90.120262,29.934129,-113,-14,5.0,0,113,D,PERIODIC,-104.0,-11.0,11.0,h9,2,1,2
2025.11.05,14.52.20,-90.120262,29.934129,-113,-14,5.0,0,84,D,PERIODIC,-104.0,-11.0,11.0,h9,2,1,2
2025.11.05,14.52.21,-90.120262,29.934129,-110,-13,5.0,0,0,D,PERIODIC,-104.0,-13.0,11.0,h9,2,1,2
2025.11.05,14.52.22,-90.120262,29.934129,-113,-15,40.0,0,170,D,PERIODIC,-104.0,-12.0,11.0,h9,2,1,2
2025.11.05,14.52.23,-90.120262,29.934129,-113,-15,40.0,0,0,D,PERIODIC,-104.0,-12.0,11.0,h9,2,1,2
2025.11.05,14.52.24,-90.120262,29.934129,-110,-13,7.0,0,111,D,PERIODIC,-103.0,-14.0,11.0,h9,2,1,2
2025.11.05,14.52.25,-90.120262,29.934129,-110,-13,7.0,0,0,D,PERIODIC,-103.0,-14.0,11.0,h9,2,1,2
2025.11.05,14.52.26,-90.120262,29.934129,-110,-13,7.0,0,112,D,PERIODIC,-103.0,-12.0,11.0,h9,2,1,2
2025.11.05,14.52.27,-90.120262,29.934129,-110,-13,6.0,0,56,D,PERIODIC,-103.0,-12.0,11.0,h9,2,1,2
2025.11.05,14.52.28,-90.120262,29.934129,-109,-14,5.0,0,56,D,PERIODIC,-103.0,-12.0,11.0,h9,2,1,2
2025.11.05,14.52.29,-90.120262,29.934129,-109,-14,6.0,0,0,D,PERIODIC,-103.0,-12.0,11.0,h9,2,1,2
2025.11.05,14.52.30,-90.120262,29.934129,-109,-14,6.0,6,3,D,PERIODIC,-103.0,-12.0,12.0,h9,2,1,2
2025.11.05,14.52.31,-90.120262,29.934129,-109,-14,6.0,0,0,D,PERIODIC,-103.0,-12.0,12.0,h9,2,1,2
2025.11.05,14.52.32,-90.120262,29.934129,-107,-13,7.0,0,0,I,PERIODIC,-105.0,-11.0,11.0,h9,2,1,2
2025.11.05,14.52.33,-90.120262,29.934129,-107,-13,7.0,0,1185,D,PERIODIC,-105.0,-11.0,11.0,h9,2,1,2
2025.11.05,14.52.34,-90.120262,29.934129,-107,-13,7.0,0,0,I,PERIODIC,-105.0,-12.0,11.0,h9,2,1,2
2025.11.05,14.52.35,-90.120262,29.934129,-107,-13,5.0,0,0,I,PERIODIC,-105.0,-12.0,11.0,h9,2,1,2
2025.11.05,14.52.36,-90.120262,29.934129,-109,-13,6.0,0,0,I,PERIODIC,-104.0,-12.0,10.0,h9,2,1,2
2025.11.05,14.52.37,-90.120262,29.934129,-109,-13,6.0,0,0,I,PERIODIC,-104.0,-12.0,10.0,h9,2,1,2
2025.11.05,14.52.38,-90.120262,29.934129,-109,-13,6.0,0,0,I,PERIODIC,-104.0,-12.0,10.0,h9,2,1,2
2025.11.05,14.52.39,-90.120262,29.934129,-109,-13,6.0,0,0,I,PERIODIC,-104.0,-12.0,10.0,h9,2,1,2
2025.11.05,14.52.40,-90.120262,29.934129,-107,-12,6.0,0,0,I,PERIODIC,-104.0,-12.0,12.0,h9,2,1,2
2025.11.05,14.52.41,-90.120283,29.934027,-107,-12,6.0,0,2,D,PERIODIC,-104.0,-12.0,12.0,h9,2,1,2
2025.11.05,14.52.42,-90.120283,29.934027,-109,-13,6.0,5,4,D,PERIODIC,-103.0,-12.0,11.0,h9,2,1,2
2025.11.05,14.52.43,-90.120283,29.934027,-109,-13,6.0,0,535,D,PERIODIC,-103.0,-12.0,11.0,h9,2,1,2
2025.11.05,14.52.44,-90.120283,29.934027,-111,-15,35.0,0,0,I,PERIODIC,-103.0,-12.0,12.0,h9,2,1,2
2025.11.05,14.52.45,-90.120283,29.934027,-111,-15,35.0,0,0,I,PERIODIC,-103.0,-12.0,12.0,h9,2,1,2
2025.11.05,14.52.46,-90.120283,29.934027,-109,-14,5.0,0,0,I,PERIODIC,-102.0,-11.0,11.0,h9,2,1,2
2025.11.05,14.52.47,-90.120283,29.934027,-109,-14,6.0,0,0,D,PERIODIC,-102.0,-11.0,11.0,h9,2,1,2
2025.11.05,14.52.48,-90.120283,29.934027,-108,-13,6.0,45,78,D,PERIODIC,-103.0,-12.0,11.0,h9,2,1,2
2025.11.05,14.52.49,-90.120283,29.934027,-108,-13,6.0,108,81,D,PERIODIC,-103.0,-12.0,11.0,h9,2,1,2
2025.11.05,14.52.50,-90.120283,29.934027,-108,-13,6.0,0,14,D,PERIODIC,-103.0,-13.0,11.0,h9,2,1,2
2025.11.05,14.52.51,-90.120283,29.934027,-108,-13,6.0,4,5,D,PERIODIC,-103.0,-13.0,11.0,h9,2,1,2
2025.11.05,14.52.52,-90.120283,29.934027,-108,-13,6.0,0,0,I,PERIODIC,-103.0,-13.0,11.0,h9,2,1,2
2025.11.05,14.52.53,-90.120283,29.934027,-108,-13,4.0,0,0,I,PERIODIC,-103.0,-13.0,11.0,h9,2,1,2
2025.11.05,14.52.54,-90.120283,29.934027,-108,-13,4.0,1,2,D,PERIODIC,-104.0,-14.0,11.0,h9,2,1,2
2025.11.05,14.52.55,-90.120283,29.934027,-108,-13,4.0,6,3,D,PERIODIC,-104.0,-14.0,11.0,h9,2,1,2
2025.11.05,14.52.56,-90.120283,29.934027,-110,-14,5.0,0,0,D,PERIODIC,-104.0,-12.0,11.0,h9,2,1,2
2025.11.05,14.52.57,-90.120283,29.934027,-110,-14,5.0,0,0,D,PERIODIC,-104.0,-12.0,11.0,h9,2,1,2
2025.11.05,14.52.58,-90.120283,29.934027,-110,-14,5.0,40681,1083,D,PERIODIC,-105.0,-12.0,11.0,h9,2,1,2
2025.11.05,14.52.59,-90.120283,29.934027,-110,-14,5.0,2,2,D,PERIODIC,-105.0,-12.0,11.0,h9,2,1,2
2025.11.05,14.53.00,-90.120283,29.934027,-111,-14,40.0,2,2,D,PERIODIC,-102.0,-13.0,12.0,h9,2,1,2
2025.11.05,14.53.01,-90.120283,29.934027,-111,-14,40.0,1,1,D,PERIODIC,-102.0,-13.0,12.0,h9,2,1,2
2025.11.05,14.53.02,-90.120283,29.934027,-111,-14,4.0,1,1,D,PERIODIC,-103.0,-13.0,10.0,h9,2,1,2
2025.11.05,14.53.03,-90.120283,29.934027,-111,-14,5.0,3,3,D,PERIODIC,-103.0,-13.0,10.0,h9,2,1,2
2025.11.05,14.53.04,-90.120283,29.934027,-110,-14,5.0,1,1,D,PERIODIC,-103.0,-13.0,10.0,h9,2,1,2
2025.11.05,14.53.05,-90.120283,29.934027,-110,-14,5.0,0,0,I,PERIODIC,-103.0,-13.0,10.0,h9,2,1,2
2025.11.05,14.53.06,-90.120283,29.934027,-110,-14,5.0,0,0,I,PERIODIC,-104.0,-13.0,10.0,h9,2,1,2
2025.11.05,14.53.07,-90.120283,29.934027,-110,-14,5.0,0,0,I,PERIODIC,-104.0,-13.0,10.0,h9,2,1,2
2025.11.05,14.53.08,-90.12027,29.934168,-110,-14,5.0,0,0,I,PERIODIC,-104.0,-12.0,10.0,h9,2,1,2
2025.11.05,14.53.09,-90.12027,29.934168,-110,-14,5.0,0,0,I,PERIODIC,-104.0,-12.0,10.0,h9,2,1,2
2025.11.05,14.53.10,-90.12027,29.934168,-110,-14,5.0,0,0,I,PERIODIC,-103.0,-12.0,10.0,h9,2,1,2
2025.11.05,14.53.11,-90.12027,29.934168,-110,-14,5.0,0,0,I,PERIODIC,-103.0,-12.0,10.0,h9,2,1,2
2025.11.05,14.53.12,-90.12027,29.934168,-109,-14,5.0,1,1,D,PERIODIC,-103.0,-13.0,11.0,h9,2,1,2
2025.11.05,14.53.13,-90.12027,29.934168,-109,-14,6.0,35861,5675,D,PERIODIC,-103.0,-13.0,11.0,h9,2,1,2
2025.11.05,14.53.14,-90.12027,29.934168,-109,-14,6.0,0,0,D,PERIODIC,-105.0,-13.0,12.0,h9,2,1,2
2025.11.05,14.53.15,-90.12027,29.934168,-109,-14,6.0,0,0,I,PERIODIC,-105.0,-13.0,12.0,h9,2,1,2
2025.11.05,14.53.16,-90.12027,29.934168,-110,-13,5.0,0,0,I,PERIODIC,-103.0,-11.0,12.0,h9,2,1,2
2025.11.05,14.53.17,-90.12027,29.934168,-110,-13,5.0,0,0,I,PERIODIC,-103.0,-11.0,12.0,h9,2,1,2
2025.11.05,14.53.18,-90.12027,29.934168,-109,-13,5.0,0,0,I,PERIODIC,-105.0,-13.0,12.0,h9,2,1,2
2025.11.05,14.53.19,-90.12027,29.934168,-109,-13,5.0,0,0,I,PERIODIC,-105.0,-13.0,12.0,h9,2,1,2
2025.11.05,14.53.20,-90.12027,29.934168,-111,-14,4.0,0,0,I,PERIODIC,-104.0,-13.0,11.0,h9,2,1,2
2025.11.05,14.53.21,-90.12027,29.934168,-111,-14,5.0,0,0,I,PERIODIC,-104.0,-13.0,11.0,h9,2,1,2
2025.11.05,14.53.22,-90.12027,29.934168,-111,-14,6.0,0,0,I,PERIODIC,-104.0,-13.0,11.0,h9,2,1,2
2025.11.05,14.53.23,-90.12027,29.934168,-110,-14,6.0,0,0,I,PERIODIC,-103.0,-13.0,12.0,h9,2,1,2
2025.11.05,14.53.24,-90.12027,29.934168,-110,-14,6.0,0,0,I,PERIODIC,-103.0,-13.0,12.0,h9,2,1,2
2025.11.05,14.53.25,-90.12027,29.934168,-110,-14,6.0,0,0,I,PERIODIC,-103.0,-13.0,12.0,h9,2,1,2
2025.11.05,14.53.26,-90.12027,29.934168,-109,-14,6.0,0,0,I,PERIODIC,-103.0,-11.0,13.0,h9,2,1,2
2025.11.05,14.53.27,-90.12027,29.934168,-109,-14,6.0,0,0,I,PERIODIC,-103.0,-11.0,13.0,h9,2,1,2
2025.11.05,14.53.28,-90.12027,29.934168,-110,-14,6.0,27559,658,D,PERIODIC,-103.0,-13.0,13.0,h9,2,1,2
2025.11.05,14.53.29,-90.12027,29.934168,-110,-14,5.0,1,1,D,PERIODIC,-103.0,-13.0,13.0,h9,2,1,2
2025.11.05,14.53.30,-90.12027,29.934168,-109,-13,5.0,0,0,D,PERIODIC,-103.0,-13.0,12.0,h9,2,1,2
2025.11.05,14.53.31,-90.12027,29.934168,-109,-13,6.0,0,0,I,PERIODIC,-103.0,-13.0,12.0,h9,2,1,2
2025.11.05,14.53.32,-90.12027,29.934168,-108,-13,6.0,0,0,I,PERIODIC,-104.0,-13.0,13.0,h9,2,1,2
2025.11.05,14.53.33,-90.12027,29.934168,-108,-13,6.0,0,0,I,PERIODIC,-104.0,-13.0,13.0,h9,2,1,2
2025.11.05,14.53.34,-90.12027,29.934168,-108,-13,6.0,0,0,I,PERIODIC,-103.0,-12.0,13.0,h9,2,1,2
2025.11.05,14.53.35,-90.12027,29.934168,-108,-13,6.0,0,0,I,PERIODIC,-103.0,-12.0,13.0,h9,2,1,2
2025.11.05,14.53.36,-90.12027,29.934168,-108,-13,5.0,0,0,I,PERIODIC,-103.0,-12.0,11.0,h9,2,1,2
2025.11.05,14.53.37,-90.12027,29.934168,-108,-13,5.0,0,0,I,PERIODIC,-103.0,-12.0,11.0,h9,2,1,2
2025.11.05,14.53.38,-90.12027,29.934168,-108,-13,4.0,31675,1016,D,PERIODIC,-104.0,-12.0,12.0,h9,2,1,2
2025.11.05,14.53.39,-90.12027,29.934168,-108,-13,6.0,0,0,I,PERIODIC,-104.0,-12.0,12.0,h9,2,1,2
2025.11.05,14.53.40,-90.12027,29.934168,-109,-13,6.0,0,0,I,PERIODIC,-102.0,-11.0,13.0,h9,2,1,2
2025.11.05,14.53.41,-90.12027,29.934168,-109,-13,6.0,1,3,D,PERIODIC,-102.0,-11.0,13.0,h9,2,1,2
2025.11.05,14.53.42,-90.12027,29.934168,-109,-13,6.0,6,5,D,PERIODIC,-104.0,-13.0,13.0,h9,2,1,2
2025.11.05,14.53.43,-90.12027,29.934168,-109,-13,6.0,1,1,D,PERIODIC,-104.0,-13.0,13.0,h9,2,1,2
2025.11.05,14.53.44,-90.12027,29.934168,-109,-13,6.0,2,2,D,PERIODIC,-103.0,-13.0,13.0,h9,2,1,2
2025.11.05,14.53.45,-90.12027,29.934168,-109,-13,4.0,0,0,D,PERIODIC,-103.0,-13.0,13.0,h9,2,1,2
2025.11.05,14.53.46,-90.12027,29.934168,-109,-13,4.0,0,0,I,PERIODIC,-103.0,-13.0,13.0,h9,2,1,2
2025.11.05,14.53.47,-90.12027,29.934168,-109,-13,4.0,0,7,D,PERIODIC,-103.0,-12.0,11.0,h9,2,1,2
2025.11.05,14.53.48,-90.12027,29.934168,-109,-13,4.0,29172,838,D,PERIODIC,-103.0,-12.0,11.0,h9,2,1,2
2025.11.05,14.53.49,-90.12027,29.934168,-108,-13,40.0,0,0,I,PERIODIC,-104.0,-12.0,11.0,h9,2,1,2
2025.11.05,14.53.50,-90.12027,29.934168,-108,-13,40.0,0,0,I,PERIODIC,-104.0,-12.0,11.0,h9,2,1,2
2025.11.05,14.53.51,-90.12027,29.934168,-112,-13,40.0,1,2,D,PERIODIC,-104.0,-13.0,11.0,h9,2,1,2
2025.11.05,14.53.52,-90.12027,29.934168,-112,-13,40.0,1,3,D,PERIODIC,-104.0,-13.0,11.0,h9,2,1,2
2025.11.05,14.53.53,-90.12027,29.934168,-110,-13,4.0,10,6,D,PERIODIC,-104.0,-13.0,11.0,h9,2,1,2
2025.11.05,14.53.54,-90.12027,29.934168,-110,-13,7.0,2,2,D,PERIODIC,-104.0,-13.0,11.0,h9,2,1,2
2025.11.05,14.53.55,-90.12027,29.934168,-107,-13,6.0,4,4,D,PERIODIC,-103.0,-13.0,12.0,h9,2,1,2
2025.11.05,14.53.56,-90.12027,29.934168,-107,-13,6.0,0,0,I,PERIODIC,-103.0,-13.0,12.0,h9,2,1,2
2025.11.05,14.53.57,-90.12027,29.934168,-107,-13,6.0,0,0,I,PERIODIC,-103.0,-12.0,12.0,h9,2,1,2
2025.11.05,14.53.58,-90.12027,29.934168,-107,-13,6.0,33638,647,D,PERIODIC,-103.0,-12.0,12.0,h9,2,1,2
2025.11.05,14.53.59,-90.12027,29.934168,-108,-13,6.0,5,5,D,PERIODIC,-103.0,-12.0,11.0,h9,2,1,2
2025.11.05,14.54.00,-90.12027,29.934168,-108,-13,6.0,3,3,D,PERIODIC,-103.0,-12.0,11.0,h9,2,1,2
2025.11.05,14.54.01,-90.12027,29.934168,-111,-15,40.0,16,16,D,PERIODIC,-104.0,-13.0,12.0,h9,2,1,2
2025.11.05,14.54.02,-90.12027,29.934168,-111,-15,40.0,2,2,D,PERIODIC,-104.0,-13.0,12.0,h9,2,1,2
2025.11.05,14.54.03,-90.12027,29.934168,-111,-14,4.0,7,7,D,PERIODIC,-103.0,-14.0,12.0,h9,2,1,2
2025.11.05,14.54.04,-90.12027,29.934168,-111,-14,4.0,10,12,D,PERIODIC,-103.0,-14.0,12.0,h9,2,1,2
2025.11.05,14.54.05,-90.12027,29.934168,-108,-13,4.0,1,1,D,PERIODIC,-103.0,-13.0,12.0,h9,2,1,2
2025.11.05,14.54.06,-90.12027,29.934168,-108,-13,4.0,0,0,I,PERIODIC,-103.0,-13.0,12.0,h9,2,1,2
2025.11.05,14.54.07,-90.12027,29.934168,-108,-13,4.0,0,0,I,PERIODIC,-103.0,-11.0,12.0,h9,2,1,2
2025.11.05,14.54.08,-90.12027,29.934168,-108,-13,5.0,26418,4392,D,PERIODIC,-103.0,-11.0,12.0,h9,2,1,2
2025.11.05,14.54.09,-90.12027,29.934168,-108,-13,6.0,0,0,I,PERIODIC,-103.0,-11.0,12.0,h9,2,1,2
2025.11.05,14.54.10,-90.12027,29.934168,-111,-14,7.0,0,0,I,PERIODIC,-103.0,-11.0,14.0,h9,2,1,2
2025.11.05,14.54.11,-90.12027,29.934168,-111,-14,7.0,0,0,I,PERIODIC,-103.0,-11.0,14.0,h9,2,1,2
2025.11.05,14.54.12,-90.12027,29.934168,-109,-13,7.0,0,1,D,PERIODIC,-104.0,-13.0,12.0,h9,2,1,2
2025.11.05,14.54.13,-90.12027,29.934168,-109,-13,7.0,0,0,D,PERIODIC,-103.0,-13.0,12.0,h9,2,1,2
2025.11.05,14.54.14,-90.12027,29.934168,-109,-13,5.0,3,0,D,PERIODIC,-103.0,-13.0,12.0,h9,2,1,2
2025.11.05,14.54.15,-90.12027,29.934168,-111,-14,5.0,10,13,D,PERIODIC,-103.0,-13.0,13.0,h9,2,1,2
2025.11.05,14.54.16,-90.12027,29.934168,-111,-14,6.0,0,0,I,PERIODIC,-103.0,-13.0,13.0,h9,2,1,2
2025.11.05,14.54.17,-90.12027,29.934168,-108,-13,5.0,0,0,I,PERIODIC,-104.0,-13.0,11.0,h9,2,1,2
2025.11.05,14.54.18,-90.12027,29.934168,-108,-13,5.0,33056,662,D,PERIODIC,-104.0,-13.0,11.0,h9,2,1,2
2025.11.05,14.54.19,-90.12027,29.934168,-108,-13,5.0,0,29,D,PERIODIC,-103.0,-12.0,11.0,h9,2,1,2
2025.11.05,14.54.20,-90.12027,29.934168,-108,-13,7.0,0,0,I,PERIODIC,-103.0,-12.0,11.0,h9,2,1,2
2025.11.05,14.54.21,-90.12027,29.934168,-110,-14,7.0,0,0,I,PERIODIC,-103.0,-12.0,12.0,h9,2,1,2
2025.11.05,14.54.22,-90.12027,29.934168,-110,-14,6.0,0,0,I,PERIODIC,-103.0,-12.0,12.0,h9,2,1,2
2025.11.05,14.54.23,-90.12027,29.934168,-110,-14,6.0,0,0,I,PERIODIC,-103.0,-12.0,12.0,h9,2,1,2
2025.11.05,14.54.24,-90.12027,29.934168,-105,-12,7.0,0,0,I,PERIODIC,-103.0,-14.0,12.0,h9,2,1,2
2025.11.05,14.54.25,-90.12027,29.934168,-112,-13,7.0,0,0,I,PERIODIC,-104.0,-14.0,12.0,h9,2,1,2
2025.11.05,14.54.26,-90.12027,29.934168,-112,-13,7.0,0,0,I,PERIODIC,-104.0,-14.0,12.0,h9,2,1,2
2025.11.05,14.54.27,-90.12027,29.934168,-110,-13,5.0,1,1,D,PERIODIC,-104.0,-13.0,11.0,h9,2,1,2
2025.11.05,14.54.28,-90.12027,29.934168,-110,-13,5.0,0,0,I,PERIODIC,-104.0,-13.0,11.0,h9,2,1,2
2025.11.05,14.54.29,-90.12027,29.934168,-111,-14,4.0,4,4,D,PERIODIC,-102.0,-12.0,12.0,h9,2,1,2
2025.11.05,14.54.30,-90.12027,29.934168,-111,-14,4.0,1,1,D,PERIODIC,-102.0,-12.0,12.0,h9,2,1,2
2025.11.05,14.54.31,-90.12027,29.934168,-111,-14,4.0,0,0,D,PERIODIC,-103.0,-11.0,12.0,h9,2,1,2
2025.11.05,14.54.32,-90.12027,29.934168,-111,-14,4.0,0,0,I,PERIODIC,-103.0,-11.0,12.0,h9,2,1,2
2025.11.05,14.54.33,-90.12027,29.934168,-111,-14,4.0,35391,1143,D,PERIODIC,-103.0,-14.0,12.0,h9,2,1,2
2025.11.05,14.54.34,-90.12027,29.934168,-111,-14,4.0,0,0,I,PERIODIC,-103.0,-14.0,12.0,h9,2,1,2
2025.11.05,14.54.35,-90.12027,29.934168,-111,-14,4.0,0,0,I,PERIODIC,-103.0,-14.0,12.0,h9,2,1,2
2025.11.05,14.54.36,-90.12027,29.934168,-111,-14,4.0,0,0,I,PERIODIC,-103.0,-14.0,12.0,h9,2,1,2
2025.11.05,14.54.37,-90.12027,29.934168,-110,-13,7.0,0,0,I,PERIODIC,-103.0,-13.0,11.0,h9,2,1,2
2025.11.05,14.54.38,-90.12027,29.934168,-110,-13,7.0,0,7,D,PERIODIC,-103.0,-13.0,11.0,h9,2,1,2
2025.11.05,14.54.39,-90.12027,29.934168,-107,-12,7.0,0,1,D,PERIODIC,-103.0,-12.0,14.0,h9,2,1,2
2025.11.05,14.54.40,-90.12027,29.934168,-107,-12,5.0,0,0,I,PERIODIC,-103.0,-12.0,14.0,h9,2,1,2
2025.11.05,14.54.41,-90.12027,29.934168,-109,-13,5.0,1,1,D,PERIODIC,-103.0,-12.0,12.0,h9,2,1,2
2025.11.05,14.54.42,-90.12027,29.934168,-109,-13,5.0,3,3,D,PERIODIC,-103.0,-12.0,12.0,h9,2,1,2
2025.11.05,14.54.44,-90.12027,29.934168,-109,-13,5.0,2,2,D,PERIODIC,-103.0,-12.0,12.0,h9,2,1,2
2025.11.05,14.54.44,-90.12027,29.934168,-109,-13,5.0,0,4,D,PERIODIC,-103.0,-12.0,12.0,h9,2,1,2
2025.11.05,14.54.46,-90.12027,29.934168,-111,-13,5.0,2,2,D,PERIODIC,-103.0,-12.0,11.0,h9,2,1,2
2025.11.05,14.54.47,-90.12027,29.934168,-111,-13,5.0,0,0,I,PERIODIC,-103.0,-12.0,11.0,h9,2,1,2
2025.11.05,14.54.48,-90.12027,29.934168,-109,-13,5.0,0,0,I,PERIODIC,-102.0,-12.0,12.0,h9,2,1,2
2025.11.05,14.54.49,-90.12027,29.934168,-109,-13,3.0,35631,1010,D,PERIODIC,-102.0,-12.0,12.0,h9,2,1,2
2025.11.05,14.54.50,-90.12027,29.934168,-110,-13,35.0,0,0,I,PERIODIC,-103.0,-13.0,13.0,h9,2,1,2
2025.11.05,14.54.51,-90.12027,29.934168,-110,-13,35.0,0,0,I,PERIODIC,-103.0,-13.0,13.0,h9,2,1,2
2025.11.05,14.54.52,-90.12027,29.934168,-109,-13,5.0,8,11,D,PERIODIC,-103.0,-12.0,13.0,h9,2,1,2
2025.11.05,14.54.53,-90.12027,29.934168,-109,-13,5.0,0,0,D,PERIODIC,-103.0,-12.0,13.0,h9,2,1,2
2025.11.05,14.54.54,-90.12027,29.934168,-109,-13,5.0,1,1,D,PERIODIC,-103.0,-12.0,13.0,h9,2,1,2
2025.11.05,14.54.55,-90.12027,29.934168,-114,-14,5.0,0,0,I,PERIODIC,-107.0,-13.0,12.0,h9,2,1,2
2025.11.05,14.54.56,-90.12027,29.934168,-109,-13,5.0,6,6,D,PERIODIC,-104.0,-14.0,12.0,h9,2,1,2
2025.11.05,14.54.57,-90.12027,29.934168,-109,-13,5.0,0,0,I,PERIODIC,-104.0,-14.0,12.0,h9,2,1,2
2025.11.05,14.54.58,-90.12027,29.934168,-109,-13,5.0,0,0,I,PERIODIC,-104.0,-13.0,12.0,h9,2,1,2
2025.11.05,14.54.59,-90.12027,29.934168,-109,-13,5.0,0,0,I,PERIODIC,-104.0,-13.0,12.0,h9,2,1,2
2025.11.05,14.55.00,-90.12027,29.934168,-110,-14,5.0,0,0,I,PERIODIC,-102.0,-13.0,11.0,h9,2,1,2
2025.11.05,14.55.01,-90.12027,29.934168,-110,-14,5.0,3,3,D,PERIODIC,-102.0,-13.0,11.0,h9,2,1,2
2025.11.05,14.55.02,-90.12027,29.934168,-110,-14,5.0,3,3,D,PERIODIC,-102.0,-13.0,11.0,h9,2,1,2
2025.11.05,14.55.03,-90.12027,29.934168,-110,-14,5.0,1,1,D,PERIODIC,-102.0,-13.0,11.0,h9,2,1,2
2025.11.05,14.55.04,-90.12027,29.934168,-110,-14,5.0,0,1754,D,PERIODIC,-103.0,-13.0,11.0,h9,2,1,2
2025.11.05,14.55.05,-90.12027,29.934168,-110,-14,5.0,1,1,D,PERIODIC,-103.0,-13.0,11.0,h9,2,1,2
2025.11.05,14.55.06,-90.12027,29.934168,-110,-14,5.0,1,1,D,PERIODIC,-103.0,-13.0,11.0,h9,2,1,2
2025.11.05,14.55.07,-90.12027,29.934168,-110,-14,5.0,0,0,I,PERIODIC,-103.0,-13.0,11.0,h9,2,1,2
2025.11.05,14.55.08,-90.12027,29.934168,-110,-14,5.0,0,0,I,PERIODIC,-104.0,-13.0,11.0,h9,2,1,2
2025.11.05,14.55.09,-90.12027,29.934168,-110,-14,5.0,17835,2417,D,PERIODIC,-104.0,-11.0,11.0,h9,2,1,2
2025.11.05,14.55.10,-90.12027,29.934168,-110,-14,6.0,0,0,I,PERIODIC,-104.0,-11.0,11.0,h9,2,1,2
2025.11.05,14.55.11,-90.12027,29.934168,-108,-13,6.0,0,0,I,PERIODIC,-104.0,-13.0,11.0,h9,2,1,2
2025.11.05,14.55.12,-90.12027,29.934168,-108,-13,6.0,0,0,D,PERIODIC,-104.0,-13.0,11.0,h9,2,1,2
2025.11.05,14.55.13,-90.12027,29.934168,-108,-13,6.0,2,2,D,PERIODIC,-104.0,-13.0,11.0,h9,2,1,2
2025.11.05,14.55.14,-90.12027,29.934168,-108,-13,6.0,0,0,D,PERIODIC,-104.0,-12.0,11.0,h9,2,1,2
2025.11.05,14.55.15,-90.12027,29.934168,-108,-14,7.0,1,1,D,PERIODIC,-104.0,-13.0,12.0,h9,2,1,2
2025.11.05,14.55.16,-90.12027,29.934168,-108,-14,7.0,0,0,D,PERIODIC,-104.0,-13.0,12.0,h9,2,1,2
2025.11.05,14.55.17,-90.12027,29.934168,-108,-14,7.0,0,0,I,PERIODIC,-104.0,-13.0,12.0,h9,2,1,2
2025.11.05,14.55.18,-90.12027,29.934168,-108,-14,7.0,0,0,I,PERIODIC,-103.0,-13.0,12.0,h9,2,1,2
2025.11.05,14.55.19,-90.12027,29.934168,-108,-14,7.0,0,0,I,PERIODIC,-103.0,-12.0,12.0,h9,2,1,2
2025.11.05,14.55.20,-90.12027,29.934168,-108,-14,7.0,0,0,D,PERIODIC,-103.0,-12.0,12.0,h9,2,1,2
2025.11.05,14.55.21,-90.12027,29.934168,-108,-14,7.0,62,0,D,PERIODIC,-104.0,-13.0,12.0,h9,2,1,2
2025.11.05,14.55.22,-90.12027,29.934168,-108,-14,7.0,0,0,I,PERIODIC,-104.0,-13.0,12.0,h9,2,1,2
2025.11.05,14.55.23,-90.120283,29.934051,-108,-14,7.0,0,0,I,PERIODIC,-104.0,-13.0,12.0,h9,2,1,2
2025.11.05,14.55.24,-90.120283,29.934051,-108,-14,6.0,0,0,I,PERIODIC,-103.0,-13.0,12.0,h9,2,1,2
2025.11.05,14.55.25,-90.120283,29.934051,-109,-13,6.0,0,0,I,PERIODIC,-104.0,-13.0,11.0,h9,2,1,2
2025.11.05,14.55.26,-90.120283,29.934051,-109,-13,6.0,0,0,I,PERIODIC,-104.0,-13.0,11.0,h9,2,1,2
2025.11.05,14.55.27,-90.120283,29.934051,-109,-13,6.0,0,0,I,PERIODIC,-103.0,-12.0,11.0,h9,2,1,2
2025.11.05,14.55.28,-90.120254,29.934195,-109,-13,6.0,0,0,I,PERIODIC,-103.0,-12.0,11.0,h9,2,1,2
2025.11.05,14.55.29,-90.120254,29.934195,-109,-13,6.0,0,12,D,PERIODIC,-103.0,-12.0,11.0,h9,2,1,2
2025.11.05,14.55.30,-90.120254,29.934195,-109,-13,6.0,1,1,D,PERIODIC,-103.0,-12.0,11.0,h9,2,1,2
2025.11.05,14.55.31,-90.120254,29.934195,-109,-13,6.0,0,0,D,PERIODIC,-104.0,-11.0,11.0,h9,2,1,2
2025.11.05,14.55.32,-90.120254,29.934195,-109,-13,8.0,0,0,I,PERIODIC,-104.0,-11.0,11.0,h9,2,1,2
2025.11.05,14.55.33,-90.120254,29.934195,-107,-13,8.0,0,0,I,PERIODIC,-104.0,-12.0,11.0,h9,2,1,2
2025.11.05,14.55.34,-90.120254,29.934195,-107,-13,8.0,0,0,I,PERIODIC,-104.0,-12.0,11.0,h9,2,1,2
2025.11.05,14.55.35,-90.120254,29.934195,-107,-13,8.0,0,0,I,PERIODIC,-104.0,-14.0,11.0,h9,2,1,2
2025.11.05,14.55.36,-90.120254,29.934195,-107,-13,8.0,0,0,I,PERIODIC,-104.0,-14.0,11.0,h9,2,1,2
2025.11.05,14.55.37,-90.120296,29.934079,-107,-13,8.0,0,0,I,PERIODIC,-103.0,-13.0,11.0,h9,2,1,2
2025.11.05,14.55.38,-90.120296,29.934079,-107,-13,7.0,0,0,I,PERIODIC,-103.0,-13.0,11.0,h9,2,1,2
2025.11.05,14.55.39,-90.120296,29.934079,-108,-13,7.0,0,0,I,PERIODIC,-102.0,-12.0,13.0,h9,2,1,2
2025.11.05,14.55.40,-90.120296,29.934079,-108,-13,7.0,0,0,I,PERIODIC,-102.0,-12.0,13.0,h9,2,1,2
2025.11.05,14.55.41,-90.120296,29.934079,-108,-13,7.0,0,0,I,PERIODIC,-103.0,-13.0,13.0,h9,2,1,2
2025.11.05,14.55.42,-90.120296,29.934079,-108,-13,5.0,0,0,I,PERIODIC,-103.0,-13.0,13.0,h9,2,1,2
2025.11.05,14.55.43,-90.120296,29.934079,-110,-14,5.0,0,0,I,PERIODIC,-103.0,-13.0,13.0,h9,2,1,2
2025.11.05,14.55.44,-90.120296,29.934079,-110,-14,5.0,0,0,I,PERIODIC,-103.0,-13.0,13.0,h9,2,1,2
2025.11.05,14.55.45,-90.120296,29.934079,-110,-14,5.0,0,0,I,PERIODIC,-103.0,-14.0,13.0,h9,2,1,2
2025.11.05,14.55.46,-90.120296,29.934079,-110,-14,6.0,0,0,I,PERIODIC,-103.0,-14.0,13.0,h9,2,1,2
2025.11.05,14.55.47,-90.120296,29.934079,-110,-14,6.0,0,10,D,PERIODIC,-103.0,-14.0,13.0,h9,2,1,2
2025.11.05,14.55.48,-90.120296,29.934079,-108,-13,6.0,2,2,D,PERIODIC,-107.0,-12.0,10.0,h9,2,1,2
2025.11.05,14.55.49,-90.120296,29.934079,-108,-13,6.0,0,0,I,PERIODIC,-107.0,-12.0,10.0,h9,2,1,2
2025.11.05,14.55.50,-90.120296,29.934079,-108,-13,6.0,0,0,I,PERIODIC,-103.0,-11.0,12.0,h9,2,1,2
2025.11.05,14.55.51,-90.120296,29.934079,-108,-13,6.0,0,0,I,PERIODIC,-103.0,-11.0,12.0,h9,2,1,2
2025.11.05,14.55.52,-90.120296,29.934079,-108,-13,6.0,0,0,I,PERIODIC,-103.0,-11.0,12.0,h9,2,1,2
2025.11.05,14.55.53,-90.120296,29.934079,-109,-13,6.0,0,0,I,PERIODIC,-107.0,-12.0,11.0,h9,2,1,2
2025.11.05,14.55.54,-90.120296,29.934079,-109,-14,6.0,0,0,I,PERIODIC,-103.0,-13.0,12.0,h9,2,1,2
2025.11.05,14.55.55,-90.120296,29.934079,-109,-14,6.0,0,0,I,PERIODIC,-103.0,-13.0,12.0,h9,2,1,2
2025.11.05,14.55.56,-90.120296,29.934079,-109,-14,6.0,0,0,I,PERIODIC,-103.0,-13.0,12.0,h9,2,1,2
2025.11.05,14.55.57,-90.120296,29.934079,-109,-14,6.0,0,28,D,PERIODIC,-103.0,-12.0,12.0,h9,2,1,2
2025.11.05,14.55.58,-90.120296,29.934079,-109,-14,4.0,0,0,I,PERIODIC,-105.0,-12.0,9.0,h9,2,1,2
2025.11.05,14.55.59,-90.120296,29.934079,-109,-14,7.0,0,0,I,PERIODIC,-105.0,-12.0,9.0,h9,2,1,2
2025.11.05,14.56.00,-90.120296,29.934079,-109,-14,7.0,1,29,D,PERIODIC,-105.0,-12.0,9.0,h9,2,1,2
2025.11.05,14.56.01,-90.120296,29.934079,-109,-13,7.0,2,30,D,PERIODIC,-103.0,-12.0,12.0,h9,2,1,2
2025.11.05,14.56.02,-90.120296,29.934079,-109,-13,7.0,2,30,D,PERIODIC,-103.0,-13.0,12.0,h9,2,1,2
2025.11.05,14.56.03,-90.120296,29.934079,-109,-13,7.0,3,62,D,PERIODIC,-103.0,-13.0,12.0,h9,2,1,2
2025.11.05,14.56.04,-90.120262,29.934171,-109,-13,7.0,0,0,D,PERIODIC,-104.0,-12.0,12.0,h9,2,1,2
2025.11.05,14.56.05,-90.120262,29.934171,-109,-13,7.0,13,124,D,PERIODIC,-104.0,-12.0,12.0,h9,2,1,2
2025.11.05,14.56.06,-90.120262,29.934171,-109,-13,7.0,6,6,D,PERIODIC,-104.0,-13.0,12.0,h9,2,1,2
2025.11.05,14.56.07,-90.120262,29.934171,-109,-13,6.0,0,0,I,PERIODIC,-104.0,-13.0,12.0,h9,2,1,2
2025.11.05,14.56.08,-90.120262,29.934171,-110,-13,6.0,0,0,I,PERIODIC,-103.0,-12.0,13.0,h9,2,1,2
2025.11.05,14.56.09,-90.120262,29.934171,-110,-13,5.0,12367,5751,D,PERIODIC,-103.0,-12.0,13.0,h9,2,1,2
2025.11.05,14.56.10,-90.120262,29.934171,-110,-13,5.0,0,55,D,PERIODIC,-103.0,-12.0,13.0,h9,2,1,2
2025.11.05,14.56.11,-90.120262,29.934171,-112,-14,5.0,0,0,D,PERIODIC,-102.0,-12.0,12.0,h9,2,1,2
2025.11.05,14.56.12,-90.120262,29.934171,-112,-14,5.0,0,57,D,PERIODIC,-102.0,-12.0,12.0,h9,2,1,2
2025.11.05,14.56.13,-90.120262,29.934171,-110,-14,6.0,2,31,D,PERIODIC,-103.0,-12.0,11.0,h9,2,1,2
2025.11.05,14.56.14,-90.120262,29.934171,-110,-14,6.0,79773,638,D,PERIODIC,-103.0,-12.0,11.0,h9,2,1,2
2025.11.05,14.56.15,-90.120262,29.934171,-108,-13,5.0,0,28,D,PERIODIC,-103.0,-12.0,12.0,h9,2,1,2
2025.11.05,14.56.16,-90.120262,29.934171,-108,-13,5.0,0,28,D,PERIODIC,-103.0,-12.0,12.0,h9,2,1,2
2025.11.05,14.56.17,-90.120262,29.934171,-108,-13,5.0,0,28,D,PERIODIC,-102.0,-12.0,12.0,h9,2,1,2
2025.11.05,14.56.18,-90.120262,29.934171,-108,-13,5.0,0,28,D,PERIODIC,-102.0,-12.0,12.0,h9,2,1,2
2025.11.05,14.56.19,-90.120262,29.934171,-111,-13,6.0,0,27,D,PERIODIC,-102.0,-13.0,11.0,h9,2,1,2
2025.11.05,14.56.20,-90.120262,29.934171,-111,-13,6.0,0,0,D,PERIODIC,-102.0,-13.0,11.0,h9,2,1,2
2025.11.05,14.56.21,-90.120262,29.934171,-111,-13,6.0,0,84,D,PERIODIC,-102.0,-13.0,11.0,h9,2,1,2
2025.11.05,14.56.22,-90.120284,29.934047,-110,-13,6.0,0,0,I,PERIODIC,-102.0,-12.0,11.0,h9,2,1,2
2025.11.05,14.56.23,-90.120284,29.934047,-110,-13,7.0,0,0,I,PERIODIC,-102.0,-12.0,11.0,h9,2,1,2
2025.11.05,14.56.24,-90.120284,29.934047,-108,-12,8.0,0,1109,D,PERIODIC,-103.0,-11.0,12.0,h9,2,1,2
2025.11.05,14.56.25,-90.120284,29.934047,-108,-12,8.0,0,56,D,PERIODIC,-103.0,-11.0,12.0,h9,2,1,2
2025.11.05,14.56.26,-90.120284,29.934047,-109,-12,4.0,0,56,D,PERIODIC,-102.0,-11.0,11.0,h9,2,1,2
2025.11.05,14.56.27,-90.120284,29.934047,-109,-12,4.0,0,0,I,PERIODIC,-102.0,-11.0,11.0,h9,2,1,2
2025.11.05,14.56.28,-90.120284,29.934047,-109,-13,4.0,0,0,I,PERIODIC,-103.0,-12.0,12.0,h9,2,1,2
2025.11.05,14.56.29,-90.120284,29.934047,-109,-13,4.0,23941,430,D,PERIODIC,-103.0,-12.0,12.0,h9,2,1,2
2025.11.05,14.56.30,-90.120284,29.934047,-109,-13,4.0,1,3,D,PERIODIC,-102.0,-13.0,12.0,h9,2,1,2
2025.11.05,14.56.31,-90.120266,29.934165,-109,-13,4.0,14,12,D,PERIODIC,-102.0,-13.0,12.0,h9,2,1,2
2025.11.05,14.56.32,-90.120266,29.934165,-109,-13,4.0,0,0,D,PERIODIC,-102.0,-11.0,12.0,h9,2,1,2
2025.11.05,14.56.33,-90.120266,29.934165,-109,-13,4.0,0,32,D,PERIODIC,-102.0,-11.0,12.0,h9,2,1,2
2025.11.05,14.56.34,-90.120266,29.934165,-109,-13,4.0,51721,1101,D,PERIODIC,-103.0,-11.0,12.0,h9,2,1,2
2025.11.05,14.56.35,-90.120266,29.934165,-109,-13,4.0,0,0,I,PERIODIC,-103.0,-11.0,12.0,h9,2,1,2
2025.11.05,14.56.36,-90.120266,29.934165,-109,-13,4.0,0,0,I,PERIODIC,-104.0,-13.0,12.0,h9,2,1,2
2025.11.05,14.56.37,-90.120266,29.934165,-109,-13,4.0,0,0,I,PERIODIC,-104.0,-13.0,12.0,h9,2,1,2
2025.11.05,14.56.38,-90.120266,29.934165,-109,-13,4.0,0,0,I,PERIODIC,-103.0,-11.0,12.0,h9,2,1,2
2025.11.05,14.56.39,-90.120266,29.934165,-109,-13,6.0,0,486,D,PERIODIC,-103.0,-11.0,12.0,h9,2,1,2
2025.11.05,14.56.40,-90.120266,29.934165,-108,-13,7.0,0,0,I,PERIODIC,-102.0,-12.0,11.0,h9,2,1,2
2025.11.05,14.56.41,-90.120266,29.934165,-108,-13,7.0,0,0,I,PERIODIC,-102.0,-12.0,11.0,h9,2,1,2
2025.11.05,14.56.42,-90.120266,29.934165,-108,-13,7.0,5,6,D,PERIODIC,-102.0,-12.0,11.0,h9,2,1,2
2025.11.05,14.56.43,-90.120266,29.934165,-108,-13,6.0,0,1,D,PERIODIC,-102.0,-12.0,11.0,h9,2,1,2
2025.11.05,14.56.44,-90.120266,29.934165,-108,-13,6.0,3,3,D,PERIODIC,-102.0,-12.0,12.0,h9,2,1,2
2025.11.05,14.56.45,-90.120266,29.934165,-108,-13,6.0,0,0,D,PERIODIC,-102.0,-12.0,12.0,h9,2,1,2
2025.11.05,14.56.46,-90.120266,29.934165,-108,-13,6.0,0,0,I,PERIODIC,-102.0,-13.0,12.0,h9,2,1,2
2025.11.05,14.56.47,-90.120266,29.934165,-108,-13,5.0,0,0,I,PERIODIC,-102.0,-13.0,12.0,h9,2,1,2
2025.11.05,14.56.48,-90.120266,29.934165,-109,-13,5.0,0,0,I,PERIODIC,-103.0,-10.0,12.0,h9,2,1,2
2025.11.05,14.56.49,-90.120266,29.934165,-109,-13,5.0,84403,1256,D,PERIODIC,-103.0,-10.0,12.0,h9,2,1,2
2025.11.05,14.56.50,-90.120266,29.934165,-109,-13,6.0,0,0,I,PERIODIC,-103.0,-10.0,12.0,h9,2,1,2
2025.11.05,14.56.51,-90.120266,29.934165,-108,-13,6.0,0,0,I,PERIODIC,-103.0,-11.0,11.0,h9,2,1,2
2025.11.05,14.56.52,-90.120266,29.934165,-110,-13,5.0,0,0,D,PERIODIC,-103.0,-11.0,13.0,h9,2,1,2
2025.11.05,14.56.53,-90.120266,29.934165,-110,-13,5.0,0,0,I,PERIODIC,-103.0,-11.0,13.0,h9,2,1,2
2025.11.05,14.56.54,-90.120266,29.934165,-110,-13,5.0,0,0,I,PERIODIC,-103.0,-11.0,13.0,h9,2,1,2
2025.11.05,14.56.55,-90.120266,29.934165,-110,-13,5.0,0,0,I,PERIODIC,-103.0,-11.0,13.0,h9,2,1,2
2025.11.05,14.56.56,-90.120266,29.934165,-110,-13,4.0,0,0,I,PERIODIC,-103.0,-11.0,13.0,h9,2,1,2
2025.11.05,14.56.57,-90.120266,29.934165,-111,-14,40.0,0,1,D,PERIODIC,-103.0,-10.0,11.0,h9,2,1,2
2025.11.05,14.56.58,-90.120266,29.934165,-111,-14,40.0,0,0,I,PERIODIC,-103.0,-10.0,11.0,h9,2,1,2
2025.11.05,14.56.59,-90.120266,29.934165,-111,-14,40.0,17391,405,D,PERIODIC,-103.0,-10.0,11.0,h9,2,1,2
2025.11.05,14.57.00,-90.120266,29.934165,-111,-14,40.0,1,1,D,PERIODIC,-103.0,-12.0,11.0,h9,2,1,2
2025.11.05,14.57.01,-90.120266,29.934165,-113,-13,5.0,1,1,D,PERIODIC,-103.0,-13.0,11.0,h9,2,1,2
2025.11.05,14.57.02,-90.120266,29.934165,-113,-13,5.0,1,1,D,PERIODIC,-103.0,-13.0,11.0,h9,2,1,2
2025.11.05,14.57.03,-90.120266,29.934165,-113,-13,5.0,1,1,D,PERIODIC,-103.0,-13.0,11.0,h9,2,1,2
2025.11.05,14.57.04,-90.120266,29.934165,-109,-13,5.0,0,0,D,PERIODIC,-103.0,-13.0,12.0,h9,2,1,2
2025.11.05,14.57.05,-90.120266,29.934165,-109,-13,4.0,0,0,I,PERIODIC,-103.0,-13.0,12.0,h9,2,1,2
2025.11.05,14.57.06,-90.120266,29.934165,-109,-13,4.0,0,0,I,PERIODIC,-103.0,-13.0,12.0,h9,2,1,2
2025.11.05,14.57.07,-90.120266,29.934165,-112,-13,4.0,0,0,I,PERIODIC,-103.0,-13.0,13.0,h9,2,1,2
2025.11.05,14.57.08,-90.120266,29.934165,-112,-13,4.0,9,11,D,PERIODIC,-103.0,-12.0,13.0,h9,2,1,2
2025.11.05,14.57.09,-90.120266,29.934165,-112,-13,4.0,0,0,I,PERIODIC,-103.0,-12.0,13.0,h9,2,1,2
2025.11.05,14.57.10,-90.120266,29.934165,-112,-13,4.0,0,0,I,PERIODIC,-104.0,-13.0,13.0,h9,2,1,2
2025.11.05,14.57.11,-90.120266,29.934165,-112,-13,4.0,0,0,I,PERIODIC,-104.0,-13.0,13.0,h9,2,1,2
2025.11.05,14.57.12,-90.120266,29.934165,-112,-13,4.0,0,0,I,PERIODIC,-103.0,-13.0,13.0,h9,2,1,2
2025.11.05,14.57.13,-90.120266,29.934165,-112,-13,4.0,3,3,D,PERIODIC,-103.0,-13.0,13.0,h9,2,1,2
2025.11.05,14.57.14,-90.120266,29.934165,-112,-14,6.0,0,0,D,PERIODIC,-103.0,-13.0,11.0,h9,2,1,2
2025.11.05,14.57.15,-90.120266,29.934165,-112,-14,6.0,0,0,I,PERIODIC,-103.0,-13.0,11.0,h9,2,1,2
2025.11.05,14.57.16,-90.120266,29.934165,-112,-14,6.0,0,0,I,PERIODIC,-103.0,-12.0,11.0,h9,2,1,2
2025.11.05,14.57.17,-90.120266,29.934165,-112,-14,2.0,0,0,I,PERIODIC,-103.0,-12.0,11.0,h9,2,1,2
2025.11.05,14.57.18,-90.120266,29.934165,-112,-14,20.0,0,0,I,PERIODIC,-103.0,-12.0,12.0,h9,2,1,2
2025.11.05,14.57.19,-90.120266,29.934165,-112,-14,20.0,0,0,I,PERIODIC,-103.0,-12.0,12.0,h9,2,1,2
2025.11.05,14.57.20,-90.120266,29.934165,-112,-14,20.0,0,0,I,PERIODIC,-103.0,-13.0,12.0,h9,2,1,2
2025.11.05,14.57.21,-90.120266,29.934165,-112,-14,20.0,0,0,I,PERIODIC,-103.0,-13.0,12.0,h9,2,1,2
2025.11.05,14.57.22,-90.120266,29.934165,-112,-14,20.0,0,0,I,PERIODIC,-103.0,-13.0,12.0,h9,2,1,2
2025.11.05,14.57.23,-90.120266,29.934165,-112,-14,20.0,0,0,I,PERIODIC,-103.0,-13.0,12.0,h9,2,1,2
2025.11.05,14.57.24,-90.120266,29.934165,-112,-14,20.0,0,0,I,PERIODIC,-103.0,-13.0,12.0,h9,2,1,2
2025.11.05,14.57.25,-90.120266,29.934165,-112,-14,20.0,0,0,I,PERIODIC,-102.0,-12.0,12.0,h9,2,1,2
2025.11.05,14.57.26,-90.120266,29.934165,-112,-14,20.0,0,0,I,PERIODIC,-103.0,-13.0,12.0,h9,2,1,2
2025.11.05,14.57.27,-90.120266,29.934165,-112,-14,20.0,9,11,D,PERIODIC,-103.0,-13.0,12.0,h9,2,1,2
2025.11.05,14.57.28,-90.120266,29.934165,-112,-14,20.0,6,6,D,PERIODIC,-103.0,-13.0,12.0,h9,2,1,2
2025.11.05,14.57.29,-90.120266,29.934165,-110,-13,4.0,0,0,I,PERIODIC,-103.0,-13.0,12.0,h9,2,1,2
2025.11.05,14.57.30,-90.120266,29.934165,-111,-13,40.0,1,1,D,PERIODIC,-103.0,-13.0,12.0,h9,2,1,2
2025.11.05,14.57.31,-90.120266,29.934165,-111,-13,40.0,0,3,D,PERIODIC,-103.0,-13.0,12.0,h9,2,1,2
2025.11.05,14.57.32,-90.120266,29.934165,-111,-13,40.0,0,3,D,PERIODIC,-103.0,-13.0,12.0,h9,2,1,2
2025.11.05,14.57.33,-90.120266,29.934165,-111,-13,40.0,0,0,I,PERIODIC,-103.0,-13.0,12.0,h9,2,1,2
2025.11.05,14.57.34,-90.120266,29.934165,-111,-13,40.0,7,9,D,PERIODIC,-103.0,-12.0,12.0,h9,2,1,2
2025.11.05,14.57.35,-90.120266,29.934165,-111,-13,5.0,0,5,D,PERIODIC,-102.0,-12.0,12.0,h9,2,1,2
2025.11.05,14.57.36,-90.120266,29.934165,-111,-13,5.0,0,0,D,PERIODIC,-102.0,-12.0,12.0,h9,2,1,2
2025.11.05,14.57.37,-90.120266,29.934165,-111,-13,5.0,0,0,I,PERIODIC,-102.0,-12.0,12.0,h9,2,1,2
2025.11.05,14.57.38,-90.120266,29.934165,-111,-13,6.0,0,0,I,PERIODIC,-103.0,-11.0,12.0,h9,2,1,2
2025.11.05,14.57.39,-90.120266,29.934165,-107,-13,6.0,0,0,I,PERIODIC,-104.0,-11.0,11.0,h9,2,1,2
2025.11.05,14.57.40,-90.120266,29.934165,-107,-13,6.0,7,6,D,PERIODIC,-104.0,-11.0,11.0,h9,2,1,2
2025.11.05,14.57.41,-90.120266,29.934165,-108,-13,6.0,0,1,D,PERIODIC,-103.0,-12.0,10.0,h9,2,1,2
2025.11.05,14.57.42,-90.120266,29.934165,-108,-13,6.0,1,1,D,PERIODIC,-103.0,-12.0,10.0,h9,2,1,2
2025.11.05,14.57.43,-90.120266,29.934165,-108,-13,6.0,2,2,D,PERIODIC,-103.0,-13.0,10.0,h9,2,1,2
2025.11.05,14.57.44,-90.120266,29.934165,-108,-13,6.0,2,2,D,PERIODIC,-103.0,-13.0,10.0,h9,2,1,2
2025.11.05,14.57.45,-90.120266,29.934165,-108,-13,6.0,0,0,D,PERIODIC,-104.0,-13.0,10.0,h9,2,1,2
2025.11.05,14.57.46,-90.120266,29.934165,-108,-13,6.0,0,1,D,PERIODIC,-104.0,-13.0,10.0,h9,2,1,2
2025.11.05,14.57.47,-90.120266,29.934165,-109,-14,4.0,0,0,D,PERIODIC,-103.0,-13.0,12.0,h9,2,1,2
2025.11.05,14.57.48,-90.120266,29.934165,-109,-14,6.0,0,0,I,PERIODIC,-103.0,-13.0,12.0,h9,2,1,2
2025.11.05,14.57.49,-90.120266,29.934165,-106,-13,6.0,0,0,I,PERIODIC,-104.0,-11.0,12.0,h9,2,1,2
2025.11.05,14.57.50,-90.120266,29.934165,-106,-13,4.0,1,1,D,PERIODIC,-104.0,-11.0,12.0,h9,2,1,2
2025.11.05,14.57.51,-90.120266,29.934165,-112,-13,4.0,0,0,D,PERIODIC,-103.0,-13.0,12.0,h9,2,1,2
2025.11.05,14.57.52,-90.120266,29.934165,-112,-13,4.0,1,1,D,PERIODIC,-103.0,-13.0,12.0,h9,2,1,2
2025.11.05,14.57.53,-90.120266,29.934165,-114,-13,40.0,0,0,D,PERIODIC,-103.0,-14.0,11.0,h9,2,1,2
2025.11.05,14.57.54,-90.120266,29.934165,-114,-13,40.0,0,0,I,PERIODIC,-103.0,-14.0,11.0,h9,2,1,2
2025.11.05,14.57.55,-90.120266,29.934165,-114,-13,40.0,0,0,I,PERIODIC,-102.0,-14.0,11.0,h9,2,1,2
2025.11.05,14.57.56,-90.120266,29.934165,-114,-13,40.0,0,0,I,PERIODIC,-102.0,-14.0,11.0,h9,2,1,2
2025.11.05,14.57.57,-90.120266,29.934165,-114,-13,40.0,0,0,I,PERIODIC,-102.0,-13.0,11.0,h9,2,1,2
2025.11.05,14.57.58,-90.120266,29.934165,-114,-13,40.0,0,0,I,PERIODIC,-102.0,-13.0,11.0,h9,2,1,2
2025.11.05,14.57.59,-90.120266,29.934165,-114,-13,40.0,0,0,I,PERIODIC,-102.0,-13.0,11.0,h9,2,1,2
2025.11.05,14.58.00,-90.120266,29.934165,-114,-13,40.0,1,1,D,PERIODIC,-102.0,-13.0,11.0,h9,2,1,2
2025.11.05,14.58.01,-90.120266,29.934165,-113,-13,4.0,1,1,D,PERIODIC,-103.0,-13.0,14.0,h9,2,1,2
2025.11.05,14.58.02,-90.120266,29.934165,-113,-13,5.0,1,1,D,PERIODIC,-103.0,-13.0,14.0,h9,2,1,2
2025.11.05,14.58.03,-90.120266,29.934165,-112,-14,5.0,0,0,I,PERIODIC,-103.0,-12.0,12.0,h9,2,1,2
2025.11.05,14.58.04,-90.120266,29.934165,-112,-14,5.0,0,0,D,PERIODIC,-103.0,-12.0,12.0,h9,2,1,2
2025.11.05,14.58.05,-90.120266,29.934165,-112,-14,5.0,2,1,D,PERIODIC,-103.0,-12.0,12.0,h9,2,1,2
2025.11.05,14.58.06,-90.120266,29.934165,-110,-13,5.0,12,14,D,PERIODIC,-103.0,-12.0,12.0,h9,2,1,2
2025.11.05,14.58.07,-90.120266,29.934165,-110,-13,4.0,10,10,D,PERIODIC,-104.0,-13.0,12.0,h9,2,1,2
2025.11.05,14.58.08,-90.120266,29.934165,-110,-13,4.0,0,0,I,PERIODIC,-104.0,-13.0,12.0,h9,2,1,2
2025.11.05,14.58.09,-90.120266,29.934165,-109,-12,5.0,10,10,D,PERIODIC,-104.0,-13.0,11.0,h9,2,1,2
2025.11.05,14.58.10,-90.120266,29.934165,-109,-12,6.0,2,2,D,PERIODIC,-104.0,-13.0,11.0,h9,2,1,2
2025.11.05,14.58.11,-90.120266,29.934165,-112,-13,6.0,0,0,I,PERIODIC,-104.0,-13.0,12.0,h9,2,1,2
2025.11.05,14.58.12,-90.120266,29.934165,-112,-13,6.0,3,3,D,PERIODIC,-104.0,-13.0,12.0,h9,2,1,2
2025.11.05,14.58.13,-90.120266,29.934165,-112,-13,6.0,6,6,D,PERIODIC,-103.0,-12.0,12.0,h9,2,1,2
2025.11.05,14.58.14,-90.120266,29.934165,-112,-13,4.0,0,12700,D,PERIODIC,-103.0,-12.0,12.0,h9,2,1,2
2025.11.05,14.58.15,-90.120266,29.934165,-114,-13,35.0,0,0,D,PERIODIC,-104.0,-13.0,11.0,h9,2,1,2
2025.11.05,14.58.16,-90.120266,29.934165,-114,-13,35.0,0,0,I,PERIODIC,-104.0,-13.0,11.0,h9,2,1,2
2025.11.05,14.58.17,-90.120266,29.934165,-114,-13,30.0,0,0,I,PERIODIC,-103.0,-13.0,11.0,h9,2,1,2
2025.11.05,14.58.18,-90.120266,29.934165,-114,-13,30.0,0,0,I,PERIODIC,-103.0,-13.0,11.0,h9,2,1,2
2025.11.05,14.58.19,-90.120266,29.934165,-112,-12,4.0,0,0,D,PERIODIC,-102.0,-13.0,10.0,h9,2,1,2
2025.11.05,14.58.20,-90.120266,29.934165,-112,-12,3.0,0,0,I,PERIODIC,-102.0,-13.0,10.0,h9,2,1,2
2025.11.05,14.58.21,-90.120266,29.934165,-115,-12,4.0,0,0,I,PERIODIC,-108.0,-14.0,11.0,h9,2,1,2
2025.11.05,14.58.22,-90.120266,29.934165,-115,-12,3.0,0,0,I,PERIODIC,-108.0,-14.0,11.0,h9,2,1,2
2025.11.05,14.58.23,-90.120266,29.934165,-113,-14,25.0,0,0,I,PERIODIC,-108.0,-13.0,10.0,h9,2,1,2
2025.11.05,14.58.24,-90.120266,29.934165,-113,-14,25.0,0,8,D,PERIODIC,-108.0,-13.0,10.0,h9,2,1,2
2025.11.05,14.58.25,-90.120266,29.934165,-113,-14,25.0,23,6,D,PERIODIC,-110.0,-13.0,11.0,h9,2,1,2
2025.11.05,14.58.26,-90.120266,29.934165,-113,-14,25.0,10,2,D,PERIODIC,-110.0,-13.0,11.0,h9,2,1,2
